MethodIndex,MethodId,Branch,StateCount,LocationIndex,Location,DoaValid,FailureReason,AzimuthDeg,ElevationDeg,Ux,Uy,Uz,AngularErrorDeg,FrequencyCount
4,B4_K03_I01-02-03,Branch4,3,1,Location1,1,,123.023915253349,-7.75861988858682,-0.54,0.830767717235088,-0.135,11.5221696366003,21
4,B4_K03_I01-02-03,Branch4,3,2,Location2,1,,90.4297881926502,-1.00272732679461,-0.0075,0.999818733571241,-0.0174999999999999,36.6871004028501,21
4,B4_K03_I01-02-03,Branch4,3,3,Location3,1,,96.4640157552444,2.14909562686402,-0.1125,0.992943855411775,0.0374999999999999,8.5945526391005,21
4,B4_K03_I01-02-03,Branch4,3,4,Location4,1,,68.8748180677212,2.72257398337613,0.36,0.931742319528313,0.0474999999999999,6.00509079079228,21
5,B4_K03_I01-02-04,Branch4,3,1,Location1,1,,122.839071670175,-7.61408173959389,-0.5375,0.832788988880136,-0.1325,11.2971767029188,21
5,B4_K03_I01-02-04,Branch4,3,2,Location2,1,,143.078670528239,-4.01398721805631,-0.7975,0.599244315784472,-0.07,16.0053319811977,21
5,B4_K03_I01-02-04,Branch4,3,3,Location3,1,,96.3203945022977,2.29244277595588,-0.11,0.993126376651028,0.0399999999999999,8.58352468734652,21
5,B4_K03_I01-02-04,Branch4,3,4,Location4,1,,69.4976160620549,2.14909562686401,0.35,0.935998798076151,0.0374999999999999,5.49720433075537,21
6,B4_K03_I01-02-05,Branch4,3,1,Location1,1,,122.654975276981,-7.46959231641693,-0.535,0.8347903928532,-0.13,11.073143607149,21
6,B4_K03_I01-02-05,Branch4,3,2,Location2,1,,143.376450948356,-4.58856573578583,-0.8,0.59464274989274,-0.08,16.3521859430315,20
6,B4_K03_I01-02-05,Branch4,3,3,Location3,1,,96.1768241361331,2.43580428350657,-0.1075,0.993296280069547,0.0424999999999999,8.57732218792998,21
6,B4_K03_I01-02-05,Branch4,3,4,Location4,1,,69.8033800260824,2.14909562686401,0.345,0.937853266774713,0.0374999999999999,5.55443196876107,21
7,B4_K03_I01-02-06,Branch4,3,1,Location1,1,,122.654975276981,-7.46959231641693,-0.535,0.8347903928532,-0.13,11.073143607149,21
7,B4_K03_I01-02-06,Branch4,3,2,Location2,1,,143.860979365318,-4.58856573578583,-0.805,0.587856274951625,-0.08,16.8325838898585,21
7,B4_K03_I01-02-06,Branch4,3,3,Location3,1,,96.0326374522384,2.43580428350657,-0.105,0.993563661775128,0.0424999999999999,8.4741818022773,21
7,B4_K03_I01-02-06,Branch4,3,4,Location4,1,,69.6463162592647,2.43580428350657,0.3475,0.936716339133678,0.0424999999999999,5.80491428167455,21
8,B4_K03_I01-02-07,Branch4,3,1,Location1,1,,122.679748734251,-7.75861988858682,-0.535,0.83399640286994,-0.135,11.2092054617996,21
8,B4_K03_I01-02-07,Branch4,3,2,Location2,1,,143.559427358805,-4.01398721805631,-0.8025,0.592531644724567,-0.07,16.483688053051,21
8,B4_K03_I01-02-07,Branch4,3,3,Location3,1,,95.8878786990507,2.29244277595588,-0.1025,0.993928443098395,0.0399999999999999,8.27053568153326,21
8,B4_K03_I01-02-07,Branch4,3,4,Location4,1,,69.6485118332635,2.29244277595588,0.3475,0.936826424691362,0.0399999999999999,5.6642885045171,21
9,B4_K03_I01-02-08,Branch4,3,1,Location1,1,,122.533761764931,-8.04784624731151,-0.5325,0.834771675369978,-0.14,11.1980733155577,21
9,B4_K03_I01-02-08,Branch4,3,2,Location2,1,,91.0028401641808,0.859468924835817,-0.0174999999999999,0.999734339712306,0.0149999999999999,36.2610410195415,21
9,B4_K03_I01-02-08,Branch4,3,3,Location3,1,,95.5997233140796,2.29244277595588,-0.0975,0.994431370180969,0.0399999999999999,8.06813270365114,21
9,B4_K03_I01-02-08,Branch4,3,4,Location4,1,,69.1868782747141,2.43580428350657,0.355,0.933899753720923,0.0424999999999999,5.74120851959384,21
10,B4_K03_I01-02-09,Branch4,3,1,Location1,0,PowerDesignRankBelow3,NaN,NaN,NaN,NaN,NaN,NaN,0
10,B4_K03_I01-02-09,Branch4,3,2,Location2,0,PowerDesignRankBelow3,NaN,NaN,NaN,NaN,NaN,NaN,0
10,B4_K03_I01-02-09,Branch4,3,3,Location3,0,PowerDesignRankBelow3,NaN,NaN,NaN,NaN,NaN,NaN,0
10,B4_K03_I01-02-09,Branch4,3,4,Location4,0,PowerDesignRankBelow3,NaN,NaN,NaN,NaN,NaN,NaN,0
11,B4_K03_I01-03-04,Branch4,3,1,Location1,1,,122.654975276981,-7.46959231641693,-0.535,0.8347903928532,-0.13,11.073143607149,21
11,B4_K03_I01-03-04,Branch4,3,2,Location2,1,,89.8567317454326,1.14599199838859,0.0025,0.999796854365926,0.0199999999999999,37.4302613103358,21
11,B4_K03_I01-03-04,Branch4,3,3,Location3,1,,95.8878786990507,2.29244277595588,-0.1025,0.993928443098395,0.0399999999999999,8.27053568153326,21
11,B4_K03_I01-03-04,Branch4,3,4,Location4,1,,69.5045853446366,1.57583259975216,0.35,0.93634595636442,0.0274999999999999,4.9334752412003,21
12,B4_K03_I01-03-05,Branch4,3,1,Location1,1,,122.324556703748,-7.61408173959389,-0.53,0.837582085529532,-0.1325,10.8288137870786,21
12,B4_K03_I01-03-05,Branch4,3,2,Location2,1,,143.801864183205,-4.01398721805631,-0.805,0.589130715546219,-0.07,16.7249474249939,21
12,B4_K03_I01-03-05,Branch4,3,3,Location3,1,,96.033301028903,2.57918105164837,-0.105,0.993453572141144,0.0449999999999999,8.57595304950169,21
12,B4_K03_I01-03-05,Branch4,3,4,Location4,1,,69.65250196358,2.00576193490982,0.3475,0.937026547115929,0.0349999999999999,5.38343557468632,21
13,B4_K03_I01-03-06,Branch4,3,1,Location1,1,,122.483552045589,-7.46959231641693,-0.5325,0.836387320563864,-0.13,10.9162793085651,21
13,B4_K03_I01-03-06,Branch4,3,2,Location2,1,,143.318371988854,-4.01398721805631,-0.8,0.595902676617583,-0.07,16.2438251703859,21
13,B4_K03_I01-03-06,Branch4,3,3,Location3,1,,96.0340027623943,2.72257398337613,-0.105,0.993337178404191,0.0474999999999999,8.67892896291791,21
13,B4_K03_I01-03-06,Branch4,3,4,Location4,1,,69.4976160620549,2.14909562686402,0.35,0.935998798076151,0.0374999999999999,5.49720433075537,21
14,B4_K03_I01-03-07,Branch4,3,1,Location1,1,,122.679748734251,-7.75861988858682,-0.535,0.83399640286994,-0.135,11.2092054617996,21
14,B4_K03_I01-03-07,Branch4,3,2,Location2,1,,142.840296290863,-4.01398721805631,-0.795,0.602557051240793,-0.07,15.7681825817878,21
14,B4_K03_I01-03-07,Branch4,3,3,Location3,1,,95.8898215569978,2.72257398337613,-0.1025,0.993598258855157,0.0474999999999999,8.57941727273049,21
14,B4_K03_I01-03-07,Branch4,3,4,Location4,1,,69.4976160620549,2.14909562686402,0.35,0.935998798076151,0.0374999999999999,5.49720433075537,21
15,B4_K03_I01-03-08,Branch4,3,1,Location1,1,,122.533761764931,-8.04784624731151,-0.5325,0.834771675369978,-0.14,11.1980733155577,21
15,B4_K03_I01-03-08,Branch4,3,2,Location2,1,,142.454478892796,-4.87602486961296,-0.79,0.607186132911482,-0.085,15.4734702486755,21
15,B4_K03_I01-03-08,Branch4,3,3,Location3,1,,95.7463821005614,2.86598398259886,-0.1,0.99373034571759,0.0499999999999999,8.58770694345787,21
15,B4_K03_I01-03-08,Branch4,3,4,Location4,1,,69.1912407109243,2.14909562686402,0.355,0.934113884919821,0.0374999999999999,5.45645652402962,21
16,B4_K03_I01-03-09,Branch4,3,1,Location1,0,PowerDesignRankBelow3,NaN,NaN,NaN,NaN,NaN,NaN,0
16,B4_K03_I01-03-09,Branch4,3,2,Location2,0,PowerDesignRankBelow3,NaN,NaN,NaN,NaN,NaN,NaN,0
16,B4_K03_I01-03-09,Branch4,3,3,Location3,0,PowerDesignRankBelow3,NaN,NaN,NaN,NaN,NaN,NaN,0
16,B4_K03_I01-03-09,Branch4,3,4,Location4,0,PowerDesignRankBelow3,NaN,NaN,NaN,NaN,NaN,NaN,0
17,B4_K03_I01-04-05,Branch4,3,1,Location1,1,,122.324556703748,-7.61408173959389,-0.53,0.837582085529532,-0.1325,10.8288137870786,20
17,B4_K03_I01-04-05,Branch4,3,2,Location2,1,,144.254906614131,-7.32515065184004,-0.805,0.579412417885568,-0.1275,17.6975183570154,20
17,B4_K03_I01-04-05,Branch4,3,3,Location3,1,,96.0347426925599,2.86598398259886,-0.105,0.993214478347955,0.0499999999999999,8.78306864267381,21
17,B4_K03_I01-04-05,Branch4,3,4,Location4,1,,69.4909752215209,2.57918105164837,0.35,0.935668210425042,0.0449999999999999,5.92113282294958,21
18,B4_K03_I01-04-06,Branch4,3,1,Location1,1,,122.483552045589,-7.46959231641693,-0.5325,0.836387320563864,-0.13,10.9162793085651,21
18,B4_K03_I01-04-06,Branch4,3,2,Location2,1,,143.775333058311,-3.72685314248215,-0.805,0.589703315235721,-0.0649999999999999,16.6811555791471,21
18,B4_K03_I01-04-06,Branch4,3,3,Location3,1,,96.0340027623943,2.72257398337613,-0.105,0.993337178404191,0.0474999999999999,8.67892896291791,21
18,B4_K03_I01-04-06,Branch4,3,4,Location4,1,,69.3424098758504,2.29244277595588,0.3525,0.934956549792556,0.0399999999999999,5.6165691875335,21
19,B4_K03_I01-04-07,Branch4,3,1,Location1,1,,122.679748734251,-7.75861988858682,-0.535,0.83399640286994,-0.135,11.2092054617996,21
19,B4_K03_I01-04-07,Branch4,3,2,Location2,1,,143.151873134237,-4.73228037895821,-0.7975,0.597651654394096,-0.0825,16.1455344685618,21
19,B4_K03_I01-04-07,Branch4,3,3,Location3,1,,95.8891367114247,2.57918105164837,-0.1025,0.993714622011773,0.0449999999999999,8.47525337559886,21
19,B4_K03_I01-04-07,Branch4,3,4,Location4,1,,69.3424098758504,2.29244277595588,0.3525,0.934956549792556,0.0399999999999999,5.6165691875335,21
20,B4_K03_I01-04-08,Branch4,3,1,Location1,1,,122.508162615007,-7.75861988858682,-0.5325,0.835594847997521,-0.135,11.0538294724398,21
20,B4_K03_I01-04-08,Branch4,3,2,Location2,1,,142.644938074492,-4.44488001787759,-0.7925,0.604927681628143,-0.0775,15.6119931157652,20
20,B4_K03_I01-04-08,Branch4,3,3,Location3,1,,95.8905436799583,2.86598398259886,-0.1025,0.993475591043887,0.0499999999999999,8.68472893398375,21
20,B4_K03_I01-04-08,Branch4,3,4,Location4,1,,69.3424098758504,2.29244277595588,0.3525,0.934956549792556,0.0399999999999999,5.6165691875335,21
21,B4_K03_I01-04-09,Branch4,3,1,Location1,0,PowerDesignRankBelow3,NaN,NaN,NaN,NaN,NaN,NaN,0
21,B4_K03_I01-04-09,Branch4,3,2,Location2,0,PowerDesignRankBelow3,NaN,NaN,NaN,NaN,NaN,NaN,0
21,B4_K03_I01-04-09,Branch4,3,3,Location3,0,PowerDesignRankBelow3,NaN,NaN,NaN,NaN,NaN,NaN,0
21,B4_K03_I01-04-09,Branch4,3,4,Location4,0,PowerDesignRankBelow3,NaN,NaN,NaN,NaN,NaN,NaN,0
22,B4_K03_I01-05-06,Branch4,3,1,Location1,1,,122.667238027177,-7.61408173959389,-0.535,0.834397237531381,-0.1325,11.1403286567395,20
22,B4_K03_I01-05-06,Branch4,3,2,Location2,1,,143.332146689146,-4.15759167720182,-0.8,0.5956036853479,-0.0725,16.2683757672907,18
22,B4_K03_I01-05-06,Branch4,3,3,Location3,1,,96.0340027623943,2.72257398337613,-0.105,0.993337178404191,0.0474999999999999,8.67892896291791,21
22,B4_K03_I01-05-06,Branch4,3,4,Location4,1,,69.3499784607586,1.71913132087781,0.3525,0.935330823826522,0.0299999999999999,5.04971850057036,20
23,B4_K03_I01-05-07,Branch4,3,1,Location1,1,,122.508162615007,-7.75861988858682,-0.5325,0.835594847997521,-0.135,11.0538294724398,21
23,B4_K03_I01-05-07,Branch4,3,2,Location2,1,,143.017724644773,-3.29632543912624,-0.7975,0.600572643399614,-0.0574999999999999,15.9080052220361,21
23,B4_K03_I01-05-07,Branch4,3,3,Location3,1,,95.8898215569978,2.72257398337613,-0.1025,0.993598258855157,0.0474999999999999,8.57941727273049,21
23,B4_K03_I01-05-07,Branch4,3,4,Location4,1,,69.4995601356051,2.00576193490982,0.35,0.936095614774474,0.0349999999999999,5.35609750914218,21
24,B4_K03_I01-05-08,Branch4,3,1,Location1,1,,122.679748734251,-7.75861988858682,-0.535,0.83399640286994,-0.135,11.2092054617996,21
24,B4_K03_I01-05-08,Branch4,3,2,Location2,1,,143.425254565462,-5.01980013167812,-0.8,0.593585503529188,-0.0875,16.4511116590468,21
24,B4_K03_I01-05-08,Branch4,3,3,Location3,1,,95.8905436799583,2.86598398259886,-0.1025,0.993475591043887,0.0499999999999999,8.68472893398375,21
24,B4_K03_I01-05-08,Branch4,3,4,Location4,1,,69.4976160620549,2.14909562686402,0.35,0.935998798076151,0.0374999999999999,5.49720433075537,21
25,B4_K03_I01-05-09,Branch4,3,1,Location1,0,PowerDesignRankBelow3,NaN,NaN,NaN,NaN,NaN,NaN,0
25,B4_K03_I01-05-09,Branch4,3,2,Location2,0,PowerDesignRankBelow3,NaN,NaN,NaN,NaN,NaN,NaN,0
25,B4_K03_I01-05-09,Branch4,3,3,Location3,0,PowerDesignRankBelow3,NaN,NaN,NaN,NaN,NaN,NaN,0
25,B4_K03_I01-05-09,Branch4,3,4,Location4,0,PowerDesignRankBelow3,NaN,NaN,NaN,NaN,NaN,NaN,0
26,B4_K03_I01-06-07,Branch4,3,1,Location1,1,,122.495734178207,-7.61408173959389,-0.5325,0.835994916252485,-0.1325,10.9842034657581,21
26,B4_K03_I01-06-07,Branch4,3,2,Location2,1,,140.819091739987,-1.14599199838859,-0.775,0.631644678597073,-0.0199999999999999,13.8015187363371,19
26,B4_K03_I01-06-07,Branch4,3,3,Location3,1,,96.0340027623943,2.72257398337613,-0.105,0.993337178404191,0.0474999999999999,8.67892896291791,21
26,B4_K03_I01-06-07,Branch4,3,4,Location4,1,,69.1891279990374,2.29244277595588,0.355,0.934010171250827,0.0399999999999999,5.59880706251419,20
27,B4_K03_I01-06-08,Branch4,3,1,Location1,1,,122.679748734251,-7.75861988858682,-0.535,0.83399640286994,-0.135,11.2092054617996,21
27,B4_K03_I01-06-08,Branch4,3,2,Location2,1,,89.570191653061,-1.14599199838859,0.0075,0.999771848973555,-0.0199999999999999,37.5376232907395,21
27,B4_K03_I01-06-08,Branch4,3,3,Location3,1,,96.0340027623943,2.72257398337613,-0.105,0.993337178404191,0.0474999999999999,8.67892896291791,21
27,B4_K03_I01-06-08,Branch4,3,4,Location4,1,,69.6463162592647,2.43580428350657,0.3475,0.936716339133678,0.0424999999999999,5.80491428167455,21
28,B4_K03_I01-06-09,Branch4,3,1,Location1,0,PowerDesignRankBelow3,NaN,NaN,NaN,NaN,NaN,NaN,0
28,B4_K03_I01-06-09,Branch4,3,2,Location2,0,PowerDesignRankBelow3,NaN,NaN,NaN,NaN,NaN,NaN,0
28,B4_K03_I01-06-09,Branch4,3,3,Location3,0,PowerDesignRankBelow3,NaN,NaN,NaN,NaN,NaN,NaN,0
28,B4_K03_I01-06-09,Branch4,3,4,Location4,0,PowerDesignRankBelow3,NaN,NaN,NaN,NaN,NaN,NaN,0
29,B4_K03_I01-07-08,Branch4,3,1,Location1,1,,122.349495465664,-7.90320773348459,-0.53,0.836775806294613,-0.1375,10.9712850036092,21
29,B4_K03_I01-07-08,Branch4,3,2,Location2,1,,89.7135190134971,0.143239597990885,0.005,0.999984374877928,0.0025,37.4801053543675,21
29,B4_K03_I01-07-08,Branch4,3,3,Location3,1,,96.1755820937167,2.14909562686402,-0.1075,0.993497609458624,0.0374999999999999,8.37998488610471,21
29,B4_K03_I01-07-08,Branch4,3,4,Location4,1,,69.8033800260824,2.14909562686401,0.345,0.937853266774713,0.0374999999999999,5.55443196876107,21
30,B4_K03_I01-07-09,Branch4,3,1,Location1,0,PowerDesignRankBelow3,NaN,NaN,NaN,NaN,NaN,NaN,0
30,B4_K03_I01-07-09,Branch4,3,2,Location2,0,PowerDesignRankBelow3,NaN,NaN,NaN,NaN,NaN,NaN,0
30,B4_K03_I01-07-09,Branch4,3,3,Location3,0,PowerDesignRankBelow3,NaN,NaN,NaN,NaN,NaN,NaN,0
30,B4_K03_I01-07-09,Branch4,3,4,Location4,0,PowerDesignRankBelow3,NaN,NaN,NaN,NaN,NaN,NaN,0
31,B4_K03_I01-08-09,Branch4,3,1,Location1,0,PowerDesignRankBelow3,NaN,NaN,NaN,NaN,NaN,NaN,0
31,B4_K03_I01-08-09,Branch4,3,2,Location2,0,PowerDesignRankBelow3,NaN,NaN,NaN,NaN,NaN,NaN,0
31,B4_K03_I01-08-09,Branch4,3,3,Location3,0,PowerDesignRankBelow3,NaN,NaN,NaN,NaN,NaN,NaN,0
31,B4_K03_I01-08-09,Branch4,3,4,Location4,0,PowerDesignRankBelow3,NaN,NaN,NaN,NaN,NaN,NaN,0
32,B4_K03_I02-03-04,Branch4,3,1,Location1,1,,90.4297707278931,0.859468924835817,-0.0075,0.999859365110914,0.0149999999999999,22.3387360442502,21
32,B4_K03_I02-03-04,Branch4,3,2,Location2,1,,89.8567586114768,-0.286480091240914,0.0025,0.999984374877928,-0.005,37.3045144965902,21
32,B4_K03_I02-03-04,Branch4,3,3,Location3,1,,95.3128441100666,2.57918105164837,-0.0925,0.994695305106041,0.0449999999999999,8.0858415111656,21
32,B4_K03_I02-03-04,Branch4,3,4,Location4,1,,91.146425630406,1.57583259975216,-0.0199999999999999,0.999421707789059,0.0274999999999999,23.0386349886949,21
33,B4_K03_I02-03-05,Branch4,3,1,Location1,1,,122.324556703748,-7.61408173959389,-0.53,0.837582085529532,-0.1325,10.8288137870786,21
33,B4_K03_I02-03-05,Branch4,3,2,Location2,1,,89.1399260775392,2.14909562686401,0.0149999999999999,0.999184042106358,0.0374999999999999,38.2565383852105,21
33,B4_K03_I02-03-05,Branch4,3,3,Location3,1,,95.8920999242873,3.15285880404642,-0.1025,0.993211331993348,0.0549999999999999,8.8986382137748,21
33,B4_K03_I02-03-05,Branch4,3,4,Location4,1,,69.1950555895429,1.86244079953198,0.355,0.934301209460846,0.0324999999999999,5.17191604257268,21
34,B4_K03_I02-03-06,Branch4,3,1,Location1,1,,122.667238027177,-7.61408173959389,-0.535,0.834397237531381,-0.1325,11.1403286567395,21
34,B4_K03_I02-03-06,Branch4,3,2,Location2,1,,142.945333359452,-5.01980013167812,-0.795,0.600265566228815,-0.0875,15.9772152108966,19
34,B4_K03_I02-03-06,Branch4,3,3,Location3,1,,96.0355208614431,3.00941195419142,-0.105,0.993085469634915,0.0524999999999999,8.88833269791191,21
34,B4_K03_I02-03-06,Branch4,3,4,Location4,1,,69.0416655384098,1.86244079953198,0.3575,0.933347470131033,0.0324999999999999,5.15698973655785,21
35,B4_K03_I02-03-07,Branch4,3,1,Location1,1,,122.718777122405,-8.19253640609033,-0.535,0.832747710894482,-0.1425,11.4257114975873,21
35,B4_K03_I02-03-07,Branch4,3,2,Location2,1,,142.815760388573,-5.88314987298444,-0.7925,0.601196723211296,-0.1025,15.9886280922679,19
35,B4_K03_I02-03-07,Branch4,3,3,Location3,1,,96.0340027623943,2.72257398337613,-0.105,0.993337178404191,0.0474999999999999,8.67892896291791,21
35,B4_K03_I02-03-07,Branch4,3,4,Location4,1,,69.0398116405854,2.00576193490982,0.3575,0.933257065336234,0.0349999999999999,5.29968523915861,20
36,B4_K03_I02-03-08,Branch4,3,1,Location1,1,,122.890951796363,-8.19253640609033,-0.5375,0.831136270415388,-0.1425,11.579585142381,21
36,B4_K03_I02-03-08,Branch4,3,2,Location2,1,,90.716538427873,-1.71913132087781,-0.0124999999999999,0.999471735468292,-0.0299999999999999,36.3667944405258,21
36,B4_K03_I02-03-08,Branch4,3,3,Location3,1,,96.177503695141,2.57918105164837,-0.1075,0.993186160797662,0.0449999999999999,8.67790409912469,21
36,B4_K03_I02-03-08,Branch4,3,4,Location4,1,,69.0334222184152,2.43580428350657,0.3575,0.932945603987714,0.0424999999999999,5.72798073550251,21
37,B4_K03_I02-03-09,Branch4,3,1,Location1,1,,123.119762630789,-8.7718331196937,-0.54,0.827734105857672,-0.1525,12.0388436036874,21
37,B4_K03_I02-03-09,Branch4,3,2,Location2,1,,90.1432400456177,-0.143239597990885,-0.0025,0.999993749980469,-0.0025,37.0293150305175,21
37,B4_K03_I02-03-09,Branch4,3,3,Location3,1,,96.3181709618033,1.71913132087781,-0.11,0.993478736561583,0.0299999999999999,8.20460586474981,21
37,B4_K03_I02-03-09,Branch4,3,4,Location4,1,,68.888118034059,1.86244079953198,0.36,0.932386052019227,0.0324999999999999,5.14658169849668,21
38,B4_K03_I02-04-05,Branch4,3,1,Location1,1,,122.362333930614,-8.04784624731151,-0.53,0.836361166004257,-0.14,11.0450148923165,21
38,B4_K03_I02-04-05,Branch4,3,2,Location2,1,,89.7134876740405,-0.859468924835817,0.005,0.999874992186523,-0.0149999999999999,37.4103062451312,19
38,B4_K03_I02-04-05,Branch4,3,3,Location3,1,,96.0355208614431,3.00941195419142,-0.105,0.993085469634915,0.0524999999999999,8.88833269791191,21
38,B4_K03_I02-04-05,Branch4,3,4,Location4,1,,69.1819672474852,2.72257398337613,0.355,0.933658797420128,0.0474999999999999,6.02615802759429,21
39,B4_K03_I02-04-06,Branch4,3,1,Location1,1,,122.508162615007,-7.75861988858682,-0.5325,0.835594847997521,-0.135,11.0538294724398,21
39,B4_K03_I02-04-06,Branch4,3,2,Location2,1,,144.045710905464,-4.01398721805631,-0.8075,0.585699368276934,-0.07,16.9676310112027,21
39,B4_K03_I02-04-06,Branch4,3,3,Location3,1,,96.1782223300327,2.72257398337613,-0.1075,0.993069735718494,0.0474999999999999,8.77970511627137,21
39,B4_K03_I02-04-06,Branch4,3,4,Location4,1,,69.1891279990374,2.29244277595588,0.355,0.934010171250827,0.0399999999999999,5.59880706251419,21
40,B4_K03_I02-04-07,Branch4,3,1,Location1,1,,122.679748734251,-7.75861988858682,-0.535,0.83399640286994,-0.135,11.2092054617996,21
40,B4_K03_I02-04-07,Branch4,3,2,Location2,1,,144.277235314968,-3.87040801131097,-0.81,0.582532187951876,-0.0674999999999999,17.189124483074,21
40,B4_K03_I02-04-07,Branch4,3,3,Location3,1,,96.177503695141,2.57918105164837,-0.1075,0.993186160797662,0.0449999999999999,8.67790409912469,21
40,B4_K03_I02-04-07,Branch4,3,4,Location4,1,,69.1891279990374,2.29244277595588,0.355,0.934010171250827,0.0399999999999999,5.59880706251419,21
41,B4_K03_I02-04-08,Branch4,3,1,Location1,1,,122.705517410647,-8.04784624731151,-0.535,0.833171650981957,-0.14,11.3519243350815,21
41,B4_K03_I02-04-08,Branch4,3,2,Location2,1,,144.598491794002,-4.58856573578583,-0.8125,0.577445884910439,-0.08,17.5641339104132,21
41,B4_K03_I02-04-08,Branch4,3,3,Location3,1,,96.1768241361331,2.43580428350657,-0.1075,0.993296280069547,0.0424999999999999,8.57732218792998,21
41,B4_K03_I02-04-08,Branch4,3,4,Location4,1,,69.3424098758504,2.29244277595588,0.3525,0.934956549792556,0.0399999999999999,5.6165691875335,21
42,B4_K03_I02-04-09,Branch4,3,1,Location1,1,,122.746051790796,-8.48207557796812,-0.535,0.831876643499504,-0.1475,11.5780046973237,21
42,B4_K03_I02-04-09,Branch4,3,2,Location2,1,,91.4363243397894,-4.15759167720182,-0.0249999999999999,0.99705503860118,-0.0725,35.6242807339573,21
42,B4_K03_I02-04-09,Branch4,3,3,Location3,1,,96.3192030279936,2.00576193490982,-0.11,0.993315156433244,0.0349999999999999,8.39125162428757,21
42,B4_K03_I02-04-09,Branch4,3,4,Location4,1,,69.5059917400466,1.4325437375665,0.35,0.936416040016402,0.0249999999999999,4.79286114478638,21
43,B4_K03_I02-05-06,Branch4,3,1,Location1,1,,122.495734178207,-7.61408173959389,-0.5325,0.835994916252485,-0.1325,10.9842034657581,21
43,B4_K03_I02-05-06,Branch4,3,2,Location2,1,,144.074512704815,-4.30122230467036,-0.8075,0.585080122718248,-0.075,17.0179834126298,18
43,B4_K03_I02-05-06,Branch4,3,3,Location3,1,,96.0340027623943,2.72257398337613,-0.105,0.993337178404191,0.0474999999999999,8.67892896291791,21
43,B4_K03_I02-05-06,Branch4,3,4,Location4,1,,69.3515316927458,1.57583259975216,0.3525,0.935407665138575,0.0274999999999999,4.90821960925587,21
44,B4_K03_I02-05-07,Branch4,3,1,Location1,1,,122.520838192328,-7.90320773348459,-0.5325,0.835187104785509,-0.1375,11.1251288876582,21
44,B4_K03_I02-05-07,Branch4,3,2,Location2,1,,143.092325570974,-4.15759167720182,-0.7975,0.598946992646261,-0.0725,16.0299623147197,21
44,B4_K03_I02-05-07,Branch4,3,3,Location3,1,,96.033301028903,2.57918105164837,-0.105,0.993453572141144,0.0449999999999999,8.57595304950169,21
44,B4_K03_I02-05-07,Branch4,3,4,Location4,1,,69.5013696373079,1.86244079953198,0.35,0.936185745458667,0.0324999999999999,5.21510209373707,21
45,B4_K03_I02-05-08,Branch4,3,1,Location1,1,,122.69250824146,-7.90320773348459,-0.535,0.833587877790938,-0.1375,11.2797465158819,21
45,B4_K03_I02-05-08,Branch4,3,2,Location2,1,,144.155482468375,-5.01980013167812,-0.8075,0.583341666607144,-0.0875,17.1726891370545,21
45,B4_K03_I02-05-08,Branch4,3,3,Location3,1,,96.033301028903,2.57918105164837,-0.105,0.993453572141144,0.0449999999999999,8.57595304950169,21
45,B4_K03_I02-05-08,Branch4,3,4,Location4,1,,69.65250196358,2.00576193490982,0.3475,0.937026547115929,0.0349999999999999,5.38343557468632,21
46,B4_K03_I02-05-09,Branch4,3,1,Location1,1,,122.533761764931,-8.04784624731151,-0.5325,0.834771675369978,-0.14,11.1980733155577,21
46,B4_K03_I02-05-09,Branch4,3,2,Location2,1,,142.237506123226,-2.14909562686402,-0.79,0.611958944701358,-0.0374999999999999,15.1358023218682,20
46,B4_K03_I02-05-09,Branch4,3,3,Location3,1,,96.1755820937167,2.14909562686402,-0.1075,0.993497609458624,0.0374999999999999,8.37998488610471,21
46,B4_K03_I02-05-09,Branch4,3,4,Location4,1,,69.6559581759289,1.71913132087781,0.3475,0.937199951984634,0.0299999999999999,5.10317257008929,21
47,B4_K03_I02-06-07,Branch4,3,1,Location1,1,,122.483552045589,-7.46959231641693,-0.5325,0.836387320563864,-0.13,10.9162793085651,21
47,B4_K03_I02-06-07,Branch4,3,2,Location2,1,,143.717754102488,-3.00941195419142,-0.805,0.590947332678641,-0.0524999999999999,16.6011646669025,20
47,B4_K03_I02-06-07,Branch4,3,3,Location3,1,,96.1782223300327,2.72257398337613,-0.1075,0.993069735718494,0.0474999999999999,8.77970511627137,21
47,B4_K03_I02-06-07,Branch4,3,4,Location4,1,,69.1868782747141,2.43580428350657,0.355,0.933899753720923,0.0424999999999999,5.74120851959384,20
48,B4_K03_I02-06-08,Branch4,3,1,Location1,1,,122.667238027177,-7.61408173959389,-0.535,0.834397237531381,-0.1325,11.1403286567395,21
48,B4_K03_I02-06-08,Branch4,3,2,Location2,1,,143.633925674789,-4.73228037895821,-0.8025,0.590920891490561,-0.0825,16.6228504728193,21
48,B4_K03_I02-06-08,Branch4,3,3,Location3,1,,96.0326374522384,2.43580428350657,-0.105,0.993563661775128,0.0424999999999999,8.4741818022773,21
48,B4_K03_I02-06-08,Branch4,3,4,Location4,1,,69.6485118332635,2.29244277595588,0.3475,0.936826424691362,0.0399999999999999,5.6642885045171,21
49,B4_K03_I02-06-09,Branch4,3,1,Location1,1,,122.520838192328,-7.90320773348458,-0.5325,0.835187104785509,-0.1375,11.1251288876582,21
49,B4_K03_I02-06-09,Branch4,3,2,Location2,1,,144.80054714119,-4.15759167720182,-0.815,0.574907601271717,-0.0725,17.7287166583483,21
49,B4_K03_I02-06-09,Branch4,3,3,Location3,1,,96.0314246209408,2.14909562686402,-0.105,0.99376493699466,0.0374999999999999,8.27442465649887,21
49,B4_K03_I02-06-09,Branch4,3,4,Location4,1,,69.65250196358,2.00576193490982,0.3475,0.937026547115929,0.0349999999999999,5.38343557468632,21
50,B4_K03_I02-07-08,Branch4,3,1,Location1,1,,123.050025942194,-8.04784624731151,-0.54,0.829939756849857,-0.14,11.6619483002031,21
50,B4_K03_I02-07-08,Branch4,3,2,Location2,1,,144.19148864784,-5.3074466746303,-0.8075,0.58256973831465,-0.0925,17.2459838141404,21
50,B4_K03_I02-07-08,Branch4,3,3,Location3,1,,96.1755820937167,2.14909562686401,-0.1075,0.993497609458624,0.0374999999999999,8.37998488610471,21
50,B4_K03_I02-07-08,Branch4,3,4,Location4,1,,69.8052925383369,2.00576193490982,0.345,0.937949892051809,0.0349999999999999,5.41492017158648,21
51,B4_K03_I02-07-09,Branch4,3,1,Location1,1,,122.705517410647,-8.04784624731151,-0.535,0.833171650981957,-0.14,11.3519243350815,21
51,B4_K03_I02-07-09,Branch4,3,2,Location2,1,,141.92620697283,-4.30122230467036,-0.785,0.61493902136716,-0.075,14.8845724588542,21
51,B4_K03_I02-07-09,Branch4,3,3,Location3,1,,96.0320119947426,2.29244277595588,-0.105,0.993667449401458,0.0399999999999999,8.37365766485795,21
51,B4_K03_I02-07-09,Branch4,3,4,Location4,1,,69.8052925383369,2.00576193490982,0.345,0.937949892051809,0.0349999999999999,5.41492017158648,21
52,B4_K03_I02-08-09,Branch4,3,1,Location1,1,,122.45917579122,-9.06181695393534,-0.53,0.83324291176103,-0.1575,11.6049786057078,21
52,B4_K03_I02-08-09,Branch4,3,2,Location2,1,,90.7163972666576,1.28926383628796,-0.0125,0.999668695118538,0.0224999999999999,36.5910108472353,21
52,B4_K03_I02-08-09,Branch4,3,3,Location3,1,,96.1782223300327,2.72257398337613,-0.1075,0.993069735718494,0.0474999999999999,8.77970511627137,21
52,B4_K03_I02-08-09,Branch4,3,4,Location4,1,,69.4909752215209,2.57918105164837,0.35,0.935668210425042,0.0449999999999999,5.92113282294958,21
53,B4_K03_I03-04-05,Branch4,3,1,Location1,1,,90.8596005711276,-1.00272732679461,-0.0149999999999999,0.999734339712306,-0.0174999999999999,21.646962102881,21
53,B4_K03_I03-04-05,Branch4,3,2,Location2,1,,90,-0.859468924835817,0,0.999887493671163,-0.0149999999999999,37.1243153268116,21
53,B4_K03_I03-04-05,Branch4,3,3,Location3,1,,96.4684082160356,3.00941195419142,-0.1125,0.992263825804408,0.0524999999999999,9.18745256256538,21
53,B4_K03_I03-04-05,Branch4,3,4,Location4,1,,69.485872815039,2.86598398259886,0.35,0.935414346693485,0.0499999999999999,6.20420925913635,21
54,B4_K03_I03-04-06,Branch4,3,1,Location1,1,,122.679748734251,-7.75861988858682,-0.535,0.83399640286994,-0.135,11.2092054617996,21
54,B4_K03_I03-04-06,Branch4,3,2,Location2,1,,145.035799484423,-4.01398721805631,-0.8175,0.571658770596586,-0.07,17.953196811016,21
54,B4_K03_I03-04-06,Branch4,3,3,Location3,1,,96.1782223300327,2.72257398337613,-0.1075,0.993069735718494,0.0474999999999999,8.77970511627137,21
54,B4_K03_I03-04-06,Branch4,3,4,Location4,1,,69.3464655112991,2.00576193490982,0.3525,0.935157072368059,0.0349999999999999,5.33298253465879,21
55,B4_K03_I03-04-07,Branch4,3,1,Location1,1,,122.642959658824,-7.32515065184004,-0.535,0.835175879680442,-0.1275,11.0076778002406,21
55,B4_K03_I03-04-07,Branch4,3,2,Location2,1,,146.340309674743,-4.30122230467036,-0.83,0.552697928347845,-0.075,19.270625800146,20
55,B4_K03_I03-04-07,Branch4,3,3,Location3,1,,96.0326374522384,2.43580428350657,-0.105,0.993563661775128,0.0424999999999999,8.4741818022773,21
55,B4_K03_I03-04-07,Branch4,3,4,Location4,1,,69.3464655112991,2.00576193490982,0.3525,0.935157072368059,0.0349999999999999,5.33298253465879,21
56,B4_K03_I03-04-08,Branch4,3,1,Location1,1,,122.483552045589,-7.46959231641693,-0.5325,0.836387320563864,-0.13,10.9162793085651,21
56,B4_K03_I03-04-08,Branch4,3,2,Location2,1,,145.511823743684,-3.72685314248215,-0.8225,0.565038715487709,-0.0649999999999999,18.4119051401865,19
56,B4_K03_I03-04-08,Branch4,3,3,Location3,1,,96.0320119947426,2.29244277595588,-0.105,0.993667449401458,0.0399999999999999,8.37365766485795,21
56,B4_K03_I03-04-08,Branch4,3,4,Location4,1,,69.4995601356051,2.00576193490982,0.35,0.936095614774474,0.0349999999999999,5.35609750914218,21
57,B4_K03_I03-04-09,Branch4,3,1,Location1,1,,122.495734178207,-7.61408173959389,-0.5325,0.835994916252485,-0.1325,10.9842034657581,21
57,B4_K03_I03-04-09,Branch4,3,2,Location2,1,,90.2864944164393,0.572967344857153,-0.005,0.999937498046753,0.01,36.9464488847191,21
57,B4_K03_I03-04-09,Branch4,3,3,Location3,1,,95.8873054608897,2.14909562686401,-0.1025,0.994025905095033,0.0374999999999999,8.17006937695647,21
57,B4_K03_I03-04-09,Branch4,3,4,Location4,1,,69.5059917400466,1.4325437375665,0.35,0.936416040016402,0.0249999999999999,4.79286114478638,21
58,B4_K03_I03-05-06,Branch4,3,1,Location1,1,,122.520838192328,-7.90320773348458,-0.5325,0.835187104785509,-0.1375,11.1251288876582,21
58,B4_K03_I03-05-06,Branch4,3,2,Location2,1,,87.8493909841329,2.14909562686401,0.0374999999999999,0.998592759837563,0.0374999999999999,39.5365451787287,20
58,B4_K03_I03-05-06,Branch4,3,3,Location3,1,,96.0347426925599,2.86598398259886,-0.105,0.993214478347955,0.0499999999999999,8.78306864267381,21
58,B4_K03_I03-05-06,Branch4,3,4,Location4,1,,69.5072639432084,1.28926383628796,0.35,0.936479444515468,0.0224999999999999,4.65239342878381,21
59,B4_K03_I03-05-07,Branch4,3,1,Location1,1,,122.336903339293,-7.75861988858682,-0.53,0.83718277574255,-0.135,10.8992081884476,21
59,B4_K03_I03-05-07,Branch4,3,2,Location2,1,,143.13624445179,-4.58856573578583,-0.7975,0.597991429704473,-0.08,16.1140955535098,21
59,B4_K03_I03-05-07,Branch4,3,3,Location3,1,,96.0340027623943,2.72257398337613,-0.105,0.993337178404191,0.0474999999999999,8.67892896291791,21
59,B4_K03_I03-05-07,Branch4,3,4,Location4,1,,69.5013696373079,1.86244079953198,0.35,0.936185745458667,0.0324999999999999,5.21510209373707,21
60,B4_K03_I03-05-08,Branch4,3,1,Location1,1,,122.495734178207,-7.61408173959389,-0.5325,0.835994916252485,-0.1325,10.9842034657581,21
60,B4_K03_I03-05-08,Branch4,3,2,Location2,1,,143.425254565462,-5.01980013167812,-0.8,0.593585503529188,-0.0875,16.4511116590468,21
60,B4_K03_I03-05-08,Branch4,3,3,Location3,1,,96.033301028903,2.57918105164837,-0.105,0.993453572141144,0.0449999999999999,8.57595304950169,21
60,B4_K03_I03-05-08,Branch4,3,4,Location4,1,,69.65250196358,2.00576193490982,0.3475,0.937026547115929,0.0349999999999999,5.38343557468632,21
61,B4_K03_I03-05-09,Branch4,3,1,Location1,1,,122.336903339293,-7.75861988858682,-0.53,0.83718277574255,-0.135,10.8992081884476,21
61,B4_K03_I03-05-09,Branch4,3,2,Location2,1,,144.074512704815,-4.30122230467036,-0.8075,0.585080122718248,-0.075,17.0179834126298,21
61,B4_K03_I03-05-09,Branch4,3,3,Location3,1,,95.8891367114247,2.57918105164837,-0.1025,0.993714622011773,0.0449999999999999,8.47525337559886,21
61,B4_K03_I03-05-09,Branch4,3,4,Location4,1,,69.65429675555,1.86244079953198,0.3475,0.937116588264235,0.0324999999999999,5.24322543222102,21
62,B4_K03_I03-06-07,Branch4,3,1,Location1,1,,122.288981537635,-7.18075578145828,-0.53,0.838734165275268,-0.125,10.6280192457862,21
62,B4_K03_I03-06-07,Branch4,3,2,Location2,1,,143.392216961646,-4.73228037895821,-0.8,0.594301060069726,-0.0825,16.3834900282326,21
62,B4_K03_I03-06-07,Branch4,3,3,Location3,1,,96.1789800816229,2.86598398259886,-0.1075,0.992947002613936,0.0499999999999999,8.88268478086384,21
62,B4_K03_I03-06-07,Branch4,3,4,Location4,1,,69.1868782747141,2.43580428350657,0.355,0.933899753720923,0.0424999999999999,5.74120851959384,20
63,B4_K03_I03-06-08,Branch4,3,1,Location1,1,,122.483552045589,-7.46959231641693,-0.5325,0.836387320563864,-0.13,10.9162793085651,21
63,B4_K03_I03-06-08,Branch4,3,2,Location2,1,,143.13624445179,-4.58856573578583,-0.7975,0.597991429704473,-0.08,16.1140955535098,21
63,B4_K03_I03-06-08,Branch4,3,3,Location3,1,,96.033301028903,2.57918105164837,-0.105,0.993453572141144,0.0449999999999999,8.57595304950169,21
63,B4_K03_I03-06-08,Branch4,3,4,Location4,1,,69.4976160620549,2.14909562686402,0.35,0.935998798076151,0.0374999999999999,5.49720433075537,21
64,B4_K03_I03-06-09,Branch4,3,1,Location1,1,,122.495734178207,-7.61408173959389,-0.5325,0.835994916252485,-0.1325,10.9842034657581,21
64,B4_K03_I03-06-09,Branch4,3,2,Location2,1,,143.318371988854,-4.01398721805631,-0.8,0.595902676617583,-0.07,16.2438251703859,21
64,B4_K03_I03-06-09,Branch4,3,3,Location3,1,,95.8891367114247,2.57918105164837,-0.1025,0.993714622011773,0.0449999999999999,8.47525337559886,21
64,B4_K03_I03-06-09,Branch4,3,4,Location4,1,,69.4976160620549,2.14909562686401,0.35,0.935998798076151,0.0374999999999999,5.49720433075537,21
65,B4_K03_I03-07-08,Branch4,3,1,Location1,1,,122.69250824146,-7.90320773348459,-0.535,0.833587877790938,-0.1375,11.2797465158819,21
65,B4_K03_I03-07-08,Branch4,3,2,Location2,1,,143.092325570974,-4.15759167720182,-0.7975,0.598946992646261,-0.0725,16.0299623147197,21
65,B4_K03_I03-07-08,Branch4,3,3,Location3,1,,96.0320119947426,2.29244277595588,-0.105,0.993667449401458,0.0399999999999999,8.37365766485795,21
65,B4_K03_I03-07-08,Branch4,3,4,Location4,1,,69.65250196358,2.00576193490982,0.3475,0.937026547115929,0.0349999999999999,5.38343557468632,21
66,B4_K03_I03-07-09,Branch4,3,1,Location1,1,,122.69250824146,-7.90320773348459,-0.535,0.833587877790938,-0.1375,11.2797465158819,21
66,B4_K03_I03-07-09,Branch4,3,2,Location2,1,,143.167998700187,-4.87602486961296,-0.7975,0.597301222165165,-0.085,16.1786599018825,21
66,B4_K03_I03-07-09,Branch4,3,3,Location3,1,,95.8891367114247,2.57918105164837,-0.1025,0.993714622011773,0.0449999999999999,8.47525337559886,21
66,B4_K03_I03-07-09,Branch4,3,4,Location4,1,,69.4955373017906,2.29244277595588,0.35,0.935895293288731,0.0399999999999999,5.63841616718822,21
67,B4_K03_I03-08-09,Branch4,3,1,Location1,1,,122.508162615007,-7.75861988858682,-0.5325,0.835594847997521,-0.135,11.0538294724398,21
67,B4_K03_I03-08-09,Branch4,3,2,Location2,1,,142.367426815882,-4.01398721805631,-0.79,0.609097693313642,-0.07,15.2978157917437,21
67,B4_K03_I03-08-09,Branch4,3,3,Location3,1,,96.0355208614431,3.00941195419142,-0.105,0.993085469634915,0.0524999999999999,8.88833269791191,21
67,B4_K03_I03-08-09,Branch4,3,4,Location4,1,,69.1891279990374,2.29244277595588,0.355,0.934010171250827,0.0399999999999999,5.59880706251419,21
68,B4_K03_I04-05-06,Branch4,3,1,Location1,1,,123.768053288406,-9.93320626438465,-0.5475,0.818833011059031,-0.1725,13.1589948543331,20
68,B4_K03_I04-05-06,Branch4,3,2,Location2,1,,89.4270165392192,0.429722375059592,0.01,0.999921871948004,0.0075,37.7896421634897,21
68,B4_K03_I04-05-06,Branch4,3,3,Location3,1,,95.8938057984345,3.43981276751519,-0.1025,0.992921824717334,0.0599999999999999,9.11668163929603,21
68,B4_K03_I04-05-06,Branch4,3,4,Location4,1,,70.4223035617982,1.28926383628796,0.335,0.941949441318376,0.0224999999999999,4.9104174513048,21
69,B4_K03_I04-05-07,Branch4,3,1,Location1,1,,123.063461720807,-8.19253640609033,-0.54,0.829514165038789,-0.1425,11.7342416143966,20
69,B4_K03_I04-05-07,Branch4,3,2,Location2,1,,87.704965291926,-2.72257398337613,0.0399999999999999,0.998070012574268,-0.0474999999999999,39.3473196576857,20
69,B4_K03_I04-05-07,Branch4,3,3,Location3,1,,96.037192094554,3.29632543912624,-0.105,0.992808516280959,0.0574999999999999,9.10208369207662,21
69,B4_K03_I04-05-07,Branch4,3,4,Location4,1,,69.6463162592647,2.43580428350657,0.3475,0.936716339133678,0.0424999999999999,5.80491428167455,21
70,B4_K03_I04-05-08,Branch4,3,1,Location1,1,,122.495734178207,-7.61408173959389,-0.5325,0.835994916252485,-0.1325,10.9842034657581,20
70,B4_K03_I04-05-08,Branch4,3,2,Location2,1,,144.729010026502,-8.48207557796812,-0.8075,0.571128269305591,-0.1475,18.4632524265106,20
70,B4_K03_I04-05-08,Branch4,3,3,Location3,1,,95.8913031213304,3.00941195419142,-0.1025,0.993346616242286,0.0524999999999999,8.79114864153836,21
70,B4_K03_I04-05-08,Branch4,3,4,Location4,1,,69.6439868423314,2.57918105164837,0.3475,0.936599567584782,0.0449999999999999,5.94566307863197,20
71,B4_K03_I04-05-09,Branch4,3,1,Location1,1,,122.336903339293,-7.75861988858682,-0.53,0.83718277574255,-0.135,10.8992081884476,20
71,B4_K03_I04-05-09,Branch4,3,2,Location2,1,,144.36752471413,-4.73228037895821,-0.81,0.58059775232083,-0.0825,17.3496282848731,19
71,B4_K03_I04-05-09,Branch4,3,3,Location3,1,,95.8905436799583,2.86598398259886,-0.1025,0.993475591043887,0.0499999999999999,8.68472893398375,21
71,B4_K03_I04-05-09,Branch4,3,4,Location4,1,,69.4909752215209,2.57918105164837,0.35,0.935668210425042,0.0449999999999999,5.92113282294958,21
72,B4_K03_I04-06-07,Branch4,3,1,Location1,1,,122.631190366123,-7.18075578145828,-0.535,0.8355537086268,-0.125,10.9439586600246,21
72,B4_K03_I04-06-07,Branch4,3,2,Location2,1,,143.256133536878,-5.59522743552786,-0.7975,0.59538852860968,-0.0975,16.369328601102,21
72,B4_K03_I04-06-07,Branch4,3,3,Location3,1,,96.3249282589043,3.15285880404642,-0.11,0.992408685975692,0.0549999999999999,9.19062597770081,21
72,B4_K03_I04-06-07,Branch4,3,4,Location4,1,,69.0310160808265,2.57918105164837,0.3575,0.932828360417928,0.0449999999999999,5.87081378115667,21
73,B4_K03_I04-06-08,Branch4,3,1,Location1,1,,122.483552045589,-7.46959231641693,-0.5325,0.836387320563864,-0.13,10.9162793085651,21
73,B4_K03_I04-06-08,Branch4,3,2,Location2,1,,143.667256322953,-5.01980013167812,-0.8025,0.590201236867562,-0.0875,16.6901805169901,21
73,B4_K03_I04-06-08,Branch4,3,3,Location3,1,,96.0340027623943,2.72257398337613,-0.105,0.993337178404191,0.0474999999999999,8.67892896291791,21
73,B4_K03_I04-06-08,Branch4,3,4,Location4,1,,69.3401782560947,2.43580428350657,0.3525,0.934846244042302,0.0424999999999999,5.7584735057034,21
74,B4_K03_I04-06-09,Branch4,3,1,Location1,1,,122.495734178207,-7.61408173959389,-0.5325,0.835994916252485,-0.1325,10.9842034657581,21
74,B4_K03_I04-06-09,Branch4,3,2,Location2,1,,144.251245402867,-3.58332169847197,-0.81,0.583089830129115,-0.0624999999999999,17.1487996754766,21
74,B4_K03_I04-06-09,Branch4,3,3,Location3,1,,95.8898215569978,2.72257398337613,-0.1025,0.993598258855157,0.0474999999999999,8.57941727273049,21
74,B4_K03_I04-06-09,Branch4,3,4,Location4,1,,69.3401782560947,2.43580428350657,0.3525,0.934846244042302,0.0424999999999999,5.7584735057034,21
75,B4_K03_I04-07-08,Branch4,3,1,Location1,1,,122.667238027177,-7.61408173959389,-0.535,0.834397237531381,-0.1325,11.1403286567395,21
75,B4_K03_I04-07-08,Branch4,3,2,Location2,1,,142.286350712099,-5.45131981241778,-0.7875,0.608948889480882,-0.095,15.3935568066408,21
75,B4_K03_I04-07-08,Branch4,3,3,Location3,1,,96.0326374522384,2.43580428350657,-0.105,0.993563661775128,0.0424999999999999,8.4741818022773,21
75,B4_K03_I04-07-08,Branch4,3,4,Location4,1,,69.4955373017906,2.29244277595588,0.35,0.935895293288731,0.0399999999999999,5.63841616718822,21
76,B4_K03_I04-07-09,Branch4,3,1,Location1,1,,122.679748734251,-7.75861988858682,-0.535,0.83399640286994,-0.135,11.2092054617996,21
76,B4_K03_I04-07-09,Branch4,3,2,Location2,1,,143.650337278282,-4.87602486961296,-0.8025,0.590566465353393,-0.085,16.6556883643547,21
76,B4_K03_I04-07-09,Branch4,3,3,Location3,1,,95.8891367114247,2.57918105164837,-0.1025,0.993714622011773,0.0449999999999999,8.47525337559886,21
76,B4_K03_I04-07-09,Branch4,3,4,Location4,1,,69.3401782560947,2.43580428350657,0.3525,0.934846244042302,0.0424999999999999,5.7584735057034,21
77,B4_K03_I04-08-09,Branch4,3,1,Location1,1,,122.667238027177,-7.61408173959389,-0.535,0.834397237531381,-0.1325,11.1403286567395,21
77,B4_K03_I04-08-09,Branch4,3,2,Location2,1,,142.57782402325,-3.72685314248215,-0.7925,0.606398177767711,-0.0649999999999999,15.4879780082232,21
77,B4_K03_I04-08-09,Branch4,3,3,Location3,1,,96.0347426925599,2.86598398259886,-0.105,0.993214478347955,0.0499999999999999,8.78306864267381,21
77,B4_K03_I04-08-09,Branch4,3,4,Location4,1,,69.3401782560947,2.43580428350657,0.3525,0.934846244042302,0.0424999999999999,5.7584735057034,21
78,B4_K03_I05-06-07,Branch4,3,1,Location1,1,,122.746051790796,-8.48207557796812,-0.535,0.831876643499504,-0.1475,11.5780046973237,21
78,B4_K03_I05-06-07,Branch4,3,2,Location2,1,,89.2836744023343,-1.00272732679461,0.0125,0.999768723255534,-0.0174999999999999,37.8312951678044,21
78,B4_K03_I05-06-07,Branch4,3,3,Location3,1,,96.4692837103228,3.15285880404642,-0.1125,0.992128393908772,0.0549999999999999,9.29044741411465,21
78,B4_K03_I05-06-07,Branch4,3,4,Location4,1,,90.2864809865029,0.143239597990885,-0.005,0.999984374877928,0.0025,21.9280187185955,21
79,B4_K03_I05-06-08,Branch4,3,1,Location1,1,,122.679748734251,-7.75861988858682,-0.535,0.83399640286994,-0.135,11.2092054617996,21
79,B4_K03_I05-06-08,Branch4,3,2,Location2,1,,90,-2.57918105164837,0,0.998986986902232,-0.0449999999999999,37.0576508593383,20
79,B4_K03_I05-06-08,Branch4,3,3,Location3,1,,96.0340027623943,2.72257398337613,-0.105,0.993337178404191,0.0474999999999999,8.67892896291791,21
79,B4_K03_I05-06-08,Branch4,3,4,Location4,1,,69.1983238133349,1.57583259975216,0.355,0.934461743465189,0.0274999999999999,4.8876061952048,20
80,B4_K03_I05-06-09,Branch4,3,1,Location1,1,,122.667238027177,-7.61408173959389,-0.535,0.834397237531381,-0.1325,11.1403286567395,21
80,B4_K03_I05-06-09,Branch4,3,2,Location2,1,,143.106472035412,-4.30122230467036,-0.7975,0.598639081584221,-0.075,16.0563034102923,19
80,B4_K03_I05-06-09,Branch4,3,3,Location3,1,,95.8898215569978,2.72257398337613,-0.1025,0.993598258855157,0.0474999999999999,8.57941727273049,21
80,B4_K03_I05-06-09,Branch4,3,4,Location4,1,,69.5030446740261,1.71913132087781,0.35,0.936269192059634,0.0299999999999999,5.07422529180985,20
81,B4_K03_I05-07-08,Branch4,3,1,Location1,1,,122.654975276981,-7.46959231641693,-0.535,0.8347903928532,-0.13,11.073143607149,21
81,B4_K03_I05-07-08,Branch4,3,2,Location2,1,,89.7134115210913,-1.57583259975216,0.005,0.999609298676238,-0.0274999999999999,37.3744885959685,21
81,B4_K03_I05-07-08,Branch4,3,3,Location3,1,,96.033301028903,2.57918105164837,-0.105,0.993453572141144,0.0449999999999999,8.57595304950169,21
81,B4_K03_I05-07-08,Branch4,3,4,Location4,1,,69.4995601356051,2.00576193490982,0.35,0.936095614774474,0.0349999999999999,5.35609750914218,21
82,B4_K03_I05-07-09,Branch4,3,1,Location1,1,,122.667238027177,-7.61408173959389,-0.535,0.834397237531381,-0.1325,11.1403286567395,21
82,B4_K03_I05-07-09,Branch4,3,2,Location2,1,,143.346417198589,-4.30122230467036,-0.8,0.595294044989533,-0.075,16.2946229961618,21
82,B4_K03_I05-07-09,Branch4,3,3,Location3,1,,95.8898215569978,2.72257398337613,-0.1025,0.993598258855157,0.0474999999999999,8.57941727273049,21
82,B4_K03_I05-07-09,Branch4,3,4,Location4,1,,69.3464655112991,2.00576193490982,0.3525,0.935157072368059,0.0349999999999999,5.33298253465879,21
83,B4_K03_I05-08-09,Branch4,3,1,Location1,1,,122.667238027177,-7.61408173959389,-0.535,0.834397237531381,-0.1325,11.1403286567395,21
83,B4_K03_I05-08-09,Branch4,3,2,Location2,1,,144.059857083325,-4.15759167720182,-0.8075,0.585395165678706,-0.0725,16.9919786918736,21
83,B4_K03_I05-08-09,Branch4,3,3,Location3,1,,96.0347426925599,2.86598398259886,-0.105,0.993214478347955,0.0499999999999999,8.78306864267381,21
83,B4_K03_I05-08-09,Branch4,3,4,Location4,1,,69.4955373017906,2.29244277595588,0.35,0.935895293288731,0.0399999999999999,5.63841616718822,21
84,B4_K03_I06-07-08,Branch4,3,1,Location1,1,,122.826727836654,-7.46959231641693,-0.5375,0.833182903089112,-0.13,11.230712005199,20
84,B4_K03_I06-07-08,Branch4,3,2,Location2,1,,90.429808346939,-1.14599199838859,-0.0075,0.999771848973555,-0.0199999999999999,36.6793405062083,21
84,B4_K03_I06-07-08,Branch4,3,3,Location3,1,,96.033301028903,2.57918105164837,-0.105,0.993453572141144,0.0449999999999999,8.57595304950169,21
84,B4_K03_I06-07-08,Branch4,3,4,Location4,1,,69.65250196358,2.00576193490982,0.3475,0.937026547115929,0.0349999999999999,5.38343557468632,21
85,B4_K03_I06-07-09,Branch4,3,1,Location1,1,,122.631190366123,-7.18075578145828,-0.535,0.8355537086268,-0.125,10.9439586600246,21
85,B4_K03_I06-07-09,Branch4,3,2,Location2,1,,90.2865884789087,-1.57583259975216,-0.005,0.999609298676238,-0.0274999999999999,36.8020359739466,21
85,B4_K03_I06-07-09,Branch4,3,3,Location3,1,,96.1789800816229,2.86598398259886,-0.1075,0.992947002613936,0.0499999999999999,8.88268478086384,21
85,B4_K03_I06-07-09,Branch4,3,4,Location4,1,,69.3445055862579,2.14909562686402,0.3525,0.93506015849249,0.0374999999999999,5.47473766066972,21
86,B4_K03_I06-08-09,Branch4,3,1,Location1,1,,122.826727836654,-7.46959231641693,-0.5375,0.833182903089112,-0.13,11.230712005199,21
86,B4_K03_I06-08-09,Branch4,3,2,Location2,1,,89.427025492678,0.286480091240914,0.01,0.999937498046753,0.005,37.7774185283995,21
86,B4_K03_I06-08-09,Branch4,3,3,Location3,1,,96.1789800816229,2.86598398259886,-0.1075,0.992947002613936,0.0499999999999999,8.88268478086384,21
86,B4_K03_I06-08-09,Branch4,3,4,Location4,1,,69.4909752215209,2.57918105164837,0.35,0.935668210425042,0.0449999999999999,5.92113282294958,21
87,B4_K03_I07-08-09,Branch4,3,1,Location1,1,,123.19650264169,-7.75861988858682,-0.5425,0.829137352915667,-0.135,11.67973392148,21
87,B4_K03_I07-08-09,Branch4,3,2,Location2,1,,90.4297881926502,-1.00272732679461,-0.0075,0.999818733571241,-0.0174999999999999,36.6871004028501,21
87,B4_K03_I07-08-09,Branch4,3,3,Location3,1,,96.4646456047714,2.29244277595588,-0.1125,0.992846287196563,0.0399999999999999,8.69018747812228,21
87,B4_K03_I07-08-09,Branch4,3,4,Location4,1,,69.6439868423314,2.57918105164837,0.3475,0.936599567584782,0.0449999999999999,5.94566307863197,21
88,B4_K04_I01-02-03-04,Branch4,4,1,Location1,1,,122.826727836654,-7.46959231641693,-0.5375,0.833182903089112,-0.13,11.230712005199,21
88,B4_K04_I01-02-03-04,Branch4,4,2,Location2,1,,142.790994062855,-3.43981276751519,-0.795,0.603634823382482,-0.0599999999999999,15.686670945111,21
88,B4_K04_I01-02-03-04,Branch4,4,3,Location3,1,,96.1761836144369,2.29244277595588,-0.1075,0.993400095631161,0.0399999999999999,8.4780013097463,21
88,B4_K04_I01-02-03-04,Branch4,4,4,Location4,1,,69.5013696373079,1.86244079953198,0.35,0.936185745458667,0.0324999999999999,5.21510209373707,21
89,B4_K04_I01-02-03-05,Branch4,4,1,Location1,1,,122.495734178207,-7.61408173959389,-0.5325,0.835994916252485,-0.1325,10.9842034657581,21
89,B4_K04_I01-02-03-05,Branch4,4,2,Location2,1,,144.032072844056,-3.87040801131097,-0.8075,0.585992747395392,-0.0674999999999999,16.944944654102,21
89,B4_K04_I01-02-03-05,Branch4,4,3,Location3,1,,96.033301028903,2.57918105164837,-0.105,0.993453572141144,0.0449999999999999,8.57595304950169,21
89,B4_K04_I01-02-03-05,Branch4,4,4,Location4,1,,69.65250196358,2.00576193490982,0.3475,0.937026547115929,0.0349999999999999,5.38343557468632,21
90,B4_K04_I01-02-03-06,Branch4,4,1,Location1,1,,122.483552045589,-7.46959231641693,-0.5325,0.836387320563864,-0.13,10.9162793085651,21
90,B4_K04_I01-02-03-06,Branch4,4,2,Location2,1,,143.318371988854,-4.01398721805631,-0.8,0.595902676617583,-0.07,16.2438251703859,21
90,B4_K04_I01-02-03-06,Branch4,4,3,Location3,1,,96.0340027623943,2.72257398337613,-0.105,0.993337178404191,0.0474999999999999,8.67892896291791,21
90,B4_K04_I01-02-03-06,Branch4,4,4,Location4,1,,69.4976160620549,2.14909562686402,0.35,0.935998798076151,0.0374999999999999,5.49720433075537,21
91,B4_K04_I01-02-03-07,Branch4,4,1,Location1,1,,122.877604307919,-8.04784624731151,-0.5375,0.831561032035533,-0.14,11.5065537693001,21
91,B4_K04_I01-02-03-07,Branch4,4,2,Location2,1,,143.106472035412,-4.30122230467036,-0.7975,0.598639081584221,-0.075,16.0563034102923,21
91,B4_K04_I01-02-03-07,Branch4,4,3,Location3,1,,96.0340027623943,2.72257398337613,-0.105,0.993337178404191,0.0474999999999999,8.67892896291791,21
91,B4_K04_I01-02-03-07,Branch4,4,4,Location4,1,,69.3445055862579,2.14909562686402,0.3525,0.93506015849249,0.0374999999999999,5.47473766066972,21
92,B4_K04_I01-02-03-08,Branch4,4,1,Location1,1,,122.705517410647,-8.04784624731151,-0.535,0.833171650981957,-0.14,11.3519243350815,21
92,B4_K04_I01-02-03-08,Branch4,4,2,Location2,1,,142.802594808254,-3.58332169847197,-0.795,0.603381098477571,-0.0624999999999999,15.7044369427603,21
92,B4_K04_I01-02-03-08,Branch4,4,3,Location3,1,,96.0340027623943,2.72257398337613,-0.105,0.993337178404191,0.0474999999999999,8.67892896291791,21
92,B4_K04_I01-02-03-08,Branch4,4,4,Location4,1,,69.1891279990374,2.29244277595588,0.355,0.934010171250827,0.0399999999999999,5.59880706251419,21
93,B4_K04_I01-02-03-09,Branch4,4,1,Location1,1,,123.105301826682,-8.62692655867863,-0.54,0.828190799272728,-0.15,11.9604297177835,21
93,B4_K04_I01-02-03-09,Branch4,4,2,Location2,1,,90.8594716108903,-0.143239597990885,-0.0149999999999999,0.999884368314657,-0.0025,36.3151490775398,21
93,B4_K04_I01-02-03-09,Branch4,4,3,Location3,1,,96.462878429069,1.86244079953198,-0.1125,0.993120083373607,0.0324999999999999,8.40744088242435,21
93,B4_K04_I01-02-03-09,Branch4,4,4,Location4,1,,68.8820946055149,2.29244277595588,0.36,0.932094415818484,0.0399999999999999,5.5757351756046,21
94,B4_K04_I01-02-04-05,Branch4,4,1,Location1,1,,122.483552045589,-7.46959231641693,-0.5325,0.836387320563864,-0.13,10.9162793085651,21
94,B4_K04_I01-02-04-05,Branch4,4,2,Location2,1,,144.290996908913,-4.01398721805631,-0.81,0.582237065120385,-0.07,17.2117675054175,21
94,B4_K04_I01-02-04-05,Branch4,4,3,Location3,1,,96.1782223300327,2.72257398337613,-0.1075,0.993069735718494,0.0474999999999999,8.77970511627137,21
94,B4_K04_I01-02-04-05,Branch4,4,4,Location4,1,,69.4933237319233,2.43580428350657,0.35,0.935785098192956,0.0424999999999999,5.77972734472995,21
95,B4_K04_I01-02-04-06,Branch4,4,1,Location1,1,,122.483552045589,-7.46959231641693,-0.5325,0.836387320563864,-0.13,10.9162793085651,21
95,B4_K04_I01-02-04-06,Branch4,4,2,Location2,1,,144.045710905464,-4.01398721805631,-0.8075,0.585699368276934,-0.07,16.9676310112027,21
95,B4_K04_I01-02-04-06,Branch4,4,3,Location3,1,,96.0340027623943,2.72257398337613,-0.105,0.993337178404191,0.0474999999999999,8.67892896291791,21
95,B4_K04_I01-02-04-06,Branch4,4,4,Location4,1,,69.3424098758504,2.29244277595588,0.3525,0.934956549792556,0.0399999999999999,5.6165691875335,21
96,B4_K04_I01-02-04-07,Branch4,4,1,Location1,1,,122.679748734251,-7.75861988858682,-0.535,0.83399640286994,-0.135,11.2092054617996,21
96,B4_K04_I01-02-04-07,Branch4,4,2,Location2,1,,143.602618707897,-4.44488001787759,-0.8025,0.591597413787451,-0.0775,16.5621628506824,21
96,B4_K04_I01-02-04-07,Branch4,4,3,Location3,1,,96.033301028903,2.57918105164837,-0.105,0.993453572141144,0.0449999999999999,8.57595304950169,21
96,B4_K04_I01-02-04-07,Branch4,4,4,Location4,1,,69.3424098758504,2.29244277595588,0.3525,0.934956549792556,0.0399999999999999,5.6165691875335,21
97,B4_K04_I01-02-04-08,Branch4,4,1,Location1,1,,122.69250824146,-7.90320773348458,-0.535,0.833587877790938,-0.1375,11.2797465158819,21
97,B4_K04_I01-02-04-08,Branch4,4,2,Location2,1,,144.105357839724,-4.58856573578583,-0.8075,0.584417444982608,-0.08,17.0749451329039,21
97,B4_K04_I01-02-04-08,Branch4,4,3,Location3,1,,96.033301028903,2.57918105164837,-0.105,0.993453572141144,0.0449999999999999,8.57595304950169,21
97,B4_K04_I01-02-04-08,Branch4,4,4,Location4,1,,69.3424098758504,2.29244277595588,0.3525,0.934956549792556,0.0399999999999999,5.6165691875335,21
98,B4_K04_I01-02-04-09,Branch4,4,1,Location1,1,,122.864509046189,-7.90320773348458,-0.5375,0.831978064614687,-0.1375,11.4351241895321,21
98,B4_K04_I01-02-04-09,Branch4,4,2,Location2,1,,90.5732253629386,-1.71913132087781,-0.01,0.999499874937461,-0.0299999999999999,36.5099338697492,21
98,B4_K04_I01-02-04-09,Branch4,4,3,Location3,1,,96.3197788230976,2.14909562686401,-0.11,0.993223917351974,0.0374999999999999,8.48670775577982,21
98,B4_K04_I01-02-04-09,Branch4,4,4,Location4,1,,69.5013696373079,1.86244079953198,0.35,0.936185745458667,0.0324999999999999,5.21510209373707,21
99,B4_K04_I01-02-05-06,Branch4,4,1,Location1,1,,122.654975276981,-7.46959231641693,-0.535,0.8347903928532,-0.13,11.073143607149,21
99,B4_K04_I01-02-05-06,Branch4,4,2,Location2,1,,145.081407342182,-4.44488001787759,-0.8175,0.570690371392404,-0.0775,18.0305010522324,21
99,B4_K04_I01-02-05-06,Branch4,4,3,Location3,1,,96.0340027623943,2.72257398337613,-0.105,0.993337178404191,0.0474999999999999,8.67892896291791,21
99,B4_K04_I01-02-05-06,Branch4,4,4,Location4,1,,69.65250196358,2.00576193490982,0.3475,0.937026547115929,0.0349999999999999,5.38343557468632,21
100,B4_K04_I01-02-05-07,Branch4,4,1,Location1,1,,122.69250824146,-7.90320773348459,-0.535,0.833587877790938,-0.1375,11.2797465158819,21
100,B4_K04_I01-02-05-07,Branch4,4,2,Location2,1,,143.332146689146,-4.15759167720182,-0.8,0.5956036853479,-0.0725,16.2683757672907,21
100,B4_K04_I01-02-05-07,Branch4,4,3,Location3,1,,96.033301028903,2.57918105164837,-0.105,0.993453572141144,0.0449999999999999,8.57595304950169,21
100,B4_K04_I01-02-05-07,Branch4,4,4,Location4,1,,69.4995601356051,2.00576193490982,0.35,0.936095614774474,0.0349999999999999,5.35609750914218,21
101,B4_K04_I01-02-05-08,Branch4,4,1,Location1,1,,122.520838192328,-7.90320773348459,-0.5325,0.835187104785509,-0.1375,11.1251288876582,21
101,B4_K04_I01-02-05-08,Branch4,4,2,Location2,1,,144.121550261089,-4.73228037895821,-0.8075,0.584069773229192,-0.0825,17.1058918822708,21
101,B4_K04_I01-02-05-08,Branch4,4,3,Location3,1,,96.033301028903,2.57918105164837,-0.105,0.993453572141144,0.0449999999999999,8.57595304950169,21
101,B4_K04_I01-02-05-08,Branch4,4,4,Location4,1,,69.65250196358,2.00576193490982,0.3475,0.937026547115929,0.0349999999999999,5.38343557468632,21
102,B4_K04_I01-02-05-09,Branch4,4,1,Location1,1,,122.508162615007,-7.75861988858682,-0.5325,0.835594847997521,-0.135,11.0538294724398,21
102,B4_K04_I01-02-05-09,Branch4,4,2,Location2,1,,142.438764882408,-4.73228037895821,-0.79,0.607530863413539,-0.0825,15.4398489797195,21
102,B4_K04_I01-02-05-09,Branch4,4,3,Location3,1,,96.1761836144369,2.29244277595588,-0.1075,0.993400095631161,0.0399999999999999,8.4780013097463,21
102,B4_K04_I01-02-05-09,Branch4,4,4,Location4,1,,69.8052925383369,2.00576193490982,0.345,0.937949892051809,0.0349999999999999,5.41492017158648,21
103,B4_K04_I01-02-06-07,Branch4,4,1,Location1,1,,122.667238027177,-7.61408173959389,-0.535,0.834397237531381,-0.1325,11.1403286567395,21
103,B4_K04_I01-02-06-07,Branch4,4,2,Location2,1,,143.573323756781,-4.15759167720182,-0.8025,0.592230951572104,-0.0725,16.5081650225967,20
103,B4_K04_I01-02-06-07,Branch4,4,3,Location3,1,,96.0326374522384,2.43580428350657,-0.105,0.993563661775128,0.0424999999999999,8.4741818022773,21
103,B4_K04_I01-02-06-07,Branch4,4,4,Location4,1,,69.4933237319233,2.43580428350657,0.35,0.935785098192956,0.0424999999999999,5.77972734472995,21
104,B4_K04_I01-02-06-08,Branch4,4,1,Location1,1,,122.679748734251,-7.75861988858682,-0.535,0.83399640286994,-0.135,11.2092054617996,21
104,B4_K04_I01-02-06-08,Branch4,4,2,Location2,1,,144.121550261089,-4.73228037895821,-0.8075,0.584069773229192,-0.0825,17.1058918822708,21
104,B4_K04_I01-02-06-08,Branch4,4,3,Location3,1,,96.0326374522384,2.43580428350657,-0.105,0.993563661775128,0.0424999999999999,8.4741818022773,21
104,B4_K04_I01-02-06-08,Branch4,4,4,Location4,1,,69.6485118332635,2.29244277595588,0.3475,0.936826424691362,0.0399999999999999,5.6642885045171,21
105,B4_K04_I01-02-06-09,Branch4,4,1,Location1,1,,122.667238027177,-7.61408173959389,-0.535,0.834397237531381,-0.1325,11.1403286567395,21
105,B4_K04_I01-02-06-09,Branch4,4,2,Location2,1,,144.786009259817,-4.01398721805631,-0.815,0.575217350225113,-0.07,17.7045190926392,20
105,B4_K04_I01-02-06-09,Branch4,4,3,Location3,1,,96.0320119947426,2.29244277595588,-0.105,0.993667449401458,0.0399999999999999,8.37365766485795,21
105,B4_K04_I01-02-06-09,Branch4,4,4,Location4,1,,69.6505736941013,2.14909562686402,0.3475,0.936929826614566,0.0374999999999999,5.52379292677837,21
106,B4_K04_I01-02-07-08,Branch4,4,1,Location1,1,,122.890951796363,-8.19253640609033,-0.5375,0.831136270415387,-0.1425,11.579585142381,21
106,B4_K04_I01-02-07-08,Branch4,4,2,Location2,1,,143.740039372557,-5.59522743552786,-0.8025,0.588631888364876,-0.0975,16.8445521661108,21
106,B4_K04_I01-02-07-08,Branch4,4,3,Location3,1,,96.0320119947426,2.29244277595588,-0.105,0.993667449401458,0.0399999999999999,8.37365766485795,21
106,B4_K04_I01-02-07-08,Branch4,4,4,Location4,1,,69.6505736941013,2.14909562686401,0.3475,0.936929826614566,0.0374999999999999,5.52379292677837,21
107,B4_K04_I01-02-07-09,Branch4,4,1,Location1,1,,122.69250824146,-7.90320773348459,-0.535,0.833587877790938,-0.1375,11.2797465158819,21
107,B4_K04_I01-02-07-09,Branch4,4,2,Location2,1,,143.893585517872,-4.87602486961296,-0.805,0.587154153523587,-0.085,16.8963485690724,21
107,B4_K04_I01-02-07-09,Branch4,4,3,Location3,1,,95.8878786990507,2.29244277595588,-0.1025,0.993928443098395,0.0399999999999999,8.27053568153326,21
107,B4_K04_I01-02-07-09,Branch4,4,4,Location4,1,,69.8033800260824,2.14909562686402,0.345,0.937853266774713,0.0374999999999999,5.55443196876107,21
108,B4_K04_I01-02-08-09,Branch4,4,1,Location1,1,,122.533761764931,-8.04784624731151,-0.5325,0.834771675369978,-0.14,11.1980733155577,21
108,B4_K04_I01-02-08-09,Branch4,4,2,Location2,1,,90.8597941203734,1.57583259975216,-0.0149999999999999,0.999509254584469,0.0274999999999999,36.4810322034099,21
108,B4_K04_I01-02-08-09,Branch4,4,3,Location3,1,,95.8884891043574,2.43580428350657,-0.1025,0.993824682728297,0.0424999999999999,8.37227853953572,21
108,B4_K04_I01-02-08-09,Branch4,4,4,Location4,1,,69.4909752215209,2.57918105164837,0.35,0.935668210425042,0.0449999999999999,5.92113282294958,21
109,B4_K04_I01-03-04-05,Branch4,4,1,Location1,1,,122.324556703748,-7.61408173959389,-0.53,0.837582085529532,-0.1325,10.8288137870786,21
109,B4_K04_I01-03-04-05,Branch4,4,2,Location2,1,,144.351185087967,-4.58856573578583,-0.81,0.580947501931112,-0.08,17.3187853411725,21
109,B4_K04_I01-03-04-05,Branch4,4,3,Location3,1,,96.0340027623943,2.72257398337613,-0.105,0.993337178404191,0.0474999999999999,8.67892896291791,21
109,B4_K04_I01-03-04-05,Branch4,4,4,Location4,1,,69.4976160620549,2.14909562686401,0.35,0.935998798076151,0.0374999999999999,5.49720433075537,21
110,B4_K04_I01-03-04-06,Branch4,4,1,Location1,1,,122.483552045589,-7.46959231641693,-0.5325,0.836387320563864,-0.13,10.9162793085651,21
110,B4_K04_I01-03-04-06,Branch4,4,2,Location2,1,,143.53313028926,-3.72685314248215,-0.8025,0.59310096105132,-0.0649999999999999,16.4398013363427,21
110,B4_K04_I01-03-04-06,Branch4,4,3,Location3,1,,96.033301028903,2.57918105164837,-0.105,0.993453572141144,0.0449999999999999,8.57595304950169,21
110,B4_K04_I01-03-04-06,Branch4,4,4,Location4,1,,69.3445055862579,2.14909562686402,0.3525,0.93506015849249,0.0374999999999999,5.47473766066972,21
111,B4_K04_I01-03-04-07,Branch4,4,1,Location1,1,,122.679748734251,-7.75861988858682,-0.535,0.83399640286994,-0.135,11.2092054617996,21
111,B4_K04_I01-03-04-07,Branch4,4,2,Location2,1,,143.376450948356,-4.58856573578583,-0.8,0.59464274989274,-0.08,16.3521859430315,21
111,B4_K04_I01-03-04-07,Branch4,4,3,Location3,1,,95.8891367114247,2.57918105164837,-0.1025,0.993714622011773,0.0449999999999999,8.47525337559886,21
111,B4_K04_I01-03-04-07,Branch4,4,4,Location4,1,,69.3424098758504,2.29244277595588,0.3525,0.934956549792556,0.0399999999999999,5.6165691875335,21
112,B4_K04_I01-03-04-08,Branch4,4,1,Location1,1,,122.508162615007,-7.75861988858682,-0.5325,0.835594847997521,-0.135,11.0538294724398,21
112,B4_K04_I01-03-04-08,Branch4,4,2,Location2,1,,143.376450948356,-4.58856573578583,-0.8,0.59464274989274,-0.08,16.3521859430315,21
112,B4_K04_I01-03-04-08,Branch4,4,3,Location3,1,,95.8891367114247,2.57918105164837,-0.1025,0.993714622011773,0.0449999999999999,8.47525337559886,21
112,B4_K04_I01-03-04-08,Branch4,4,4,Location4,1,,69.4976160620549,2.14909562686401,0.35,0.935998798076151,0.0374999999999999,5.49720433075537,21
113,B4_K04_I01-03-04-09,Branch4,4,1,Location1,1,,122.495734178207,-7.61408173959389,-0.5325,0.835994916252485,-0.1325,10.9842034657581,21
113,B4_K04_I01-03-04-09,Branch4,4,2,Location2,1,,90.2865123259595,0.859468924835817,-0.005,0.999874992186523,0.0149999999999999,36.9737333485929,21
113,B4_K04_I01-03-04-09,Branch4,4,3,Location3,1,,95.8873054608897,2.14909562686402,-0.1025,0.994025905095033,0.0374999999999999,8.17006937695647,21
113,B4_K04_I01-03-04-09,Branch4,4,4,Location4,1,,69.5045853446366,1.57583259975216,0.35,0.93634595636442,0.0274999999999999,4.9334752412003,21
114,B4_K04_I01-03-05-06,Branch4,4,1,Location1,1,,122.495734178207,-7.61408173959389,-0.5325,0.835994916252485,-0.1325,10.9842034657581,21
114,B4_K04_I01-03-05-06,Branch4,4,2,Location2,1,,143.346417198589,-4.30122230467036,-0.8,0.595294044989533,-0.075,16.2946229961618,21
114,B4_K04_I01-03-05-06,Branch4,4,3,Location3,1,,96.0340027623943,2.72257398337613,-0.105,0.993337178404191,0.0474999999999999,8.67892896291791,21
114,B4_K04_I01-03-05-06,Branch4,4,4,Location4,1,,69.4995601356051,2.00576193490982,0.35,0.936095614774474,0.0349999999999999,5.35609750914218,21
115,B4_K04_I01-03-05-07,Branch4,4,1,Location1,1,,122.520838192328,-7.90320773348459,-0.5325,0.835187104785509,-0.1375,11.1251288876582,21
115,B4_K04_I01-03-05-07,Branch4,4,2,Location2,1,,143.376450948356,-4.58856573578583,-0.8,0.59464274989274,-0.08,16.3521859430315,21
115,B4_K04_I01-03-05-07,Branch4,4,3,Location3,1,,95.8891367114247,2.57918105164837,-0.1025,0.993714622011773,0.0449999999999999,8.47525337559886,21
115,B4_K04_I01-03-05-07,Branch4,4,4,Location4,1,,69.4995601356051,2.00576193490982,0.35,0.936095614774474,0.0349999999999999,5.35609750914218,21
116,B4_K04_I01-03-05-08,Branch4,4,1,Location1,1,,122.520838192328,-7.90320773348459,-0.5325,0.835187104785509,-0.1375,11.1251288876582,21
116,B4_K04_I01-03-05-08,Branch4,4,2,Location2,1,,143.928240120886,-5.16360709084638,-0.805,0.586408560646926,-0.09,16.9666819329403,21
116,B4_K04_I01-03-05-08,Branch4,4,3,Location3,1,,95.8891367114247,2.57918105164837,-0.1025,0.993714622011773,0.0449999999999999,8.47525337559886,21
116,B4_K04_I01-03-05-08,Branch4,4,4,Location4,1,,69.65250196358,2.00576193490982,0.3475,0.937026547115929,0.0349999999999999,5.38343557468632,21
117,B4_K04_I01-03-05-09,Branch4,4,1,Location1,1,,122.336903339293,-7.75861988858682,-0.53,0.83718277574255,-0.135,10.8992081884476,21
117,B4_K04_I01-03-05-09,Branch4,4,2,Location2,1,,143.815884384282,-4.15759167720182,-0.805,0.588828285665694,-0.0725,16.749356783422,21
117,B4_K04_I01-03-05-09,Branch4,4,3,Location3,1,,95.8891367114247,2.57918105164837,-0.1025,0.993714622011773,0.0449999999999999,8.47525337559886,21
117,B4_K04_I01-03-05-09,Branch4,4,4,Location4,1,,69.65250196358,2.00576193490982,0.3475,0.937026547115929,0.0349999999999999,5.38343557468632,21
118,B4_K04_I01-03-06-07,Branch4,4,1,Location1,1,,122.508162615007,-7.75861988858682,-0.5325,0.835594847997521,-0.135,11.0538294724398,21
118,B4_K04_I01-03-06-07,Branch4,4,2,Location2,1,,143.092325570974,-4.15759167720182,-0.7975,0.598946992646261,-0.0725,16.0299623147197,21
118,B4_K04_I01-03-06-07,Branch4,4,3,Location3,1,,95.8898215569978,2.72257398337613,-0.1025,0.993598258855157,0.0474999999999999,8.57941727273049,21
118,B4_K04_I01-03-06-07,Branch4,4,4,Location4,1,,69.4976160620549,2.14909562686402,0.35,0.935998798076151,0.0374999999999999,5.49720433075537,21
119,B4_K04_I01-03-06-08,Branch4,4,1,Location1,1,,122.495734178207,-7.61408173959389,-0.5325,0.835994916252485,-0.1325,10.9842034657581,21
119,B4_K04_I01-03-06-08,Branch4,4,2,Location2,1,,143.346417198589,-4.30122230467036,-0.8,0.595294044989533,-0.075,16.2946229961618,21
119,B4_K04_I01-03-06-08,Branch4,4,3,Location3,1,,95.8891367114247,2.57918105164837,-0.1025,0.993714622011773,0.0449999999999999,8.47525337559886,21
119,B4_K04_I01-03-06-08,Branch4,4,4,Location4,1,,69.4976160620549,2.14909562686402,0.35,0.935998798076151,0.0374999999999999,5.49720433075537,21
120,B4_K04_I01-03-06-09,Branch4,4,1,Location1,1,,122.495734178207,-7.61408173959389,-0.5325,0.835994916252485,-0.1325,10.9842034657581,21
120,B4_K04_I01-03-06-09,Branch4,4,2,Location2,1,,143.305091831897,-3.87040801131097,-0.8,0.596191034820216,-0.0674999999999999,16.2209760781084,21
120,B4_K04_I01-03-06-09,Branch4,4,3,Location3,1,,95.8891367114247,2.57918105164837,-0.1025,0.993714622011773,0.0449999999999999,8.47525337559886,21
120,B4_K04_I01-03-06-09,Branch4,4,4,Location4,1,,69.4976160620549,2.14909562686402,0.35,0.935998798076151,0.0374999999999999,5.49720433075537,21
121,B4_K04_I01-03-07-08,Branch4,4,1,Location1,1,,122.705517410647,-8.04784624731151,-0.535,0.833171650981957,-0.14,11.3519243350815,21
121,B4_K04_I01-03-07-08,Branch4,4,2,Location2,1,,143.602618707897,-4.44488001787759,-0.8025,0.591597413787451,-0.0775,16.5621628506824,21
121,B4_K04_I01-03-07-08,Branch4,4,3,Location3,1,,95.8891367114247,2.57918105164837,-0.1025,0.993714622011773,0.0449999999999999,8.47525337559886,21
121,B4_K04_I01-03-07-08,Branch4,4,4,Location4,1,,69.4976160620549,2.14909562686402,0.35,0.935998798076151,0.0374999999999999,5.49720433075537,21
122,B4_K04_I01-03-07-09,Branch4,4,1,Location1,1,,122.69250824146,-7.90320773348459,-0.535,0.833587877790938,-0.1375,11.2797465158819,21
122,B4_K04_I01-03-07-09,Branch4,4,2,Location2,1,,143.13624445179,-4.58856573578583,-0.7975,0.597991429704473,-0.08,16.1140955535098,21
122,B4_K04_I01-03-07-09,Branch4,4,3,Location3,1,,95.8891367114247,2.57918105164837,-0.1025,0.993714622011773,0.0449999999999999,8.47525337559886,21
122,B4_K04_I01-03-07-09,Branch4,4,4,Location4,1,,69.4976160620549,2.14909562686402,0.35,0.935998798076151,0.0374999999999999,5.49720433075537,21
123,B4_K04_I01-03-08-09,Branch4,4,1,Location1,1,,122.508162615007,-7.75861988858682,-0.5325,0.835594847997521,-0.135,11.0538294724398,21
123,B4_K04_I01-03-08-09,Branch4,4,2,Location2,1,,142.616645013239,-4.15759167720182,-0.7925,0.605547273133981,-0.0725,15.5571604849367,21
123,B4_K04_I01-03-08-09,Branch4,4,3,Location3,1,,95.8905436799583,2.86598398259886,-0.1025,0.993475591043887,0.0499999999999999,8.68472893398375,21
123,B4_K04_I01-03-08-09,Branch4,4,4,Location4,1,,69.3424098758504,2.29244277595588,0.3525,0.934956549792556,0.0399999999999999,5.6165691875335,21
124,B4_K04_I01-04-05-06,Branch4,4,1,Location1,1,,122.483552045589,-7.46959231641693,-0.5325,0.836387320563864,-0.13,10.9162793085651,21
124,B4_K04_I01-04-05-06,Branch4,4,2,Location2,1,,143.546029948733,-3.87040801131097,-0.8025,0.592821642654854,-0.0674999999999999,16.4608987278122,21
124,B4_K04_I01-04-05-06,Branch4,4,3,Location3,1,,96.0340027623943,2.72257398337613,-0.105,0.993337178404191,0.0474999999999999,8.67892896291791,21
124,B4_K04_I01-04-05-06,Branch4,4,4,Location4,1,,69.3424098758504,2.29244277595588,0.3525,0.934956549792556,0.0399999999999999,5.6165691875335,21
125,B4_K04_I01-04-05-07,Branch4,4,1,Location1,1,,122.508162615007,-7.75861988858682,-0.5325,0.835594847997521,-0.135,11.0538294724398,21
125,B4_K04_I01-04-05-07,Branch4,4,2,Location2,1,,143.121111215259,-4.44488001787759,-0.7975,0.598320566251905,-0.0775,16.0843497819963,21
125,B4_K04_I01-04-05-07,Branch4,4,3,Location3,1,,96.0340027623943,2.72257398337613,-0.105,0.993337178404191,0.0474999999999999,8.67892896291791,21
125,B4_K04_I01-04-05-07,Branch4,4,4,Location4,1,,69.4976160620549,2.14909562686402,0.35,0.935998798076151,0.0374999999999999,5.49720433075537,21
126,B4_K04_I01-04-05-08,Branch4,4,1,Location1,1,,122.508162615007,-7.75861988858682,-0.5325,0.835594847997521,-0.135,11.0538294724398,21
126,B4_K04_I01-04-05-08,Branch4,4,2,Location2,1,,144.003747873508,-5.73917047726678,-0.805,0.584786285748905,-0.1,17.1268381378503,21
126,B4_K04_I01-04-05-08,Branch4,4,3,Location3,1,,96.0340027623943,2.72257398337613,-0.105,0.993337178404191,0.0474999999999999,8.67892896291791,21
126,B4_K04_I01-04-05-08,Branch4,4,4,Location4,1,,69.4955373017906,2.29244277595588,0.35,0.935895293288731,0.0399999999999999,5.63841616718822,21
127,B4_K04_I01-04-05-09,Branch4,4,1,Location1,1,,122.324556703748,-7.61408173959389,-0.53,0.837582085529532,-0.1325,10.8288137870786,20
127,B4_K04_I01-04-05-09,Branch4,4,2,Location2,1,,144.581966020689,-6.31531556935738,-0.81,0.576020832956587,-0.11,17.7947745090209,19
127,B4_K04_I01-04-05-09,Branch4,4,3,Location3,1,,96.0347426925599,2.86598398259886,-0.105,0.993214478347955,0.0499999999999999,8.78306864267381,21
127,B4_K04_I01-04-05-09,Branch4,4,4,Location4,1,,69.4909752215209,2.57918105164837,0.35,0.935668210425042,0.0449999999999999,5.92113282294958,21
128,B4_K04_I01-04-06-07,Branch4,4,1,Location1,1,,122.495734178207,-7.61408173959389,-0.5325,0.835994916252485,-0.1325,10.9842034657581,21
128,B4_K04_I01-04-06-07,Branch4,4,2,Location2,1,,143.361184830953,-4.44488001787759,-0.8,0.594973738916265,-0.0775,16.3225615992363,21
128,B4_K04_I01-04-06-07,Branch4,4,3,Location3,1,,96.0340027623943,2.72257398337613,-0.105,0.993337178404191,0.0474999999999999,8.67892896291791,21
128,B4_K04_I01-04-06-07,Branch4,4,4,Location4,1,,69.3424098758504,2.29244277595588,0.3525,0.934956549792556,0.0399999999999999,5.6165691875335,21
129,B4_K04_I01-04-06-08,Branch4,4,1,Location1,1,,122.495734178207,-7.61408173959389,-0.5325,0.835994916252485,-0.1325,10.9842034657581,21
129,B4_K04_I01-04-06-08,Branch4,4,2,Location2,1,,143.602618707897,-4.44488001787759,-0.8025,0.591597413787451,-0.0775,16.5621628506824,21
129,B4_K04_I01-04-06-08,Branch4,4,3,Location3,1,,96.0340027623943,2.72257398337613,-0.105,0.993337178404191,0.0474999999999999,8.67892896291791,21
129,B4_K04_I01-04-06-08,Branch4,4,4,Location4,1,,69.3424098758504,2.29244277595588,0.3525,0.934956549792556,0.0399999999999999,5.6165691875335,21
130,B4_K04_I01-04-06-09,Branch4,4,1,Location1,1,,122.483552045589,-7.46959231641693,-0.5325,0.836387320563864,-0.13,10.9162793085651,21
130,B4_K04_I01-04-06-09,Branch4,4,2,Location2,1,,144.290996908913,-4.01398721805631,-0.81,0.582237065120385,-0.07,17.2117675054175,21
130,B4_K04_I01-04-06-09,Branch4,4,3,Location3,1,,96.0340027623943,2.72257398337613,-0.105,0.993337178404191,0.0474999999999999,8.67892896291791,21
130,B4_K04_I01-04-06-09,Branch4,4,4,Location4,1,,69.3424098758504,2.29244277595588,0.3525,0.934956549792556,0.0399999999999999,5.6165691875335,21
131,B4_K04_I01-04-07-08,Branch4,4,1,Location1,1,,122.69250824146,-7.90320773348458,-0.535,0.833587877790938,-0.1375,11.2797465158819,21
131,B4_K04_I01-04-07-08,Branch4,4,2,Location2,1,,143.167998700187,-4.87602486961296,-0.7975,0.597301222165165,-0.085,16.1786599018825,21
131,B4_K04_I01-04-07-08,Branch4,4,3,Location3,1,,95.8891367114247,2.57918105164837,-0.1025,0.993714622011773,0.0449999999999999,8.47525337559886,21
131,B4_K04_I01-04-07-08,Branch4,4,4,Location4,1,,69.3424098758504,2.29244277595588,0.3525,0.934956549792556,0.0399999999999999,5.6165691875335,21
132,B4_K04_I01-04-07-09,Branch4,4,1,Location1,1,,122.679748734251,-7.75861988858682,-0.535,0.83399640286994,-0.135,11.2092054617996,21
132,B4_K04_I01-04-07-09,Branch4,4,2,Location2,1,,143.650337278282,-4.87602486961296,-0.8025,0.590566465353393,-0.085,16.6556883643547,21
132,B4_K04_I01-04-07-09,Branch4,4,3,Location3,1,,95.8891367114247,2.57918105164837,-0.1025,0.993714622011773,0.0449999999999999,8.47525337559886,21
132,B4_K04_I01-04-07-09,Branch4,4,4,Location4,1,,69.3424098758504,2.29244277595588,0.3525,0.934956549792556,0.0399999999999999,5.6165691875335,21
133,B4_K04_I01-04-08-09,Branch4,4,1,Location1,1,,122.667238027177,-7.61408173959389,-0.535,0.834397237531381,-0.1325,11.1403286567395,21
133,B4_K04_I01-04-08-09,Branch4,4,2,Location2,1,,143.335750253574,-6.17122147831452,-0.7975,0.593664467523533,-0.1075,16.551421662614,21
133,B4_K04_I01-04-08-09,Branch4,4,3,Location3,1,,95.8898215569978,2.72257398337613,-0.1025,0.993598258855157,0.0474999999999999,8.57941727273049,21
133,B4_K04_I01-04-08-09,Branch4,4,4,Location4,1,,69.3401782560947,2.43580428350657,0.3525,0.934846244042302,0.0424999999999999,5.7584735057034,21
134,B4_K04_I01-05-06-07,Branch4,4,1,Location1,1,,122.508162615007,-7.75861988858682,-0.5325,0.835594847997521,-0.135,11.0538294724398,21
134,B4_K04_I01-05-06-07,Branch4,4,2,Location2,1,,142.790994062855,-3.43981276751519,-0.795,0.603634823382482,-0.0599999999999999,15.686670945111,21
134,B4_K04_I01-05-06-07,Branch4,4,3,Location3,1,,95.8898215569978,2.72257398337613,-0.1025,0.993598258855157,0.0474999999999999,8.57941727273049,21
134,B4_K04_I01-05-06-07,Branch4,4,4,Location4,1,,69.4995601356051,2.00576193490982,0.35,0.936095614774474,0.0349999999999999,5.35609750914218,21
135,B4_K04_I01-05-06-08,Branch4,4,1,Location1,1,,122.508162615007,-7.75861988858682,-0.5325,0.835594847997521,-0.135,11.0538294724398,21
135,B4_K04_I01-05-06-08,Branch4,4,2,Location2,1,,143.092325570974,-4.15759167720182,-0.7975,0.598946992646261,-0.0725,16.0299623147197,21
135,B4_K04_I01-05-06-08,Branch4,4,3,Location3,1,,95.8898215569978,2.72257398337613,-0.1025,0.993598258855157,0.0474999999999999,8.57941727273049,21
135,B4_K04_I01-05-06-08,Branch4,4,4,Location4,1,,69.4995601356051,2.00576193490982,0.35,0.936095614774474,0.0349999999999999,5.35609750914218,21
136,B4_K04_I01-05-06-09,Branch4,4,1,Location1,1,,122.667238027177,-7.61408173959389,-0.535,0.834397237531381,-0.1325,11.1403286567395,21
136,B4_K04_I01-05-06-09,Branch4,4,2,Location2,1,,143.184622636003,-5.01980013167812,-0.7975,0.596940114249327,-0.0875,16.2134648706187,18
136,B4_K04_I01-05-06-09,Branch4,4,3,Location3,1,,95.8898215569978,2.72257398337613,-0.1025,0.993598258855157,0.0474999999999999,8.57941727273049,21
136,B4_K04_I01-05-06-09,Branch4,4,4,Location4,1,,69.5030446740261,1.71913132087781,0.35,0.936269192059634,0.0299999999999999,5.07422529180985,20
137,B4_K04_I01-05-07-08,Branch4,4,1,Location1,1,,122.69250824146,-7.90320773348458,-0.535,0.833587877790938,-0.1375,11.2797465158819,21
137,B4_K04_I01-05-07-08,Branch4,4,2,Location2,1,,143.078670528239,-4.01398721805631,-0.7975,0.599244315784472,-0.07,16.0053319811977,21
137,B4_K04_I01-05-07-08,Branch4,4,3,Location3,1,,95.8898215569978,2.72257398337613,-0.1025,0.993598258855157,0.0474999999999999,8.57941727273049,21
137,B4_K04_I01-05-07-08,Branch4,4,4,Location4,1,,69.4995601356051,2.00576193490982,0.35,0.936095614774474,0.0349999999999999,5.35609750914218,21
138,B4_K04_I01-05-07-09,Branch4,4,1,Location1,1,,122.679748734251,-7.75861988858682,-0.535,0.83399640286994,-0.135,11.2092054617996,21
138,B4_K04_I01-05-07-09,Branch4,4,2,Location2,1,,143.305091831897,-3.87040801131097,-0.8,0.596191034820216,-0.0674999999999999,16.2209760781084,21
138,B4_K04_I01-05-07-09,Branch4,4,3,Location3,1,,95.8898215569978,2.72257398337613,-0.1025,0.993598258855157,0.0474999999999999,8.57941727273049,21
138,B4_K04_I01-05-07-09,Branch4,4,4,Location4,1,,69.4995601356051,2.00576193490982,0.35,0.936095614774474,0.0349999999999999,5.35609750914218,21
139,B4_K04_I01-05-08-09,Branch4,4,1,Location1,1,,122.69250824146,-7.90320773348459,-0.535,0.833587877790938,-0.1375,11.2797465158819,21
139,B4_K04_I01-05-08-09,Branch4,4,2,Location2,1,,143.893585517872,-4.87602486961296,-0.805,0.587154153523587,-0.085,16.8963485690724,21
139,B4_K04_I01-05-08-09,Branch4,4,3,Location3,1,,96.0347426925599,2.86598398259886,-0.105,0.993214478347955,0.0499999999999999,8.78306864267381,21
139,B4_K04_I01-05-08-09,Branch4,4,4,Location4,1,,69.6485118332635,2.29244277595588,0.3475,0.936826424691362,0.0399999999999999,5.6642885045171,21
140,B4_K04_I01-06-07-08,Branch4,4,1,Location1,1,,122.679748734251,-7.75861988858682,-0.535,0.83399640286994,-0.135,11.2092054617996,21
140,B4_K04_I01-06-07-08,Branch4,4,2,Location2,1,,143.006993583416,-3.15285880404642,-0.7975,0.600806749296311,-0.0549999999999999,15.8937316264567,21
140,B4_K04_I01-06-07-08,Branch4,4,3,Location3,1,,96.0340027623943,2.72257398337613,-0.105,0.993337178404191,0.0474999999999999,8.67892896291791,21
140,B4_K04_I01-06-07-08,Branch4,4,4,Location4,1,,69.4909752215209,2.57918105164837,0.35,0.935668210425042,0.0449999999999999,5.92113282294958,21
141,B4_K04_I01-06-07-09,Branch4,4,1,Location1,1,,122.483552045589,-7.46959231641693,-0.5325,0.836387320563864,-0.13,10.9162793085651,21
141,B4_K04_I01-06-07-09,Branch4,4,2,Location2,1,,91.145995580108,0.143239597990885,-0.0199999999999999,0.999796854365926,0.0025,36.0525036288317,21
141,B4_K04_I01-06-07-09,Branch4,4,3,Location3,1,,96.1782223300327,2.72257398337613,-0.1075,0.993069735718494,0.0474999999999999,8.77970511627137,21
141,B4_K04_I01-06-07-09,Branch4,4,4,Location4,1,,69.3445055862579,2.14909562686402,0.3525,0.93506015849249,0.0374999999999999,5.47473766066972,21
142,B4_K04_I01-06-08-09,Branch4,4,1,Location1,1,,122.851665123271,-7.75861988858682,-0.5375,0.83238737976978,-0.135,11.3653229662401,21
142,B4_K04_I01-06-08-09,Branch4,4,2,Location2,1,,89.4270326551428,0,0.01,0.999949998749938,0,37.7543591871369,21
142,B4_K04_I01-06-08-09,Branch4,4,3,Location3,1,,96.0340027623943,2.72257398337613,-0.105,0.993337178404191,0.0474999999999999,8.67892896291791,21
142,B4_K04_I01-06-08-09,Branch4,4,4,Location4,1,,69.4933237319233,2.43580428350657,0.35,0.935785098192956,0.0424999999999999,5.77972734472995,21
143,B4_K04_I01-07-08-09,Branch4,4,1,Location1,1,,122.851665123271,-7.75861988858682,-0.5375,0.83238737976978,-0.135,11.3653229662401,21
143,B4_K04_I01-07-08-09,Branch4,4,2,Location2,1,,90.2864944164393,-0.572967344857153,-0.005,0.999937498046753,-0.01,36.8561698502662,21
143,B4_K04_I01-07-08-09,Branch4,4,3,Location3,1,,96.3197788230976,2.14909562686402,-0.11,0.993223917351974,0.0374999999999999,8.48670775577982,21
143,B4_K04_I01-07-08-09,Branch4,4,4,Location4,1,,69.9518486363498,2.43580428350657,0.3425,0.938556071846536,0.0424999999999999,5.8668305177446,21
144,B4_K04_I02-03-04-05,Branch4,4,1,Location1,1,,122.336903339293,-7.75861988858682,-0.53,0.83718277574255,-0.135,10.8992081884476,21
144,B4_K04_I02-03-04-05,Branch4,4,2,Location2,1,,144.19148864784,-5.3074466746303,-0.8075,0.58256973831465,-0.0925,17.2459838141404,21
144,B4_K04_I02-03-04-05,Branch4,4,3,Location3,1,,96.0355208614431,3.00941195419142,-0.105,0.993085469634915,0.0524999999999999,8.88833269791191,21
144,B4_K04_I02-03-04-05,Branch4,4,4,Location4,1,,69.3424098758504,2.29244277595588,0.3525,0.934956549792556,0.0399999999999999,5.6165691875335,21
145,B4_K04_I02-03-04-06,Branch4,4,1,Location1,1,,122.508162615007,-7.75861988858682,-0.5325,0.835594847997521,-0.135,11.0538294724398,21
145,B4_K04_I02-03-04-06,Branch4,4,2,Location2,1,,143.750806167081,-3.43981276751519,-0.805,0.59023300483792,-0.0599999999999999,16.6440917460793,21
145,B4_K04_I02-03-04-06,Branch4,4,3,Location3,1,,96.0340027623943,2.72257398337613,-0.105,0.993337178404191,0.0474999999999999,8.67892896291791,21
145,B4_K04_I02-03-04-06,Branch4,4,4,Location4,1,,69.1912407109243,2.14909562686401,0.355,0.934113884919821,0.0374999999999999,5.45645652402962,21
146,B4_K04_I02-03-04-07,Branch4,4,1,Location1,1,,122.69250824146,-7.90320773348458,-0.535,0.833587877790938,-0.1375,11.2797465158819,21
146,B4_K04_I02-03-04-07,Branch4,4,2,Location2,1,,143.801864183205,-4.01398721805631,-0.805,0.589130715546219,-0.07,16.7249474249939,21
146,B4_K04_I02-03-04-07,Branch4,4,3,Location3,1,,96.033301028903,2.57918105164837,-0.105,0.993453572141144,0.0449999999999999,8.57595304950169,21
146,B4_K04_I02-03-04-07,Branch4,4,4,Location4,1,,69.1912407109243,2.14909562686402,0.355,0.934113884919821,0.0374999999999999,5.45645652402962,21
147,B4_K04_I02-03-04-08,Branch4,4,1,Location1,1,,122.679748734251,-7.75861988858682,-0.535,0.83399640286994,-0.135,11.2092054617996,21
147,B4_K04_I02-03-04-08,Branch4,4,2,Location2,1,,144.384384407181,-4.87602486961296,-0.81,0.580237020535574,-0.085,17.3820963354136,21
147,B4_K04_I02-03-04-08,Branch4,4,3,Location3,1,,96.1768241361331,2.43580428350657,-0.1075,0.993296280069547,0.0424999999999999,8.57732218792998,21
147,B4_K04_I02-03-04-08,Branch4,4,4,Location4,1,,69.3445055862579,2.14909562686401,0.3525,0.93506015849249,0.0374999999999999,5.47473766066972,21
148,B4_K04_I02-03-04-09,Branch4,4,1,Location1,1,,122.718777122405,-8.19253640609033,-0.535,0.832747710894482,-0.1425,11.4257114975873,21
148,B4_K04_I02-03-04-09,Branch4,4,2,Location2,1,,144.537752560941,-4.01398721805631,-0.8125,0.5787432505006,-0.07,17.4573866123367,21
148,B4_K04_I02-03-04-09,Branch4,4,3,Location3,1,,96.0314246209408,2.14909562686401,-0.105,0.99376493699466,0.0374999999999999,8.27442465649887,21
148,B4_K04_I02-03-04-09,Branch4,4,4,Location4,1,,69.5045853446366,1.57583259975216,0.35,0.93634595636442,0.0274999999999999,4.9334752412003,21
149,B4_K04_I02-03-05-06,Branch4,4,1,Location1,1,,122.508162615007,-7.75861988858682,-0.5325,0.835594847997521,-0.135,11.0538294724398,21
149,B4_K04_I02-03-05-06,Branch4,4,2,Location2,1,,142.867858125323,-4.30122230467036,-0.795,0.6019551478308,-0.075,15.8193405261495,21
149,B4_K04_I02-03-05-06,Branch4,4,3,Location3,1,,96.0347426925599,2.86598398259886,-0.105,0.993214478347955,0.0499999999999999,8.78306864267381,21
149,B4_K04_I02-03-05-06,Branch4,4,4,Location4,1,,69.3482897668617,1.86244079953198,0.3525,0.935247293500495,0.0324999999999999,5.19130792057805,21
150,B4_K04_I02-03-05-07,Branch4,4,1,Location1,1,,122.520838192328,-7.90320773348459,-0.5325,0.835187104785509,-0.1375,11.1251288876582,21
150,B4_K04_I02-03-05-07,Branch4,4,2,Location2,1,,143.376450948356,-4.58856573578583,-0.8,0.59464274989274,-0.08,16.3521859430315,21
150,B4_K04_I02-03-05-07,Branch4,4,3,Location3,1,,96.0340027623943,2.72257398337613,-0.105,0.993337178404191,0.0474999999999999,8.67892896291791,21
150,B4_K04_I02-03-05-07,Branch4,4,4,Location4,1,,69.3482897668617,1.86244079953198,0.3525,0.935247293500495,0.0324999999999999,5.19130792057805,21
151,B4_K04_I02-03-05-08,Branch4,4,1,Location1,1,,122.508162615007,-7.75861988858682,-0.5325,0.835594847997521,-0.135,11.0538294724398,21
151,B4_K04_I02-03-05-08,Branch4,4,2,Location2,1,,143.702623124417,-5.3074466746303,-0.8025,0.589438291935636,-0.0925,16.7641002986764,21
151,B4_K04_I02-03-05-08,Branch4,4,3,Location3,1,,96.033301028903,2.57918105164837,-0.105,0.993453572141144,0.0449999999999999,8.57595304950169,21
151,B4_K04_I02-03-05-08,Branch4,4,4,Location4,1,,69.65250196358,2.00576193490982,0.3475,0.937026547115929,0.0349999999999999,5.38343557468632,21
152,B4_K04_I02-03-05-09,Branch4,4,1,Location1,1,,122.520838192328,-7.90320773348459,-0.5325,0.835187104785509,-0.1375,11.1251288876582,21
152,B4_K04_I02-03-05-09,Branch4,4,2,Location2,1,,144.290996908913,-4.01398721805631,-0.81,0.582237065120385,-0.07,17.2117675054175,21
152,B4_K04_I02-03-05-09,Branch4,4,3,Location3,1,,95.8891367114247,2.57918105164837,-0.1025,0.993714622011773,0.0449999999999999,8.47525337559886,21
152,B4_K04_I02-03-05-09,Branch4,4,4,Location4,1,,69.65250196358,2.00576193490982,0.3475,0.937026547115929,0.0349999999999999,5.38343557468632,21
153,B4_K04_I02-03-06-07,Branch4,4,1,Location1,1,,122.483552045589,-7.46959231641693,-0.5325,0.836387320563864,-0.13,10.9162793085651,21
153,B4_K04_I02-03-06-07,Branch4,4,2,Location2,1,,142.354596622728,-3.87040801131097,-0.79,0.609379807673343,-0.0674999999999999,15.274670411421,21
153,B4_K04_I02-03-06-07,Branch4,4,3,Location3,1,,96.0340027623943,2.72257398337613,-0.105,0.993337178404191,0.0474999999999999,8.67892896291791,21
153,B4_K04_I02-03-06-07,Branch4,4,4,Location4,1,,69.1912407109243,2.14909562686402,0.355,0.934113884919821,0.0374999999999999,5.45645652402962,21
154,B4_K04_I02-03-06-08,Branch4,4,1,Location1,1,,122.495734178207,-7.61408173959389,-0.5325,0.835994916252485,-0.1325,10.9842034657581,21
154,B4_K04_I02-03-06-08,Branch4,4,2,Location2,1,,143.151873134237,-4.73228037895821,-0.7975,0.597651654394096,-0.0825,16.1455344685618,21
154,B4_K04_I02-03-06-08,Branch4,4,3,Location3,1,,96.033301028903,2.57918105164837,-0.105,0.993453572141144,0.0449999999999999,8.57595304950169,21
154,B4_K04_I02-03-06-08,Branch4,4,4,Location4,1,,69.4955373017906,2.29244277595588,0.35,0.935895293288731,0.0399999999999999,5.63841616718822,21
155,B4_K04_I02-03-06-09,Branch4,4,1,Location1,1,,122.508162615007,-7.75861988858682,-0.5325,0.835594847997521,-0.135,11.0538294724398,21
155,B4_K04_I02-03-06-09,Branch4,4,2,Location2,1,,143.559427358805,-4.01398721805631,-0.8025,0.592531644724567,-0.07,16.483688053051,21
155,B4_K04_I02-03-06-09,Branch4,4,3,Location3,1,,95.8891367114247,2.57918105164837,-0.1025,0.993714622011773,0.0449999999999999,8.47525337559886,21
155,B4_K04_I02-03-06-09,Branch4,4,4,Location4,1,,69.4976160620549,2.14909562686401,0.35,0.935998798076151,0.0374999999999999,5.49720433075537,21
156,B4_K04_I02-03-07-08,Branch4,4,1,Location1,1,,122.69250824146,-7.90320773348459,-0.535,0.833587877790938,-0.1375,11.2797465158819,21
156,B4_K04_I02-03-07-08,Branch4,4,2,Location2,1,,143.23750026705,-5.45131981241778,-0.7975,0.595792539396055,-0.095,16.3278820484403,21
156,B4_K04_I02-03-07-08,Branch4,4,3,Location3,1,,96.033301028903,2.57918105164837,-0.105,0.993453572141144,0.0449999999999999,8.57595304950169,21
156,B4_K04_I02-03-07-08,Branch4,4,4,Location4,1,,69.3424098758504,2.29244277595588,0.3525,0.934956549792556,0.0399999999999999,5.6165691875335,21
157,B4_K04_I02-03-07-09,Branch4,4,1,Location1,1,,122.705517410647,-8.04784624731151,-0.535,0.833171650981957,-0.14,11.3519243350815,21
157,B4_K04_I02-03-07-09,Branch4,4,2,Location2,1,,142.659812091558,-4.58856573578583,-0.7925,0.604602141908214,-0.08,15.6420048206936,21
157,B4_K04_I02-03-07-09,Branch4,4,3,Location3,1,,95.8891367114247,2.57918105164837,-0.1025,0.993714622011773,0.0449999999999999,8.47525337559886,21
157,B4_K04_I02-03-07-09,Branch4,4,4,Location4,1,,69.3424098758504,2.29244277595588,0.3525,0.934956549792556,0.0399999999999999,5.6165691875335,21
158,B4_K04_I02-03-08-09,Branch4,4,1,Location1,1,,122.705517410647,-8.04784624731151,-0.535,0.833171650981957,-0.14,11.3519243350815,21
158,B4_K04_I02-03-08-09,Branch4,4,2,Location2,1,,141.886950035944,-3.87040801131097,-0.785,0.61580739683768,-0.0674999999999999,14.8092047735218,21
158,B4_K04_I02-03-08-09,Branch4,4,3,Location3,1,,96.0340027623943,2.72257398337613,-0.105,0.993337178404191,0.0474999999999999,8.67892896291791,21
158,B4_K04_I02-03-08-09,Branch4,4,4,Location4,1,,69.1868782747141,2.43580428350657,0.355,0.933899753720923,0.0424999999999999,5.74120851959384,21
159,B4_K04_I02-04-05-06,Branch4,4,1,Location1,1,,122.508162615007,-7.75861988858682,-0.5325,0.835594847997521,-0.135,11.0538294724398,21
159,B4_K04_I02-04-05-06,Branch4,4,2,Location2,1,,143.750806167081,-3.43981276751519,-0.805,0.59023300483792,-0.0599999999999999,16.6440917460793,21
159,B4_K04_I02-04-05-06,Branch4,4,3,Location3,1,,96.0340027623943,2.72257398337613,-0.105,0.993337178404191,0.0474999999999999,8.67892896291791,21
159,B4_K04_I02-04-05-06,Branch4,4,4,Location4,1,,69.1912407109243,2.14909562686401,0.355,0.934113884919821,0.0374999999999999,5.45645652402962,21
160,B4_K04_I02-04-05-07,Branch4,4,1,Location1,1,,122.520838192328,-7.90320773348459,-0.5325,0.835187104785509,-0.1375,11.1251288876582,21
160,B4_K04_I02-04-05-07,Branch4,4,2,Location2,1,,143.587720428338,-4.30122230467036,-0.8025,0.591919546898056,-0.075,16.5343249680969,21
160,B4_K04_I02-04-05-07,Branch4,4,3,Location3,1,,96.033301028903,2.57918105164837,-0.105,0.993453572141144,0.0449999999999999,8.57595304950169,21
160,B4_K04_I02-04-05-07,Branch4,4,4,Location4,1,,69.3445055862579,2.14909562686402,0.3525,0.93506015849249,0.0374999999999999,5.47473766066972,21
161,B4_K04_I02-04-05-08,Branch4,4,1,Location1,1,,122.508162615007,-7.75861988858682,-0.5325,0.835594847997521,-0.135,11.0538294724398,21
161,B4_K04_I02-04-05-08,Branch4,4,2,Location2,1,,144.438100250682,-5.3074466746303,-0.81,0.5790887237721,-0.0925,17.4891929624876,21
161,B4_K04_I02-04-05-08,Branch4,4,3,Location3,1,,96.033301028903,2.57918105164837,-0.105,0.993453572141144,0.0449999999999999,8.57595304950169,21
161,B4_K04_I02-04-05-08,Branch4,4,4,Location4,1,,69.4955373017906,2.29244277595588,0.35,0.935895293288731,0.0399999999999999,5.63841616718822,21
162,B4_K04_I02-04-05-09,Branch4,4,1,Location1,1,,122.336903339293,-7.75861988858682,-0.53,0.83718277574255,-0.135,10.8992081884476,21
162,B4_K04_I02-04-05-09,Branch4,4,2,Location2,1,,144.758499502477,-3.72685314248215,-0.815,0.575803786024371,-0.0649999999999999,17.6610029499035,21
162,B4_K04_I02-04-05-09,Branch4,4,3,Location3,1,,96.033301028903,2.57918105164837,-0.105,0.993453572141144,0.0449999999999999,8.57595304950169,21
162,B4_K04_I02-04-05-09,Branch4,4,4,Location4,1,,69.4955373017906,2.29244277595588,0.35,0.935895293288731,0.0399999999999999,5.63841616718822,21
163,B4_K04_I02-04-06-07,Branch4,4,1,Location1,1,,122.495734178207,-7.61408173959389,-0.5325,0.835994916252485,-0.1325,10.9842034657581,21
163,B4_K04_I02-04-06-07,Branch4,4,2,Location2,1,,143.546029948733,-3.87040801131097,-0.8025,0.592821642654854,-0.0674999999999999,16.4608987278122,21
163,B4_K04_I02-04-06-07,Branch4,4,3,Location3,1,,96.177503695141,2.57918105164837,-0.1075,0.993186160797662,0.0449999999999999,8.67790409912469,21
163,B4_K04_I02-04-06-07,Branch4,4,4,Location4,1,,69.1891279990374,2.29244277595588,0.355,0.934010171250827,0.0399999999999999,5.59880706251419,21
164,B4_K04_I02-04-06-08,Branch4,4,1,Location1,1,,122.495734178207,-7.61408173959389,-0.5325,0.835994916252485,-0.1325,10.9842034657581,21
164,B4_K04_I02-04-06-08,Branch4,4,2,Location2,1,,143.667256322953,-5.01980013167812,-0.8025,0.590201236867562,-0.0875,16.6901805169901,21
164,B4_K04_I02-04-06-08,Branch4,4,3,Location3,1,,96.033301028903,2.57918105164837,-0.105,0.993453572141144,0.0449999999999999,8.57595304950169,21
164,B4_K04_I02-04-06-08,Branch4,4,4,Location4,1,,69.3424098758504,2.29244277595588,0.3525,0.934956549792556,0.0399999999999999,5.6165691875335,21
165,B4_K04_I02-04-06-09,Branch4,4,1,Location1,1,,122.495734178207,-7.61408173959389,-0.5325,0.835994916252485,-0.1325,10.9842034657581,21
165,B4_K04_I02-04-06-09,Branch4,4,2,Location2,1,,144.045710905464,-4.01398721805631,-0.8075,0.585699368276934,-0.07,16.9676310112027,21
165,B4_K04_I02-04-06-09,Branch4,4,3,Location3,1,,96.033301028903,2.57918105164837,-0.105,0.993453572141144,0.0449999999999999,8.57595304950169,21
165,B4_K04_I02-04-06-09,Branch4,4,4,Location4,1,,69.3424098758504,2.29244277595588,0.3525,0.934956549792556,0.0399999999999999,5.6165691875335,21
166,B4_K04_I02-04-07-08,Branch4,4,1,Location1,1,,122.679748734251,-7.75861988858682,-0.535,0.83399640286994,-0.135,11.2092054617996,21
166,B4_K04_I02-04-07-08,Branch4,4,2,Location2,1,,144.155482468375,-5.01980013167812,-0.8075,0.583341666607144,-0.0875,17.1726891370545,21
166,B4_K04_I02-04-07-08,Branch4,4,3,Location3,1,,96.0326374522384,2.43580428350657,-0.105,0.993563661775128,0.0424999999999999,8.4741818022773,21
166,B4_K04_I02-04-07-08,Branch4,4,4,Location4,1,,69.3424098758504,2.29244277595588,0.3525,0.934956549792556,0.0399999999999999,5.6165691875335,21
167,B4_K04_I02-04-07-09,Branch4,4,1,Location1,1,,122.679748734251,-7.75861988858682,-0.535,0.83399640286994,-0.135,11.2092054617996,21
167,B4_K04_I02-04-07-09,Branch4,4,2,Location2,1,,143.860979365318,-4.58856573578583,-0.805,0.587856274951625,-0.08,16.8325838898585,21
167,B4_K04_I02-04-07-09,Branch4,4,3,Location3,1,,96.033301028903,2.57918105164837,-0.105,0.993453572141144,0.0449999999999999,8.57595304950169,21
167,B4_K04_I02-04-07-09,Branch4,4,4,Location4,1,,69.3424098758504,2.29244277595588,0.3525,0.934956549792556,0.0399999999999999,5.6165691875335,21
168,B4_K04_I02-04-08-09,Branch4,4,1,Location1,1,,122.69250824146,-7.90320773348458,-0.535,0.833587877790938,-0.1375,11.2797465158819,21
168,B4_K04_I02-04-08-09,Branch4,4,2,Location2,1,,143.893585517872,-4.87602486961296,-0.805,0.587154153523587,-0.085,16.8963485690724,21
168,B4_K04_I02-04-08-09,Branch4,4,3,Location3,1,,96.0326374522384,2.43580428350657,-0.105,0.993563661775128,0.0424999999999999,8.4741818022773,21
168,B4_K04_I02-04-08-09,Branch4,4,4,Location4,1,,69.3424098758504,2.29244277595588,0.3525,0.934956549792556,0.0399999999999999,5.6165691875335,21
169,B4_K04_I02-05-06-07,Branch4,4,1,Location1,1,,122.508162615007,-7.75861988858682,-0.5325,0.835594847997521,-0.135,11.0538294724398,21
169,B4_K04_I02-05-06-07,Branch4,4,2,Location2,1,,143.292305000059,-3.72685314248215,-0.8,0.596468775377219,-0.0649999999999999,16.1998329691703,21
169,B4_K04_I02-05-06-07,Branch4,4,3,Location3,1,,96.0340027623943,2.72257398337613,-0.105,0.993337178404191,0.0474999999999999,8.67892896291791,21
169,B4_K04_I02-05-06-07,Branch4,4,4,Location4,1,,69.4995601356051,2.00576193490982,0.35,0.936095614774474,0.0349999999999999,5.35609750914218,21
170,B4_K04_I02-05-06-08,Branch4,4,1,Location1,1,,122.495734178207,-7.61408173959389,-0.5325,0.835994916252485,-0.1325,10.9842034657581,21
170,B4_K04_I02-05-06-08,Branch4,4,2,Location2,1,,143.587720428338,-4.30122230467036,-0.8025,0.591919546898056,-0.075,16.5343249680969,21
170,B4_K04_I02-05-06-08,Branch4,4,3,Location3,1,,96.033301028903,2.57918105164837,-0.105,0.993453572141144,0.0449999999999999,8.57595304950169,21
170,B4_K04_I02-05-06-08,Branch4,4,4,Location4,1,,69.4995601356051,2.00576193490982,0.35,0.936095614774474,0.0349999999999999,5.35609750914218,21
171,B4_K04_I02-05-06-09,Branch4,4,1,Location1,1,,122.508162615007,-7.75861988858682,-0.5325,0.835594847997521,-0.135,11.0538294724398,21
171,B4_K04_I02-05-06-09,Branch4,4,2,Location2,1,,144.074512704815,-4.30122230467036,-0.8075,0.585080122718248,-0.075,17.0179834126298,21
171,B4_K04_I02-05-06-09,Branch4,4,3,Location3,1,,96.033301028903,2.57918105164837,-0.105,0.993453572141144,0.0449999999999999,8.57595304950169,21
171,B4_K04_I02-05-06-09,Branch4,4,4,Location4,1,,69.65429675555,1.86244079953198,0.3475,0.937116588264235,0.0324999999999999,5.24322543222102,21
172,B4_K04_I02-05-07-08,Branch4,4,1,Location1,1,,122.69250824146,-7.90320773348459,-0.535,0.833587877790938,-0.1375,11.2797465158819,21
172,B4_K04_I02-05-07-08,Branch4,4,2,Location2,1,,143.877027170779,-4.73228037895821,-0.805,0.587510638201556,-0.0825,16.8636420220125,21
172,B4_K04_I02-05-07-08,Branch4,4,3,Location3,1,,96.033301028903,2.57918105164837,-0.105,0.993453572141144,0.0449999999999999,8.57595304950169,21
172,B4_K04_I02-05-07-08,Branch4,4,4,Location4,1,,69.4995601356051,2.00576193490982,0.35,0.936095614774474,0.0349999999999999,5.35609750914218,21
173,B4_K04_I02-05-07-09,Branch4,4,1,Location1,1,,122.69250824146,-7.90320773348458,-0.535,0.833587877790938,-0.1375,11.2797465158819,21
173,B4_K04_I02-05-07-09,Branch4,4,2,Location2,1,,143.346417198589,-4.30122230467036,-0.8,0.595294044989533,-0.075,16.2946229961618,21
173,B4_K04_I02-05-07-09,Branch4,4,3,Location3,1,,96.033301028903,2.57918105164837,-0.105,0.993453572141144,0.0449999999999999,8.57595304950169,21
173,B4_K04_I02-05-07-09,Branch4,4,4,Location4,1,,69.5013696373079,1.86244079953198,0.35,0.936185745458667,0.0324999999999999,5.21510209373707,21
174,B4_K04_I02-05-08-09,Branch4,4,1,Location1,1,,122.69250824146,-7.90320773348459,-0.535,0.833587877790938,-0.1375,11.2797465158819,21
174,B4_K04_I02-05-08-09,Branch4,4,2,Location2,1,,144.138257942844,-4.87602486961296,-0.8075,0.58371118714652,-0.085,17.1384751886569,21
174,B4_K04_I02-05-08-09,Branch4,4,3,Location3,1,,96.033301028903,2.57918105164837,-0.105,0.993453572141144,0.0449999999999999,8.57595304950169,21
174,B4_K04_I02-05-08-09,Branch4,4,4,Location4,1,,69.6505736941013,2.14909562686401,0.3475,0.936929826614566,0.0374999999999999,5.52379292677837,21
175,B4_K04_I02-06-07-08,Branch4,4,1,Location1,1,,122.667238027177,-7.61408173959389,-0.535,0.834397237531381,-0.1325,11.1403286567395,21
175,B4_K04_I02-06-07-08,Branch4,4,2,Location2,1,,143.376450948356,-4.58856573578583,-0.8,0.59464274989274,-0.08,16.3521859430315,21
175,B4_K04_I02-06-07-08,Branch4,4,3,Location3,1,,96.0326374522384,2.43580428350657,-0.105,0.993563661775128,0.0424999999999999,8.4741818022773,21
175,B4_K04_I02-06-07-08,Branch4,4,4,Location4,1,,69.6485118332635,2.29244277595588,0.3475,0.936826424691362,0.0399999999999999,5.6642885045171,21
176,B4_K04_I02-06-07-09,Branch4,4,1,Location1,1,,122.508162615007,-7.75861988858682,-0.5325,0.835594847997521,-0.135,11.0538294724398,21
176,B4_K04_I02-06-07-09,Branch4,4,2,Location2,1,,143.361184830953,-4.44488001787759,-0.8,0.594973738916265,-0.0775,16.3225615992363,21
176,B4_K04_I02-06-07-09,Branch4,4,3,Location3,1,,96.0326374522384,2.43580428350657,-0.105,0.993563661775128,0.0424999999999999,8.4741818022773,21
176,B4_K04_I02-06-07-09,Branch4,4,4,Location4,1,,69.4976160620549,2.14909562686402,0.35,0.935998798076151,0.0374999999999999,5.49720433075537,21
177,B4_K04_I02-06-08-09,Branch4,4,1,Location1,1,,122.679748734251,-7.75861988858682,-0.535,0.83399640286994,-0.135,11.2092054617996,21
177,B4_K04_I02-06-08-09,Branch4,4,2,Location2,1,,143.860979365318,-4.58856573578583,-0.805,0.587856274951625,-0.08,16.8325838898585,21
177,B4_K04_I02-06-08-09,Branch4,4,3,Location3,1,,96.0326374522384,2.43580428350657,-0.105,0.993563661775128,0.0424999999999999,8.4741818022773,21
177,B4_K04_I02-06-08-09,Branch4,4,4,Location4,1,,69.6485118332635,2.29244277595588,0.3475,0.936826424691362,0.0399999999999999,5.6642885045171,21
178,B4_K04_I02-07-08-09,Branch4,4,1,Location1,1,,122.890951796363,-8.19253640609033,-0.5375,0.831136270415388,-0.1425,11.579585142381,21
178,B4_K04_I02-07-08-09,Branch4,4,2,Location2,1,,144.023926568542,-5.88314987298444,-0.805,0.58435327499724,-0.1025,17.170894312726,21
178,B4_K04_I02-07-08-09,Branch4,4,3,Location3,1,,96.0320119947426,2.29244277595588,-0.105,0.993667449401458,0.0399999999999999,8.37365766485795,21
178,B4_K04_I02-07-08-09,Branch4,4,4,Location4,1,,69.8052925383369,2.00576193490982,0.345,0.937949892051809,0.0349999999999999,5.41492017158648,21
179,B4_K04_I03-04-05-06,Branch4,4,1,Location1,1,,122.483552045589,-7.46959231641693,-0.5325,0.836387320563864,-0.13,10.9162793085651,21
179,B4_K04_I03-04-05-06,Branch4,4,2,Location2,1,,88.5669141613744,1.57583259975216,0.0249999999999999,0.999309136353711,0.0274999999999999,38.7582926764837,21
179,B4_K04_I03-04-05-06,Branch4,4,3,Location3,1,,96.1782223300327,2.72257398337613,-0.1075,0.993069735718494,0.0474999999999999,8.77970511627137,21
179,B4_K04_I03-04-05-06,Branch4,4,4,Location4,1,,69.5013696373079,1.86244079953198,0.35,0.936185745458667,0.0324999999999999,5.21510209373707,21
180,B4_K04_I03-04-05-07,Branch4,4,1,Location1,1,,122.495734178207,-7.61408173959389,-0.5325,0.835994916252485,-0.1325,10.9842034657581,21
180,B4_K04_I03-04-05-07,Branch4,4,2,Location2,1,,143.845440594687,-4.44488001787759,-0.805,0.588191082897386,-0.0775,16.803180018571,21
180,B4_K04_I03-04-05-07,Branch4,4,3,Location3,1,,96.033301028903,2.57918105164837,-0.105,0.993453572141144,0.0449999999999999,8.57595304950169,21
180,B4_K04_I03-04-05-07,Branch4,4,4,Location4,1,,69.4995601356051,2.00576193490982,0.35,0.936095614774474,0.0349999999999999,5.35609750914218,21
181,B4_K04_I03-04-05-08,Branch4,4,1,Location1,1,,122.495734178207,-7.61408173959389,-0.5325,0.835994916252485,-0.1325,10.9842034657581,21
181,B4_K04_I03-04-05-08,Branch4,4,2,Location2,1,,143.702623124417,-5.3074466746303,-0.8025,0.589438291935636,-0.0925,16.7641002986764,21
181,B4_K04_I03-04-05-08,Branch4,4,3,Location3,1,,96.033301028903,2.57918105164837,-0.105,0.993453572141144,0.0449999999999999,8.57595304950169,21
181,B4_K04_I03-04-05-08,Branch4,4,4,Location4,1,,69.6505736941013,2.14909562686401,0.3475,0.936929826614566,0.0374999999999999,5.52379292677837,21
182,B4_K04_I03-04-05-09,Branch4,4,1,Location1,1,,122.336903339293,-7.75861988858682,-0.53,0.83718277574255,-0.135,10.8992081884476,21
182,B4_K04_I03-04-05-09,Branch4,4,2,Location2,1,,144.384384407181,-4.87602486961296,-0.81,0.580237020535574,-0.085,17.3820963354136,21
182,B4_K04_I03-04-05-09,Branch4,4,3,Location3,1,,95.8891367114247,2.57918105164837,-0.1025,0.993714622011773,0.0449999999999999,8.47525337559886,21
182,B4_K04_I03-04-05-09,Branch4,4,4,Location4,1,,69.65250196358,2.00576193490982,0.3475,0.937026547115929,0.0349999999999999,5.38343557468632,21
183,B4_K04_I03-04-06-07,Branch4,4,1,Location1,1,,122.47161539908,-7.32515065184004,-0.5325,0.836772071713678,-0.1275,10.8500854435636,21
183,B4_K04_I03-04-06-07,Branch4,4,2,Location2,1,,144.70533684311,-5.45131981241778,-0.8125,0.575168453585556,-0.095,17.7727115351957,21
183,B4_K04_I03-04-06-07,Branch4,4,3,Location3,1,,96.177503695141,2.57918105164837,-0.1075,0.993186160797662,0.0449999999999999,8.67790409912469,21
183,B4_K04_I03-04-06-07,Branch4,4,4,Location4,1,,69.3424098758504,2.29244277595588,0.3525,0.934956549792556,0.0399999999999999,5.6165691875335,21
184,B4_K04_I03-04-06-08,Branch4,4,1,Location1,1,,122.483552045589,-7.46959231641693,-0.5325,0.836387320563864,-0.13,10.9162793085651,21
184,B4_K04_I03-04-06-08,Branch4,4,2,Location2,1,,143.91065596465,-5.01980013167812,-0.805,0.58678680114672,-0.0875,16.9306973648369,21
184,B4_K04_I03-04-06-08,Branch4,4,3,Location3,1,,96.0326374522384,2.43580428350657,-0.105,0.993563661775128,0.0424999999999999,8.4741818022773,21
184,B4_K04_I03-04-06-08,Branch4,4,4,Location4,1,,69.4976160620549,2.14909562686402,0.35,0.935998798076151,0.0374999999999999,5.49720433075537,21
185,B4_K04_I03-04-06-09,Branch4,4,1,Location1,1,,122.495734178207,-7.61408173959389,-0.5325,0.835994916252485,-0.1325,10.9842034657581,21
185,B4_K04_I03-04-06-09,Branch4,4,2,Location2,1,,143.830409402884,-4.30122230467036,-0.805,0.588515080520457,-0.075,16.7754359241675,21
185,B4_K04_I03-04-06-09,Branch4,4,3,Location3,1,,95.8891367114247,2.57918105164837,-0.1025,0.993714622011773,0.0449999999999999,8.47525337559886,21
185,B4_K04_I03-04-06-09,Branch4,4,4,Location4,1,,69.4976160620549,2.14909562686402,0.35,0.935998798076151,0.0374999999999999,5.49720433075537,21
186,B4_K04_I03-04-07-08,Branch4,4,1,Location1,1,,122.654975276981,-7.46959231641693,-0.535,0.8347903928532,-0.13,11.073143607149,21
186,B4_K04_I03-04-07-08,Branch4,4,2,Location2,1,,144.598491794002,-4.58856573578583,-0.8125,0.577445884910439,-0.08,17.5641339104132,21
186,B4_K04_I03-04-07-08,Branch4,4,3,Location3,1,,96.0326374522384,2.43580428350657,-0.105,0.993563661775128,0.0424999999999999,8.4741818022773,21
186,B4_K04_I03-04-07-08,Branch4,4,4,Location4,1,,69.4995601356051,2.00576193490982,0.35,0.936095614774474,0.0349999999999999,5.35609750914218,21
187,B4_K04_I03-04-07-09,Branch4,4,1,Location1,1,,122.508162615007,-7.75861988858682,-0.5325,0.835594847997521,-0.135,11.0538294724398,21
187,B4_K04_I03-04-07-09,Branch4,4,2,Location2,1,,143.602618707897,-4.44488001787759,-0.8025,0.591597413787451,-0.0775,16.5621628506824,21
187,B4_K04_I03-04-07-09,Branch4,4,3,Location3,1,,95.8884891043574,2.43580428350657,-0.1025,0.993824682728297,0.0424999999999999,8.37227853953572,21
187,B4_K04_I03-04-07-09,Branch4,4,4,Location4,1,,69.4976160620549,2.14909562686402,0.35,0.935998798076151,0.0374999999999999,5.49720433075537,21
188,B4_K04_I03-04-08-09,Branch4,4,1,Location1,1,,122.483552045589,-7.46959231641693,-0.5325,0.836387320563864,-0.13,10.9162793085651,21
188,B4_K04_I03-04-08-09,Branch4,4,2,Location2,1,,143.928240120886,-5.16360709084638,-0.805,0.586408560646926,-0.09,16.9666819329403,21
188,B4_K04_I03-04-08-09,Branch4,4,3,Location3,1,,95.8884891043574,2.43580428350657,-0.1025,0.993824682728297,0.0424999999999999,8.37227853953572,21
188,B4_K04_I03-04-08-09,Branch4,4,4,Location4,1,,69.4995601356051,2.00576193490982,0.35,0.936095614774474,0.0349999999999999,5.35609750914218,21
189,B4_K04_I03-05-06-07,Branch4,4,1,Location1,1,,122.324556703748,-7.61408173959389,-0.53,0.837582085529532,-0.1325,10.8288137870786,21
189,B4_K04_I03-05-06-07,Branch4,4,2,Location2,1,,142.882370979987,-4.44488001787759,-0.795,0.601638388070442,-0.0775,15.8475018423652,21
189,B4_K04_I03-05-06-07,Branch4,4,3,Location3,1,,96.0340027623943,2.72257398337613,-0.105,0.993337178404191,0.0474999999999999,8.67892896291791,21
189,B4_K04_I03-05-06-07,Branch4,4,4,Location4,1,,69.5013696373079,1.86244079953198,0.35,0.936185745458667,0.0324999999999999,5.21510209373707,21
190,B4_K04_I03-05-06-08,Branch4,4,1,Location1,1,,122.495734178207,-7.61408173959389,-0.5325,0.835994916252485,-0.1325,10.9842034657581,21
190,B4_K04_I03-05-06-08,Branch4,4,2,Location2,1,,143.346417198589,-4.30122230467036,-0.8,0.595294044989533,-0.075,16.2946229961618,21
190,B4_K04_I03-05-06-08,Branch4,4,3,Location3,1,,96.033301028903,2.57918105164837,-0.105,0.993453572141144,0.0449999999999999,8.57595304950169,21
190,B4_K04_I03-05-06-08,Branch4,4,4,Location4,1,,69.65250196358,2.00576193490982,0.3475,0.937026547115929,0.0349999999999999,5.38343557468632,21
191,B4_K04_I03-05-06-09,Branch4,4,1,Location1,1,,122.508162615007,-7.75861988858682,-0.5325,0.835594847997521,-0.135,11.0538294724398,21
191,B4_K04_I03-05-06-09,Branch4,4,2,Location2,1,,143.332146689146,-4.15759167720182,-0.8,0.5956036853479,-0.0725,16.2683757672907,21
191,B4_K04_I03-05-06-09,Branch4,4,3,Location3,1,,95.8891367114247,2.57918105164837,-0.1025,0.993714622011773,0.0449999999999999,8.47525337559886,21
191,B4_K04_I03-05-06-09,Branch4,4,4,Location4,1,,69.4995601356051,2.00576193490982,0.35,0.936095614774474,0.0349999999999999,5.35609750914218,21
192,B4_K04_I03-05-07-08,Branch4,4,1,Location1,1,,122.508162615007,-7.75861988858682,-0.5325,0.835594847997521,-0.135,11.0538294724398,21
192,B4_K04_I03-05-07-08,Branch4,4,2,Location2,1,,143.151873134237,-4.73228037895821,-0.7975,0.597651654394096,-0.0825,16.1455344685618,21
192,B4_K04_I03-05-07-08,Branch4,4,3,Location3,1,,96.033301028903,2.57918105164837,-0.105,0.993453572141144,0.0449999999999999,8.57595304950169,21
192,B4_K04_I03-05-07-08,Branch4,4,4,Location4,1,,69.65250196358,2.00576193490982,0.3475,0.937026547115929,0.0349999999999999,5.38343557468632,21
193,B4_K04_I03-05-07-09,Branch4,4,1,Location1,1,,122.520838192328,-7.90320773348459,-0.5325,0.835187104785509,-0.1375,11.1251288876582,21
193,B4_K04_I03-05-07-09,Branch4,4,2,Location2,1,,143.167998700187,-4.87602486961296,-0.7975,0.597301222165165,-0.085,16.1786599018825,21
193,B4_K04_I03-05-07-09,Branch4,4,3,Location3,1,,95.8891367114247,2.57918105164837,-0.1025,0.993714622011773,0.0449999999999999,8.47525337559886,21
193,B4_K04_I03-05-07-09,Branch4,4,4,Location4,1,,69.4995601356051,2.00576193490982,0.35,0.936095614774474,0.0349999999999999,5.35609750914218,21
194,B4_K04_I03-05-08-09,Branch4,4,1,Location1,1,,122.508162615007,-7.75861988858682,-0.5325,0.835594847997521,-0.135,11.0538294724398,21
194,B4_K04_I03-05-08-09,Branch4,4,2,Location2,1,,143.702623124417,-5.3074466746303,-0.8025,0.589438291935636,-0.0925,16.7641002986764,21
194,B4_K04_I03-05-08-09,Branch4,4,3,Location3,1,,95.8891367114247,2.57918105164837,-0.1025,0.993714622011773,0.0449999999999999,8.47525337559886,21
194,B4_K04_I03-05-08-09,Branch4,4,4,Location4,1,,69.65250196358,2.00576193490982,0.3475,0.937026547115929,0.0349999999999999,5.38343557468632,21
195,B4_K04_I03-06-07-08,Branch4,4,1,Location1,1,,122.483552045589,-7.46959231641693,-0.5325,0.836387320563864,-0.13,10.9162793085651,21
195,B4_K04_I03-06-07-08,Branch4,4,2,Location2,1,,142.912867169627,-4.73228037895821,-0.795,0.600973169118223,-0.0825,15.908958525554,21
195,B4_K04_I03-06-07-08,Branch4,4,3,Location3,1,,96.033301028903,2.57918105164837,-0.105,0.993453572141144,0.0449999999999999,8.57595304950169,21
195,B4_K04_I03-06-07-08,Branch4,4,4,Location4,1,,69.4976160620549,2.14909562686402,0.35,0.935998798076151,0.0374999999999999,5.49720433075537,21
196,B4_K04_I03-06-07-09,Branch4,4,1,Location1,1,,122.508162615007,-7.75861988858682,-0.5325,0.835594847997521,-0.135,11.0538294724398,21
196,B4_K04_I03-06-07-09,Branch4,4,2,Location2,1,,143.092325570974,-4.15759167720182,-0.7975,0.598946992646261,-0.0725,16.0299623147197,21
196,B4_K04_I03-06-07-09,Branch4,4,3,Location3,1,,95.8891367114247,2.57918105164837,-0.1025,0.993714622011773,0.0449999999999999,8.47525337559886,21
196,B4_K04_I03-06-07-09,Branch4,4,4,Location4,1,,69.4976160620549,2.14909562686402,0.35,0.935998798076151,0.0374999999999999,5.49720433075537,21
197,B4_K04_I03-06-08-09,Branch4,4,1,Location1,1,,122.495734178207,-7.61408173959389,-0.5325,0.835994916252485,-0.1325,10.9842034657581,21
197,B4_K04_I03-06-08-09,Branch4,4,2,Location2,1,,143.392216961646,-4.73228037895821,-0.8,0.594301060069726,-0.0825,16.3834900282326,21
197,B4_K04_I03-06-08-09,Branch4,4,3,Location3,1,,95.8891367114247,2.57918105164837,-0.1025,0.993714622011773,0.0449999999999999,8.47525337559886,21
197,B4_K04_I03-06-08-09,Branch4,4,4,Location4,1,,69.4976160620549,2.14909562686402,0.35,0.935998798076151,0.0374999999999999,5.49720433075537,21
198,B4_K04_I03-07-08-09,Branch4,4,1,Location1,1,,122.69250824146,-7.90320773348459,-0.535,0.833587877790938,-0.1375,11.2797465158819,21
198,B4_K04_I03-07-08-09,Branch4,4,2,Location2,1,,143.408484330824,-4.87602486961296,-0.8,0.59394865097919,-0.085,16.4164675000547,21
198,B4_K04_I03-07-08-09,Branch4,4,3,Location3,1,,95.8891367114247,2.57918105164837,-0.1025,0.993714622011773,0.0449999999999999,8.47525337559886,21
198,B4_K04_I03-07-08-09,Branch4,4,4,Location4,1,,69.4955373017906,2.29244277595588,0.35,0.935895293288731,0.0399999999999999,5.63841616718822,21
199,B4_K04_I04-05-06-07,Branch4,4,1,Location1,1,,122.508162615007,-7.75861988858682,-0.5325,0.835594847997521,-0.135,11.0538294724398,21
199,B4_K04_I04-05-06-07,Branch4,4,2,Location2,1,,144.552157502423,-4.15759167720182,-0.8125,0.578435389650391,-0.0725,17.4816284552373,21
199,B4_K04_I04-05-06-07,Branch4,4,3,Location3,1,,96.1806131094092,3.15285880404642,-0.1075,0.992682602849471,0.0549999999999999,9.09202538431583,21
199,B4_K04_I04-05-06-07,Branch4,4,4,Location4,1,,69.3401782560947,2.43580428350657,0.3525,0.934846244042302,0.0424999999999999,5.7584735057034,21
200,B4_K04_I04-05-06-08,Branch4,4,1,Location1,1,,122.483552045589,-7.46959231641693,-0.5325,0.836387320563864,-0.13,10.9162793085651,21
200,B4_K04_I04-05-06-08,Branch4,4,2,Location2,1,,143.376450948356,-4.58856573578583,-0.8,0.59464274989274,-0.08,16.3521859430315,21
200,B4_K04_I04-05-06-08,Branch4,4,3,Location3,1,,96.0340027623943,2.72257398337613,-0.105,0.993337178404191,0.0474999999999999,8.67892896291791,21
200,B4_K04_I04-05-06-08,Branch4,4,4,Location4,1,,69.4955373017906,2.29244277595588,0.35,0.935895293288731,0.0399999999999999,5.63841616718822,21
201,B4_K04_I04-05-06-09,Branch4,4,1,Location1,1,,122.495734178207,-7.61408173959389,-0.5325,0.835994916252485,-0.1325,10.9842034657581,21
201,B4_K04_I04-05-06-09,Branch4,4,2,Location2,1,,144.006316011505,-3.58332169847197,-0.8075,0.586547099558083,-0.0624999999999999,16.9045712843612,21
201,B4_K04_I04-05-06-09,Branch4,4,3,Location3,1,,95.8898215569978,2.72257398337613,-0.1025,0.993598258855157,0.0474999999999999,8.57941727273049,21
201,B4_K04_I04-05-06-09,Branch4,4,4,Location4,1,,69.3424098758504,2.29244277595588,0.3525,0.934956549792556,0.0399999999999999,5.6165691875335,21
202,B4_K04_I04-05-07-08,Branch4,4,1,Location1,1,,122.69250824146,-7.90320773348459,-0.535,0.833587877790938,-0.1375,11.2797465158819,21
202,B4_K04_I04-05-07-08,Branch4,4,2,Location2,1,,143.294921512078,-5.88314987298444,-0.7975,0.594548147755924,-0.1025,16.4571318936637,21
202,B4_K04_I04-05-07-08,Branch4,4,3,Location3,1,,96.0340027623943,2.72257398337613,-0.105,0.993337178404191,0.0474999999999999,8.67892896291791,21
202,B4_K04_I04-05-07-08,Branch4,4,4,Location4,1,,69.4955373017906,2.29244277595588,0.35,0.935895293288731,0.0399999999999999,5.63841616718822,21
203,B4_K04_I04-05-07-09,Branch4,4,1,Location1,1,,122.679748734251,-7.75861988858682,-0.535,0.83399640286994,-0.135,11.2092054617996,21
203,B4_K04_I04-05-07-09,Branch4,4,2,Location2,1,,143.376450948356,-4.58856573578583,-0.8,0.59464274989274,-0.08,16.3521859430315,21
203,B4_K04_I04-05-07-09,Branch4,4,3,Location3,1,,95.8898215569978,2.72257398337613,-0.1025,0.993598258855157,0.0474999999999999,8.57941727273049,21
203,B4_K04_I04-05-07-09,Branch4,4,4,Location4,1,,69.4955373017906,2.29244277595588,0.35,0.935895293288731,0.0399999999999999,5.63841616718822,21
204,B4_K04_I04-05-08-09,Branch4,4,1,Location1,1,,122.679748734251,-7.75861988858682,-0.535,0.83399640286994,-0.135,11.2092054617996,21
204,B4_K04_I04-05-08-09,Branch4,4,2,Location2,1,,143.740039372557,-5.59522743552786,-0.8025,0.588631888364876,-0.0975,16.8445521661108,21
204,B4_K04_I04-05-08-09,Branch4,4,3,Location3,1,,96.0347426925599,2.86598398259886,-0.105,0.993214478347955,0.0499999999999999,8.78306864267381,21
204,B4_K04_I04-05-08-09,Branch4,4,4,Location4,1,,69.4933237319233,2.43580428350657,0.35,0.935785098192956,0.0424999999999999,5.77972734472995,21
205,B4_K04_I04-06-07-08,Branch4,4,1,Location1,1,,122.654975276981,-7.46959231641693,-0.535,0.8347903928532,-0.13,11.073143607149,21
205,B4_K04_I04-06-07-08,Branch4,4,2,Location2,1,,143.650337278282,-4.87602486961296,-0.8025,0.590566465353393,-0.085,16.6556883643547,21
205,B4_K04_I04-06-07-08,Branch4,4,3,Location3,1,,96.0340027623943,2.72257398337613,-0.105,0.993337178404191,0.0474999999999999,8.67892896291791,21
205,B4_K04_I04-06-07-08,Branch4,4,4,Location4,1,,69.4933237319233,2.43580428350657,0.35,0.935785098192956,0.0424999999999999,5.77972734472995,21
206,B4_K04_I04-06-07-09,Branch4,4,1,Location1,1,,122.495734178207,-7.61408173959389,-0.5325,0.835994916252485,-0.1325,10.9842034657581,21
206,B4_K04_I04-06-07-09,Branch4,4,2,Location2,1,,143.587720428338,-4.30122230467036,-0.8025,0.591919546898056,-0.075,16.5343249680969,21
206,B4_K04_I04-06-07-09,Branch4,4,3,Location3,1,,95.8898215569978,2.72257398337613,-0.1025,0.993598258855157,0.0474999999999999,8.57941727273049,21
206,B4_K04_I04-06-07-09,Branch4,4,4,Location4,1,,69.3424098758504,2.29244277595588,0.3525,0.934956549792556,0.0399999999999999,5.6165691875335,21
207,B4_K04_I04-06-08-09,Branch4,4,1,Location1,1,,122.483552045589,-7.46959231641693,-0.5325,0.836387320563864,-0.13,10.9162793085651,21
207,B4_K04_I04-06-08-09,Branch4,4,2,Location2,1,,143.587720428338,-4.30122230467036,-0.8025,0.591919546898056,-0.075,16.5343249680969,21
207,B4_K04_I04-06-08-09,Branch4,4,3,Location3,1,,96.0340027623943,2.72257398337613,-0.105,0.993337178404191,0.0474999999999999,8.67892896291791,21
207,B4_K04_I04-06-08-09,Branch4,4,4,Location4,1,,69.4933237319233,2.43580428350657,0.35,0.935785098192956,0.0424999999999999,5.77972734472995,21
208,B4_K04_I04-07-08-09,Branch4,4,1,Location1,1,,122.679748734251,-7.75861988858682,-0.535,0.83399640286994,-0.135,11.2092054617996,21
208,B4_K04_I04-07-08-09,Branch4,4,2,Location2,1,,143.684684393117,-5.16360709084638,-0.8025,0.589825185966147,-0.09,16.7263201816587,21
208,B4_K04_I04-07-08-09,Branch4,4,3,Location3,1,,95.8891367114247,2.57918105164837,-0.1025,0.993714622011773,0.0449999999999999,8.47525337559886,21
208,B4_K04_I04-07-08-09,Branch4,4,4,Location4,1,,69.3401782560947,2.43580428350657,0.3525,0.934846244042302,0.0424999999999999,5.7584735057034,21
209,B4_K04_I05-06-07-08,Branch4,4,1,Location1,1,,122.667238027177,-7.61408173959389,-0.535,0.834397237531381,-0.1325,11.1403286567395,21
209,B4_K04_I05-06-07-08,Branch4,4,2,Location2,1,,89.1399260775392,-2.14909562686401,0.0149999999999999,0.999184042106358,-0.0374999999999999,37.9270377627748,21
209,B4_K04_I05-06-07-08,Branch4,4,3,Location3,1,,96.033301028903,2.57918105164837,-0.105,0.993453572141144,0.0449999999999999,8.57595304950169,21
209,B4_K04_I05-06-07-08,Branch4,4,4,Location4,1,,69.3482897668617,1.86244079953198,0.3525,0.935247293500495,0.0324999999999999,5.19130792057805,21
210,B4_K04_I05-06-07-09,Branch4,4,1,Location1,1,,122.495734178207,-7.61408173959389,-0.5325,0.835994916252485,-0.1325,10.9842034657581,21
210,B4_K04_I05-06-07-09,Branch4,4,2,Location2,1,,142.814678026885,-3.72685314248215,-0.795,0.603116904090741,-0.0649999999999999,15.7239469569178,21
210,B4_K04_I05-06-07-09,Branch4,4,3,Location3,1,,95.8905436799583,2.86598398259886,-0.1025,0.993475591043887,0.0499999999999999,8.68472893398375,21
210,B4_K04_I05-06-07-09,Branch4,4,4,Location4,1,,69.3464655112991,2.00576193490982,0.3525,0.935157072368059,0.0349999999999999,5.33298253465879,21
211,B4_K04_I05-06-08-09,Branch4,4,1,Location1,1,,122.654975276981,-7.46959231641693,-0.535,0.8347903928532,-0.13,11.073143607149,21
211,B4_K04_I05-06-08-09,Branch4,4,2,Location2,1,,143.587720428338,-4.30122230467036,-0.8025,0.591919546898056,-0.075,16.5343249680969,21
211,B4_K04_I05-06-08-09,Branch4,4,3,Location3,1,,95.8905436799583,2.86598398259886,-0.1025,0.993475591043887,0.0499999999999999,8.68472893398375,21
211,B4_K04_I05-06-08-09,Branch4,4,4,Location4,1,,69.4976160620549,2.14909562686402,0.35,0.935998798076151,0.0374999999999999,5.49720433075537,21
212,B4_K04_I05-07-08-09,Branch4,4,1,Location1,1,,122.667238027177,-7.61408173959389,-0.535,0.834397237531381,-0.1325,11.1403286567395,21
212,B4_K04_I05-07-08-09,Branch4,4,2,Location2,1,,143.376450948356,-4.58856573578583,-0.8,0.59464274989274,-0.08,16.3521859430315,21
212,B4_K04_I05-07-08-09,Branch4,4,3,Location3,1,,95.8898215569978,2.72257398337613,-0.1025,0.993598258855157,0.0474999999999999,8.57941727273049,21
212,B4_K04_I05-07-08-09,Branch4,4,4,Location4,1,,69.4976160620549,2.14909562686401,0.35,0.935998798076151,0.0374999999999999,5.49720433075537,21
213,B4_K04_I06-07-08-09,Branch4,4,1,Location1,1,,122.814632791035,-7.32515065184004,-0.5375,0.833569133305691,-0.1275,11.1659554406131,21
213,B4_K04_I06-07-08-09,Branch4,4,2,Location2,1,,143.602618707897,-4.44488001787759,-0.8025,0.591597413787451,-0.0775,16.5621628506824,20
213,B4_K04_I06-07-08-09,Branch4,4,3,Location3,1,,96.1782223300327,2.72257398337613,-0.1075,0.993069735718494,0.0474999999999999,8.77970511627137,21
213,B4_K04_I06-07-08-09,Branch4,4,4,Location4,1,,69.4933237319233,2.43580428350657,0.35,0.935785098192956,0.0424999999999999,5.77972734472995,21
214,B4_K05_I01-02-03-04-05,Branch4,5,1,Location1,1,,122.495734178207,-7.61408173959389,-0.5325,0.835994916252485,-0.1325,10.9842034657581,21
214,B4_K05_I01-02-03-04-05,Branch4,5,2,Location2,1,,144.290996908913,-4.01398721805631,-0.81,0.582237065120385,-0.07,17.2117675054175,21
214,B4_K05_I01-02-03-04-05,Branch4,5,3,Location3,1,,96.033301028903,2.57918105164837,-0.105,0.993453572141144,0.0449999999999999,8.57595304950169,21
214,B4_K05_I01-02-03-04-05,Branch4,5,4,Location4,1,,69.4976160620549,2.14909562686402,0.35,0.935998798076151,0.0374999999999999,5.49720433075537,21
215,B4_K05_I01-02-03-04-06,Branch4,5,1,Location1,1,,122.483552045589,-7.46959231641693,-0.5325,0.836387320563864,-0.13,10.9162793085651,21
215,B4_K05_I01-02-03-04-06,Branch4,5,2,Location2,1,,143.801864183205,-4.01398721805631,-0.805,0.589130715546219,-0.07,16.7249474249939,21
215,B4_K05_I01-02-03-04-06,Branch4,5,3,Location3,1,,96.033301028903,2.57918105164837,-0.105,0.993453572141144,0.0449999999999999,8.57595304950169,21
215,B4_K05_I01-02-03-04-06,Branch4,5,4,Location4,1,,69.3445055862579,2.14909562686402,0.3525,0.93506015849249,0.0374999999999999,5.47473766066972,21
216,B4_K05_I01-02-03-04-07,Branch4,5,1,Location1,1,,122.679748734251,-7.75861988858682,-0.535,0.83399640286994,-0.135,11.2092054617996,21
216,B4_K05_I01-02-03-04-07,Branch4,5,2,Location2,1,,143.618019979014,-4.58856573578583,-0.8025,0.591264534705067,-0.08,16.5916732698491,21
216,B4_K05_I01-02-03-04-07,Branch4,5,3,Location3,1,,96.033301028903,2.57918105164837,-0.105,0.993453572141144,0.0449999999999999,8.57595304950169,21
216,B4_K05_I01-02-03-04-07,Branch4,5,4,Location4,1,,69.3445055862579,2.14909562686402,0.3525,0.93506015849249,0.0374999999999999,5.47473766066972,21
217,B4_K05_I01-02-03-04-08,Branch4,5,1,Location1,1,,122.69250824146,-7.90320773348459,-0.535,0.833587877790938,-0.1375,11.2797465158819,21
217,B4_K05_I01-02-03-04-08,Branch4,5,2,Location2,1,,143.633925674789,-4.73228037895821,-0.8025,0.590920891490561,-0.0825,16.6228504728193,21
217,B4_K05_I01-02-03-04-08,Branch4,5,3,Location3,1,,96.0326374522384,2.43580428350657,-0.105,0.993563661775128,0.0424999999999999,8.4741818022773,21
217,B4_K05_I01-02-03-04-08,Branch4,5,4,Location4,1,,69.3445055862579,2.14909562686402,0.3525,0.93506015849249,0.0374999999999999,5.47473766066972,21
218,B4_K05_I01-02-03-04-09,Branch4,5,1,Location1,1,,122.851665123271,-7.75861988858682,-0.5375,0.83238737976978,-0.135,11.3653229662401,21
218,B4_K05_I01-02-03-04-09,Branch4,5,2,Location2,1,,144.032072844056,-3.87040801131097,-0.8075,0.585992747395392,-0.0674999999999999,16.944944654102,21
218,B4_K05_I01-02-03-04-09,Branch4,5,3,Location3,1,,96.1755820937167,2.14909562686402,-0.1075,0.993497609458624,0.0374999999999999,8.37998488610471,21
218,B4_K05_I01-02-03-04-09,Branch4,5,4,Location4,1,,69.5030446740261,1.71913132087781,0.35,0.936269192059634,0.0299999999999999,5.07422529180985,21
219,B4_K05_I01-02-03-05-06,Branch4,5,1,Location1,1,,122.495734178207,-7.61408173959389,-0.5325,0.835994916252485,-0.1325,10.9842034657581,21
219,B4_K05_I01-02-03-05-06,Branch4,5,2,Location2,1,,143.361184830953,-4.44488001787759,-0.8,0.594973738916265,-0.0775,16.3225615992363,21
219,B4_K05_I01-02-03-05-06,Branch4,5,3,Location3,1,,96.0340027623943,2.72257398337613,-0.105,0.993337178404191,0.0474999999999999,8.67892896291791,21
219,B4_K05_I01-02-03-05-06,Branch4,5,4,Location4,1,,69.4995601356051,2.00576193490982,0.35,0.936095614774474,0.0349999999999999,5.35609750914218,21
220,B4_K05_I01-02-03-05-07,Branch4,5,1,Location1,1,,122.508162615007,-7.75861988858682,-0.5325,0.835594847997521,-0.135,11.0538294724398,21
220,B4_K05_I01-02-03-05-07,Branch4,5,2,Location2,1,,143.376450948356,-4.58856573578583,-0.8,0.59464274989274,-0.08,16.3521859430315,21
220,B4_K05_I01-02-03-05-07,Branch4,5,3,Location3,1,,96.033301028903,2.57918105164837,-0.105,0.993453572141144,0.0449999999999999,8.57595304950169,21
220,B4_K05_I01-02-03-05-07,Branch4,5,4,Location4,1,,69.4995601356051,2.00576193490982,0.35,0.936095614774474,0.0349999999999999,5.35609750914218,21
221,B4_K05_I01-02-03-05-08,Branch4,5,1,Location1,1,,122.508162615007,-7.75861988858682,-0.5325,0.835594847997521,-0.135,11.0538294724398,21
221,B4_K05_I01-02-03-05-08,Branch4,5,2,Location2,1,,143.946339648551,-5.3074466746303,-0.805,0.58601941094131,-0.0925,17.0042954972734,21
221,B4_K05_I01-02-03-05-08,Branch4,5,3,Location3,1,,96.033301028903,2.57918105164837,-0.105,0.993453572141144,0.0449999999999999,8.57595304950169,21
221,B4_K05_I01-02-03-05-08,Branch4,5,4,Location4,1,,69.65250196358,2.00576193490982,0.3475,0.937026547115929,0.0349999999999999,5.38343557468632,21
222,B4_K05_I01-02-03-05-09,Branch4,5,1,Location1,1,,122.508162615007,-7.75861988858682,-0.5325,0.835594847997521,-0.135,11.0538294724398,21
222,B4_K05_I01-02-03-05-09,Branch4,5,2,Location2,1,,144.074512704815,-4.30122230467036,-0.8075,0.585080122718248,-0.075,17.0179834126298,21
222,B4_K05_I01-02-03-05-09,Branch4,5,3,Location3,1,,96.033301028903,2.57918105164837,-0.105,0.993453572141144,0.0449999999999999,8.57595304950169,21
222,B4_K05_I01-02-03-05-09,Branch4,5,4,Location4,1,,69.65250196358,2.00576193490982,0.3475,0.937026547115929,0.0349999999999999,5.38343557468632,21
223,B4_K05_I01-02-03-06-07,Branch4,5,1,Location1,1,,122.495734178207,-7.61408173959389,-0.5325,0.835994916252485,-0.1325,10.9842034657581,21
223,B4_K05_I01-02-03-06-07,Branch4,5,2,Location2,1,,143.078670528239,-4.01398721805631,-0.7975,0.599244315784472,-0.07,16.0053319811977,21
223,B4_K05_I01-02-03-06-07,Branch4,5,3,Location3,1,,96.033301028903,2.57918105164837,-0.105,0.993453572141144,0.0449999999999999,8.57595304950169,21
223,B4_K05_I01-02-03-06-07,Branch4,5,4,Location4,1,,69.4976160620549,2.14909562686402,0.35,0.935998798076151,0.0374999999999999,5.49720433075537,21
224,B4_K05_I01-02-03-06-08,Branch4,5,1,Location1,1,,122.495734178207,-7.61408173959389,-0.5325,0.835994916252485,-0.1325,10.9842034657581,21
224,B4_K05_I01-02-03-06-08,Branch4,5,2,Location2,1,,143.361184830953,-4.44488001787759,-0.8,0.594973738916265,-0.0775,16.3225615992363,21
224,B4_K05_I01-02-03-06-08,Branch4,5,3,Location3,1,,96.033301028903,2.57918105164837,-0.105,0.993453572141144,0.0449999999999999,8.57595304950169,21
224,B4_K05_I01-02-03-06-08,Branch4,5,4,Location4,1,,69.4955373017906,2.29244277595588,0.35,0.935895293288731,0.0399999999999999,5.63841616718822,21
225,B4_K05_I01-02-03-06-09,Branch4,5,1,Location1,1,,122.495734178207,-7.61408173959389,-0.5325,0.835994916252485,-0.1325,10.9842034657581,21
225,B4_K05_I01-02-03-06-09,Branch4,5,2,Location2,1,,143.559427358805,-4.01398721805631,-0.8025,0.592531644724567,-0.07,16.483688053051,21
225,B4_K05_I01-02-03-06-09,Branch4,5,3,Location3,1,,95.8891367114247,2.57918105164837,-0.1025,0.993714622011773,0.0449999999999999,8.47525337559886,21
225,B4_K05_I01-02-03-06-09,Branch4,5,4,Location4,1,,69.4976160620549,2.14909562686402,0.35,0.935998798076151,0.0374999999999999,5.49720433075537,21
226,B4_K05_I01-02-03-07-08,Branch4,5,1,Location1,1,,122.877604307919,-8.04784624731151,-0.5375,0.831561032035533,-0.14,11.5065537693001,21
226,B4_K05_I01-02-03-07-08,Branch4,5,2,Location2,1,,143.408484330824,-4.87602486961296,-0.8,0.59394865097919,-0.085,16.4164675000547,21
226,B4_K05_I01-02-03-07-08,Branch4,5,3,Location3,1,,96.033301028903,2.57918105164837,-0.105,0.993453572141144,0.0449999999999999,8.57595304950169,21
226,B4_K05_I01-02-03-07-08,Branch4,5,4,Location4,1,,69.4955373017906,2.29244277595588,0.35,0.935895293288731,0.0399999999999999,5.63841616718822,21
227,B4_K05_I01-02-03-07-09,Branch4,5,1,Location1,1,,122.705517410647,-8.04784624731151,-0.535,0.833171650981957,-0.14,11.3519243350815,21
227,B4_K05_I01-02-03-07-09,Branch4,5,2,Location2,1,,143.151873134237,-4.73228037895821,-0.7975,0.597651654394096,-0.0825,16.1455344685618,21
227,B4_K05_I01-02-03-07-09,Branch4,5,3,Location3,1,,95.8891367114247,2.57918105164837,-0.1025,0.993714622011773,0.0449999999999999,8.47525337559886,21
227,B4_K05_I01-02-03-07-09,Branch4,5,4,Location4,1,,69.4955373017906,2.29244277595588,0.35,0.935895293288731,0.0399999999999999,5.63841616718822,21
228,B4_K05_I01-02-03-08-09,Branch4,5,1,Location1,1,,122.69250824146,-7.90320773348458,-0.535,0.833587877790938,-0.1375,11.2797465158819,21
228,B4_K05_I01-02-03-08-09,Branch4,5,2,Location2,1,,142.354596622728,-3.87040801131097,-0.79,0.609379807673343,-0.0674999999999999,15.274670411421,21
228,B4_K05_I01-02-03-08-09,Branch4,5,3,Location3,1,,96.0340027623943,2.72257398337613,-0.105,0.993337178404191,0.0474999999999999,8.67892896291791,21
228,B4_K05_I01-02-03-08-09,Branch4,5,4,Location4,1,,69.1891279990374,2.29244277595588,0.355,0.934010171250827,0.0399999999999999,5.59880706251419,21
229,B4_K05_I01-02-04-05-06,Branch4,5,1,Location1,1,,122.483552045589,-7.46959231641693,-0.5325,0.836387320563864,-0.13,10.9162793085651,21
229,B4_K05_I01-02-04-05-06,Branch4,5,2,Location2,1,,144.074512704815,-4.30122230467036,-0.8075,0.585080122718248,-0.075,17.0179834126298,21
229,B4_K05_I01-02-04-05-06,Branch4,5,3,Location3,1,,96.0340027623943,2.72257398337613,-0.105,0.993337178404191,0.0474999999999999,8.67892896291791,21
229,B4_K05_I01-02-04-05-06,Branch4,5,4,Location4,1,,69.3424098758504,2.29244277595588,0.3525,0.934956549792556,0.0399999999999999,5.6165691875335,21
230,B4_K05_I01-02-04-05-07,Branch4,5,1,Location1,1,,122.69250824146,-7.90320773348459,-0.535,0.833587877790938,-0.1375,11.2797465158819,21
230,B4_K05_I01-02-04-05-07,Branch4,5,2,Location2,1,,143.602618707897,-4.44488001787759,-0.8025,0.591597413787451,-0.0775,16.5621628506824,21
230,B4_K05_I01-02-04-05-07,Branch4,5,3,Location3,1,,96.033301028903,2.57918105164837,-0.105,0.993453572141144,0.0449999999999999,8.57595304950169,21
230,B4_K05_I01-02-04-05-07,Branch4,5,4,Location4,1,,69.3445055862579,2.14909562686402,0.3525,0.93506015849249,0.0374999999999999,5.47473766066972,21
231,B4_K05_I01-02-04-05-08,Branch4,5,1,Location1,1,,122.508162615007,-7.75861988858682,-0.5325,0.835594847997521,-0.135,11.0538294724398,21
231,B4_K05_I01-02-04-05-08,Branch4,5,2,Location2,1,,144.419670485424,-5.16360709084638,-0.81,0.579482527778017,-0.09,17.4518847754714,21
231,B4_K05_I01-02-04-05-08,Branch4,5,3,Location3,1,,96.033301028903,2.57918105164837,-0.105,0.993453572141144,0.0449999999999999,8.57595304950169,21
231,B4_K05_I01-02-04-05-08,Branch4,5,4,Location4,1,,69.4955373017906,2.29244277595588,0.35,0.935895293288731,0.0399999999999999,5.63841616718822,21
232,B4_K05_I01-02-04-05-09,Branch4,5,1,Location1,1,,122.495734178207,-7.61408173959389,-0.5325,0.835994916252485,-0.1325,10.9842034657581,21
232,B4_K05_I01-02-04-05-09,Branch4,5,2,Location2,1,,145.050472785903,-4.15759167720182,-0.8175,0.571347092405308,-0.0725,17.9773557982306,21
232,B4_K05_I01-02-04-05-09,Branch4,5,3,Location3,1,,96.033301028903,2.57918105164837,-0.105,0.993453572141144,0.0449999999999999,8.57595304950169,21
232,B4_K05_I01-02-04-05-09,Branch4,5,4,Location4,1,,69.6485118332635,2.29244277595588,0.3475,0.936826424691362,0.0399999999999999,5.6642885045171,21
233,B4_K05_I01-02-04-06-07,Branch4,5,1,Location1,1,,122.667238027177,-7.61408173959389,-0.535,0.834397237531381,-0.1325,11.1403286567395,21
233,B4_K05_I01-02-04-06-07,Branch4,5,2,Location2,1,,143.346417198589,-4.30122230467036,-0.8,0.595294044989533,-0.075,16.2946229961618,21
233,B4_K05_I01-02-04-06-07,Branch4,5,3,Location3,1,,96.033301028903,2.57918105164837,-0.105,0.993453572141144,0.0449999999999999,8.57595304950169,21
233,B4_K05_I01-02-04-06-07,Branch4,5,4,Location4,1,,69.3424098758504,2.29244277595588,0.3525,0.934956549792556,0.0399999999999999,5.6165691875335,21
234,B4_K05_I01-02-04-06-08,Branch4,5,1,Location1,1,,122.667238027177,-7.61408173959389,-0.535,0.834397237531381,-0.1325,11.1403286567395,21
234,B4_K05_I01-02-04-06-08,Branch4,5,2,Location2,1,,143.845440594687,-4.44488001787759,-0.805,0.588191082897386,-0.0775,16.803180018571,21
234,B4_K05_I01-02-04-06-08,Branch4,5,3,Location3,1,,96.033301028903,2.57918105164837,-0.105,0.993453572141144,0.0449999999999999,8.57595304950169,21
234,B4_K05_I01-02-04-06-08,Branch4,5,4,Location4,1,,69.3424098758504,2.29244277595588,0.3525,0.934956549792556,0.0399999999999999,5.6165691875335,21
235,B4_K05_I01-02-04-06-09,Branch4,5,1,Location1,1,,122.495734178207,-7.61408173959389,-0.5325,0.835994916252485,-0.1325,10.9842034657581,21
235,B4_K05_I01-02-04-06-09,Branch4,5,2,Location2,1,,144.305271308658,-4.15759167720182,-0.81,0.58193105261706,-0.0725,17.236059368691,21
235,B4_K05_I01-02-04-06-09,Branch4,5,3,Location3,1,,96.033301028903,2.57918105164837,-0.105,0.993453572141144,0.0449999999999999,8.57595304950169,21
235,B4_K05_I01-02-04-06-09,Branch4,5,4,Location4,1,,69.3424098758504,2.29244277595588,0.3525,0.934956549792556,0.0399999999999999,5.6165691875335,21
236,B4_K05_I01-02-04-07-08,Branch4,5,1,Location1,1,,122.69250824146,-7.90320773348459,-0.535,0.833587877790938,-0.1375,11.2797465158819,21
236,B4_K05_I01-02-04-07-08,Branch4,5,2,Location2,1,,143.893585517872,-4.87602486961296,-0.805,0.587154153523587,-0.085,16.8963485690724,21
236,B4_K05_I01-02-04-07-08,Branch4,5,3,Location3,1,,96.033301028903,2.57918105164837,-0.105,0.993453572141144,0.0449999999999999,8.57595304950169,21
236,B4_K05_I01-02-04-07-08,Branch4,5,4,Location4,1,,69.3424098758504,2.29244277595588,0.3525,0.934956549792556,0.0399999999999999,5.6165691875335,21
237,B4_K05_I01-02-04-07-09,Branch4,5,1,Location1,1,,122.679748734251,-7.75861988858682,-0.535,0.83399640286994,-0.135,11.2092054617996,21
237,B4_K05_I01-02-04-07-09,Branch4,5,2,Location2,1,,143.860979365318,-4.58856573578583,-0.805,0.587856274951625,-0.08,16.8325838898585,21
237,B4_K05_I01-02-04-07-09,Branch4,5,3,Location3,1,,96.033301028903,2.57918105164837,-0.105,0.993453572141144,0.0449999999999999,8.57595304950169,21
237,B4_K05_I01-02-04-07-09,Branch4,5,4,Location4,1,,69.3424098758504,2.29244277595588,0.3525,0.934956549792556,0.0399999999999999,5.6165691875335,21
238,B4_K05_I01-02-04-08-09,Branch4,5,1,Location1,1,,122.69250824146,-7.90320773348458,-0.535,0.833587877790938,-0.1375,11.2797465158819,21
238,B4_K05_I01-02-04-08-09,Branch4,5,2,Location2,1,,143.893585517872,-4.87602486961296,-0.805,0.587154153523587,-0.085,16.8963485690724,21
238,B4_K05_I01-02-04-08-09,Branch4,5,3,Location3,1,,96.033301028903,2.57918105164837,-0.105,0.993453572141144,0.0449999999999999,8.57595304950169,21
238,B4_K05_I01-02-04-08-09,Branch4,5,4,Location4,1,,69.4955373017906,2.29244277595588,0.35,0.935895293288731,0.0399999999999999,5.63841616718822,21
239,B4_K05_I01-02-05-06-07,Branch4,5,1,Location1,1,,122.679748734251,-7.75861988858682,-0.535,0.83399640286994,-0.135,11.2092054617996,21
239,B4_K05_I01-02-05-06-07,Branch4,5,2,Location2,1,,143.318371988854,-4.01398721805631,-0.8,0.595902676617583,-0.07,16.2438251703859,21
239,B4_K05_I01-02-05-06-07,Branch4,5,3,Location3,1,,96.033301028903,2.57918105164837,-0.105,0.993453572141144,0.0449999999999999,8.57595304950169,21
239,B4_K05_I01-02-05-06-07,Branch4,5,4,Location4,1,,69.4995601356051,2.00576193490982,0.35,0.936095614774474,0.0349999999999999,5.35609750914218,21
240,B4_K05_I01-02-05-06-08,Branch4,5,1,Location1,1,,122.679748734251,-7.75861988858682,-0.535,0.83399640286994,-0.135,11.2092054617996,21
240,B4_K05_I01-02-05-06-08,Branch4,5,2,Location2,1,,143.815884384282,-4.15759167720182,-0.805,0.588828285665694,-0.0725,16.749356783422,21
240,B4_K05_I01-02-05-06-08,Branch4,5,3,Location3,1,,96.033301028903,2.57918105164837,-0.105,0.993453572141144,0.0449999999999999,8.57595304950169,21
240,B4_K05_I01-02-05-06-08,Branch4,5,4,Location4,1,,69.6505736941013,2.14909562686401,0.3475,0.936929826614566,0.0374999999999999,5.52379292677837,21
241,B4_K05_I01-02-05-06-09,Branch4,5,1,Location1,1,,122.495734178207,-7.61408173959389,-0.5325,0.835994916252485,-0.1325,10.9842034657581,21
241,B4_K05_I01-02-05-06-09,Branch4,5,2,Location2,1,,144.63199577099,-4.87602486961296,-0.8125,0.576731089850374,-0.085,17.627241200127,21
241,B4_K05_I01-02-05-06-09,Branch4,5,3,Location3,1,,96.033301028903,2.57918105164837,-0.105,0.993453572141144,0.0449999999999999,8.57595304950169,21
241,B4_K05_I01-02-05-06-09,Branch4,5,4,Location4,1,,69.65250196358,2.00576193490982,0.3475,0.937026547115929,0.0349999999999999,5.38343557468632,21
242,B4_K05_I01-02-05-07-08,Branch4,5,1,Location1,1,,122.69250824146,-7.90320773348459,-0.535,0.833587877790938,-0.1375,11.2797465158819,21
242,B4_K05_I01-02-05-07-08,Branch4,5,2,Location2,1,,143.602618707897,-4.44488001787759,-0.8025,0.591597413787451,-0.0775,16.5621628506824,21
242,B4_K05_I01-02-05-07-08,Branch4,5,3,Location3,1,,96.033301028903,2.57918105164837,-0.105,0.993453572141144,0.0449999999999999,8.57595304950169,21
242,B4_K05_I01-02-05-07-08,Branch4,5,4,Location4,1,,69.4995601356051,2.00576193490982,0.35,0.936095614774474,0.0349999999999999,5.35609750914218,21
243,B4_K05_I01-02-05-07-09,Branch4,5,1,Location1,1,,122.69250824146,-7.90320773348459,-0.535,0.833587877790938,-0.1375,11.2797465158819,21
243,B4_K05_I01-02-05-07-09,Branch4,5,2,Location2,1,,143.602618707897,-4.44488001787759,-0.8025,0.591597413787451,-0.0775,16.5621628506824,21
243,B4_K05_I01-02-05-07-09,Branch4,5,3,Location3,1,,96.033301028903,2.57918105164837,-0.105,0.993453572141144,0.0449999999999999,8.57595304950169,21
243,B4_K05_I01-02-05-07-09,Branch4,5,4,Location4,1,,69.4995601356051,2.00576193490982,0.35,0.936095614774474,0.0349999999999999,5.35609750914218,21
244,B4_K05_I01-02-05-08-09,Branch4,5,1,Location1,1,,122.69250824146,-7.90320773348459,-0.535,0.833587877790938,-0.1375,11.2797465158819,21
244,B4_K05_I01-02-05-08-09,Branch4,5,2,Location2,1,,144.138257942844,-4.87602486961296,-0.8075,0.58371118714652,-0.085,17.1384751886569,21
244,B4_K05_I01-02-05-08-09,Branch4,5,3,Location3,1,,96.033301028903,2.57918105164837,-0.105,0.993453572141144,0.0449999999999999,8.57595304950169,21
244,B4_K05_I01-02-05-08-09,Branch4,5,4,Location4,1,,69.6505736941013,2.14909562686401,0.3475,0.936929826614566,0.0374999999999999,5.52379292677837,21
245,B4_K05_I01-02-06-07-08,Branch4,5,1,Location1,1,,122.679748734251,-7.75861988858682,-0.535,0.83399640286994,-0.135,11.2092054617996,21
245,B4_K05_I01-02-06-07-08,Branch4,5,2,Location2,1,,143.633925674789,-4.73228037895821,-0.8025,0.590920891490561,-0.0825,16.6228504728193,21
245,B4_K05_I01-02-06-07-08,Branch4,5,3,Location3,1,,96.0326374522384,2.43580428350657,-0.105,0.993563661775128,0.0424999999999999,8.4741818022773,21
245,B4_K05_I01-02-06-07-08,Branch4,5,4,Location4,1,,69.6463162592647,2.43580428350657,0.3475,0.936716339133678,0.0424999999999999,5.80491428167455,21
246,B4_K05_I01-02-06-07-09,Branch4,5,1,Location1,1,,122.679748734251,-7.75861988858682,-0.535,0.83399640286994,-0.135,11.2092054617996,21
246,B4_K05_I01-02-06-07-09,Branch4,5,2,Location2,1,,143.830409402884,-4.30122230467036,-0.805,0.588515080520457,-0.075,16.7754359241675,21
246,B4_K05_I01-02-06-07-09,Branch4,5,3,Location3,1,,96.0326374522384,2.43580428350657,-0.105,0.993563661775128,0.0424999999999999,8.4741818022773,21
246,B4_K05_I01-02-06-07-09,Branch4,5,4,Location4,1,,69.6485118332635,2.29244277595588,0.3475,0.936826424691362,0.0399999999999999,5.6642885045171,21
247,B4_K05_I01-02-06-08-09,Branch4,5,1,Location1,1,,122.679748734251,-7.75861988858682,-0.535,0.83399640286994,-0.135,11.2092054617996,21
247,B4_K05_I01-02-06-08-09,Branch4,5,2,Location2,1,,143.860979365318,-4.58856573578583,-0.805,0.587856274951625,-0.08,16.8325838898585,21
247,B4_K05_I01-02-06-08-09,Branch4,5,3,Location3,1,,96.0326374522384,2.43580428350657,-0.105,0.993563661775128,0.0424999999999999,8.4741818022773,21
247,B4_K05_I01-02-06-08-09,Branch4,5,4,Location4,1,,69.6485118332635,2.29244277595588,0.3475,0.936826424691362,0.0399999999999999,5.6642885045171,21
248,B4_K05_I01-02-07-08-09,Branch4,5,1,Location1,1,,122.890951796363,-8.19253640609033,-0.5375,0.831136270415387,-0.1425,11.579585142381,21
248,B4_K05_I01-02-07-08-09,Branch4,5,2,Location2,1,,144.356540760849,-6.45944977735508,-0.8075,0.579040154048059,-0.1125,17.6030119661383,21
248,B4_K05_I01-02-07-08-09,Branch4,5,3,Location3,1,,96.0320119947426,2.29244277595588,-0.105,0.993667449401458,0.0399999999999999,8.37365766485795,21
248,B4_K05_I01-02-07-08-09,Branch4,5,4,Location4,1,,69.8033800260824,2.14909562686402,0.345,0.937853266774713,0.0374999999999999,5.55443196876107,21
249,B4_K05_I01-03-04-05-06,Branch4,5,1,Location1,1,,122.495734178207,-7.61408173959389,-0.5325,0.835994916252485,-0.1325,10.9842034657581,21
249,B4_K05_I01-03-04-05-06,Branch4,5,2,Location2,1,,143.573323756781,-4.15759167720182,-0.8025,0.592230951572104,-0.0725,16.5081650225967,21
249,B4_K05_I01-03-04-05-06,Branch4,5,3,Location3,1,,96.0340027623943,2.72257398337613,-0.105,0.993337178404191,0.0474999999999999,8.67892896291791,21
249,B4_K05_I01-03-04-05-06,Branch4,5,4,Location4,1,,69.4976160620549,2.14909562686401,0.35,0.935998798076151,0.0374999999999999,5.49720433075537,21
250,B4_K05_I01-03-04-05-07,Branch4,5,1,Location1,1,,122.508162615007,-7.75861988858682,-0.5325,0.835594847997521,-0.135,11.0538294724398,21
250,B4_K05_I01-03-04-05-07,Branch4,5,2,Location2,1,,143.376450948356,-4.58856573578583,-0.8,0.59464274989274,-0.08,16.3521859430315,21
250,B4_K05_I01-03-04-05-07,Branch4,5,3,Location3,1,,96.033301028903,2.57918105164837,-0.105,0.993453572141144,0.0449999999999999,8.57595304950169,21
250,B4_K05_I01-03-04-05-07,Branch4,5,4,Location4,1,,69.4976160620549,2.14909562686401,0.35,0.935998798076151,0.0374999999999999,5.49720433075537,21
251,B4_K05_I01-03-04-05-08,Branch4,5,1,Location1,1,,122.508162615007,-7.75861988858682,-0.5325,0.835594847997521,-0.135,11.0538294724398,21
251,B4_K05_I01-03-04-05-08,Branch4,5,2,Location2,1,,143.946339648551,-5.3074466746303,-0.805,0.58601941094131,-0.0925,17.0042954972734,21
251,B4_K05_I01-03-04-05-08,Branch4,5,3,Location3,1,,96.033301028903,2.57918105164837,-0.105,0.993453572141144,0.0449999999999999,8.57595304950169,21
251,B4_K05_I01-03-04-05-08,Branch4,5,4,Location4,1,,69.4976160620549,2.14909562686401,0.35,0.935998798076151,0.0374999999999999,5.49720433075537,21
252,B4_K05_I01-03-04-05-09,Branch4,5,1,Location1,1,,122.336903339293,-7.75861988858682,-0.53,0.83718277574255,-0.135,10.8992081884476,21
252,B4_K05_I01-03-04-05-09,Branch4,5,2,Location2,1,,144.384384407181,-4.87602486961296,-0.81,0.580237020535574,-0.085,17.3820963354136,21
252,B4_K05_I01-03-04-05-09,Branch4,5,3,Location3,1,,96.033301028903,2.57918105164837,-0.105,0.993453572141144,0.0449999999999999,8.57595304950169,21
252,B4_K05_I01-03-04-05-09,Branch4,5,4,Location4,1,,69.6505736941013,2.14909562686401,0.3475,0.936929826614566,0.0374999999999999,5.52379292677837,21
253,B4_K05_I01-03-04-06-07,Branch4,5,1,Location1,1,,122.495734178207,-7.61408173959389,-0.5325,0.835994916252485,-0.1325,10.9842034657581,21
253,B4_K05_I01-03-04-06-07,Branch4,5,2,Location2,1,,143.361184830953,-4.44488001787759,-0.8,0.594973738916265,-0.0775,16.3225615992363,21
253,B4_K05_I01-03-04-06-07,Branch4,5,3,Location3,1,,96.033301028903,2.57918105164837,-0.105,0.993453572141144,0.0449999999999999,8.57595304950169,21
253,B4_K05_I01-03-04-06-07,Branch4,5,4,Location4,1,,69.3424098758504,2.29244277595588,0.3525,0.934956549792556,0.0399999999999999,5.6165691875335,21
254,B4_K05_I01-03-04-06-08,Branch4,5,1,Location1,1,,122.495734178207,-7.61408173959389,-0.5325,0.835994916252485,-0.1325,10.9842034657581,21
254,B4_K05_I01-03-04-06-08,Branch4,5,2,Location2,1,,143.346417198589,-4.30122230467036,-0.8,0.595294044989533,-0.075,16.2946229961618,21
254,B4_K05_I01-03-04-06-08,Branch4,5,3,Location3,1,,96.033301028903,2.57918105164837,-0.105,0.993453572141144,0.0449999999999999,8.57595304950169,21
254,B4_K05_I01-03-04-06-08,Branch4,5,4,Location4,1,,69.4955373017906,2.29244277595588,0.35,0.935895293288731,0.0399999999999999,5.63841616718822,21
255,B4_K05_I01-03-04-06-09,Branch4,5,1,Location1,1,,122.495734178207,-7.61408173959389,-0.5325,0.835994916252485,-0.1325,10.9842034657581,21
255,B4_K05_I01-03-04-06-09,Branch4,5,2,Location2,1,,143.53313028926,-3.72685314248215,-0.8025,0.59310096105132,-0.0649999999999999,16.4398013363427,21
255,B4_K05_I01-03-04-06-09,Branch4,5,3,Location3,1,,95.8891367114247,2.57918105164837,-0.1025,0.993714622011773,0.0449999999999999,8.47525337559886,21
255,B4_K05_I01-03-04-06-09,Branch4,5,4,Location4,1,,69.4976160620549,2.14909562686402,0.35,0.935998798076151,0.0374999999999999,5.49720433075537,21
256,B4_K05_I01-03-04-07-08,Branch4,5,1,Location1,1,,122.679748734251,-7.75861988858682,-0.535,0.83399640286994,-0.135,11.2092054617996,21
256,B4_K05_I01-03-04-07-08,Branch4,5,2,Location2,1,,143.633925674789,-4.73228037895821,-0.8025,0.590920891490561,-0.0825,16.6228504728193,21
256,B4_K05_I01-03-04-07-08,Branch4,5,3,Location3,1,,95.8891367114247,2.57918105164837,-0.1025,0.993714622011773,0.0449999999999999,8.47525337559886,21
256,B4_K05_I01-03-04-07-08,Branch4,5,4,Location4,1,,69.4976160620549,2.14909562686402,0.35,0.935998798076151,0.0374999999999999,5.49720433075537,21
257,B4_K05_I01-03-04-07-09,Branch4,5,1,Location1,1,,122.679748734251,-7.75861988858682,-0.535,0.83399640286994,-0.135,11.2092054617996,21
257,B4_K05_I01-03-04-07-09,Branch4,5,2,Location2,1,,143.633925674789,-4.73228037895821,-0.8025,0.590920891490561,-0.0825,16.6228504728193,21
257,B4_K05_I01-03-04-07-09,Branch4,5,3,Location3,1,,95.8891367114247,2.57918105164837,-0.1025,0.993714622011773,0.0449999999999999,8.47525337559886,21
257,B4_K05_I01-03-04-07-09,Branch4,5,4,Location4,1,,69.4976160620549,2.14909562686402,0.35,0.935998798076151,0.0374999999999999,5.49720433075537,21
258,B4_K05_I01-03-04-08-09,Branch4,5,1,Location1,1,,122.508162615007,-7.75861988858682,-0.5325,0.835594847997521,-0.135,11.0538294724398,21
258,B4_K05_I01-03-04-08-09,Branch4,5,2,Location2,1,,143.702623124417,-5.3074466746303,-0.8025,0.589438291935636,-0.0925,16.7641002986764,21
258,B4_K05_I01-03-04-08-09,Branch4,5,3,Location3,1,,95.8891367114247,2.57918105164837,-0.1025,0.993714622011773,0.0449999999999999,8.47525337559886,21
258,B4_K05_I01-03-04-08-09,Branch4,5,4,Location4,1,,69.4976160620549,2.14909562686401,0.35,0.935998798076151,0.0374999999999999,5.49720433075537,21
259,B4_K05_I01-03-05-06-07,Branch4,5,1,Location1,1,,122.508162615007,-7.75861988858682,-0.5325,0.835594847997521,-0.135,11.0538294724398,21
259,B4_K05_I01-03-05-06-07,Branch4,5,2,Location2,1,,143.361184830953,-4.44488001787759,-0.8,0.594973738916265,-0.0775,16.3225615992363,21
259,B4_K05_I01-03-05-06-07,Branch4,5,3,Location3,1,,95.8898215569978,2.72257398337613,-0.1025,0.993598258855157,0.0474999999999999,8.57941727273049,21
259,B4_K05_I01-03-05-06-07,Branch4,5,4,Location4,1,,69.4995601356051,2.00576193490982,0.35,0.936095614774474,0.0349999999999999,5.35609750914218,21
260,B4_K05_I01-03-05-06-08,Branch4,5,1,Location1,1,,122.508162615007,-7.75861988858682,-0.5325,0.835594847997521,-0.135,11.0538294724398,21
260,B4_K05_I01-03-05-06-08,Branch4,5,2,Location2,1,,143.618019979014,-4.58856573578583,-0.8025,0.591264534705067,-0.08,16.5916732698491,21
260,B4_K05_I01-03-05-06-08,Branch4,5,3,Location3,1,,95.8891367114247,2.57918105164837,-0.1025,0.993714622011773,0.0449999999999999,8.47525337559886,21
260,B4_K05_I01-03-05-06-08,Branch4,5,4,Location4,1,,69.4995601356051,2.00576193490982,0.35,0.936095614774474,0.0349999999999999,5.35609750914218,21
261,B4_K05_I01-03-05-06-09,Branch4,5,1,Location1,1,,122.495734178207,-7.61408173959389,-0.5325,0.835994916252485,-0.1325,10.9842034657581,21
261,B4_K05_I01-03-05-06-09,Branch4,5,2,Location2,1,,143.346417198589,-4.30122230467036,-0.8,0.595294044989533,-0.075,16.2946229961618,21
261,B4_K05_I01-03-05-06-09,Branch4,5,3,Location3,1,,95.8898215569978,2.72257398337613,-0.1025,0.993598258855157,0.0474999999999999,8.57941727273049,21
261,B4_K05_I01-03-05-06-09,Branch4,5,4,Location4,1,,69.4995601356051,2.00576193490982,0.35,0.936095614774474,0.0349999999999999,5.35609750914218,21
262,B4_K05_I01-03-05-07-08,Branch4,5,1,Location1,1,,122.520838192328,-7.90320773348459,-0.5325,0.835187104785509,-0.1375,11.1251288876582,21
262,B4_K05_I01-03-05-07-08,Branch4,5,2,Location2,1,,143.392216961646,-4.73228037895821,-0.8,0.594301060069726,-0.0825,16.3834900282326,21
262,B4_K05_I01-03-05-07-08,Branch4,5,3,Location3,1,,95.8891367114247,2.57918105164837,-0.1025,0.993714622011773,0.0449999999999999,8.47525337559886,21
262,B4_K05_I01-03-05-07-08,Branch4,5,4,Location4,1,,69.4995601356051,2.00576193490982,0.35,0.936095614774474,0.0349999999999999,5.35609750914218,21
263,B4_K05_I01-03-05-07-09,Branch4,5,1,Location1,1,,122.520838192328,-7.90320773348459,-0.5325,0.835187104785509,-0.1375,11.1251288876582,21
263,B4_K05_I01-03-05-07-09,Branch4,5,2,Location2,1,,143.151873134237,-4.73228037895821,-0.7975,0.597651654394096,-0.0825,16.1455344685618,21
263,B4_K05_I01-03-05-07-09,Branch4,5,3,Location3,1,,95.8891367114247,2.57918105164837,-0.1025,0.993714622011773,0.0449999999999999,8.47525337559886,21
263,B4_K05_I01-03-05-07-09,Branch4,5,4,Location4,1,,69.4995601356051,2.00576193490982,0.35,0.936095614774474,0.0349999999999999,5.35609750914218,21
264,B4_K05_I01-03-05-08-09,Branch4,5,1,Location1,1,,122.520838192328,-7.90320773348459,-0.5325,0.835187104785509,-0.1375,11.1251288876582,21
264,B4_K05_I01-03-05-08-09,Branch4,5,2,Location2,1,,143.946339648551,-5.3074466746303,-0.805,0.58601941094131,-0.0925,17.0042954972734,21
264,B4_K05_I01-03-05-08-09,Branch4,5,3,Location3,1,,95.8891367114247,2.57918105164837,-0.1025,0.993714622011773,0.0449999999999999,8.47525337559886,21
264,B4_K05_I01-03-05-08-09,Branch4,5,4,Location4,1,,69.65250196358,2.00576193490982,0.3475,0.937026547115929,0.0349999999999999,5.38343557468632,21
265,B4_K05_I01-03-06-07-08,Branch4,5,1,Location1,1,,122.508162615007,-7.75861988858682,-0.5325,0.835594847997521,-0.135,11.0538294724398,21
265,B4_K05_I01-03-06-07-08,Branch4,5,2,Location2,1,,143.106472035412,-4.30122230467036,-0.7975,0.598639081584221,-0.075,16.0563034102923,21
265,B4_K05_I01-03-06-07-08,Branch4,5,3,Location3,1,,95.8891367114247,2.57918105164837,-0.1025,0.993714622011773,0.0449999999999999,8.47525337559886,21
265,B4_K05_I01-03-06-07-08,Branch4,5,4,Location4,1,,69.4976160620549,2.14909562686402,0.35,0.935998798076151,0.0374999999999999,5.49720433075537,21
266,B4_K05_I01-03-06-07-09,Branch4,5,1,Location1,1,,122.508162615007,-7.75861988858682,-0.5325,0.835594847997521,-0.135,11.0538294724398,21
266,B4_K05_I01-03-06-07-09,Branch4,5,2,Location2,1,,143.092325570974,-4.15759167720182,-0.7975,0.598946992646261,-0.0725,16.0299623147197,21
266,B4_K05_I01-03-06-07-09,Branch4,5,3,Location3,1,,95.8891367114247,2.57918105164837,-0.1025,0.993714622011773,0.0449999999999999,8.47525337559886,21
266,B4_K05_I01-03-06-07-09,Branch4,5,4,Location4,1,,69.4976160620549,2.14909562686402,0.35,0.935998798076151,0.0374999999999999,5.49720433075537,21
267,B4_K05_I01-03-06-08-09,Branch4,5,1,Location1,1,,122.495734178207,-7.61408173959389,-0.5325,0.835994916252485,-0.1325,10.9842034657581,21
267,B4_K05_I01-03-06-08-09,Branch4,5,2,Location2,1,,143.361184830953,-4.44488001787759,-0.8,0.594973738916265,-0.0775,16.3225615992363,21
267,B4_K05_I01-03-06-08-09,Branch4,5,3,Location3,1,,95.8891367114247,2.57918105164837,-0.1025,0.993714622011773,0.0449999999999999,8.47525337559886,21
267,B4_K05_I01-03-06-08-09,Branch4,5,4,Location4,1,,69.4976160620549,2.14909562686402,0.35,0.935998798076151,0.0374999999999999,5.49720433075537,21
268,B4_K05_I01-03-07-08-09,Branch4,5,1,Location1,1,,122.69250824146,-7.90320773348458,-0.535,0.833587877790938,-0.1375,11.2797465158819,21
268,B4_K05_I01-03-07-08-09,Branch4,5,2,Location2,1,,143.425254565462,-5.01980013167812,-0.8,0.593585503529188,-0.0875,16.4511116590468,21
268,B4_K05_I01-03-07-08-09,Branch4,5,3,Location3,1,,95.8891367114247,2.57918105164837,-0.1025,0.993714622011773,0.0449999999999999,8.47525337559886,21
268,B4_K05_I01-03-07-08-09,Branch4,5,4,Location4,1,,69.4955373017906,2.29244277595588,0.35,0.935895293288731,0.0399999999999999,5.63841616718822,21
269,B4_K05_I01-04-05-06-07,Branch4,5,1,Location1,1,,122.495734178207,-7.61408173959389,-0.5325,0.835994916252485,-0.1325,10.9842034657581,21
269,B4_K05_I01-04-05-06-07,Branch4,5,2,Location2,1,,143.346417198589,-4.30122230467036,-0.8,0.595294044989533,-0.075,16.2946229961618,21
269,B4_K05_I01-04-05-06-07,Branch4,5,3,Location3,1,,96.0340027623943,2.72257398337613,-0.105,0.993337178404191,0.0474999999999999,8.67892896291791,21
269,B4_K05_I01-04-05-06-07,Branch4,5,4,Location4,1,,69.3445055862579,2.14909562686402,0.3525,0.93506015849249,0.0374999999999999,5.47473766066972,21
270,B4_K05_I01-04-05-06-08,Branch4,5,1,Location1,1,,122.495734178207,-7.61408173959389,-0.5325,0.835994916252485,-0.1325,10.9842034657581,21
270,B4_K05_I01-04-05-06-08,Branch4,5,2,Location2,1,,143.361184830953,-4.44488001787759,-0.8,0.594973738916265,-0.0775,16.3225615992363,21
270,B4_K05_I01-04-05-06-08,Branch4,5,3,Location3,1,,96.0340027623943,2.72257398337613,-0.105,0.993337178404191,0.0474999999999999,8.67892896291791,21
270,B4_K05_I01-04-05-06-08,Branch4,5,4,Location4,1,,69.4955373017906,2.29244277595588,0.35,0.935895293288731,0.0399999999999999,5.63841616718822,21
271,B4_K05_I01-04-05-06-09,Branch4,5,1,Location1,1,,122.495734178207,-7.61408173959389,-0.5325,0.835994916252485,-0.1325,10.9842034657581,21
271,B4_K05_I01-04-05-06-09,Branch4,5,2,Location2,1,,144.032072844056,-3.87040801131097,-0.8075,0.585992747395392,-0.0674999999999999,16.944944654102,21
271,B4_K05_I01-04-05-06-09,Branch4,5,3,Location3,1,,96.0340027623943,2.72257398337613,-0.105,0.993337178404191,0.0474999999999999,8.67892896291791,21
271,B4_K05_I01-04-05-06-09,Branch4,5,4,Location4,1,,69.3424098758504,2.29244277595588,0.3525,0.934956549792556,0.0399999999999999,5.6165691875335,21
272,B4_K05_I01-04-05-07-08,Branch4,5,1,Location1,1,,122.69250824146,-7.90320773348459,-0.535,0.833587877790938,-0.1375,11.2797465158819,21
272,B4_K05_I01-04-05-07-08,Branch4,5,2,Location2,1,,143.13624445179,-4.58856573578583,-0.7975,0.597991429704473,-0.08,16.1140955535098,21
272,B4_K05_I01-04-05-07-08,Branch4,5,3,Location3,1,,96.033301028903,2.57918105164837,-0.105,0.993453572141144,0.0449999999999999,8.57595304950169,21
272,B4_K05_I01-04-05-07-08,Branch4,5,4,Location4,1,,69.4955373017906,2.29244277595588,0.35,0.935895293288731,0.0399999999999999,5.63841616718822,21
273,B4_K05_I01-04-05-07-09,Branch4,5,1,Location1,1,,122.69250824146,-7.90320773348459,-0.535,0.833587877790938,-0.1375,11.2797465158819,21
273,B4_K05_I01-04-05-07-09,Branch4,5,2,Location2,1,,143.376450948356,-4.58856573578583,-0.8,0.59464274989274,-0.08,16.3521859430315,21
273,B4_K05_I01-04-05-07-09,Branch4,5,3,Location3,1,,95.8898215569978,2.72257398337613,-0.1025,0.993598258855157,0.0474999999999999,8.57941727273049,21
273,B4_K05_I01-04-05-07-09,Branch4,5,4,Location4,1,,69.3445055862579,2.14909562686402,0.3525,0.93506015849249,0.0374999999999999,5.47473766066972,21
274,B4_K05_I01-04-05-08-09,Branch4,5,1,Location1,1,,122.69250824146,-7.90320773348459,-0.535,0.833587877790938,-0.1375,11.2797465158819,21
274,B4_K05_I01-04-05-08-09,Branch4,5,2,Location2,1,,144.457056843998,-5.45131981241778,-0.81,0.578683851511341,-0.095,17.5281018704375,21
274,B4_K05_I01-04-05-08-09,Branch4,5,3,Location3,1,,96.0340027623943,2.72257398337613,-0.105,0.993337178404191,0.0474999999999999,8.67892896291791,21
274,B4_K05_I01-04-05-08-09,Branch4,5,4,Location4,1,,69.4933237319233,2.43580428350657,0.35,0.935785098192956,0.0424999999999999,5.77972734472995,21
275,B4_K05_I01-04-06-07-08,Branch4,5,1,Location1,1,,122.679748734251,-7.75861988858682,-0.535,0.83399640286994,-0.135,11.2092054617996,21
275,B4_K05_I01-04-06-07-08,Branch4,5,2,Location2,1,,143.376450948356,-4.58856573578583,-0.8,0.59464274989274,-0.08,16.3521859430315,21
275,B4_K05_I01-04-06-07-08,Branch4,5,3,Location3,1,,96.033301028903,2.57918105164837,-0.105,0.993453572141144,0.0449999999999999,8.57595304950169,21
275,B4_K05_I01-04-06-07-08,Branch4,5,4,Location4,1,,69.3424098758504,2.29244277595588,0.3525,0.934956549792556,0.0399999999999999,5.6165691875335,21
276,B4_K05_I01-04-06-07-09,Branch4,5,1,Location1,1,,122.495734178207,-7.61408173959389,-0.5325,0.835994916252485,-0.1325,10.9842034657581,21
276,B4_K05_I01-04-06-07-09,Branch4,5,2,Location2,1,,143.361184830953,-4.44488001787759,-0.8,0.594973738916265,-0.0775,16.3225615992363,21
276,B4_K05_I01-04-06-07-09,Branch4,5,3,Location3,1,,95.8891367114247,2.57918105164837,-0.1025,0.993714622011773,0.0449999999999999,8.47525337559886,21
276,B4_K05_I01-04-06-07-09,Branch4,5,4,Location4,1,,69.3424098758504,2.29244277595588,0.3525,0.934956549792556,0.0399999999999999,5.6165691875335,21
277,B4_K05_I01-04-06-08-09,Branch4,5,1,Location1,1,,122.667238027177,-7.61408173959389,-0.535,0.834397237531381,-0.1325,11.1403286567395,21
277,B4_K05_I01-04-06-08-09,Branch4,5,2,Location2,1,,143.587720428338,-4.30122230467036,-0.8025,0.591919546898056,-0.075,16.5343249680969,21
277,B4_K05_I01-04-06-08-09,Branch4,5,3,Location3,1,,95.8898215569978,2.72257398337613,-0.1025,0.993598258855157,0.0474999999999999,8.57941727273049,21
277,B4_K05_I01-04-06-08-09,Branch4,5,4,Location4,1,,69.3401782560947,2.43580428350657,0.3525,0.934846244042302,0.0424999999999999,5.7584735057034,21
278,B4_K05_I01-04-07-08-09,Branch4,5,1,Location1,1,,122.679748734251,-7.75861988858682,-0.535,0.83399640286994,-0.135,11.2092054617996,21
278,B4_K05_I01-04-07-08-09,Branch4,5,2,Location2,1,,143.684684393117,-5.16360709084638,-0.8025,0.589825185966147,-0.09,16.7263201816587,21
278,B4_K05_I01-04-07-08-09,Branch4,5,3,Location3,1,,95.8891367114247,2.57918105164837,-0.1025,0.993714622011773,0.0449999999999999,8.47525337559886,21
278,B4_K05_I01-04-07-08-09,Branch4,5,4,Location4,1,,69.3401782560947,2.43580428350657,0.3525,0.934846244042302,0.0424999999999999,5.7584735057034,21
279,B4_K05_I01-05-06-07-08,Branch4,5,1,Location1,1,,122.508162615007,-7.75861988858682,-0.5325,0.835594847997521,-0.135,11.0538294724398,21
279,B4_K05_I01-05-06-07-08,Branch4,5,2,Location2,1,,143.065505660701,-3.87040801131097,-0.7975,0.59953106675134,-0.0674999999999999,15.9824174953235,21
279,B4_K05_I01-05-06-07-08,Branch4,5,3,Location3,1,,95.8898215569978,2.72257398337613,-0.1025,0.993598258855157,0.0474999999999999,8.57941727273049,21
279,B4_K05_I01-05-06-07-08,Branch4,5,4,Location4,1,,69.4995601356051,2.00576193490982,0.35,0.936095614774474,0.0349999999999999,5.35609750914218,21
280,B4_K05_I01-05-06-07-09,Branch4,5,1,Location1,1,,122.495734178207,-7.61408173959389,-0.5325,0.835994916252485,-0.1325,10.9842034657581,21
280,B4_K05_I01-05-06-07-09,Branch4,5,2,Location2,1,,142.814678026885,-3.72685314248215,-0.795,0.603116904090741,-0.0649999999999999,15.7239469569178,21
280,B4_K05_I01-05-06-07-09,Branch4,5,3,Location3,1,,95.8898215569978,2.72257398337613,-0.1025,0.993598258855157,0.0474999999999999,8.57941727273049,21
280,B4_K05_I01-05-06-07-09,Branch4,5,4,Location4,1,,69.4995601356051,2.00576193490982,0.35,0.936095614774474,0.0349999999999999,5.35609750914218,21
281,B4_K05_I01-05-06-08-09,Branch4,5,1,Location1,1,,122.667238027177,-7.61408173959389,-0.535,0.834397237531381,-0.1325,11.1403286567395,21
281,B4_K05_I01-05-06-08-09,Branch4,5,2,Location2,1,,144.018941621924,-3.72685314248215,-0.8075,0.586275319282673,-0.0649999999999999,16.9239235534271,21
281,B4_K05_I01-05-06-08-09,Branch4,5,3,Location3,1,,95.8898215569978,2.72257398337613,-0.1025,0.993598258855157,0.0474999999999999,8.57941727273049,21
281,B4_K05_I01-05-06-08-09,Branch4,5,4,Location4,1,,69.4976160620549,2.14909562686401,0.35,0.935998798076151,0.0374999999999999,5.49720433075537,21
282,B4_K05_I01-05-07-08-09,Branch4,5,1,Location1,1,,122.69250824146,-7.90320773348459,-0.535,0.833587877790938,-0.1375,11.2797465158819,21
282,B4_K05_I01-05-07-08-09,Branch4,5,2,Location2,1,,143.361184830953,-4.44488001787759,-0.8,0.594973738916265,-0.0775,16.3225615992363,21
282,B4_K05_I01-05-07-08-09,Branch4,5,3,Location3,1,,95.8898215569978,2.72257398337613,-0.1025,0.993598258855157,0.0474999999999999,8.57941727273049,21
282,B4_K05_I01-05-07-08-09,Branch4,5,4,Location4,1,,69.4995601356051,2.00576193490982,0.35,0.936095614774474,0.0349999999999999,5.35609750914218,21
283,B4_K05_I01-06-07-08-09,Branch4,5,1,Location1,1,,122.851665123271,-7.75861988858682,-0.5375,0.83238737976978,-0.135,11.3653229662401,21
283,B4_K05_I01-06-07-08-09,Branch4,5,2,Location2,1,,143.292305000059,-3.72685314248215,-0.8,0.596468775377219,-0.0649999999999999,16.1998329691703,21
283,B4_K05_I01-06-07-08-09,Branch4,5,3,Location3,1,,96.0340027623943,2.72257398337613,-0.105,0.993337178404191,0.0474999999999999,8.67892896291791,21
283,B4_K05_I01-06-07-08-09,Branch4,5,4,Location4,1,,69.4909752215209,2.57918105164837,0.35,0.935668210425042,0.0449999999999999,5.92113282294958,21
284,B4_K05_I02-03-04-05-06,Branch4,5,1,Location1,1,,122.508162615007,-7.75861988858682,-0.5325,0.835594847997521,-0.135,11.0538294724398,21
284,B4_K05_I02-03-04-05-06,Branch4,5,2,Location2,1,,143.520727191092,-3.58332169847197,-0.8025,0.593369614995578,-0.0625,16.4203997813746,21
284,B4_K05_I02-03-04-05-06,Branch4,5,3,Location3,1,,96.0340027623943,2.72257398337613,-0.105,0.993337178404191,0.0474999999999999,8.67892896291791,21
284,B4_K05_I02-03-04-05-06,Branch4,5,4,Location4,1,,69.1932165354548,2.00576193490982,0.355,0.934210896960638,0.0349999999999999,5.3141587849017,21
285,B4_K05_I02-03-04-05-07,Branch4,5,1,Location1,1,,122.520838192328,-7.90320773348459,-0.5325,0.835187104785509,-0.1375,11.1251288876582,21
285,B4_K05_I02-03-04-05-07,Branch4,5,2,Location2,1,,143.602618707897,-4.44488001787759,-0.8025,0.591597413787451,-0.0775,16.5621628506824,21
285,B4_K05_I02-03-04-05-07,Branch4,5,3,Location3,1,,96.033301028903,2.57918105164837,-0.105,0.993453572141144,0.0449999999999999,8.57595304950169,21
285,B4_K05_I02-03-04-05-07,Branch4,5,4,Location4,1,,69.3445055862579,2.14909562686401,0.3525,0.93506015849249,0.0374999999999999,5.47473766066972,21
286,B4_K05_I02-03-04-05-08,Branch4,5,1,Location1,1,,122.508162615007,-7.75861988858682,-0.5325,0.835594847997521,-0.135,11.0538294724398,21
286,B4_K05_I02-03-04-05-08,Branch4,5,2,Location2,1,,143.928240120886,-5.16360709084638,-0.805,0.586408560646926,-0.09,16.9666819329403,21
286,B4_K05_I02-03-04-05-08,Branch4,5,3,Location3,1,,96.033301028903,2.57918105164837,-0.105,0.993453572141144,0.0449999999999999,8.57595304950169,21
286,B4_K05_I02-03-04-05-08,Branch4,5,4,Location4,1,,69.4976160620549,2.14909562686401,0.35,0.935998798076151,0.0374999999999999,5.49720433075537,21
287,B4_K05_I02-03-04-05-09,Branch4,5,1,Location1,1,,122.336903339293,-7.75861988858682,-0.53,0.83718277574255,-0.135,10.8992081884476,21
287,B4_K05_I02-03-04-05-09,Branch4,5,2,Location2,1,,144.567081397433,-4.30122230467036,-0.8125,0.578116553992359,-0.075,17.5075031675748,21
287,B4_K05_I02-03-04-05-09,Branch4,5,3,Location3,1,,96.033301028903,2.57918105164837,-0.105,0.993453572141144,0.0449999999999999,8.57595304950169,21
287,B4_K05_I02-03-04-05-09,Branch4,5,4,Location4,1,,69.4995601356051,2.00576193490982,0.35,0.936095614774474,0.0349999999999999,5.35609750914218,21
288,B4_K05_I02-03-04-06-07,Branch4,5,1,Location1,1,,122.508162615007,-7.75861988858682,-0.5325,0.835594847997521,-0.135,11.0538294724398,21
288,B4_K05_I02-03-04-06-07,Branch4,5,2,Location2,1,,143.305091831897,-3.87040801131097,-0.8,0.596191034820216,-0.0674999999999999,16.2209760781084,21
288,B4_K05_I02-03-04-06-07,Branch4,5,3,Location3,1,,96.033301028903,2.57918105164837,-0.105,0.993453572141144,0.0449999999999999,8.57595304950169,21
288,B4_K05_I02-03-04-06-07,Branch4,5,4,Location4,1,,69.1912407109243,2.14909562686402,0.355,0.934113884919821,0.0374999999999999,5.45645652402962,21
289,B4_K05_I02-03-04-06-08,Branch4,5,1,Location1,1,,122.495734178207,-7.61408173959389,-0.5325,0.835994916252485,-0.1325,10.9842034657581,21
289,B4_K05_I02-03-04-06-08,Branch4,5,2,Location2,1,,143.408484330824,-4.87602486961296,-0.8,0.59394865097919,-0.085,16.4164675000547,21
289,B4_K05_I02-03-04-06-08,Branch4,5,3,Location3,1,,96.0326374522384,2.43580428350657,-0.105,0.993563661775128,0.0424999999999999,8.4741818022773,21
289,B4_K05_I02-03-04-06-08,Branch4,5,4,Location4,1,,69.3445055862579,2.14909562686402,0.3525,0.93506015849249,0.0374999999999999,5.47473766066972,21
290,B4_K05_I02-03-04-06-09,Branch4,5,1,Location1,1,,122.508162615007,-7.75861988858682,-0.5325,0.835594847997521,-0.135,11.0538294724398,21
290,B4_K05_I02-03-04-06-09,Branch4,5,2,Location2,1,,143.801864183205,-4.01398721805631,-0.805,0.589130715546219,-0.07,16.7249474249939,21
290,B4_K05_I02-03-04-06-09,Branch4,5,3,Location3,1,,95.8891367114247,2.57918105164837,-0.1025,0.993714622011773,0.0449999999999999,8.47525337559886,21
290,B4_K05_I02-03-04-06-09,Branch4,5,4,Location4,1,,69.3445055862579,2.14909562686402,0.3525,0.93506015849249,0.0374999999999999,5.47473766066972,21
291,B4_K05_I02-03-04-07-08,Branch4,5,1,Location1,1,,122.679748734251,-7.75861988858682,-0.535,0.83399640286994,-0.135,11.2092054617996,21
291,B4_K05_I02-03-04-07-08,Branch4,5,2,Location2,1,,143.893585517872,-4.87602486961296,-0.805,0.587154153523587,-0.085,16.8963485690724,21
291,B4_K05_I02-03-04-07-08,Branch4,5,3,Location3,1,,96.0326374522384,2.43580428350657,-0.105,0.993563661775128,0.0424999999999999,8.4741818022773,21
291,B4_K05_I02-03-04-07-08,Branch4,5,4,Location4,1,,69.3445055862579,2.14909562686402,0.3525,0.93506015849249,0.0374999999999999,5.47473766066972,21
292,B4_K05_I02-03-04-07-09,Branch4,5,1,Location1,1,,122.69250824146,-7.90320773348459,-0.535,0.833587877790938,-0.1375,11.2797465158819,21
292,B4_K05_I02-03-04-07-09,Branch4,5,2,Location2,1,,143.602618707897,-4.44488001787759,-0.8025,0.591597413787451,-0.0775,16.5621628506824,21
292,B4_K05_I02-03-04-07-09,Branch4,5,3,Location3,1,,96.0326374522384,2.43580428350657,-0.105,0.993563661775128,0.0424999999999999,8.4741818022773,21
292,B4_K05_I02-03-04-07-09,Branch4,5,4,Location4,1,,69.3445055862579,2.14909562686402,0.3525,0.93506015849249,0.0374999999999999,5.47473766066972,21
293,B4_K05_I02-03-04-08-09,Branch4,5,1,Location1,1,,122.69250824146,-7.90320773348459,-0.535,0.833587877790938,-0.1375,11.2797465158819,21
293,B4_K05_I02-03-04-08-09,Branch4,5,2,Location2,1,,143.91065596465,-5.01980013167812,-0.805,0.58678680114672,-0.0875,16.9306973648369,21
293,B4_K05_I02-03-04-08-09,Branch4,5,3,Location3,1,,96.0326374522384,2.43580428350657,-0.105,0.993563661775128,0.0424999999999999,8.4741818022773,21
293,B4_K05_I02-03-04-08-09,Branch4,5,4,Location4,1,,69.3445055862579,2.14909562686402,0.3525,0.93506015849249,0.0374999999999999,5.47473766066972,21
294,B4_K05_I02-03-05-06-07,Branch4,5,1,Location1,1,,122.508162615007,-7.75861988858682,-0.5325,0.835594847997521,-0.135,11.0538294724398,21
294,B4_K05_I02-03-05-06-07,Branch4,5,2,Location2,1,,143.092325570974,-4.15759167720182,-0.7975,0.598946992646261,-0.0725,16.0299623147197,21
294,B4_K05_I02-03-05-06-07,Branch4,5,3,Location3,1,,96.0340027623943,2.72257398337613,-0.105,0.993337178404191,0.0474999999999999,8.67892896291791,21
294,B4_K05_I02-03-05-06-07,Branch4,5,4,Location4,1,,69.3464655112991,2.00576193490982,0.3525,0.935157072368059,0.0349999999999999,5.33298253465879,21
295,B4_K05_I02-03-05-06-08,Branch4,5,1,Location1,1,,122.508162615007,-7.75861988858682,-0.5325,0.835594847997521,-0.135,11.0538294724398,21
295,B4_K05_I02-03-05-06-08,Branch4,5,2,Location2,1,,143.392216961646,-4.73228037895821,-0.8,0.594301060069726,-0.0825,16.3834900282326,21
295,B4_K05_I02-03-05-06-08,Branch4,5,3,Location3,1,,96.033301028903,2.57918105164837,-0.105,0.993453572141144,0.0449999999999999,8.57595304950169,21
295,B4_K05_I02-03-05-06-08,Branch4,5,4,Location4,1,,69.4995601356051,2.00576193490982,0.35,0.936095614774474,0.0349999999999999,5.35609750914218,21
296,B4_K05_I02-03-05-06-09,Branch4,5,1,Location1,1,,122.508162615007,-7.75861988858682,-0.5325,0.835594847997521,-0.135,11.0538294724398,21
296,B4_K05_I02-03-05-06-09,Branch4,5,2,Location2,1,,143.559427358805,-4.01398721805631,-0.8025,0.592531644724567,-0.07,16.483688053051,21
296,B4_K05_I02-03-05-06-09,Branch4,5,3,Location3,1,,95.8891367114247,2.57918105164837,-0.1025,0.993714622011773,0.0449999999999999,8.47525337559886,21
296,B4_K05_I02-03-05-06-09,Branch4,5,4,Location4,1,,69.4995601356051,2.00576193490982,0.35,0.936095614774474,0.0349999999999999,5.35609750914218,21
297,B4_K05_I02-03-05-07-08,Branch4,5,1,Location1,1,,122.520838192328,-7.90320773348459,-0.5325,0.835187104785509,-0.1375,11.1251288876582,21
297,B4_K05_I02-03-05-07-08,Branch4,5,2,Location2,1,,143.650337278282,-4.87602486961296,-0.8025,0.590566465353393,-0.085,16.6556883643547,21
297,B4_K05_I02-03-05-07-08,Branch4,5,3,Location3,1,,96.033301028903,2.57918105164837,-0.105,0.993453572141144,0.0449999999999999,8.57595304950169,21
297,B4_K05_I02-03-05-07-08,Branch4,5,4,Location4,1,,69.4995601356051,2.00576193490982,0.35,0.936095614774474,0.0349999999999999,5.35609750914218,21
298,B4_K05_I02-03-05-07-09,Branch4,5,1,Location1,1,,122.705517410647,-8.04784624731151,-0.535,0.833171650981957,-0.14,11.3519243350815,21
298,B4_K05_I02-03-05-07-09,Branch4,5,2,Location2,1,,143.633925674789,-4.73228037895821,-0.8025,0.590920891490561,-0.0825,16.6228504728193,21
298,B4_K05_I02-03-05-07-09,Branch4,5,3,Location3,1,,95.8891367114247,2.57918105164837,-0.1025,0.993714622011773,0.0449999999999999,8.47525337559886,21
298,B4_K05_I02-03-05-07-09,Branch4,5,4,Location4,1,,69.4995601356051,2.00576193490982,0.35,0.936095614774474,0.0349999999999999,5.35609750914218,21
299,B4_K05_I02-03-05-08-09,Branch4,5,1,Location1,1,,122.520838192328,-7.90320773348459,-0.5325,0.835187104785509,-0.1375,11.1251288876582,21
299,B4_K05_I02-03-05-08-09,Branch4,5,2,Location2,1,,143.964956262321,-5.45131981241778,-0.805,0.585619330282053,-0.095,17.0435309927201,21
299,B4_K05_I02-03-05-08-09,Branch4,5,3,Location3,1,,96.033301028903,2.57918105164837,-0.105,0.993453572141144,0.0449999999999999,8.57595304950169,21
299,B4_K05_I02-03-05-08-09,Branch4,5,4,Location4,1,,69.65250196358,2.00576193490982,0.3475,0.937026547115929,0.0349999999999999,5.38343557468632,21
300,B4_K05_I02-03-06-07-08,Branch4,5,1,Location1,1,,122.508162615007,-7.75861988858682,-0.5325,0.835594847997521,-0.135,11.0538294724398,21
300,B4_K05_I02-03-06-07-08,Branch4,5,2,Location2,1,,143.151873134237,-4.73228037895821,-0.7975,0.597651654394096,-0.0825,16.1455344685618,21
300,B4_K05_I02-03-06-07-08,Branch4,5,3,Location3,1,,96.033301028903,2.57918105164837,-0.105,0.993453572141144,0.0449999999999999,8.57595304950169,21
300,B4_K05_I02-03-06-07-08,Branch4,5,4,Location4,1,,69.4955373017906,2.29244277595588,0.35,0.935895293288731,0.0399999999999999,5.63841616718822,21
301,B4_K05_I02-03-06-07-09,Branch4,5,1,Location1,1,,122.508162615007,-7.75861988858682,-0.5325,0.835594847997521,-0.135,11.0538294724398,21
301,B4_K05_I02-03-06-07-09,Branch4,5,2,Location2,1,,143.078670528239,-4.01398721805631,-0.7975,0.599244315784472,-0.07,16.0053319811977,21
301,B4_K05_I02-03-06-07-09,Branch4,5,3,Location3,1,,95.8891367114247,2.57918105164837,-0.1025,0.993714622011773,0.0449999999999999,8.47525337559886,21
301,B4_K05_I02-03-06-07-09,Branch4,5,4,Location4,1,,69.4976160620549,2.14909562686402,0.35,0.935998798076151,0.0374999999999999,5.49720433075537,21
302,B4_K05_I02-03-06-08-09,Branch4,5,1,Location1,1,,122.495734178207,-7.61408173959389,-0.5325,0.835994916252485,-0.1325,10.9842034657581,21
302,B4_K05_I02-03-06-08-09,Branch4,5,2,Location2,1,,143.392216961646,-4.73228037895821,-0.8,0.594301060069726,-0.0825,16.3834900282326,21
302,B4_K05_I02-03-06-08-09,Branch4,5,3,Location3,1,,95.8891367114247,2.57918105164837,-0.1025,0.993714622011773,0.0449999999999999,8.47525337559886,21
302,B4_K05_I02-03-06-08-09,Branch4,5,4,Location4,1,,69.4976160620549,2.14909562686402,0.35,0.935998798076151,0.0374999999999999,5.49720433075537,21
303,B4_K05_I02-03-07-08-09,Branch4,5,1,Location1,1,,122.69250824146,-7.90320773348459,-0.535,0.833587877790938,-0.1375,11.2797465158819,21
303,B4_K05_I02-03-07-08-09,Branch4,5,2,Location2,1,,143.408484330824,-4.87602486961296,-0.8,0.59394865097919,-0.085,16.4164675000547,21
303,B4_K05_I02-03-07-08-09,Branch4,5,3,Location3,1,,95.8891367114247,2.57918105164837,-0.1025,0.993714622011773,0.0449999999999999,8.47525337559886,21
303,B4_K05_I02-03-07-08-09,Branch4,5,4,Location4,1,,69.4955373017906,2.29244277595588,0.35,0.935895293288731,0.0399999999999999,5.63841616718822,21
304,B4_K05_I02-04-05-06-07,Branch4,5,1,Location1,1,,122.508162615007,-7.75861988858682,-0.5325,0.835594847997521,-0.135,11.0538294724398,21
304,B4_K05_I02-04-05-06-07,Branch4,5,2,Location2,1,,143.305091831897,-3.87040801131097,-0.8,0.596191034820216,-0.0674999999999999,16.2209760781084,21
304,B4_K05_I02-04-05-06-07,Branch4,5,3,Location3,1,,96.033301028903,2.57918105164837,-0.105,0.993453572141144,0.0449999999999999,8.57595304950169,21
304,B4_K05_I02-04-05-06-07,Branch4,5,4,Location4,1,,69.3445055862579,2.14909562686402,0.3525,0.93506015849249,0.0374999999999999,5.47473766066972,21
305,B4_K05_I02-04-05-06-08,Branch4,5,1,Location1,1,,122.508162615007,-7.75861988858682,-0.5325,0.835594847997521,-0.135,11.0538294724398,21
305,B4_K05_I02-04-05-06-08,Branch4,5,2,Location2,1,,143.618019979014,-4.58856573578583,-0.8025,0.591264534705067,-0.08,16.5916732698491,21
305,B4_K05_I02-04-05-06-08,Branch4,5,3,Location3,1,,96.033301028903,2.57918105164837,-0.105,0.993453572141144,0.0449999999999999,8.57595304950169,21
305,B4_K05_I02-04-05-06-08,Branch4,5,4,Location4,1,,69.4955373017906,2.29244277595588,0.35,0.935895293288731,0.0399999999999999,5.63841616718822,21
306,B4_K05_I02-04-05-06-09,Branch4,5,1,Location1,1,,122.508162615007,-7.75861988858682,-0.5325,0.835594847997521,-0.135,11.0538294724398,21
306,B4_K05_I02-04-05-06-09,Branch4,5,2,Location2,1,,144.018941621924,-3.72685314248215,-0.8075,0.586275319282673,-0.0649999999999999,16.9239235534271,21
306,B4_K05_I02-04-05-06-09,Branch4,5,3,Location3,1,,96.033301028903,2.57918105164837,-0.105,0.993453572141144,0.0449999999999999,8.57595304950169,21
306,B4_K05_I02-04-05-06-09,Branch4,5,4,Location4,1,,69.3445055862579,2.14909562686402,0.3525,0.93506015849249,0.0374999999999999,5.47473766066972,21
307,B4_K05_I02-04-05-07-08,Branch4,5,1,Location1,1,,122.69250824146,-7.90320773348459,-0.535,0.833587877790938,-0.1375,11.2797465158819,21
307,B4_K05_I02-04-05-07-08,Branch4,5,2,Location2,1,,143.845440594687,-4.44488001787759,-0.805,0.588191082897386,-0.0775,16.803180018571,21
307,B4_K05_I02-04-05-07-08,Branch4,5,3,Location3,1,,96.033301028903,2.57918105164837,-0.105,0.993453572141144,0.0449999999999999,8.57595304950169,21
307,B4_K05_I02-04-05-07-08,Branch4,5,4,Location4,1,,69.4976160620549,2.14909562686402,0.35,0.935998798076151,0.0374999999999999,5.49720433075537,21
308,B4_K05_I02-04-05-07-09,Branch4,5,1,Location1,1,,122.69250824146,-7.90320773348459,-0.535,0.833587877790938,-0.1375,11.2797465158819,21
308,B4_K05_I02-04-05-07-09,Branch4,5,2,Location2,1,,143.618019979014,-4.58856573578583,-0.8025,0.591264534705067,-0.08,16.5916732698491,21
308,B4_K05_I02-04-05-07-09,Branch4,5,3,Location3,1,,96.033301028903,2.57918105164837,-0.105,0.993453572141144,0.0449999999999999,8.57595304950169,21
308,B4_K05_I02-04-05-07-09,Branch4,5,4,Location4,1,,69.3445055862579,2.14909562686401,0.3525,0.93506015849249,0.0374999999999999,5.47473766066972,21
309,B4_K05_I02-04-05-08-09,Branch4,5,1,Location1,1,,122.520838192328,-7.90320773348459,-0.5325,0.835187104785509,-0.1375,11.1251288876582,21
309,B4_K05_I02-04-05-08-09,Branch4,5,2,Location2,1,,144.210273733587,-5.45131981241778,-0.8075,0.582167286954532,-0.095,17.2850512570873,21
309,B4_K05_I02-04-05-08-09,Branch4,5,3,Location3,1,,96.033301028903,2.57918105164837,-0.105,0.993453572141144,0.0449999999999999,8.57595304950169,21
309,B4_K05_I02-04-05-08-09,Branch4,5,4,Location4,1,,69.4955373017906,2.29244277595588,0.35,0.935895293288731,0.0399999999999999,5.63841616718822,21
310,B4_K05_I02-04-06-07-08,Branch4,5,1,Location1,1,,122.667238027177,-7.61408173959389,-0.535,0.834397237531381,-0.1325,11.1403286567395,21
310,B4_K05_I02-04-06-07-08,Branch4,5,2,Location2,1,,143.633925674789,-4.73228037895821,-0.8025,0.590920891490561,-0.0825,16.6228504728193,21
310,B4_K05_I02-04-06-07-08,Branch4,5,3,Location3,1,,96.0326374522384,2.43580428350657,-0.105,0.993563661775128,0.0424999999999999,8.4741818022773,21
310,B4_K05_I02-04-06-07-08,Branch4,5,4,Location4,1,,69.3424098758504,2.29244277595588,0.3525,0.934956549792556,0.0399999999999999,5.6165691875335,21
311,B4_K05_I02-04-06-07-09,Branch4,5,1,Location1,1,,122.508162615007,-7.75861988858682,-0.5325,0.835594847997521,-0.135,11.0538294724398,21
311,B4_K05_I02-04-06-07-09,Branch4,5,2,Location2,1,,143.587720428338,-4.30122230467036,-0.8025,0.591919546898056,-0.075,16.5343249680969,21
311,B4_K05_I02-04-06-07-09,Branch4,5,3,Location3,1,,96.033301028903,2.57918105164837,-0.105,0.993453572141144,0.0449999999999999,8.57595304950169,21
311,B4_K05_I02-04-06-07-09,Branch4,5,4,Location4,1,,69.3424098758504,2.29244277595588,0.3525,0.934956549792556,0.0399999999999999,5.6165691875335,21
312,B4_K05_I02-04-06-08-09,Branch4,5,1,Location1,1,,122.667238027177,-7.61408173959389,-0.535,0.834397237531381,-0.1325,11.1403286567395,21
312,B4_K05_I02-04-06-08-09,Branch4,5,2,Location2,1,,143.860979365318,-4.58856573578583,-0.805,0.587856274951625,-0.08,16.8325838898585,21
312,B4_K05_I02-04-06-08-09,Branch4,5,3,Location3,1,,96.033301028903,2.57918105164837,-0.105,0.993453572141144,0.0449999999999999,8.57595304950169,21
312,B4_K05_I02-04-06-08-09,Branch4,5,4,Location4,1,,69.3424098758504,2.29244277595588,0.3525,0.934956549792556,0.0399999999999999,5.6165691875335,21
313,B4_K05_I02-04-07-08-09,Branch4,5,1,Location1,1,,122.679748734251,-7.75861988858682,-0.535,0.83399640286994,-0.135,11.2092054617996,21
313,B4_K05_I02-04-07-08-09,Branch4,5,2,Location2,1,,144.138257942844,-4.87602486961296,-0.8075,0.58371118714652,-0.085,17.1384751886569,21
313,B4_K05_I02-04-07-08-09,Branch4,5,3,Location3,1,,96.0326374522384,2.43580428350657,-0.105,0.993563661775128,0.0424999999999999,8.4741818022773,21
313,B4_K05_I02-04-07-08-09,Branch4,5,4,Location4,1,,69.3424098758504,2.29244277595588,0.3525,0.934956549792556,0.0399999999999999,5.6165691875335,21
314,B4_K05_I02-05-06-07-08,Branch4,5,1,Location1,1,,122.679748734251,-7.75861988858682,-0.535,0.83399640286994,-0.135,11.2092054617996,21
314,B4_K05_I02-05-06-07-08,Branch4,5,2,Location2,1,,143.602618707897,-4.44488001787759,-0.8025,0.591597413787451,-0.0775,16.5621628506824,21
314,B4_K05_I02-05-06-07-08,Branch4,5,3,Location3,1,,96.033301028903,2.57918105164837,-0.105,0.993453572141144,0.0449999999999999,8.57595304950169,21
314,B4_K05_I02-05-06-07-08,Branch4,5,4,Location4,1,,69.4995601356051,2.00576193490982,0.35,0.936095614774474,0.0349999999999999,5.35609750914218,21
315,B4_K05_I02-05-06-07-09,Branch4,5,1,Location1,1,,122.69250824146,-7.90320773348459,-0.535,0.833587877790938,-0.1375,11.2797465158819,21
315,B4_K05_I02-05-06-07-09,Branch4,5,2,Location2,1,,143.078670528239,-4.01398721805631,-0.7975,0.599244315784472,-0.07,16.0053319811977,21
315,B4_K05_I02-05-06-07-09,Branch4,5,3,Location3,1,,96.033301028903,2.57918105164837,-0.105,0.993453572141144,0.0449999999999999,8.57595304950169,21
315,B4_K05_I02-05-06-07-09,Branch4,5,4,Location4,1,,69.4995601356051,2.00576193490982,0.35,0.936095614774474,0.0349999999999999,5.35609750914218,21
316,B4_K05_I02-05-06-08-09,Branch4,5,1,Location1,1,,122.679748734251,-7.75861988858682,-0.535,0.83399640286994,-0.135,11.2092054617996,21
316,B4_K05_I02-05-06-08-09,Branch4,5,2,Location2,1,,143.587720428338,-4.30122230467036,-0.8025,0.591919546898056,-0.075,16.5343249680969,21
316,B4_K05_I02-05-06-08-09,Branch4,5,3,Location3,1,,96.033301028903,2.57918105164837,-0.105,0.993453572141144,0.0449999999999999,8.57595304950169,21
316,B4_K05_I02-05-06-08-09,Branch4,5,4,Location4,1,,69.6505736941013,2.14909562686401,0.3475,0.936929826614566,0.0374999999999999,5.52379292677837,21
317,B4_K05_I02-05-07-08-09,Branch4,5,1,Location1,1,,122.69250824146,-7.90320773348459,-0.535,0.833587877790938,-0.1375,11.2797465158819,21
317,B4_K05_I02-05-07-08-09,Branch4,5,2,Location2,1,,143.618019979014,-4.58856573578583,-0.8025,0.591264534705067,-0.08,16.5916732698491,21
317,B4_K05_I02-05-07-08-09,Branch4,5,3,Location3,1,,96.033301028903,2.57918105164837,-0.105,0.993453572141144,0.0449999999999999,8.57595304950169,21
317,B4_K05_I02-05-07-08-09,Branch4,5,4,Location4,1,,69.4995601356051,2.00576193490982,0.35,0.936095614774474,0.0349999999999999,5.35609750914218,21
318,B4_K05_I02-06-07-08-09,Branch4,5,1,Location1,1,,122.679748734251,-7.75861988858682,-0.535,0.83399640286994,-0.135,11.2092054617996,21
318,B4_K05_I02-06-07-08-09,Branch4,5,2,Location2,1,,143.667256322953,-5.01980013167812,-0.8025,0.590201236867562,-0.0875,16.6901805169901,21
318,B4_K05_I02-06-07-08-09,Branch4,5,3,Location3,1,,96.0326374522384,2.43580428350657,-0.105,0.993563661775128,0.0424999999999999,8.4741818022773,21
318,B4_K05_I02-06-07-08-09,Branch4,5,4,Location4,1,,69.6485118332635,2.29244277595588,0.3475,0.936826424691362,0.0399999999999999,5.6642885045171,21
319,B4_K05_I03-04-05-06-07,Branch4,5,1,Location1,1,,122.312454729548,-7.46959231641693,-0.53,0.837973746605465,-0.13,10.760131209736,21
319,B4_K05_I03-04-05-06-07,Branch4,5,2,Location2,1,,143.602618707897,-4.44488001787759,-0.8025,0.591597413787451,-0.0775,16.5621628506824,21
319,B4_K05_I03-04-05-06-07,Branch4,5,3,Location3,1,,96.0340027623943,2.72257398337613,-0.105,0.993337178404191,0.0474999999999999,8.67892896291791,21
319,B4_K05_I03-04-05-06-07,Branch4,5,4,Location4,1,,69.4995601356051,2.00576193490982,0.35,0.936095614774474,0.0349999999999999,5.35609750914218,21
320,B4_K05_I03-04-05-06-08,Branch4,5,1,Location1,1,,122.495734178207,-7.61408173959389,-0.5325,0.835994916252485,-0.1325,10.9842034657581,21
320,B4_K05_I03-04-05-06-08,Branch4,5,2,Location2,1,,143.376450948356,-4.58856573578583,-0.8,0.59464274989274,-0.08,16.3521859430315,21
320,B4_K05_I03-04-05-06-08,Branch4,5,3,Location3,1,,96.033301028903,2.57918105164837,-0.105,0.993453572141144,0.0449999999999999,8.57595304950169,21
320,B4_K05_I03-04-05-06-08,Branch4,5,4,Location4,1,,69.4976160620549,2.14909562686401,0.35,0.935998798076151,0.0374999999999999,5.49720433075537,21
321,B4_K05_I03-04-05-06-09,Branch4,5,1,Location1,1,,122.324556703748,-7.61408173959389,-0.53,0.837582085529532,-0.1325,10.8288137870786,21
321,B4_K05_I03-04-05-06-09,Branch4,5,2,Location2,1,,143.559427358805,-4.01398721805631,-0.8025,0.592531644724567,-0.07,16.483688053051,21
321,B4_K05_I03-04-05-06-09,Branch4,5,3,Location3,1,,95.8891367114247,2.57918105164837,-0.1025,0.993714622011773,0.0449999999999999,8.47525337559886,21
321,B4_K05_I03-04-05-06-09,Branch4,5,4,Location4,1,,69.4976160620549,2.14909562686401,0.35,0.935998798076151,0.0374999999999999,5.49720433075537,21
322,B4_K05_I03-04-05-07-08,Branch4,5,1,Location1,1,,122.508162615007,-7.75861988858682,-0.5325,0.835594847997521,-0.135,11.0538294724398,21
322,B4_K05_I03-04-05-07-08,Branch4,5,2,Location2,1,,143.376450948356,-4.58856573578583,-0.8,0.59464274989274,-0.08,16.3521859430315,21
322,B4_K05_I03-04-05-07-08,Branch4,5,3,Location3,1,,96.033301028903,2.57918105164837,-0.105,0.993453572141144,0.0449999999999999,8.57595304950169,21
322,B4_K05_I03-04-05-07-08,Branch4,5,4,Location4,1,,69.4976160620549,2.14909562686401,0.35,0.935998798076151,0.0374999999999999,5.49720433075537,21
323,B4_K05_I03-04-05-07-09,Branch4,5,1,Location1,1,,122.508162615007,-7.75861988858682,-0.5325,0.835594847997521,-0.135,11.0538294724398,21
323,B4_K05_I03-04-05-07-09,Branch4,5,2,Location2,1,,143.618019979014,-4.58856573578583,-0.8025,0.591264534705067,-0.08,16.5916732698491,21
323,B4_K05_I03-04-05-07-09,Branch4,5,3,Location3,1,,95.8891367114247,2.57918105164837,-0.1025,0.993714622011773,0.0449999999999999,8.47525337559886,21
323,B4_K05_I03-04-05-07-09,Branch4,5,4,Location4,1,,69.4995601356051,2.00576193490982,0.35,0.936095614774474,0.0349999999999999,5.35609750914218,21
324,B4_K05_I03-04-05-08-09,Branch4,5,1,Location1,1,,122.508162615007,-7.75861988858682,-0.5325,0.835594847997521,-0.135,11.0538294724398,21
324,B4_K05_I03-04-05-08-09,Branch4,5,2,Location2,1,,143.740039372557,-5.59522743552786,-0.8025,0.588631888364876,-0.0975,16.8445521661108,21
324,B4_K05_I03-04-05-08-09,Branch4,5,3,Location3,1,,95.8891367114247,2.57918105164837,-0.1025,0.993714622011773,0.0449999999999999,8.47525337559886,21
324,B4_K05_I03-04-05-08-09,Branch4,5,4,Location4,1,,69.6505736941013,2.14909562686401,0.3475,0.936929826614566,0.0374999999999999,5.52379292677837,21
325,B4_K05_I03-04-06-07-08,Branch4,5,1,Location1,1,,122.483552045589,-7.46959231641693,-0.5325,0.836387320563864,-0.13,10.9162793085651,21
325,B4_K05_I03-04-06-07-08,Branch4,5,2,Location2,1,,143.650337278282,-4.87602486961296,-0.8025,0.590566465353393,-0.085,16.6556883643547,21
325,B4_K05_I03-04-06-07-08,Branch4,5,3,Location3,1,,96.0326374522384,2.43580428350657,-0.105,0.993563661775128,0.0424999999999999,8.4741818022773,21
325,B4_K05_I03-04-06-07-08,Branch4,5,4,Location4,1,,69.4976160620549,2.14909562686402,0.35,0.935998798076151,0.0374999999999999,5.49720433075537,21
326,B4_K05_I03-04-06-07-09,Branch4,5,1,Location1,1,,122.495734178207,-7.61408173959389,-0.5325,0.835994916252485,-0.1325,10.9842034657581,21
326,B4_K05_I03-04-06-07-09,Branch4,5,2,Location2,1,,143.332146689146,-4.15759167720182,-0.8,0.5956036853479,-0.0725,16.2683757672907,21
326,B4_K05_I03-04-06-07-09,Branch4,5,3,Location3,1,,95.8891367114247,2.57918105164837,-0.1025,0.993714622011773,0.0449999999999999,8.47525337559886,21
326,B4_K05_I03-04-06-07-09,Branch4,5,4,Location4,1,,69.4976160620549,2.14909562686402,0.35,0.935998798076151,0.0374999999999999,5.49720433075537,21
327,B4_K05_I03-04-06-08-09,Branch4,5,1,Location1,1,,122.495734178207,-7.61408173959389,-0.5325,0.835994916252485,-0.1325,10.9842034657581,21
327,B4_K05_I03-04-06-08-09,Branch4,5,2,Location2,1,,143.602618707897,-4.44488001787759,-0.8025,0.591597413787451,-0.0775,16.5621628506824,21
327,B4_K05_I03-04-06-08-09,Branch4,5,3,Location3,1,,95.8891367114247,2.57918105164837,-0.1025,0.993714622011773,0.0449999999999999,8.47525337559886,21
327,B4_K05_I03-04-06-08-09,Branch4,5,4,Location4,1,,69.4976160620549,2.14909562686402,0.35,0.935998798076151,0.0374999999999999,5.49720433075537,21
328,B4_K05_I03-04-07-08-09,Branch4,5,1,Location1,1,,122.679748734251,-7.75861988858682,-0.535,0.83399640286994,-0.135,11.2092054617996,21
328,B4_K05_I03-04-07-08-09,Branch4,5,2,Location2,1,,143.91065596465,-5.01980013167812,-0.805,0.58678680114672,-0.0875,16.9306973648369,21
328,B4_K05_I03-04-07-08-09,Branch4,5,3,Location3,1,,95.8884891043574,2.43580428350657,-0.1025,0.993824682728297,0.0424999999999999,8.37227853953572,21
328,B4_K05_I03-04-07-08-09,Branch4,5,4,Location4,1,,69.4955373017906,2.29244277595588,0.35,0.935895293288731,0.0399999999999999,5.63841616718822,21
329,B4_K05_I03-05-06-07-08,Branch4,5,1,Location1,1,,122.508162615007,-7.75861988858682,-0.5325,0.835594847997521,-0.135,11.0538294724398,21
329,B4_K05_I03-05-06-07-08,Branch4,5,2,Location2,1,,142.882370979987,-4.44488001787759,-0.795,0.601638388070442,-0.0775,15.8475018423652,21
329,B4_K05_I03-05-06-07-08,Branch4,5,3,Location3,1,,96.033301028903,2.57918105164837,-0.105,0.993453572141144,0.0449999999999999,8.57595304950169,21
329,B4_K05_I03-05-06-07-08,Branch4,5,4,Location4,1,,69.4995601356051,2.00576193490982,0.35,0.936095614774474,0.0349999999999999,5.35609750914218,21
330,B4_K05_I03-05-06-07-09,Branch4,5,1,Location1,1,,122.508162615007,-7.75861988858682,-0.5325,0.835594847997521,-0.135,11.0538294724398,21
330,B4_K05_I03-05-06-07-09,Branch4,5,2,Location2,1,,143.106472035412,-4.30122230467036,-0.7975,0.598639081584221,-0.075,16.0563034102923,21
330,B4_K05_I03-05-06-07-09,Branch4,5,3,Location3,1,,95.8891367114247,2.57918105164837,-0.1025,0.993714622011773,0.0449999999999999,8.47525337559886,21
330,B4_K05_I03-05-06-07-09,Branch4,5,4,Location4,1,,69.4995601356051,2.00576193490982,0.35,0.936095614774474,0.0349999999999999,5.35609750914218,21
331,B4_K05_I03-05-06-08-09,Branch4,5,1,Location1,1,,122.508162615007,-7.75861988858682,-0.5325,0.835594847997521,-0.135,11.0538294724398,21
331,B4_K05_I03-05-06-08-09,Branch4,5,2,Location2,1,,143.392216961646,-4.73228037895821,-0.8,0.594301060069726,-0.0825,16.3834900282326,21
331,B4_K05_I03-05-06-08-09,Branch4,5,3,Location3,1,,95.8891367114247,2.57918105164837,-0.1025,0.993714622011773,0.0449999999999999,8.47525337559886,21
331,B4_K05_I03-05-06-08-09,Branch4,5,4,Location4,1,,69.65250196358,2.00576193490982,0.3475,0.937026547115929,0.0349999999999999,5.38343557468632,21
332,B4_K05_I03-05-07-08-09,Branch4,5,1,Location1,1,,122.508162615007,-7.75861988858682,-0.5325,0.835594847997521,-0.135,11.0538294724398,21
332,B4_K05_I03-05-07-08-09,Branch4,5,2,Location2,1,,143.408484330824,-4.87602486961296,-0.8,0.59394865097919,-0.085,16.4164675000547,21
332,B4_K05_I03-05-07-08-09,Branch4,5,3,Location3,1,,95.8891367114247,2.57918105164837,-0.1025,0.993714622011773,0.0449999999999999,8.47525337559886,21
332,B4_K05_I03-05-07-08-09,Branch4,5,4,Location4,1,,69.65250196358,2.00576193490982,0.3475,0.937026547115929,0.0349999999999999,5.38343557468632,21
333,B4_K05_I03-06-07-08-09,Branch4,5,1,Location1,1,,122.495734178207,-7.61408173959389,-0.5325,0.835994916252485,-0.1325,10.9842034657581,21
333,B4_K05_I03-06-07-08-09,Branch4,5,2,Location2,1,,143.121111215259,-4.44488001787759,-0.7975,0.598320566251905,-0.0775,16.0843497819963,21
333,B4_K05_I03-06-07-08-09,Branch4,5,3,Location3,1,,95.8891367114247,2.57918105164837,-0.1025,0.993714622011773,0.0449999999999999,8.47525337559886,21
333,B4_K05_I03-06-07-08-09,Branch4,5,4,Location4,1,,69.4976160620549,2.14909562686402,0.35,0.935998798076151,0.0374999999999999,5.49720433075537,21
334,B4_K05_I04-05-06-07-08,Branch4,5,1,Location1,1,,122.483552045589,-7.46959231641693,-0.5325,0.836387320563864,-0.13,10.9162793085651,21
334,B4_K05_I04-05-06-07-08,Branch4,5,2,Location2,1,,142.912867169627,-4.73228037895821,-0.795,0.600973169118223,-0.0825,15.908958525554,21
334,B4_K05_I04-05-06-07-08,Branch4,5,3,Location3,1,,96.0340027623943,2.72257398337613,-0.105,0.993337178404191,0.0474999999999999,8.67892896291791,21
334,B4_K05_I04-05-06-07-08,Branch4,5,4,Location4,1,,69.4955373017906,2.29244277595588,0.35,0.935895293288731,0.0399999999999999,5.63841616718822,21
335,B4_K05_I04-05-06-07-09,Branch4,5,1,Location1,1,,122.495734178207,-7.61408173959389,-0.5325,0.835994916252485,-0.1325,10.9842034657581,21
335,B4_K05_I04-05-06-07-09,Branch4,5,2,Location2,1,,143.332146689146,-4.15759167720182,-0.8,0.5956036853479,-0.0725,16.2683757672907,21
335,B4_K05_I04-05-06-07-09,Branch4,5,3,Location3,1,,95.8898215569978,2.72257398337613,-0.1025,0.993598258855157,0.0474999999999999,8.57941727273049,21
335,B4_K05_I04-05-06-07-09,Branch4,5,4,Location4,1,,69.3424098758504,2.29244277595588,0.3525,0.934956549792556,0.0399999999999999,5.6165691875335,21
336,B4_K05_I04-05-06-08-09,Branch4,5,1,Location1,1,,122.495734178207,-7.61408173959389,-0.5325,0.835994916252485,-0.1325,10.9842034657581,21
336,B4_K05_I04-05-06-08-09,Branch4,5,2,Location2,1,,143.332146689146,-4.15759167720182,-0.8,0.5956036853479,-0.0725,16.2683757672907,21
336,B4_K05_I04-05-06-08-09,Branch4,5,3,Location3,1,,96.0340027623943,2.72257398337613,-0.105,0.993337178404191,0.0474999999999999,8.67892896291791,21
336,B4_K05_I04-05-06-08-09,Branch4,5,4,Location4,1,,69.4955373017906,2.29244277595588,0.35,0.935895293288731,0.0399999999999999,5.63841616718822,21
337,B4_K05_I04-05-07-08-09,Branch4,5,1,Location1,1,,122.679748734251,-7.75861988858682,-0.535,0.83399640286994,-0.135,11.2092054617996,21
337,B4_K05_I04-05-07-08-09,Branch4,5,2,Location2,1,,143.408484330824,-4.87602486961296,-0.8,0.59394865097919,-0.085,16.4164675000547,21
337,B4_K05_I04-05-07-08-09,Branch4,5,3,Location3,1,,95.8891367114247,2.57918105164837,-0.1025,0.993714622011773,0.0449999999999999,8.47525337559886,21
337,B4_K05_I04-05-07-08-09,Branch4,5,4,Location4,1,,69.4955373017906,2.29244277595588,0.35,0.935895293288731,0.0399999999999999,5.63841616718822,21
338,B4_K05_I04-06-07-08-09,Branch4,5,1,Location1,1,,122.667238027177,-7.61408173959389,-0.535,0.834397237531381,-0.1325,11.1403286567395,21
338,B4_K05_I04-06-07-08-09,Branch4,5,2,Location2,1,,143.633925674789,-4.73228037895821,-0.8025,0.590920891490561,-0.0825,16.6228504728193,21
338,B4_K05_I04-06-07-08-09,Branch4,5,3,Location3,1,,95.8891367114247,2.57918105164837,-0.1025,0.993714622011773,0.0449999999999999,8.47525337559886,21
338,B4_K05_I04-06-07-08-09,Branch4,5,4,Location4,1,,69.4933237319233,2.43580428350657,0.35,0.935785098192956,0.0424999999999999,5.77972734472995,21
339,B4_K05_I05-06-07-08-09,Branch4,5,1,Location1,1,,122.667238027177,-7.61408173959389,-0.535,0.834397237531381,-0.1325,11.1403286567395,21
339,B4_K05_I05-06-07-08-09,Branch4,5,2,Location2,1,,143.092325570974,-4.15759167720182,-0.7975,0.598946992646261,-0.0725,16.0299623147197,21
339,B4_K05_I05-06-07-08-09,Branch4,5,3,Location3,1,,95.8898215569978,2.72257398337613,-0.1025,0.993598258855157,0.0474999999999999,8.57941727273049,21
339,B4_K05_I05-06-07-08-09,Branch4,5,4,Location4,1,,69.4976160620549,2.14909562686401,0.35,0.935998798076151,0.0374999999999999,5.49720433075537,21
340,B4_K06_I01-02-03-04-05-06,Branch4,6,1,Location1,1,,122.495734178207,-7.61408173959389,-0.5325,0.835994916252485,-0.1325,10.9842034657581,21
340,B4_K06_I01-02-03-04-05-06,Branch4,6,2,Location2,1,,143.573323756781,-4.15759167720182,-0.8025,0.592230951572104,-0.0725,16.5081650225967,21
340,B4_K06_I01-02-03-04-05-06,Branch4,6,3,Location3,1,,96.0340027623943,2.72257398337613,-0.105,0.993337178404191,0.0474999999999999,8.67892896291791,21
340,B4_K06_I01-02-03-04-05-06,Branch4,6,4,Location4,1,,69.3445055862579,2.14909562686401,0.3525,0.93506015849249,0.0374999999999999,5.47473766066972,21
341,B4_K06_I01-02-03-04-05-07,Branch4,6,1,Location1,1,,122.520838192328,-7.90320773348459,-0.5325,0.835187104785509,-0.1375,11.1251288876582,21
341,B4_K06_I01-02-03-04-05-07,Branch4,6,2,Location2,1,,143.361184830953,-4.44488001787759,-0.8,0.594973738916265,-0.0775,16.3225615992363,21
341,B4_K06_I01-02-03-04-05-07,Branch4,6,3,Location3,1,,96.033301028903,2.57918105164837,-0.105,0.993453572141144,0.0449999999999999,8.57595304950169,21
341,B4_K06_I01-02-03-04-05-07,Branch4,6,4,Location4,1,,69.4976160620549,2.14909562686401,0.35,0.935998798076151,0.0374999999999999,5.49720433075537,21
342,B4_K06_I01-02-03-04-05-08,Branch4,6,1,Location1,1,,122.508162615007,-7.75861988858682,-0.5325,0.835594847997521,-0.135,11.0538294724398,21
342,B4_K06_I01-02-03-04-05-08,Branch4,6,2,Location2,1,,143.928240120886,-5.16360709084638,-0.805,0.586408560646926,-0.09,16.9666819329403,21
342,B4_K06_I01-02-03-04-05-08,Branch4,6,3,Location3,1,,96.033301028903,2.57918105164837,-0.105,0.993453572141144,0.0449999999999999,8.57595304950169,21
342,B4_K06_I01-02-03-04-05-08,Branch4,6,4,Location4,1,,69.4976160620549,2.14909562686401,0.35,0.935998798076151,0.0374999999999999,5.49720433075537,21
343,B4_K06_I01-02-03-04-05-09,Branch4,6,1,Location1,1,,122.508162615007,-7.75861988858682,-0.5325,0.835594847997521,-0.135,11.0538294724398,21
343,B4_K06_I01-02-03-04-05-09,Branch4,6,2,Location2,1,,144.305271308658,-4.15759167720182,-0.81,0.58193105261706,-0.0725,17.236059368691,21
343,B4_K06_I01-02-03-04-05-09,Branch4,6,3,Location3,1,,96.033301028903,2.57918105164837,-0.105,0.993453572141144,0.0449999999999999,8.57595304950169,21
343,B4_K06_I01-02-03-04-05-09,Branch4,6,4,Location4,1,,69.6505736941013,2.14909562686401,0.3475,0.936929826614566,0.0374999999999999,5.52379292677837,21
344,B4_K06_I01-02-03-04-06-07,Branch4,6,1,Location1,1,,122.508162615007,-7.75861988858682,-0.5325,0.835594847997521,-0.135,11.0538294724398,21
344,B4_K06_I01-02-03-04-06-07,Branch4,6,2,Location2,1,,143.346417198589,-4.30122230467036,-0.8,0.595294044989533,-0.075,16.2946229961618,21
344,B4_K06_I01-02-03-04-06-07,Branch4,6,3,Location3,1,,96.033301028903,2.57918105164837,-0.105,0.993453572141144,0.0449999999999999,8.57595304950169,21
344,B4_K06_I01-02-03-04-06-07,Branch4,6,4,Location4,1,,69.3445055862579,2.14909562686402,0.3525,0.93506015849249,0.0374999999999999,5.47473766066972,21
345,B4_K06_I01-02-03-04-06-08,Branch4,6,1,Location1,1,,122.495734178207,-7.61408173959389,-0.5325,0.835994916252485,-0.1325,10.9842034657581,21
345,B4_K06_I01-02-03-04-06-08,Branch4,6,2,Location2,1,,143.602618707897,-4.44488001787759,-0.8025,0.591597413787451,-0.0775,16.5621628506824,21
345,B4_K06_I01-02-03-04-06-08,Branch4,6,3,Location3,1,,96.033301028903,2.57918105164837,-0.105,0.993453572141144,0.0449999999999999,8.57595304950169,21
345,B4_K06_I01-02-03-04-06-08,Branch4,6,4,Location4,1,,69.4955373017906,2.29244277595588,0.35,0.935895293288731,0.0399999999999999,5.63841616718822,21
346,B4_K06_I01-02-03-04-06-09,Branch4,6,1,Location1,1,,122.495734178207,-7.61408173959389,-0.5325,0.835994916252485,-0.1325,10.9842034657581,21
346,B4_K06_I01-02-03-04-06-09,Branch4,6,2,Location2,1,,143.815884384282,-4.15759167720182,-0.805,0.588828285665694,-0.0725,16.749356783422,21
346,B4_K06_I01-02-03-04-06-09,Branch4,6,3,Location3,1,,96.033301028903,2.57918105164837,-0.105,0.993453572141144,0.0449999999999999,8.57595304950169,21
346,B4_K06_I01-02-03-04-06-09,Branch4,6,4,Location4,1,,69.4955373017906,2.29244277595588,0.35,0.935895293288731,0.0399999999999999,5.63841616718822,21
347,B4_K06_I01-02-03-04-07-08,Branch4,6,1,Location1,1,,122.69250824146,-7.90320773348459,-0.535,0.833587877790938,-0.1375,11.2797465158819,21
347,B4_K06_I01-02-03-04-07-08,Branch4,6,2,Location2,1,,143.650337278282,-4.87602486961296,-0.8025,0.590566465353393,-0.085,16.6556883643547,21
347,B4_K06_I01-02-03-04-07-08,Branch4,6,3,Location3,1,,96.0326374522384,2.43580428350657,-0.105,0.993563661775128,0.0424999999999999,8.4741818022773,21
347,B4_K06_I01-02-03-04-07-08,Branch4,6,4,Location4,1,,69.3424098758504,2.29244277595588,0.3525,0.934956549792556,0.0399999999999999,5.6165691875335,21
348,B4_K06_I01-02-03-04-07-09,Branch4,6,1,Location1,1,,122.69250824146,-7.90320773348459,-0.535,0.833587877790938,-0.1375,11.2797465158819,21
348,B4_K06_I01-02-03-04-07-09,Branch4,6,2,Location2,1,,143.618019979014,-4.58856573578583,-0.8025,0.591264534705067,-0.08,16.5916732698491,21
348,B4_K06_I01-02-03-04-07-09,Branch4,6,3,Location3,1,,95.8891367114247,2.57918105164837,-0.1025,0.993714622011773,0.0449999999999999,8.47525337559886,21
348,B4_K06_I01-02-03-04-07-09,Branch4,6,4,Location4,1,,69.3445055862579,2.14909562686402,0.3525,0.93506015849249,0.0374999999999999,5.47473766066972,21
349,B4_K06_I01-02-03-04-08-09,Branch4,6,1,Location1,1,,122.69250824146,-7.90320773348459,-0.535,0.833587877790938,-0.1375,11.2797465158819,21
349,B4_K06_I01-02-03-04-08-09,Branch4,6,2,Location2,1,,143.928240120886,-5.16360709084638,-0.805,0.586408560646926,-0.09,16.9666819329403,21
349,B4_K06_I01-02-03-04-08-09,Branch4,6,3,Location3,1,,96.0326374522384,2.43580428350657,-0.105,0.993563661775128,0.0424999999999999,8.4741818022773,21
349,B4_K06_I01-02-03-04-08-09,Branch4,6,4,Location4,1,,69.4976160620549,2.14909562686402,0.35,0.935998798076151,0.0374999999999999,5.49720433075537,21
350,B4_K06_I01-02-03-05-06-07,Branch4,6,1,Location1,1,,122.508162615007,-7.75861988858682,-0.5325,0.835594847997521,-0.135,11.0538294724398,21
350,B4_K06_I01-02-03-05-06-07,Branch4,6,2,Location2,1,,143.361184830953,-4.44488001787759,-0.8,0.594973738916265,-0.0775,16.3225615992363,21
350,B4_K06_I01-02-03-05-06-07,Branch4,6,3,Location3,1,,96.033301028903,2.57918105164837,-0.105,0.993453572141144,0.0449999999999999,8.57595304950169,21
350,B4_K06_I01-02-03-05-06-07,Branch4,6,4,Location4,1,,69.4995601356051,2.00576193490982,0.35,0.936095614774474,0.0349999999999999,5.35609750914218,21
351,B4_K06_I01-02-03-05-06-08,Branch4,6,1,Location1,1,,122.508162615007,-7.75861988858682,-0.5325,0.835594847997521,-0.135,11.0538294724398,21
351,B4_K06_I01-02-03-05-06-08,Branch4,6,2,Location2,1,,143.618019979014,-4.58856573578583,-0.8025,0.591264534705067,-0.08,16.5916732698491,21
351,B4_K06_I01-02-03-05-06-08,Branch4,6,3,Location3,1,,96.033301028903,2.57918105164837,-0.105,0.993453572141144,0.0449999999999999,8.57595304950169,21
351,B4_K06_I01-02-03-05-06-08,Branch4,6,4,Location4,1,,69.4995601356051,2.00576193490982,0.35,0.936095614774474,0.0349999999999999,5.35609750914218,21
352,B4_K06_I01-02-03-05-06-09,Branch4,6,1,Location1,1,,122.495734178207,-7.61408173959389,-0.5325,0.835994916252485,-0.1325,10.9842034657581,21
352,B4_K06_I01-02-03-05-06-09,Branch4,6,2,Location2,1,,143.587720428338,-4.30122230467036,-0.8025,0.591919546898056,-0.075,16.5343249680969,21
352,B4_K06_I01-02-03-05-06-09,Branch4,6,3,Location3,1,,95.8891367114247,2.57918105164837,-0.1025,0.993714622011773,0.0449999999999999,8.47525337559886,21
352,B4_K06_I01-02-03-05-06-09,Branch4,6,4,Location4,1,,69.6505736941013,2.14909562686401,0.3475,0.936929826614566,0.0374999999999999,5.52379292677837,21
353,B4_K06_I01-02-03-05-07-08,Branch4,6,1,Location1,1,,122.69250824146,-7.90320773348459,-0.535,0.833587877790938,-0.1375,11.2797465158819,21
353,B4_K06_I01-02-03-05-07-08,Branch4,6,2,Location2,1,,143.650337278282,-4.87602486961296,-0.8025,0.590566465353393,-0.085,16.6556883643547,21
353,B4_K06_I01-02-03-05-07-08,Branch4,6,3,Location3,1,,96.033301028903,2.57918105164837,-0.105,0.993453572141144,0.0449999999999999,8.57595304950169,21
353,B4_K06_I01-02-03-05-07-08,Branch4,6,4,Location4,1,,69.4995601356051,2.00576193490982,0.35,0.936095614774474,0.0349999999999999,5.35609750914218,21
354,B4_K06_I01-02-03-05-07-09,Branch4,6,1,Location1,1,,122.69250824146,-7.90320773348459,-0.535,0.833587877790938,-0.1375,11.2797465158819,21
354,B4_K06_I01-02-03-05-07-09,Branch4,6,2,Location2,1,,143.392216961646,-4.73228037895821,-0.8,0.594301060069726,-0.0825,16.3834900282326,21
354,B4_K06_I01-02-03-05-07-09,Branch4,6,3,Location3,1,,95.8891367114247,2.57918105164837,-0.1025,0.993714622011773,0.0449999999999999,8.47525337559886,21
354,B4_K06_I01-02-03-05-07-09,Branch4,6,4,Location4,1,,69.4995601356051,2.00576193490982,0.35,0.936095614774474,0.0349999999999999,5.35609750914218,21
355,B4_K06_I01-02-03-05-08-09,Branch4,6,1,Location1,1,,122.520838192328,-7.90320773348459,-0.5325,0.835187104785509,-0.1375,11.1251288876582,21
355,B4_K06_I01-02-03-05-08-09,Branch4,6,2,Location2,1,,143.946339648551,-5.3074466746303,-0.805,0.58601941094131,-0.0925,17.0042954972734,21
355,B4_K06_I01-02-03-05-08-09,Branch4,6,3,Location3,1,,96.033301028903,2.57918105164837,-0.105,0.993453572141144,0.0449999999999999,8.57595304950169,21
355,B4_K06_I01-02-03-05-08-09,Branch4,6,4,Location4,1,,69.65250196358,2.00576193490982,0.3475,0.937026547115929,0.0349999999999999,5.38343557468632,21
356,B4_K06_I01-02-03-06-07-08,Branch4,6,1,Location1,1,,122.679748734251,-7.75861988858682,-0.535,0.83399640286994,-0.135,11.2092054617996,21
356,B4_K06_I01-02-03-06-07-08,Branch4,6,2,Location2,1,,143.121111215259,-4.44488001787759,-0.7975,0.598320566251905,-0.0775,16.0843497819963,21
356,B4_K06_I01-02-03-06-07-08,Branch4,6,3,Location3,1,,96.033301028903,2.57918105164837,-0.105,0.993453572141144,0.0449999999999999,8.57595304950169,21
356,B4_K06_I01-02-03-06-07-08,Branch4,6,4,Location4,1,,69.4955373017906,2.29244277595588,0.35,0.935895293288731,0.0399999999999999,5.63841616718822,21
357,B4_K06_I01-02-03-06-07-09,Branch4,6,1,Location1,1,,122.508162615007,-7.75861988858682,-0.5325,0.835594847997521,-0.135,11.0538294724398,21
357,B4_K06_I01-02-03-06-07-09,Branch4,6,2,Location2,1,,143.346417198589,-4.30122230467036,-0.8,0.595294044989533,-0.075,16.2946229961618,21
357,B4_K06_I01-02-03-06-07-09,Branch4,6,3,Location3,1,,95.8891367114247,2.57918105164837,-0.1025,0.993714622011773,0.0449999999999999,8.47525337559886,21
357,B4_K06_I01-02-03-06-07-09,Branch4,6,4,Location4,1,,69.4976160620549,2.14909562686402,0.35,0.935998798076151,0.0374999999999999,5.49720433075537,21
358,B4_K06_I01-02-03-06-08-09,Branch4,6,1,Location1,1,,122.495734178207,-7.61408173959389,-0.5325,0.835994916252485,-0.1325,10.9842034657581,21
358,B4_K06_I01-02-03-06-08-09,Branch4,6,2,Location2,1,,143.602618707897,-4.44488001787759,-0.8025,0.591597413787451,-0.0775,16.5621628506824,21
358,B4_K06_I01-02-03-06-08-09,Branch4,6,3,Location3,1,,95.8891367114247,2.57918105164837,-0.1025,0.993714622011773,0.0449999999999999,8.47525337559886,21
358,B4_K06_I01-02-03-06-08-09,Branch4,6,4,Location4,1,,69.4955373017906,2.29244277595588,0.35,0.935895293288731,0.0399999999999999,5.63841616718822,21
359,B4_K06_I01-02-03-07-08-09,Branch4,6,1,Location1,1,,122.69250824146,-7.90320773348458,-0.535,0.833587877790938,-0.1375,11.2797465158819,21
359,B4_K06_I01-02-03-07-08-09,Branch4,6,2,Location2,1,,143.408484330824,-4.87602486961296,-0.8,0.59394865097919,-0.085,16.4164675000547,21
359,B4_K06_I01-02-03-07-08-09,Branch4,6,3,Location3,1,,95.8891367114247,2.57918105164837,-0.1025,0.993714622011773,0.0449999999999999,8.47525337559886,21
359,B4_K06_I01-02-03-07-08-09,Branch4,6,4,Location4,1,,69.4955373017906,2.29244277595588,0.35,0.935895293288731,0.0399999999999999,5.63841616718822,21
360,B4_K06_I01-02-04-05-06-07,Branch4,6,1,Location1,1,,122.508162615007,-7.75861988858682,-0.5325,0.835594847997521,-0.135,11.0538294724398,21
360,B4_K06_I01-02-04-05-06-07,Branch4,6,2,Location2,1,,143.587720428338,-4.30122230467036,-0.8025,0.591919546898056,-0.075,16.5343249680969,21
360,B4_K06_I01-02-04-05-06-07,Branch4,6,3,Location3,1,,96.033301028903,2.57918105164837,-0.105,0.993453572141144,0.0449999999999999,8.57595304950169,21
360,B4_K06_I01-02-04-05-06-07,Branch4,6,4,Location4,1,,69.3445055862579,2.14909562686402,0.3525,0.93506015849249,0.0374999999999999,5.47473766066972,21
361,B4_K06_I01-02-04-05-06-08,Branch4,6,1,Location1,1,,122.508162615007,-7.75861988858682,-0.5325,0.835594847997521,-0.135,11.0538294724398,21
361,B4_K06_I01-02-04-05-06-08,Branch4,6,2,Location2,1,,143.860979365318,-4.58856573578583,-0.805,0.587856274951625,-0.08,16.8325838898585,21
361,B4_K06_I01-02-04-05-06-08,Branch4,6,3,Location3,1,,96.033301028903,2.57918105164837,-0.105,0.993453572141144,0.0449999999999999,8.57595304950169,21
361,B4_K06_I01-02-04-05-06-08,Branch4,6,4,Location4,1,,69.4955373017906,2.29244277595588,0.35,0.935895293288731,0.0399999999999999,5.63841616718822,21
362,B4_K06_I01-02-04-05-06-09,Branch4,6,1,Location1,1,,122.495734178207,-7.61408173959389,-0.5325,0.835994916252485,-0.1325,10.9842034657581,21
362,B4_K06_I01-02-04-05-06-09,Branch4,6,2,Location2,1,,144.059857083325,-4.15759167720182,-0.8075,0.585395165678706,-0.0725,16.9919786918736,21
362,B4_K06_I01-02-04-05-06-09,Branch4,6,3,Location3,1,,96.0340027623943,2.72257398337613,-0.105,0.993337178404191,0.0474999999999999,8.67892896291791,21
362,B4_K06_I01-02-04-05-06-09,Branch4,6,4,Location4,1,,69.4955373017906,2.29244277595588,0.35,0.935895293288731,0.0399999999999999,5.63841616718822,21
363,B4_K06_I01-02-04-05-07-08,Branch4,6,1,Location1,1,,122.69250824146,-7.90320773348458,-0.535,0.833587877790938,-0.1375,11.2797465158819,21
363,B4_K06_I01-02-04-05-07-08,Branch4,6,2,Location2,1,,143.893585517872,-4.87602486961296,-0.805,0.587154153523587,-0.085,16.8963485690724,21
363,B4_K06_I01-02-04-05-07-08,Branch4,6,3,Location3,1,,96.033301028903,2.57918105164837,-0.105,0.993453572141144,0.0449999999999999,8.57595304950169,21
363,B4_K06_I01-02-04-05-07-08,Branch4,6,4,Location4,1,,69.4976160620549,2.14909562686402,0.35,0.935998798076151,0.0374999999999999,5.49720433075537,21
364,B4_K06_I01-02-04-05-07-09,Branch4,6,1,Location1,1,,122.69250824146,-7.90320773348459,-0.535,0.833587877790938,-0.1375,11.2797465158819,21
364,B4_K06_I01-02-04-05-07-09,Branch4,6,2,Location2,1,,143.633925674789,-4.73228037895821,-0.8025,0.590920891490561,-0.0825,16.6228504728193,21
364,B4_K06_I01-02-04-05-07-09,Branch4,6,3,Location3,1,,96.033301028903,2.57918105164837,-0.105,0.993453572141144,0.0449999999999999,8.57595304950169,21
364,B4_K06_I01-02-04-05-07-09,Branch4,6,4,Location4,1,,69.4976160620549,2.14909562686402,0.35,0.935998798076151,0.0374999999999999,5.49720433075537,21
365,B4_K06_I01-02-04-05-08-09,Branch4,6,1,Location1,1,,122.69250824146,-7.90320773348459,-0.535,0.833587877790938,-0.1375,11.2797465158819,21
365,B4_K06_I01-02-04-05-08-09,Branch4,6,2,Location2,1,,144.19148864784,-5.3074466746303,-0.8075,0.58256973831465,-0.0925,17.2459838141404,21
365,B4_K06_I01-02-04-05-08-09,Branch4,6,3,Location3,1,,96.033301028903,2.57918105164837,-0.105,0.993453572141144,0.0449999999999999,8.57595304950169,21
365,B4_K06_I01-02-04-05-08-09,Branch4,6,4,Location4,1,,69.4955373017906,2.29244277595588,0.35,0.935895293288731,0.0399999999999999,5.63841616718822,21
366,B4_K06_I01-02-04-06-07-08,Branch4,6,1,Location1,1,,122.679748734251,-7.75861988858682,-0.535,0.83399640286994,-0.135,11.2092054617996,21
366,B4_K06_I01-02-04-06-07-08,Branch4,6,2,Location2,1,,143.618019979014,-4.58856573578583,-0.8025,0.591264534705067,-0.08,16.5916732698491,21
366,B4_K06_I01-02-04-06-07-08,Branch4,6,3,Location3,1,,96.033301028903,2.57918105164837,-0.105,0.993453572141144,0.0449999999999999,8.57595304950169,21
366,B4_K06_I01-02-04-06-07-08,Branch4,6,4,Location4,1,,69.3424098758504,2.29244277595588,0.3525,0.934956549792556,0.0399999999999999,5.6165691875335,21
367,B4_K06_I01-02-04-06-07-09,Branch4,6,1,Location1,1,,122.679748734251,-7.75861988858682,-0.535,0.83399640286994,-0.135,11.2092054617996,21
367,B4_K06_I01-02-04-06-07-09,Branch4,6,2,Location2,1,,143.346417198589,-4.30122230467036,-0.8,0.595294044989533,-0.075,16.2946229961618,21
367,B4_K06_I01-02-04-06-07-09,Branch4,6,3,Location3,1,,96.033301028903,2.57918105164837,-0.105,0.993453572141144,0.0449999999999999,8.57595304950169,21
367,B4_K06_I01-02-04-06-07-09,Branch4,6,4,Location4,1,,69.3424098758504,2.29244277595588,0.3525,0.934956549792556,0.0399999999999999,5.6165691875335,21
368,B4_K06_I01-02-04-06-08-09,Branch4,6,1,Location1,1,,122.667238027177,-7.61408173959389,-0.535,0.834397237531381,-0.1325,11.1403286567395,21
368,B4_K06_I01-02-04-06-08-09,Branch4,6,2,Location2,1,,143.845440594687,-4.44488001787759,-0.805,0.588191082897386,-0.0775,16.803180018571,21
368,B4_K06_I01-02-04-06-08-09,Branch4,6,3,Location3,1,,96.033301028903,2.57918105164837,-0.105,0.993453572141144,0.0449999999999999,8.57595304950169,21
368,B4_K06_I01-02-04-06-08-09,Branch4,6,4,Location4,1,,69.4955373017906,2.29244277595588,0.35,0.935895293288731,0.0399999999999999,5.63841616718822,21
369,B4_K06_I01-02-04-07-08-09,Branch4,6,1,Location1,1,,122.69250824146,-7.90320773348459,-0.535,0.833587877790938,-0.1375,11.2797465158819,21
369,B4_K06_I01-02-04-07-08-09,Branch4,6,2,Location2,1,,143.91065596465,-5.01980013167812,-0.805,0.58678680114672,-0.0875,16.9306973648369,21
369,B4_K06_I01-02-04-07-08-09,Branch4,6,3,Location3,1,,96.033301028903,2.57918105164837,-0.105,0.993453572141144,0.0449999999999999,8.57595304950169,21
369,B4_K06_I01-02-04-07-08-09,Branch4,6,4,Location4,1,,69.4955373017906,2.29244277595588,0.35,0.935895293288731,0.0399999999999999,5.63841616718822,21
370,B4_K06_I01-02-05-06-07-08,Branch4,6,1,Location1,1,,122.679748734251,-7.75861988858682,-0.535,0.83399640286994,-0.135,11.2092054617996,21
370,B4_K06_I01-02-05-06-07-08,Branch4,6,2,Location2,1,,143.602618707897,-4.44488001787759,-0.8025,0.591597413787451,-0.0775,16.5621628506824,21
370,B4_K06_I01-02-05-06-07-08,Branch4,6,3,Location3,1,,96.033301028903,2.57918105164837,-0.105,0.993453572141144,0.0449999999999999,8.57595304950169,21
370,B4_K06_I01-02-05-06-07-08,Branch4,6,4,Location4,1,,69.4976160620549,2.14909562686401,0.35,0.935998798076151,0.0374999999999999,5.49720433075537,21
371,B4_K06_I01-02-05-06-07-09,Branch4,6,1,Location1,1,,122.679748734251,-7.75861988858682,-0.535,0.83399640286994,-0.135,11.2092054617996,21
371,B4_K06_I01-02-05-06-07-09,Branch4,6,2,Location2,1,,143.332146689146,-4.15759167720182,-0.8,0.5956036853479,-0.0725,16.2683757672907,21
371,B4_K06_I01-02-05-06-07-09,Branch4,6,3,Location3,1,,96.033301028903,2.57918105164837,-0.105,0.993453572141144,0.0449999999999999,8.57595304950169,21
371,B4_K06_I01-02-05-06-07-09,Branch4,6,4,Location4,1,,69.4995601356051,2.00576193490982,0.35,0.936095614774474,0.0349999999999999,5.35609750914218,21
372,B4_K06_I01-02-05-06-08-09,Branch4,6,1,Location1,1,,122.679748734251,-7.75861988858682,-0.535,0.83399640286994,-0.135,11.2092054617996,21
372,B4_K06_I01-02-05-06-08-09,Branch4,6,2,Location2,1,,143.830409402884,-4.30122230467036,-0.805,0.588515080520457,-0.075,16.7754359241675,21
372,B4_K06_I01-02-05-06-08-09,Branch4,6,3,Location3,1,,96.033301028903,2.57918105164837,-0.105,0.993453572141144,0.0449999999999999,8.57595304950169,21
372,B4_K06_I01-02-05-06-08-09,Branch4,6,4,Location4,1,,69.6505736941013,2.14909562686401,0.3475,0.936929826614566,0.0374999999999999,5.52379292677837,21
373,B4_K06_I01-02-05-07-08-09,Branch4,6,1,Location1,1,,122.69250824146,-7.90320773348458,-0.535,0.833587877790938,-0.1375,11.2797465158819,21
373,B4_K06_I01-02-05-07-08-09,Branch4,6,2,Location2,1,,143.618019979014,-4.58856573578583,-0.8025,0.591264534705067,-0.08,16.5916732698491,21
373,B4_K06_I01-02-05-07-08-09,Branch4,6,3,Location3,1,,96.033301028903,2.57918105164837,-0.105,0.993453572141144,0.0449999999999999,8.57595304950169,21
373,B4_K06_I01-02-05-07-08-09,Branch4,6,4,Location4,1,,69.65250196358,2.00576193490982,0.3475,0.937026547115929,0.0349999999999999,5.38343557468632,21
374,B4_K06_I01-02-06-07-08-09,Branch4,6,1,Location1,1,,122.679748734251,-7.75861988858682,-0.535,0.83399640286994,-0.135,11.2092054617996,21
374,B4_K06_I01-02-06-07-08-09,Branch4,6,2,Location2,1,,143.893585517872,-4.87602486961296,-0.805,0.587154153523587,-0.085,16.8963485690724,21
374,B4_K06_I01-02-06-07-08-09,Branch4,6,3,Location3,1,,96.0326374522384,2.43580428350657,-0.105,0.993563661775128,0.0424999999999999,8.4741818022773,21
374,B4_K06_I01-02-06-07-08-09,Branch4,6,4,Location4,1,,69.6485118332635,2.29244277595588,0.3475,0.936826424691362,0.0399999999999999,5.6642885045171,21
375,B4_K06_I01-03-04-05-06-07,Branch4,6,1,Location1,1,,122.508162615007,-7.75861988858682,-0.5325,0.835594847997521,-0.135,11.0538294724398,21
375,B4_K06_I01-03-04-05-06-07,Branch4,6,2,Location2,1,,143.361184830953,-4.44488001787759,-0.8,0.594973738916265,-0.0775,16.3225615992363,21
375,B4_K06_I01-03-04-05-06-07,Branch4,6,3,Location3,1,,96.033301028903,2.57918105164837,-0.105,0.993453572141144,0.0449999999999999,8.57595304950169,21
375,B4_K06_I01-03-04-05-06-07,Branch4,6,4,Location4,1,,69.4976160620549,2.14909562686401,0.35,0.935998798076151,0.0374999999999999,5.49720433075537,21
376,B4_K06_I01-03-04-05-06-08,Branch4,6,1,Location1,1,,122.495734178207,-7.61408173959389,-0.5325,0.835994916252485,-0.1325,10.9842034657581,21
376,B4_K06_I01-03-04-05-06-08,Branch4,6,2,Location2,1,,143.376450948356,-4.58856573578583,-0.8,0.59464274989274,-0.08,16.3521859430315,21
376,B4_K06_I01-03-04-05-06-08,Branch4,6,3,Location3,1,,96.033301028903,2.57918105164837,-0.105,0.993453572141144,0.0449999999999999,8.57595304950169,21
376,B4_K06_I01-03-04-05-06-08,Branch4,6,4,Location4,1,,69.4976160620549,2.14909562686401,0.35,0.935998798076151,0.0374999999999999,5.49720433075537,21
377,B4_K06_I01-03-04-05-06-09,Branch4,6,1,Location1,1,,122.495734178207,-7.61408173959389,-0.5325,0.835994916252485,-0.1325,10.9842034657581,21
377,B4_K06_I01-03-04-05-06-09,Branch4,6,2,Location2,1,,143.559427358805,-4.01398721805631,-0.8025,0.592531644724567,-0.07,16.483688053051,21
377,B4_K06_I01-03-04-05-06-09,Branch4,6,3,Location3,1,,95.8891367114247,2.57918105164837,-0.1025,0.993714622011773,0.0449999999999999,8.47525337559886,21
377,B4_K06_I01-03-04-05-06-09,Branch4,6,4,Location4,1,,69.4976160620549,2.14909562686401,0.35,0.935998798076151,0.0374999999999999,5.49720433075537,21
378,B4_K06_I01-03-04-05-07-08,Branch4,6,1,Location1,1,,122.520838192328,-7.90320773348458,-0.5325,0.835187104785509,-0.1375,11.1251288876582,21
378,B4_K06_I01-03-04-05-07-08,Branch4,6,2,Location2,1,,143.392216961646,-4.73228037895821,-0.8,0.594301060069726,-0.0825,16.3834900282326,21
378,B4_K06_I01-03-04-05-07-08,Branch4,6,3,Location3,1,,95.8891367114247,2.57918105164837,-0.1025,0.993714622011773,0.0449999999999999,8.47525337559886,21
378,B4_K06_I01-03-04-05-07-08,Branch4,6,4,Location4,1,,69.4976160620549,2.14909562686401,0.35,0.935998798076151,0.0374999999999999,5.49720433075537,21
379,B4_K06_I01-03-04-05-07-09,Branch4,6,1,Location1,1,,122.520838192328,-7.90320773348459,-0.5325,0.835187104785509,-0.1375,11.1251288876582,21
379,B4_K06_I01-03-04-05-07-09,Branch4,6,2,Location2,1,,143.633925674789,-4.73228037895821,-0.8025,0.590920891490561,-0.0825,16.6228504728193,21
379,B4_K06_I01-03-04-05-07-09,Branch4,6,3,Location3,1,,95.8891367114247,2.57918105164837,-0.1025,0.993714622011773,0.0449999999999999,8.47525337559886,21
379,B4_K06_I01-03-04-05-07-09,Branch4,6,4,Location4,1,,69.4976160620549,2.14909562686401,0.35,0.935998798076151,0.0374999999999999,5.49720433075537,21
380,B4_K06_I01-03-04-05-08-09,Branch4,6,1,Location1,1,,122.508162615007,-7.75861988858682,-0.5325,0.835594847997521,-0.135,11.0538294724398,21
380,B4_K06_I01-03-04-05-08-09,Branch4,6,2,Location2,1,,144.19148864784,-5.3074466746303,-0.8075,0.58256973831465,-0.0925,17.2459838141404,21
380,B4_K06_I01-03-04-05-08-09,Branch4,6,3,Location3,1,,95.8891367114247,2.57918105164837,-0.1025,0.993714622011773,0.0449999999999999,8.47525337559886,21
380,B4_K06_I01-03-04-05-08-09,Branch4,6,4,Location4,1,,69.6505736941013,2.14909562686401,0.3475,0.936929826614566,0.0374999999999999,5.52379292677837,21
381,B4_K06_I01-03-04-06-07-08,Branch4,6,1,Location1,1,,122.508162615007,-7.75861988858682,-0.5325,0.835594847997521,-0.135,11.0538294724398,21
381,B4_K06_I01-03-04-06-07-08,Branch4,6,2,Location2,1,,143.392216961646,-4.73228037895821,-0.8,0.594301060069726,-0.0825,16.3834900282326,21
381,B4_K06_I01-03-04-06-07-08,Branch4,6,3,Location3,1,,96.033301028903,2.57918105164837,-0.105,0.993453572141144,0.0449999999999999,8.57595304950169,21
381,B4_K06_I01-03-04-06-07-08,Branch4,6,4,Location4,1,,69.4955373017906,2.29244277595588,0.35,0.935895293288731,0.0399999999999999,5.63841616718822,21
382,B4_K06_I01-03-04-06-07-09,Branch4,6,1,Location1,1,,122.508162615007,-7.75861988858682,-0.5325,0.835594847997521,-0.135,11.0538294724398,21
382,B4_K06_I01-03-04-06-07-09,Branch4,6,2,Location2,1,,143.361184830953,-4.44488001787759,-0.8,0.594973738916265,-0.0775,16.3225615992363,21
382,B4_K06_I01-03-04-06-07-09,Branch4,6,3,Location3,1,,95.8891367114247,2.57918105164837,-0.1025,0.993714622011773,0.0449999999999999,8.47525337559886,21
382,B4_K06_I01-03-04-06-07-09,Branch4,6,4,Location4,1,,69.4976160620549,2.14909562686402,0.35,0.935998798076151,0.0374999999999999,5.49720433075537,21
383,B4_K06_I01-03-04-06-08-09,Branch4,6,1,Location1,1,,122.495734178207,-7.61408173959389,-0.5325,0.835994916252485,-0.1325,10.9842034657581,21
383,B4_K06_I01-03-04-06-08-09,Branch4,6,2,Location2,1,,143.587720428338,-4.30122230467036,-0.8025,0.591919546898056,-0.075,16.5343249680969,21
383,B4_K06_I01-03-04-06-08-09,Branch4,6,3,Location3,1,,95.8891367114247,2.57918105164837,-0.1025,0.993714622011773,0.0449999999999999,8.47525337559886,21
383,B4_K06_I01-03-04-06-08-09,Branch4,6,4,Location4,1,,69.4955373017906,2.29244277595588,0.35,0.935895293288731,0.0399999999999999,5.63841616718822,21
384,B4_K06_I01-03-04-07-08-09,Branch4,6,1,Location1,1,,122.679748734251,-7.75861988858682,-0.535,0.83399640286994,-0.135,11.2092054617996,21
384,B4_K06_I01-03-04-07-08-09,Branch4,6,2,Location2,1,,143.667256322953,-5.01980013167812,-0.8025,0.590201236867562,-0.0875,16.6901805169901,21
384,B4_K06_I01-03-04-07-08-09,Branch4,6,3,Location3,1,,95.8891367114247,2.57918105164837,-0.1025,0.993714622011773,0.0449999999999999,8.47525337559886,21
384,B4_K06_I01-03-04-07-08-09,Branch4,6,4,Location4,1,,69.4955373017906,2.29244277595588,0.35,0.935895293288731,0.0399999999999999,5.63841616718822,21
385,B4_K06_I01-03-05-06-07-08,Branch4,6,1,Location1,1,,122.508162615007,-7.75861988858682,-0.5325,0.835594847997521,-0.135,11.0538294724398,21
385,B4_K06_I01-03-05-06-07-08,Branch4,6,2,Location2,1,,143.376450948356,-4.58856573578583,-0.8,0.59464274989274,-0.08,16.3521859430315,21
385,B4_K06_I01-03-05-06-07-08,Branch4,6,3,Location3,1,,95.8891367114247,2.57918105164837,-0.1025,0.993714622011773,0.0449999999999999,8.47525337559886,21
385,B4_K06_I01-03-05-06-07-08,Branch4,6,4,Location4,1,,69.4995601356051,2.00576193490982,0.35,0.936095614774474,0.0349999999999999,5.35609750914218,21
386,B4_K06_I01-03-05-06-07-09,Branch4,6,1,Location1,1,,122.508162615007,-7.75861988858682,-0.5325,0.835594847997521,-0.135,11.0538294724398,21
386,B4_K06_I01-03-05-06-07-09,Branch4,6,2,Location2,1,,143.361184830953,-4.44488001787759,-0.8,0.594973738916265,-0.0775,16.3225615992363,21
386,B4_K06_I01-03-05-06-07-09,Branch4,6,3,Location3,1,,95.8891367114247,2.57918105164837,-0.1025,0.993714622011773,0.0449999999999999,8.47525337559886,21
386,B4_K06_I01-03-05-06-07-09,Branch4,6,4,Location4,1,,69.4995601356051,2.00576193490982,0.35,0.936095614774474,0.0349999999999999,5.35609750914218,21
387,B4_K06_I01-03-05-06-08-09,Branch4,6,1,Location1,1,,122.508162615007,-7.75861988858682,-0.5325,0.835594847997521,-0.135,11.0538294724398,21
387,B4_K06_I01-03-05-06-08-09,Branch4,6,2,Location2,1,,143.618019979014,-4.58856573578583,-0.8025,0.591264534705067,-0.08,16.5916732698491,21
387,B4_K06_I01-03-05-06-08-09,Branch4,6,3,Location3,1,,95.8891367114247,2.57918105164837,-0.1025,0.993714622011773,0.0449999999999999,8.47525337559886,21
387,B4_K06_I01-03-05-06-08-09,Branch4,6,4,Location4,1,,69.4995601356051,2.00576193490982,0.35,0.936095614774474,0.0349999999999999,5.35609750914218,21
388,B4_K06_I01-03-05-07-08-09,Branch4,6,1,Location1,1,,122.520838192328,-7.90320773348459,-0.5325,0.835187104785509,-0.1375,11.1251288876582,21
388,B4_K06_I01-03-05-07-08-09,Branch4,6,2,Location2,1,,143.408484330824,-4.87602486961296,-0.8,0.59394865097919,-0.085,16.4164675000547,21
388,B4_K06_I01-03-05-07-08-09,Branch4,6,3,Location3,1,,95.8891367114247,2.57918105164837,-0.1025,0.993714622011773,0.0449999999999999,8.47525337559886,21
388,B4_K06_I01-03-05-07-08-09,Branch4,6,4,Location4,1,,69.4995601356051,2.00576193490982,0.35,0.936095614774474,0.0349999999999999,5.35609750914218,21
389,B4_K06_I01-03-06-07-08-09,Branch4,6,1,Location1,1,,122.508162615007,-7.75861988858682,-0.5325,0.835594847997521,-0.135,11.0538294724398,21
389,B4_K06_I01-03-06-07-08-09,Branch4,6,2,Location2,1,,143.376450948356,-4.58856573578583,-0.8,0.59464274989274,-0.08,16.3521859430315,21
389,B4_K06_I01-03-06-07-08-09,Branch4,6,3,Location3,1,,95.8891367114247,2.57918105164837,-0.1025,0.993714622011773,0.0449999999999999,8.47525337559886,21
389,B4_K06_I01-03-06-07-08-09,Branch4,6,4,Location4,1,,69.4976160620549,2.14909562686402,0.35,0.935998798076151,0.0374999999999999,5.49720433075537,21
390,B4_K06_I01-04-05-06-07-08,Branch4,6,1,Location1,1,,122.508162615007,-7.75861988858682,-0.5325,0.835594847997521,-0.135,11.0538294724398,21
390,B4_K06_I01-04-05-06-07-08,Branch4,6,2,Location2,1,,143.346417198589,-4.30122230467036,-0.8,0.595294044989533,-0.075,16.2946229961618,21
390,B4_K06_I01-04-05-06-07-08,Branch4,6,3,Location3,1,,96.0340027623943,2.72257398337613,-0.105,0.993337178404191,0.0474999999999999,8.67892896291791,21
390,B4_K06_I01-04-05-06-07-08,Branch4,6,4,Location4,1,,69.3445055862579,2.14909562686402,0.3525,0.93506015849249,0.0374999999999999,5.47473766066972,21
391,B4_K06_I01-04-05-06-07-09,Branch4,6,1,Location1,1,,122.508162615007,-7.75861988858682,-0.5325,0.835594847997521,-0.135,11.0538294724398,21
391,B4_K06_I01-04-05-06-07-09,Branch4,6,2,Location2,1,,143.106472035412,-4.30122230467036,-0.7975,0.598639081584221,-0.075,16.0563034102923,21
391,B4_K06_I01-04-05-06-07-09,Branch4,6,3,Location3,1,,95.8898215569978,2.72257398337613,-0.1025,0.993598258855157,0.0474999999999999,8.57941727273049,21
391,B4_K06_I01-04-05-06-07-09,Branch4,6,4,Location4,1,,69.3445055862579,2.14909562686402,0.3525,0.93506015849249,0.0374999999999999,5.47473766066972,21
392,B4_K06_I01-04-05-06-08-09,Branch4,6,1,Location1,1,,122.495734178207,-7.61408173959389,-0.5325,0.835994916252485,-0.1325,10.9842034657581,21
392,B4_K06_I01-04-05-06-08-09,Branch4,6,2,Location2,1,,143.602618707897,-4.44488001787759,-0.8025,0.591597413787451,-0.0775,16.5621628506824,21
392,B4_K06_I01-04-05-06-08-09,Branch4,6,3,Location3,1,,95.8898215569978,2.72257398337613,-0.1025,0.993598258855157,0.0474999999999999,8.57941727273049,21
392,B4_K06_I01-04-05-06-08-09,Branch4,6,4,Location4,1,,69.4955373017906,2.29244277595588,0.35,0.935895293288731,0.0399999999999999,5.63841616718822,21
393,B4_K06_I01-04-05-07-08-09,Branch4,6,1,Location1,1,,122.69250824146,-7.90320773348459,-0.535,0.833587877790938,-0.1375,11.2797465158819,21
393,B4_K06_I01-04-05-07-08-09,Branch4,6,2,Location2,1,,143.408484330824,-4.87602486961296,-0.8,0.59394865097919,-0.085,16.4164675000547,21
393,B4_K06_I01-04-05-07-08-09,Branch4,6,3,Location3,1,,95.8891367114247,2.57918105164837,-0.1025,0.993714622011773,0.0449999999999999,8.47525337559886,21
393,B4_K06_I01-04-05-07-08-09,Branch4,6,4,Location4,1,,69.4955373017906,2.29244277595588,0.35,0.935895293288731,0.0399999999999999,5.63841616718822,21
394,B4_K06_I01-04-06-07-08-09,Branch4,6,1,Location1,1,,122.679748734251,-7.75861988858682,-0.535,0.83399640286994,-0.135,11.2092054617996,21
394,B4_K06_I01-04-06-07-08-09,Branch4,6,2,Location2,1,,143.376450948356,-4.58856573578583,-0.8,0.59464274989274,-0.08,16.3521859430315,21
394,B4_K06_I01-04-06-07-08-09,Branch4,6,3,Location3,1,,95.8891367114247,2.57918105164837,-0.1025,0.993714622011773,0.0449999999999999,8.47525337559886,21
394,B4_K06_I01-04-06-07-08-09,Branch4,6,4,Location4,1,,69.3424098758504,2.29244277595588,0.3525,0.934956549792556,0.0399999999999999,5.6165691875335,21
395,B4_K06_I01-05-06-07-08-09,Branch4,6,1,Location1,1,,122.679748734251,-7.75861988858682,-0.535,0.83399640286994,-0.135,11.2092054617996,21
395,B4_K06_I01-05-06-07-08-09,Branch4,6,2,Location2,1,,143.078670528239,-4.01398721805631,-0.7975,0.599244315784472,-0.07,16.0053319811977,21
395,B4_K06_I01-05-06-07-08-09,Branch4,6,3,Location3,1,,95.8898215569978,2.72257398337613,-0.1025,0.993598258855157,0.0474999999999999,8.57941727273049,21
395,B4_K06_I01-05-06-07-08-09,Branch4,6,4,Location4,1,,69.4976160620549,2.14909562686401,0.35,0.935998798076151,0.0374999999999999,5.49720433075537,21
396,B4_K06_I02-03-04-05-06-07,Branch4,6,1,Location1,1,,122.508162615007,-7.75861988858682,-0.5325,0.835594847997521,-0.135,11.0538294724398,21
396,B4_K06_I02-03-04-05-06-07,Branch4,6,2,Location2,1,,143.332146689146,-4.15759167720182,-0.8,0.5956036853479,-0.0725,16.2683757672907,21
396,B4_K06_I02-03-04-05-06-07,Branch4,6,3,Location3,1,,96.033301028903,2.57918105164837,-0.105,0.993453572141144,0.0449999999999999,8.57595304950169,21
396,B4_K06_I02-03-04-05-06-07,Branch4,6,4,Location4,1,,69.3445055862579,2.14909562686401,0.3525,0.93506015849249,0.0374999999999999,5.47473766066972,21
397,B4_K06_I02-03-04-05-06-08,Branch4,6,1,Location1,1,,122.508162615007,-7.75861988858682,-0.5325,0.835594847997521,-0.135,11.0538294724398,21
397,B4_K06_I02-03-04-05-06-08,Branch4,6,2,Location2,1,,143.633925674789,-4.73228037895821,-0.8025,0.590920891490561,-0.0825,16.6228504728193,21
397,B4_K06_I02-03-04-05-06-08,Branch4,6,3,Location3,1,,96.033301028903,2.57918105164837,-0.105,0.993453572141144,0.0449999999999999,8.57595304950169,21
397,B4_K06_I02-03-04-05-06-08,Branch4,6,4,Location4,1,,69.4976160620549,2.14909562686401,0.35,0.935998798076151,0.0374999999999999,5.49720433075537,21
398,B4_K06_I02-03-04-05-06-09,Branch4,6,1,Location1,1,,122.508162615007,-7.75861988858682,-0.5325,0.835594847997521,-0.135,11.0538294724398,21
398,B4_K06_I02-03-04-05-06-09,Branch4,6,2,Location2,1,,143.559427358805,-4.01398721805631,-0.8025,0.592531644724567,-0.07,16.483688053051,21
398,B4_K06_I02-03-04-05-06-09,Branch4,6,3,Location3,1,,95.8891367114247,2.57918105164837,-0.1025,0.993714622011773,0.0449999999999999,8.47525337559886,21
398,B4_K06_I02-03-04-05-06-09,Branch4,6,4,Location4,1,,69.4976160620549,2.14909562686401,0.35,0.935998798076151,0.0374999999999999,5.49720433075537,21
399,B4_K06_I02-03-04-05-07-08,Branch4,6,1,Location1,1,,122.520838192328,-7.90320773348459,-0.5325,0.835187104785509,-0.1375,11.1251288876582,21
399,B4_K06_I02-03-04-05-07-08,Branch4,6,2,Location2,1,,143.618019979014,-4.58856573578583,-0.8025,0.591264534705067,-0.08,16.5916732698491,21
399,B4_K06_I02-03-04-05-07-08,Branch4,6,3,Location3,1,,96.033301028903,2.57918105164837,-0.105,0.993453572141144,0.0449999999999999,8.57595304950169,21
399,B4_K06_I02-03-04-05-07-08,Branch4,6,4,Location4,1,,69.4976160620549,2.14909562686401,0.35,0.935998798076151,0.0374999999999999,5.49720433075537,21
400,B4_K06_I02-03-04-05-07-09,Branch4,6,1,Location1,1,,122.520838192328,-7.90320773348458,-0.5325,0.835187104785509,-0.1375,11.1251288876582,21
400,B4_K06_I02-03-04-05-07-09,Branch4,6,2,Location2,1,,143.602618707897,-4.44488001787759,-0.8025,0.591597413787451,-0.0775,16.5621628506824,21
400,B4_K06_I02-03-04-05-07-09,Branch4,6,3,Location3,1,,96.033301028903,2.57918105164837,-0.105,0.993453572141144,0.0449999999999999,8.57595304950169,21
400,B4_K06_I02-03-04-05-07-09,Branch4,6,4,Location4,1,,69.4995601356051,2.00576193490982,0.35,0.936095614774474,0.0349999999999999,5.35609750914218,21
401,B4_K06_I02-03-04-05-08-09,Branch4,6,1,Location1,1,,122.520838192328,-7.90320773348459,-0.5325,0.835187104785509,-0.1375,11.1251288876582,21
401,B4_K06_I02-03-04-05-08-09,Branch4,6,2,Location2,1,,144.210273733587,-5.45131981241778,-0.8075,0.582167286954532,-0.095,17.2850512570873,21
401,B4_K06_I02-03-04-05-08-09,Branch4,6,3,Location3,1,,96.033301028903,2.57918105164837,-0.105,0.993453572141144,0.0449999999999999,8.57595304950169,21
401,B4_K06_I02-03-04-05-08-09,Branch4,6,4,Location4,1,,69.4976160620549,2.14909562686401,0.35,0.935998798076151,0.0374999999999999,5.49720433075537,21
402,B4_K06_I02-03-04-06-07-08,Branch4,6,1,Location1,1,,122.495734178207,-7.61408173959389,-0.5325,0.835994916252485,-0.1325,10.9842034657581,21
402,B4_K06_I02-03-04-06-07-08,Branch4,6,2,Location2,1,,143.633925674789,-4.73228037895821,-0.8025,0.590920891490561,-0.0825,16.6228504728193,21
402,B4_K06_I02-03-04-06-07-08,Branch4,6,3,Location3,1,,96.0326374522384,2.43580428350657,-0.105,0.993563661775128,0.0424999999999999,8.4741818022773,21
402,B4_K06_I02-03-04-06-07-08,Branch4,6,4,Location4,1,,69.3424098758504,2.29244277595588,0.3525,0.934956549792556,0.0399999999999999,5.6165691875335,21
403,B4_K06_I02-03-04-06-07-09,Branch4,6,1,Location1,1,,122.508162615007,-7.75861988858682,-0.5325,0.835594847997521,-0.135,11.0538294724398,21
403,B4_K06_I02-03-04-06-07-09,Branch4,6,2,Location2,1,,143.332146689146,-4.15759167720182,-0.8,0.5956036853479,-0.0725,16.2683757672907,21
403,B4_K06_I02-03-04-06-07-09,Branch4,6,3,Location3,1,,96.033301028903,2.57918105164837,-0.105,0.993453572141144,0.0449999999999999,8.57595304950169,21
403,B4_K06_I02-03-04-06-07-09,Branch4,6,4,Location4,1,,69.3445055862579,2.14909562686402,0.3525,0.93506015849249,0.0374999999999999,5.47473766066972,21
404,B4_K06_I02-03-04-06-08-09,Branch4,6,1,Location1,1,,122.495734178207,-7.61408173959389,-0.5325,0.835994916252485,-0.1325,10.9842034657581,21
404,B4_K06_I02-03-04-06-08-09,Branch4,6,2,Location2,1,,143.618019979014,-4.58856573578583,-0.8025,0.591264534705067,-0.08,16.5916732698491,21
404,B4_K06_I02-03-04-06-08-09,Branch4,6,3,Location3,1,,96.0326374522384,2.43580428350657,-0.105,0.993563661775128,0.0424999999999999,8.4741818022773,21
404,B4_K06_I02-03-04-06-08-09,Branch4,6,4,Location4,1,,69.4976160620549,2.14909562686402,0.35,0.935998798076151,0.0374999999999999,5.49720433075537,21
405,B4_K06_I02-03-04-07-08-09,Branch4,6,1,Location1,1,,122.69250824146,-7.90320773348459,-0.535,0.833587877790938,-0.1375,11.2797465158819,21
405,B4_K06_I02-03-04-07-08-09,Branch4,6,2,Location2,1,,143.893585517872,-4.87602486961296,-0.805,0.587154153523587,-0.085,16.8963485690724,21
405,B4_K06_I02-03-04-07-08-09,Branch4,6,3,Location3,1,,96.0326374522384,2.43580428350657,-0.105,0.993563661775128,0.0424999999999999,8.4741818022773,21
405,B4_K06_I02-03-04-07-08-09,Branch4,6,4,Location4,1,,69.3424098758504,2.29244277595588,0.3525,0.934956549792556,0.0399999999999999,5.6165691875335,21
406,B4_K06_I02-03-05-06-07-08,Branch4,6,1,Location1,1,,122.508162615007,-7.75861988858682,-0.5325,0.835594847997521,-0.135,11.0538294724398,21
406,B4_K06_I02-03-05-06-07-08,Branch4,6,2,Location2,1,,143.376450948356,-4.58856573578583,-0.8,0.59464274989274,-0.08,16.3521859430315,21
406,B4_K06_I02-03-05-06-07-08,Branch4,6,3,Location3,1,,96.033301028903,2.57918105164837,-0.105,0.993453572141144,0.0449999999999999,8.57595304950169,21
406,B4_K06_I02-03-05-06-07-08,Branch4,6,4,Location4,1,,69.4995601356051,2.00576193490982,0.35,0.936095614774474,0.0349999999999999,5.35609750914218,21
407,B4_K06_I02-03-05-06-07-09,Branch4,6,1,Location1,1,,122.520838192328,-7.90320773348459,-0.5325,0.835187104785509,-0.1375,11.1251288876582,21
407,B4_K06_I02-03-05-06-07-09,Branch4,6,2,Location2,1,,143.361184830953,-4.44488001787759,-0.8,0.594973738916265,-0.0775,16.3225615992363,21
407,B4_K06_I02-03-05-06-07-09,Branch4,6,3,Location3,1,,95.8891367114247,2.57918105164837,-0.1025,0.993714622011773,0.0449999999999999,8.47525337559886,21
407,B4_K06_I02-03-05-06-07-09,Branch4,6,4,Location4,1,,69.4995601356051,2.00576193490982,0.35,0.936095614774474,0.0349999999999999,5.35609750914218,21
408,B4_K06_I02-03-05-06-08-09,Branch4,6,1,Location1,1,,122.508162615007,-7.75861988858682,-0.5325,0.835594847997521,-0.135,11.0538294724398,21
408,B4_K06_I02-03-05-06-08-09,Branch4,6,2,Location2,1,,143.376450948356,-4.58856573578583,-0.8,0.59464274989274,-0.08,16.3521859430315,21
408,B4_K06_I02-03-05-06-08-09,Branch4,6,3,Location3,1,,95.8891367114247,2.57918105164837,-0.1025,0.993714622011773,0.0449999999999999,8.47525337559886,21
408,B4_K06_I02-03-05-06-08-09,Branch4,6,4,Location4,1,,69.65250196358,2.00576193490982,0.3475,0.937026547115929,0.0349999999999999,5.38343557468632,21
409,B4_K06_I02-03-05-07-08-09,Branch4,6,1,Location1,1,,122.69250824146,-7.90320773348458,-0.535,0.833587877790938,-0.1375,11.2797465158819,21
409,B4_K06_I02-03-05-07-08-09,Branch4,6,2,Location2,1,,143.667256322953,-5.01980013167812,-0.8025,0.590201236867562,-0.0875,16.6901805169901,21
409,B4_K06_I02-03-05-07-08-09,Branch4,6,3,Location3,1,,95.8891367114247,2.57918105164837,-0.1025,0.993714622011773,0.0449999999999999,8.47525337559886,21
409,B4_K06_I02-03-05-07-08-09,Branch4,6,4,Location4,1,,69.4995601356051,2.00576193490982,0.35,0.936095614774474,0.0349999999999999,5.35609750914218,21
410,B4_K06_I02-03-06-07-08-09,Branch4,6,1,Location1,1,,122.508162615007,-7.75861988858682,-0.5325,0.835594847997521,-0.135,11.0538294724398,21
410,B4_K06_I02-03-06-07-08-09,Branch4,6,2,Location2,1,,143.392216961646,-4.73228037895821,-0.8,0.594301060069726,-0.0825,16.3834900282326,21
410,B4_K06_I02-03-06-07-08-09,Branch4,6,3,Location3,1,,95.8891367114247,2.57918105164837,-0.1025,0.993714622011773,0.0449999999999999,8.47525337559886,21
410,B4_K06_I02-03-06-07-08-09,Branch4,6,4,Location4,1,,69.4976160620549,2.14909562686402,0.35,0.935998798076151,0.0374999999999999,5.49720433075537,21
411,B4_K06_I02-04-05-06-07-08,Branch4,6,1,Location1,1,,122.508162615007,-7.75861988858682,-0.5325,0.835594847997521,-0.135,11.0538294724398,21
411,B4_K06_I02-04-05-06-07-08,Branch4,6,2,Location2,1,,143.587720428338,-4.30122230467036,-0.8025,0.591919546898056,-0.075,16.5343249680969,21
411,B4_K06_I02-04-05-06-07-08,Branch4,6,3,Location3,1,,96.033301028903,2.57918105164837,-0.105,0.993453572141144,0.0449999999999999,8.57595304950169,21
411,B4_K06_I02-04-05-06-07-08,Branch4,6,4,Location4,1,,69.3445055862579,2.14909562686402,0.3525,0.93506015849249,0.0374999999999999,5.47473766066972,21
412,B4_K06_I02-04-05-06-07-09,Branch4,6,1,Location1,1,,122.508162615007,-7.75861988858682,-0.5325,0.835594847997521,-0.135,11.0538294724398,21
412,B4_K06_I02-04-05-06-07-09,Branch4,6,2,Location2,1,,143.573323756781,-4.15759167720182,-0.8025,0.592230951572104,-0.0725,16.5081650225967,21
412,B4_K06_I02-04-05-06-07-09,Branch4,6,3,Location3,1,,96.033301028903,2.57918105164837,-0.105,0.993453572141144,0.0449999999999999,8.57595304950169,21
412,B4_K06_I02-04-05-06-07-09,Branch4,6,4,Location4,1,,69.3445055862579,2.14909562686402,0.3525,0.93506015849249,0.0374999999999999,5.47473766066972,21
413,B4_K06_I02-04-05-06-08-09,Branch4,6,1,Location1,1,,122.508162615007,-7.75861988858682,-0.5325,0.835594847997521,-0.135,11.0538294724398,21
413,B4_K06_I02-04-05-06-08-09,Branch4,6,2,Location2,1,,143.618019979014,-4.58856573578583,-0.8025,0.591264534705067,-0.08,16.5916732698491,21
413,B4_K06_I02-04-05-06-08-09,Branch4,6,3,Location3,1,,96.033301028903,2.57918105164837,-0.105,0.993453572141144,0.0449999999999999,8.57595304950169,21
413,B4_K06_I02-04-05-06-08-09,Branch4,6,4,Location4,1,,69.4955373017906,2.29244277595588,0.35,0.935895293288731,0.0399999999999999,5.63841616718822,21
414,B4_K06_I02-04-05-07-08-09,Branch4,6,1,Location1,1,,122.69250824146,-7.90320773348459,-0.535,0.833587877790938,-0.1375,11.2797465158819,21
414,B4_K06_I02-04-05-07-08-09,Branch4,6,2,Location2,1,,143.877027170779,-4.73228037895821,-0.805,0.587510638201556,-0.0825,16.8636420220125,21
414,B4_K06_I02-04-05-07-08-09,Branch4,6,3,Location3,1,,96.033301028903,2.57918105164837,-0.105,0.993453572141144,0.0449999999999999,8.57595304950169,21
414,B4_K06_I02-04-05-07-08-09,Branch4,6,4,Location4,1,,69.4976160620549,2.14909562686402,0.35,0.935998798076151,0.0374999999999999,5.49720433075537,21
415,B4_K06_I02-04-06-07-08-09,Branch4,6,1,Location1,1,,122.679748734251,-7.75861988858682,-0.535,0.83399640286994,-0.135,11.2092054617996,21
415,B4_K06_I02-04-06-07-08-09,Branch4,6,2,Location2,1,,143.618019979014,-4.58856573578583,-0.8025,0.591264534705067,-0.08,16.5916732698491,21
415,B4_K06_I02-04-06-07-08-09,Branch4,6,3,Location3,1,,96.0326374522384,2.43580428350657,-0.105,0.993563661775128,0.0424999999999999,8.4741818022773,21
415,B4_K06_I02-04-06-07-08-09,Branch4,6,4,Location4,1,,69.3424098758504,2.29244277595588,0.3525,0.934956549792556,0.0399999999999999,5.6165691875335,21
416,B4_K06_I02-05-06-07-08-09,Branch4,6,1,Location1,1,,122.679748734251,-7.75861988858682,-0.535,0.83399640286994,-0.135,11.2092054617996,21
416,B4_K06_I02-05-06-07-08-09,Branch4,6,2,Location2,1,,143.346417198589,-4.30122230467036,-0.8,0.595294044989533,-0.075,16.2946229961618,21
416,B4_K06_I02-05-06-07-08-09,Branch4,6,3,Location3,1,,96.033301028903,2.57918105164837,-0.105,0.993453572141144,0.0449999999999999,8.57595304950169,21
416,B4_K06_I02-05-06-07-08-09,Branch4,6,4,Location4,1,,69.4995601356051,2.00576193490982,0.35,0.936095614774474,0.0349999999999999,5.35609750914218,21
417,B4_K06_I03-04-05-06-07-08,Branch4,6,1,Location1,1,,122.508162615007,-7.75861988858682,-0.5325,0.835594847997521,-0.135,11.0538294724398,21
417,B4_K06_I03-04-05-06-07-08,Branch4,6,2,Location2,1,,143.361184830953,-4.44488001787759,-0.8,0.594973738916265,-0.0775,16.3225615992363,21
417,B4_K06_I03-04-05-06-07-08,Branch4,6,3,Location3,1,,96.033301028903,2.57918105164837,-0.105,0.993453572141144,0.0449999999999999,8.57595304950169,21
417,B4_K06_I03-04-05-06-07-08,Branch4,6,4,Location4,1,,69.4976160620549,2.14909562686401,0.35,0.935998798076151,0.0374999999999999,5.49720433075537,21
418,B4_K06_I03-04-05-06-07-09,Branch4,6,1,Location1,1,,122.508162615007,-7.75861988858682,-0.5325,0.835594847997521,-0.135,11.0538294724398,21
418,B4_K06_I03-04-05-06-07-09,Branch4,6,2,Location2,1,,143.332146689146,-4.15759167720182,-0.8,0.5956036853479,-0.0725,16.2683757672907,21
418,B4_K06_I03-04-05-06-07-09,Branch4,6,3,Location3,1,,95.8891367114247,2.57918105164837,-0.1025,0.993714622011773,0.0449999999999999,8.47525337559886,21
418,B4_K06_I03-04-05-06-07-09,Branch4,6,4,Location4,1,,69.4976160620549,2.14909562686401,0.35,0.935998798076151,0.0374999999999999,5.49720433075537,21
419,B4_K06_I03-04-05-06-08-09,Branch4,6,1,Location1,1,,122.508162615007,-7.75861988858682,-0.5325,0.835594847997521,-0.135,11.0538294724398,21
419,B4_K06_I03-04-05-06-08-09,Branch4,6,2,Location2,1,,143.376450948356,-4.58856573578583,-0.8,0.59464274989274,-0.08,16.3521859430315,21
419,B4_K06_I03-04-05-06-08-09,Branch4,6,3,Location3,1,,95.8891367114247,2.57918105164837,-0.1025,0.993714622011773,0.0449999999999999,8.47525337559886,21
419,B4_K06_I03-04-05-06-08-09,Branch4,6,4,Location4,1,,69.4976160620549,2.14909562686401,0.35,0.935998798076151,0.0374999999999999,5.49720433075537,21
420,B4_K06_I03-04-05-07-08-09,Branch4,6,1,Location1,1,,122.520838192328,-7.90320773348459,-0.5325,0.835187104785509,-0.1375,11.1251288876582,21
420,B4_K06_I03-04-05-07-08-09,Branch4,6,2,Location2,1,,143.633925674789,-4.73228037895821,-0.8025,0.590920891490561,-0.0825,16.6228504728193,21
420,B4_K06_I03-04-05-07-08-09,Branch4,6,3,Location3,1,,95.8891367114247,2.57918105164837,-0.1025,0.993714622011773,0.0449999999999999,8.47525337559886,21
420,B4_K06_I03-04-05-07-08-09,Branch4,6,4,Location4,1,,69.4976160620549,2.14909562686401,0.35,0.935998798076151,0.0374999999999999,5.49720433075537,21
421,B4_K06_I03-04-06-07-08-09,Branch4,6,1,Location1,1,,122.495734178207,-7.61408173959389,-0.5325,0.835994916252485,-0.1325,10.9842034657581,21
421,B4_K06_I03-04-06-07-08-09,Branch4,6,2,Location2,1,,143.633925674789,-4.73228037895821,-0.8025,0.590920891490561,-0.0825,16.6228504728193,21
421,B4_K06_I03-04-06-07-08-09,Branch4,6,3,Location3,1,,95.8884891043574,2.43580428350657,-0.1025,0.993824682728297,0.0424999999999999,8.37227853953572,21
421,B4_K06_I03-04-06-07-08-09,Branch4,6,4,Location4,1,,69.4955373017906,2.29244277595588,0.35,0.935895293288731,0.0399999999999999,5.63841616718822,21
422,B4_K06_I03-05-06-07-08-09,Branch4,6,1,Location1,1,,122.508162615007,-7.75861988858682,-0.5325,0.835594847997521,-0.135,11.0538294724398,21
422,B4_K06_I03-05-06-07-08-09,Branch4,6,2,Location2,1,,143.13624445179,-4.58856573578583,-0.7975,0.597991429704473,-0.08,16.1140955535098,21
422,B4_K06_I03-05-06-07-08-09,Branch4,6,3,Location3,1,,95.8891367114247,2.57918105164837,-0.1025,0.993714622011773,0.0449999999999999,8.47525337559886,21
422,B4_K06_I03-05-06-07-08-09,Branch4,6,4,Location4,1,,69.4995601356051,2.00576193490982,0.35,0.936095614774474,0.0349999999999999,5.35609750914218,21
423,B4_K06_I04-05-06-07-08-09,Branch4,6,1,Location1,1,,122.679748734251,-7.75861988858682,-0.535,0.83399640286994,-0.135,11.2092054617996,21
423,B4_K06_I04-05-06-07-08-09,Branch4,6,2,Location2,1,,143.361184830953,-4.44488001787759,-0.8,0.594973738916265,-0.0775,16.3225615992363,21
423,B4_K06_I04-05-06-07-08-09,Branch4,6,3,Location3,1,,95.8898215569978,2.72257398337613,-0.1025,0.993598258855157,0.0474999999999999,8.57941727273049,21
423,B4_K06_I04-05-06-07-08-09,Branch4,6,4,Location4,1,,69.4955373017906,2.29244277595588,0.35,0.935895293288731,0.0399999999999999,5.63841616718822,21
424,B4_K07_I01-02-03-04-05-06-07,Branch4,7,1,Location1,1,,122.508162615007,-7.75861988858682,-0.5325,0.835594847997521,-0.135,11.0538294724398,21
424,B4_K07_I01-02-03-04-05-06-07,Branch4,7,2,Location2,1,,143.587720428338,-4.30122230467036,-0.8025,0.591919546898056,-0.075,16.5343249680969,21
424,B4_K07_I01-02-03-04-05-06-07,Branch4,7,3,Location3,1,,96.033301028903,2.57918105164837,-0.105,0.993453572141144,0.0449999999999999,8.57595304950169,21
424,B4_K07_I01-02-03-04-05-06-07,Branch4,7,4,Location4,1,,69.3445055862579,2.14909562686401,0.3525,0.93506015849249,0.0374999999999999,5.47473766066972,21
425,B4_K07_I01-02-03-04-05-06-08,Branch4,7,1,Location1,1,,122.508162615007,-7.75861988858682,-0.5325,0.835594847997521,-0.135,11.0538294724398,21
425,B4_K07_I01-02-03-04-05-06-08,Branch4,7,2,Location2,1,,143.618019979014,-4.58856573578583,-0.8025,0.591264534705067,-0.08,16.5916732698491,21
425,B4_K07_I01-02-03-04-05-06-08,Branch4,7,3,Location3,1,,96.033301028903,2.57918105164837,-0.105,0.993453572141144,0.0449999999999999,8.57595304950169,21
425,B4_K07_I01-02-03-04-05-06-08,Branch4,7,4,Location4,1,,69.4976160620549,2.14909562686401,0.35,0.935998798076151,0.0374999999999999,5.49720433075537,21
426,B4_K07_I01-02-03-04-05-06-09,Branch4,7,1,Location1,1,,122.495734178207,-7.61408173959389,-0.5325,0.835994916252485,-0.1325,10.9842034657581,21
426,B4_K07_I01-02-03-04-05-06-09,Branch4,7,2,Location2,1,,143.815884384282,-4.15759167720182,-0.805,0.588828285665694,-0.0725,16.749356783422,21
426,B4_K07_I01-02-03-04-05-06-09,Branch4,7,3,Location3,1,,96.033301028903,2.57918105164837,-0.105,0.993453572141144,0.0449999999999999,8.57595304950169,21
426,B4_K07_I01-02-03-04-05-06-09,Branch4,7,4,Location4,1,,69.4976160620549,2.14909562686402,0.35,0.935998798076151,0.0374999999999999,5.49720433075537,21
427,B4_K07_I01-02-03-04-05-07-08,Branch4,7,1,Location1,1,,122.69250824146,-7.90320773348459,-0.535,0.833587877790938,-0.1375,11.2797465158819,21
427,B4_K07_I01-02-03-04-05-07-08,Branch4,7,2,Location2,1,,143.893585517872,-4.87602486961296,-0.805,0.587154153523587,-0.085,16.8963485690724,21
427,B4_K07_I01-02-03-04-05-07-08,Branch4,7,3,Location3,1,,96.033301028903,2.57918105164837,-0.105,0.993453572141144,0.0449999999999999,8.57595304950169,21
427,B4_K07_I01-02-03-04-05-07-08,Branch4,7,4,Location4,1,,69.4976160620549,2.14909562686401,0.35,0.935998798076151,0.0374999999999999,5.49720433075537,21
428,B4_K07_I01-02-03-04-05-07-09,Branch4,7,1,Location1,1,,122.69250824146,-7.90320773348459,-0.535,0.833587877790938,-0.1375,11.2797465158819,21
428,B4_K07_I01-02-03-04-05-07-09,Branch4,7,2,Location2,1,,143.618019979014,-4.58856573578583,-0.8025,0.591264534705067,-0.08,16.5916732698491,21
428,B4_K07_I01-02-03-04-05-07-09,Branch4,7,3,Location3,1,,96.033301028903,2.57918105164837,-0.105,0.993453572141144,0.0449999999999999,8.57595304950169,21
428,B4_K07_I01-02-03-04-05-07-09,Branch4,7,4,Location4,1,,69.4976160620549,2.14909562686401,0.35,0.935998798076151,0.0374999999999999,5.49720433075537,21
429,B4_K07_I01-02-03-04-05-08-09,Branch4,7,1,Location1,1,,122.508162615007,-7.75861988858682,-0.5325,0.835594847997521,-0.135,11.0538294724398,21
429,B4_K07_I01-02-03-04-05-08-09,Branch4,7,2,Location2,1,,144.19148864784,-5.3074466746303,-0.8075,0.58256973831465,-0.0925,17.2459838141404,21
429,B4_K07_I01-02-03-04-05-08-09,Branch4,7,3,Location3,1,,96.033301028903,2.57918105164837,-0.105,0.993453572141144,0.0449999999999999,8.57595304950169,21
429,B4_K07_I01-02-03-04-05-08-09,Branch4,7,4,Location4,1,,69.4976160620549,2.14909562686401,0.35,0.935998798076151,0.0374999999999999,5.49720433075537,21
430,B4_K07_I01-02-03-04-06-07-08,Branch4,7,1,Location1,1,,122.679748734251,-7.75861988858682,-0.535,0.83399640286994,-0.135,11.2092054617996,21
430,B4_K07_I01-02-03-04-06-07-08,Branch4,7,2,Location2,1,,143.392216961646,-4.73228037895821,-0.8,0.594301060069726,-0.0825,16.3834900282326,21
430,B4_K07_I01-02-03-04-06-07-08,Branch4,7,3,Location3,1,,96.033301028903,2.57918105164837,-0.105,0.993453572141144,0.0449999999999999,8.57595304950169,21
430,B4_K07_I01-02-03-04-06-07-08,Branch4,7,4,Location4,1,,69.3424098758504,2.29244277595588,0.3525,0.934956549792556,0.0399999999999999,5.6165691875335,21
431,B4_K07_I01-02-03-04-06-07-09,Branch4,7,1,Location1,1,,122.508162615007,-7.75861988858682,-0.5325,0.835594847997521,-0.135,11.0538294724398,21
431,B4_K07_I01-02-03-04-06-07-09,Branch4,7,2,Location2,1,,143.587720428338,-4.30122230467036,-0.8025,0.591919546898056,-0.075,16.5343249680969,21
431,B4_K07_I01-02-03-04-06-07-09,Branch4,7,3,Location3,1,,95.8891367114247,2.57918105164837,-0.1025,0.993714622011773,0.0449999999999999,8.47525337559886,21
431,B4_K07_I01-02-03-04-06-07-09,Branch4,7,4,Location4,1,,69.3445055862579,2.14909562686402,0.3525,0.93506015849249,0.0374999999999999,5.47473766066972,21
432,B4_K07_I01-02-03-04-06-08-09,Branch4,7,1,Location1,1,,122.495734178207,-7.61408173959389,-0.5325,0.835994916252485,-0.1325,10.9842034657581,21
432,B4_K07_I01-02-03-04-06-08-09,Branch4,7,2,Location2,1,,143.618019979014,-4.58856573578583,-0.8025,0.591264534705067,-0.08,16.5916732698491,21
432,B4_K07_I01-02-03-04-06-08-09,Branch4,7,3,Location3,1,,96.033301028903,2.57918105164837,-0.105,0.993453572141144,0.0449999999999999,8.57595304950169,21
432,B4_K07_I01-02-03-04-06-08-09,Branch4,7,4,Location4,1,,69.4955373017906,2.29244277595588,0.35,0.935895293288731,0.0399999999999999,5.63841616718822,21
433,B4_K07_I01-02-03-04-07-08-09,Branch4,7,1,Location1,1,,122.69250824146,-7.90320773348459,-0.535,0.833587877790938,-0.1375,11.2797465158819,21
433,B4_K07_I01-02-03-04-07-08-09,Branch4,7,2,Location2,1,,143.893585517872,-4.87602486961296,-0.805,0.587154153523587,-0.085,16.8963485690724,21
433,B4_K07_I01-02-03-04-07-08-09,Branch4,7,3,Location3,1,,95.8891367114247,2.57918105164837,-0.1025,0.993714622011773,0.0449999999999999,8.47525337559886,21
433,B4_K07_I01-02-03-04-07-08-09,Branch4,7,4,Location4,1,,69.4955373017906,2.29244277595588,0.35,0.935895293288731,0.0399999999999999,5.63841616718822,21
434,B4_K07_I01-02-03-05-06-07-08,Branch4,7,1,Location1,1,,122.508162615007,-7.75861988858682,-0.5325,0.835594847997521,-0.135,11.0538294724398,21
434,B4_K07_I01-02-03-05-06-07-08,Branch4,7,2,Location2,1,,143.376450948356,-4.58856573578583,-0.8,0.59464274989274,-0.08,16.3521859430315,21
434,B4_K07_I01-02-03-05-06-07-08,Branch4,7,3,Location3,1,,96.033301028903,2.57918105164837,-0.105,0.993453572141144,0.0449999999999999,8.57595304950169,21
434,B4_K07_I01-02-03-05-06-07-08,Branch4,7,4,Location4,1,,69.4995601356051,2.00576193490982,0.35,0.936095614774474,0.0349999999999999,5.35609750914218,21
435,B4_K07_I01-02-03-05-06-07-09,Branch4,7,1,Location1,1,,122.508162615007,-7.75861988858682,-0.5325,0.835594847997521,-0.135,11.0538294724398,21
435,B4_K07_I01-02-03-05-06-07-09,Branch4,7,2,Location2,1,,143.376450948356,-4.58856573578583,-0.8,0.59464274989274,-0.08,16.3521859430315,21
435,B4_K07_I01-02-03-05-06-07-09,Branch4,7,3,Location3,1,,95.8891367114247,2.57918105164837,-0.1025,0.993714622011773,0.0449999999999999,8.47525337559886,21
435,B4_K07_I01-02-03-05-06-07-09,Branch4,7,4,Location4,1,,69.4995601356051,2.00576193490982,0.35,0.936095614774474,0.0349999999999999,5.35609750914218,21
436,B4_K07_I01-02-03-05-06-08-09,Branch4,7,1,Location1,1,,122.508162615007,-7.75861988858682,-0.5325,0.835594847997521,-0.135,11.0538294724398,21
436,B4_K07_I01-02-03-05-06-08-09,Branch4,7,2,Location2,1,,143.618019979014,-4.58856573578583,-0.8025,0.591264534705067,-0.08,16.5916732698491,21
436,B4_K07_I01-02-03-05-06-08-09,Branch4,7,3,Location3,1,,95.8891367114247,2.57918105164837,-0.1025,0.993714622011773,0.0449999999999999,8.47525337559886,21
436,B4_K07_I01-02-03-05-06-08-09,Branch4,7,4,Location4,1,,69.65250196358,2.00576193490982,0.3475,0.937026547115929,0.0349999999999999,5.38343557468632,21
437,B4_K07_I01-02-03-05-07-08-09,Branch4,7,1,Location1,1,,122.69250824146,-7.90320773348458,-0.535,0.833587877790938,-0.1375,11.2797465158819,21
437,B4_K07_I01-02-03-05-07-08-09,Branch4,7,2,Location2,1,,143.667256322953,-5.01980013167812,-0.8025,0.590201236867562,-0.0875,16.6901805169901,21
437,B4_K07_I01-02-03-05-07-08-09,Branch4,7,3,Location3,1,,95.8891367114247,2.57918105164837,-0.1025,0.993714622011773,0.0449999999999999,8.47525337559886,21
437,B4_K07_I01-02-03-05-07-08-09,Branch4,7,4,Location4,1,,69.4995601356051,2.00576193490982,0.35,0.936095614774474,0.0349999999999999,5.35609750914218,21
438,B4_K07_I01-02-03-06-07-08-09,Branch4,7,1,Location1,1,,122.679748734251,-7.75861988858682,-0.535,0.83399640286994,-0.135,11.2092054617996,21
438,B4_K07_I01-02-03-06-07-08-09,Branch4,7,2,Location2,1,,143.376450948356,-4.58856573578583,-0.8,0.59464274989274,-0.08,16.3521859430315,21
438,B4_K07_I01-02-03-06-07-08-09,Branch4,7,3,Location3,1,,95.8891367114247,2.57918105164837,-0.1025,0.993714622011773,0.0449999999999999,8.47525337559886,21
438,B4_K07_I01-02-03-06-07-08-09,Branch4,7,4,Location4,1,,69.4976160620549,2.14909562686402,0.35,0.935998798076151,0.0374999999999999,5.49720433075537,21
439,B4_K07_I01-02-04-05-06-07-08,Branch4,7,1,Location1,1,,122.679748734251,-7.75861988858682,-0.535,0.83399640286994,-0.135,11.2092054617996,21
439,B4_K07_I01-02-04-05-06-07-08,Branch4,7,2,Location2,1,,143.602618707897,-4.44488001787759,-0.8025,0.591597413787451,-0.0775,16.5621628506824,21
439,B4_K07_I01-02-04-05-06-07-08,Branch4,7,3,Location3,1,,96.033301028903,2.57918105164837,-0.105,0.993453572141144,0.0449999999999999,8.57595304950169,21
439,B4_K07_I01-02-04-05-06-07-08,Branch4,7,4,Location4,1,,69.4976160620549,2.14909562686402,0.35,0.935998798076151,0.0374999999999999,5.49720433075537,21
440,B4_K07_I01-02-04-05-06-07-09,Branch4,7,1,Location1,1,,122.679748734251,-7.75861988858682,-0.535,0.83399640286994,-0.135,11.2092054617996,21
440,B4_K07_I01-02-04-05-06-07-09,Branch4,7,2,Location2,1,,143.346417198589,-4.30122230467036,-0.8,0.595294044989533,-0.075,16.2946229961618,21
440,B4_K07_I01-02-04-05-06-07-09,Branch4,7,3,Location3,1,,96.033301028903,2.57918105164837,-0.105,0.993453572141144,0.0449999999999999,8.57595304950169,21
440,B4_K07_I01-02-04-05-06-07-09,Branch4,7,4,Location4,1,,69.4976160620549,2.14909562686402,0.35,0.935998798076151,0.0374999999999999,5.49720433075537,21
441,B4_K07_I01-02-04-05-06-08-09,Branch4,7,1,Location1,1,,122.508162615007,-7.75861988858682,-0.5325,0.835594847997521,-0.135,11.0538294724398,21
441,B4_K07_I01-02-04-05-06-08-09,Branch4,7,2,Location2,1,,143.860979365318,-4.58856573578583,-0.805,0.587856274951625,-0.08,16.8325838898585,21
441,B4_K07_I01-02-04-05-06-08-09,Branch4,7,3,Location3,1,,96.033301028903,2.57918105164837,-0.105,0.993453572141144,0.0449999999999999,8.57595304950169,21
441,B4_K07_I01-02-04-05-06-08-09,Branch4,7,4,Location4,1,,69.4955373017906,2.29244277595588,0.35,0.935895293288731,0.0399999999999999,5.63841616718822,21
442,B4_K07_I01-02-04-05-07-08-09,Branch4,7,1,Location1,1,,122.69250824146,-7.90320773348458,-0.535,0.833587877790938,-0.1375,11.2797465158819,21
442,B4_K07_I01-02-04-05-07-08-09,Branch4,7,2,Location2,1,,143.877027170779,-4.73228037895821,-0.805,0.587510638201556,-0.0825,16.8636420220125,21
442,B4_K07_I01-02-04-05-07-08-09,Branch4,7,3,Location3,1,,96.033301028903,2.57918105164837,-0.105,0.993453572141144,0.0449999999999999,8.57595304950169,21
442,B4_K07_I01-02-04-05-07-08-09,Branch4,7,4,Location4,1,,69.4976160620549,2.14909562686402,0.35,0.935998798076151,0.0374999999999999,5.49720433075537,21
443,B4_K07_I01-02-04-06-07-08-09,Branch4,7,1,Location1,1,,122.679748734251,-7.75861988858682,-0.535,0.83399640286994,-0.135,11.2092054617996,21
443,B4_K07_I01-02-04-06-07-08-09,Branch4,7,2,Location2,1,,143.633925674789,-4.73228037895821,-0.8025,0.590920891490561,-0.0825,16.6228504728193,21
443,B4_K07_I01-02-04-06-07-08-09,Branch4,7,3,Location3,1,,96.033301028903,2.57918105164837,-0.105,0.993453572141144,0.0449999999999999,8.57595304950169,21
443,B4_K07_I01-02-04-06-07-08-09,Branch4,7,4,Location4,1,,69.4955373017906,2.29244277595588,0.35,0.935895293288731,0.0399999999999999,5.63841616718822,21
444,B4_K07_I01-02-05-06-07-08-09,Branch4,7,1,Location1,1,,122.69250824146,-7.90320773348459,-0.535,0.833587877790938,-0.1375,11.2797465158819,21
444,B4_K07_I01-02-05-06-07-08-09,Branch4,7,2,Location2,1,,143.587720428338,-4.30122230467036,-0.8025,0.591919546898056,-0.075,16.5343249680969,21
444,B4_K07_I01-02-05-06-07-08-09,Branch4,7,3,Location3,1,,96.033301028903,2.57918105164837,-0.105,0.993453572141144,0.0449999999999999,8.57595304950169,21
444,B4_K07_I01-02-05-06-07-08-09,Branch4,7,4,Location4,1,,69.4995601356051,2.00576193490982,0.35,0.936095614774474,0.0349999999999999,5.35609750914218,21
445,B4_K07_I01-03-04-05-06-07-08,Branch4,7,1,Location1,1,,122.508162615007,-7.75861988858682,-0.5325,0.835594847997521,-0.135,11.0538294724398,21
445,B4_K07_I01-03-04-05-06-07-08,Branch4,7,2,Location2,1,,143.376450948356,-4.58856573578583,-0.8,0.59464274989274,-0.08,16.3521859430315,21
445,B4_K07_I01-03-04-05-06-07-08,Branch4,7,3,Location3,1,,96.033301028903,2.57918105164837,-0.105,0.993453572141144,0.0449999999999999,8.57595304950169,21
445,B4_K07_I01-03-04-05-06-07-08,Branch4,7,4,Location4,1,,69.4976160620549,2.14909562686401,0.35,0.935998798076151,0.0374999999999999,5.49720433075537,21
446,B4_K07_I01-03-04-05-06-07-09,Branch4,7,1,Location1,1,,122.508162615007,-7.75861988858682,-0.5325,0.835594847997521,-0.135,11.0538294724398,21
446,B4_K07_I01-03-04-05-06-07-09,Branch4,7,2,Location2,1,,143.361184830953,-4.44488001787759,-0.8,0.594973738916265,-0.0775,16.3225615992363,21
446,B4_K07_I01-03-04-05-06-07-09,Branch4,7,3,Location3,1,,95.8891367114247,2.57918105164837,-0.1025,0.993714622011773,0.0449999999999999,8.47525337559886,21
446,B4_K07_I01-03-04-05-06-07-09,Branch4,7,4,Location4,1,,69.4976160620549,2.14909562686401,0.35,0.935998798076151,0.0374999999999999,5.49720433075537,21
447,B4_K07_I01-03-04-05-06-08-09,Branch4,7,1,Location1,1,,122.508162615007,-7.75861988858682,-0.5325,0.835594847997521,-0.135,11.0538294724398,21
447,B4_K07_I01-03-04-05-06-08-09,Branch4,7,2,Location2,1,,143.618019979014,-4.58856573578583,-0.8025,0.591264534705067,-0.08,16.5916732698491,21
447,B4_K07_I01-03-04-05-06-08-09,Branch4,7,3,Location3,1,,95.8891367114247,2.57918105164837,-0.1025,0.993714622011773,0.0449999999999999,8.47525337559886,21
447,B4_K07_I01-03-04-05-06-08-09,Branch4,7,4,Location4,1,,69.4976160620549,2.14909562686401,0.35,0.935998798076151,0.0374999999999999,5.49720433075537,21
448,B4_K07_I01-03-04-05-07-08-09,Branch4,7,1,Location1,1,,122.520838192328,-7.90320773348459,-0.5325,0.835187104785509,-0.1375,11.1251288876582,21
448,B4_K07_I01-03-04-05-07-08-09,Branch4,7,2,Location2,1,,143.650337278282,-4.87602486961296,-0.8025,0.590566465353393,-0.085,16.6556883643547,21
448,B4_K07_I01-03-04-05-07-08-09,Branch4,7,3,Location3,1,,95.8891367114247,2.57918105164837,-0.1025,0.993714622011773,0.0449999999999999,8.47525337559886,21
448,B4_K07_I01-03-04-05-07-08-09,Branch4,7,4,Location4,1,,69.4976160620549,2.14909562686401,0.35,0.935998798076151,0.0374999999999999,5.49720433075537,21
449,B4_K07_I01-03-04-06-07-08-09,Branch4,7,1,Location1,1,,122.508162615007,-7.75861988858682,-0.5325,0.835594847997521,-0.135,11.0538294724398,21
449,B4_K07_I01-03-04-06-07-08-09,Branch4,7,2,Location2,1,,143.392216961646,-4.73228037895821,-0.8,0.594301060069726,-0.0825,16.3834900282326,21
449,B4_K07_I01-03-04-06-07-08-09,Branch4,7,3,Location3,1,,95.8891367114247,2.57918105164837,-0.1025,0.993714622011773,0.0449999999999999,8.47525337559886,21
449,B4_K07_I01-03-04-06-07-08-09,Branch4,7,4,Location4,1,,69.4955373017906,2.29244277595588,0.35,0.935895293288731,0.0399999999999999,5.63841616718822,21
450,B4_K07_I01-03-05-06-07-08-09,Branch4,7,1,Location1,1,,122.508162615007,-7.75861988858682,-0.5325,0.835594847997521,-0.135,11.0538294724398,21
450,B4_K07_I01-03-05-06-07-08-09,Branch4,7,2,Location2,1,,143.376450948356,-4.58856573578583,-0.8,0.59464274989274,-0.08,16.3521859430315,21
450,B4_K07_I01-03-05-06-07-08-09,Branch4,7,3,Location3,1,,95.8891367114247,2.57918105164837,-0.1025,0.993714622011773,0.0449999999999999,8.47525337559886,21
450,B4_K07_I01-03-05-06-07-08-09,Branch4,7,4,Location4,1,,69.4995601356051,2.00576193490982,0.35,0.936095614774474,0.0349999999999999,5.35609750914218,21
451,B4_K07_I01-04-05-06-07-08-09,Branch4,7,1,Location1,1,,122.679748734251,-7.75861988858682,-0.535,0.83399640286994,-0.135,11.2092054617996,21
451,B4_K07_I01-04-05-06-07-08-09,Branch4,7,2,Location2,1,,143.361184830953,-4.44488001787759,-0.8,0.594973738916265,-0.0775,16.3225615992363,21
451,B4_K07_I01-04-05-06-07-08-09,Branch4,7,3,Location3,1,,95.8891367114247,2.57918105164837,-0.1025,0.993714622011773,0.0449999999999999,8.47525337559886,21
451,B4_K07_I01-04-05-06-07-08-09,Branch4,7,4,Location4,1,,69.4955373017906,2.29244277595588,0.35,0.935895293288731,0.0399999999999999,5.63841616718822,21
452,B4_K07_I02-03-04-05-06-07-08,Branch4,7,1,Location1,1,,122.508162615007,-7.75861988858682,-0.5325,0.835594847997521,-0.135,11.0538294724398,21
452,B4_K07_I02-03-04-05-06-07-08,Branch4,7,2,Location2,1,,143.618019979014,-4.58856573578583,-0.8025,0.591264534705067,-0.08,16.5916732698491,21
452,B4_K07_I02-03-04-05-06-07-08,Branch4,7,3,Location3,1,,96.033301028903,2.57918105164837,-0.105,0.993453572141144,0.0449999999999999,8.57595304950169,21
452,B4_K07_I02-03-04-05-06-07-08,Branch4,7,4,Location4,1,,69.4976160620549,2.14909562686401,0.35,0.935998798076151,0.0374999999999999,5.49720433075537,21
453,B4_K07_I02-03-04-05-06-07-09,Branch4,7,1,Location1,1,,122.508162615007,-7.75861988858682,-0.5325,0.835594847997521,-0.135,11.0538294724398,21
453,B4_K07_I02-03-04-05-06-07-09,Branch4,7,2,Location2,1,,143.587720428338,-4.30122230467036,-0.8025,0.591919546898056,-0.075,16.5343249680969,21
453,B4_K07_I02-03-04-05-06-07-09,Branch4,7,3,Location3,1,,96.033301028903,2.57918105164837,-0.105,0.993453572141144,0.0449999999999999,8.57595304950169,21
453,B4_K07_I02-03-04-05-06-07-09,Branch4,7,4,Location4,1,,69.3445055862579,2.14909562686401,0.3525,0.93506015849249,0.0374999999999999,5.47473766066972,21
454,B4_K07_I02-03-04-05-06-08-09,Branch4,7,1,Location1,1,,122.508162615007,-7.75861988858682,-0.5325,0.835594847997521,-0.135,11.0538294724398,21
454,B4_K07_I02-03-04-05-06-08-09,Branch4,7,2,Location2,1,,143.618019979014,-4.58856573578583,-0.8025,0.591264534705067,-0.08,16.5916732698491,21
454,B4_K07_I02-03-04-05-06-08-09,Branch4,7,3,Location3,1,,96.033301028903,2.57918105164837,-0.105,0.993453572141144,0.0449999999999999,8.57595304950169,21
454,B4_K07_I02-03-04-05-06-08-09,Branch4,7,4,Location4,1,,69.4976160620549,2.14909562686401,0.35,0.935998798076151,0.0374999999999999,5.49720433075537,21
455,B4_K07_I02-03-04-05-07-08-09,Branch4,7,1,Location1,1,,122.69250824146,-7.90320773348459,-0.535,0.833587877790938,-0.1375,11.2797465158819,21
455,B4_K07_I02-03-04-05-07-08-09,Branch4,7,2,Location2,1,,143.893585517872,-4.87602486961296,-0.805,0.587154153523587,-0.085,16.8963485690724,21
455,B4_K07_I02-03-04-05-07-08-09,Branch4,7,3,Location3,1,,96.033301028903,2.57918105164837,-0.105,0.993453572141144,0.0449999999999999,8.57595304950169,21
455,B4_K07_I02-03-04-05-07-08-09,Branch4,7,4,Location4,1,,69.4976160620549,2.14909562686401,0.35,0.935998798076151,0.0374999999999999,5.49720433075537,21
456,B4_K07_I02-03-04-06-07-08-09,Branch4,7,1,Location1,1,,122.679748734251,-7.75861988858682,-0.535,0.83399640286994,-0.135,11.2092054617996,21
456,B4_K07_I02-03-04-06-07-08-09,Branch4,7,2,Location2,1,,143.633925674789,-4.73228037895821,-0.8025,0.590920891490561,-0.0825,16.6228504728193,21
456,B4_K07_I02-03-04-06-07-08-09,Branch4,7,3,Location3,1,,96.0326374522384,2.43580428350657,-0.105,0.993563661775128,0.0424999999999999,8.4741818022773,21
456,B4_K07_I02-03-04-06-07-08-09,Branch4,7,4,Location4,1,,69.4976160620549,2.14909562686402,0.35,0.935998798076151,0.0374999999999999,5.49720433075537,21
457,B4_K07_I02-03-05-06-07-08-09,Branch4,7,1,Location1,1,,122.508162615007,-7.75861988858682,-0.5325,0.835594847997521,-0.135,11.0538294724398,21
457,B4_K07_I02-03-05-06-07-08-09,Branch4,7,2,Location2,1,,143.392216961646,-4.73228037895821,-0.8,0.594301060069726,-0.0825,16.3834900282326,21
457,B4_K07_I02-03-05-06-07-08-09,Branch4,7,3,Location3,1,,95.8891367114247,2.57918105164837,-0.1025,0.993714622011773,0.0449999999999999,8.47525337559886,21
457,B4_K07_I02-03-05-06-07-08-09,Branch4,7,4,Location4,1,,69.4995601356051,2.00576193490982,0.35,0.936095614774474,0.0349999999999999,5.35609750914218,21
458,B4_K07_I02-04-05-06-07-08-09,Branch4,7,1,Location1,1,,122.679748734251,-7.75861988858682,-0.535,0.83399640286994,-0.135,11.2092054617996,21
458,B4_K07_I02-04-05-06-07-08-09,Branch4,7,2,Location2,1,,143.602618707897,-4.44488001787759,-0.8025,0.591597413787451,-0.0775,16.5621628506824,21
458,B4_K07_I02-04-05-06-07-08-09,Branch4,7,3,Location3,1,,96.033301028903,2.57918105164837,-0.105,0.993453572141144,0.0449999999999999,8.57595304950169,21
458,B4_K07_I02-04-05-06-07-08-09,Branch4,7,4,Location4,1,,69.4976160620549,2.14909562686402,0.35,0.935998798076151,0.0374999999999999,5.49720433075537,21
459,B4_K07_I03-04-05-06-07-08-09,Branch4,7,1,Location1,1,,122.508162615007,-7.75861988858682,-0.5325,0.835594847997521,-0.135,11.0538294724398,21
459,B4_K07_I03-04-05-06-07-08-09,Branch4,7,2,Location2,1,,143.392216961646,-4.73228037895821,-0.8,0.594301060069726,-0.0825,16.3834900282326,21
459,B4_K07_I03-04-05-06-07-08-09,Branch4,7,3,Location3,1,,95.8891367114247,2.57918105164837,-0.1025,0.993714622011773,0.0449999999999999,8.47525337559886,21
459,B4_K07_I03-04-05-06-07-08-09,Branch4,7,4,Location4,1,,69.4976160620549,2.14909562686401,0.35,0.935998798076151,0.0374999999999999,5.49720433075537,21
460,B4_K08_I01-02-03-04-05-06-07-08,Branch4,8,1,Location1,1,,122.508162615007,-7.75861988858682,-0.5325,0.835594847997521,-0.135,11.0538294724398,21
460,B4_K08_I01-02-03-04-05-06-07-08,Branch4,8,2,Location2,1,,143.618019979014,-4.58856573578583,-0.8025,0.591264534705067,-0.08,16.5916732698491,21
460,B4_K08_I01-02-03-04-05-06-07-08,Branch4,8,3,Location3,1,,96.033301028903,2.57918105164837,-0.105,0.993453572141144,0.0449999999999999,8.57595304950169,21
460,B4_K08_I01-02-03-04-05-06-07-08,Branch4,8,4,Location4,1,,69.4976160620549,2.14909562686401,0.35,0.935998798076151,0.0374999999999999,5.49720433075537,21
461,B4_K08_I01-02-03-04-05-06-07-09,Branch4,8,1,Location1,1,,122.508162615007,-7.75861988858682,-0.5325,0.835594847997521,-0.135,11.0538294724398,21
461,B4_K08_I01-02-03-04-05-06-07-09,Branch4,8,2,Location2,1,,143.602618707897,-4.44488001787759,-0.8025,0.591597413787451,-0.0775,16.5621628506824,21
461,B4_K08_I01-02-03-04-05-06-07-09,Branch4,8,3,Location3,1,,96.033301028903,2.57918105164837,-0.105,0.993453572141144,0.0449999999999999,8.57595304950169,21
461,B4_K08_I01-02-03-04-05-06-07-09,Branch4,8,4,Location4,1,,69.4976160620549,2.14909562686401,0.35,0.935998798076151,0.0374999999999999,5.49720433075537,21
462,B4_K08_I01-02-03-04-05-06-08-09,Branch4,8,1,Location1,1,,122.508162615007,-7.75861988858682,-0.5325,0.835594847997521,-0.135,11.0538294724398,21
462,B4_K08_I01-02-03-04-05-06-08-09,Branch4,8,2,Location2,1,,143.618019979014,-4.58856573578583,-0.8025,0.591264534705067,-0.08,16.5916732698491,21
462,B4_K08_I01-02-03-04-05-06-08-09,Branch4,8,3,Location3,1,,96.033301028903,2.57918105164837,-0.105,0.993453572141144,0.0449999999999999,8.57595304950169,21
462,B4_K08_I01-02-03-04-05-06-08-09,Branch4,8,4,Location4,1,,69.4976160620549,2.14909562686401,0.35,0.935998798076151,0.0374999999999999,5.49720433075537,21
463,B4_K08_I01-02-03-04-05-07-08-09,Branch4,8,1,Location1,1,,122.69250824146,-7.90320773348458,-0.535,0.833587877790938,-0.1375,11.2797465158819,21
463,B4_K08_I01-02-03-04-05-07-08-09,Branch4,8,2,Location2,1,,143.893585517872,-4.87602486961296,-0.805,0.587154153523587,-0.085,16.8963485690724,21
463,B4_K08_I01-02-03-04-05-07-08-09,Branch4,8,3,Location3,1,,96.033301028903,2.57918105164837,-0.105,0.993453572141144,0.0449999999999999,8.57595304950169,21
463,B4_K08_I01-02-03-04-05-07-08-09,Branch4,8,4,Location4,1,,69.4976160620549,2.14909562686401,0.35,0.935998798076151,0.0374999999999999,5.49720433075537,21
464,B4_K08_I01-02-03-04-06-07-08-09,Branch4,8,1,Location1,1,,122.679748734251,-7.75861988858682,-0.535,0.83399640286994,-0.135,11.2092054617996,21
464,B4_K08_I01-02-03-04-06-07-08-09,Branch4,8,2,Location2,1,,143.633925674789,-4.73228037895821,-0.8025,0.590920891490561,-0.0825,16.6228504728193,21
464,B4_K08_I01-02-03-04-06-07-08-09,Branch4,8,3,Location3,1,,95.8891367114247,2.57918105164837,-0.1025,0.993714622011773,0.0449999999999999,8.47525337559886,21
464,B4_K08_I01-02-03-04-06-07-08-09,Branch4,8,4,Location4,1,,69.4955373017906,2.29244277595588,0.35,0.935895293288731,0.0399999999999999,5.63841616718822,21
465,B4_K08_I01-02-03-05-06-07-08-09,Branch4,8,1,Location1,1,,122.679748734251,-7.75861988858682,-0.535,0.83399640286994,-0.135,11.2092054617996,21
465,B4_K08_I01-02-03-05-06-07-08-09,Branch4,8,2,Location2,1,,143.376450948356,-4.58856573578583,-0.8,0.59464274989274,-0.08,16.3521859430315,21
465,B4_K08_I01-02-03-05-06-07-08-09,Branch4,8,3,Location3,1,,95.8891367114247,2.57918105164837,-0.1025,0.993714622011773,0.0449999999999999,8.47525337559886,21
465,B4_K08_I01-02-03-05-06-07-08-09,Branch4,8,4,Location4,1,,69.4995601356051,2.00576193490982,0.35,0.936095614774474,0.0349999999999999,5.35609750914218,21
466,B4_K08_I01-02-04-05-06-07-08-09,Branch4,8,1,Location1,1,,122.69250824146,-7.90320773348459,-0.535,0.833587877790938,-0.1375,11.2797465158819,21
466,B4_K08_I01-02-04-05-06-07-08-09,Branch4,8,2,Location2,1,,143.602618707897,-4.44488001787759,-0.8025,0.591597413787451,-0.0775,16.5621628506824,21
466,B4_K08_I01-02-04-05-06-07-08-09,Branch4,8,3,Location3,1,,96.033301028903,2.57918105164837,-0.105,0.993453572141144,0.0449999999999999,8.57595304950169,21
466,B4_K08_I01-02-04-05-06-07-08-09,Branch4,8,4,Location4,1,,69.4976160620549,2.14909562686402,0.35,0.935998798076151,0.0374999999999999,5.49720433075537,21
467,B4_K08_I01-03-04-05-06-07-08-09,Branch4,8,1,Location1,1,,122.508162615007,-7.75861988858682,-0.5325,0.835594847997521,-0.135,11.0538294724398,21
467,B4_K08_I01-03-04-05-06-07-08-09,Branch4,8,2,Location2,1,,143.392216961646,-4.73228037895821,-0.8,0.594301060069726,-0.0825,16.3834900282326,21
467,B4_K08_I01-03-04-05-06-07-08-09,Branch4,8,3,Location3,1,,95.8891367114247,2.57918105164837,-0.1025,0.993714622011773,0.0449999999999999,8.47525337559886,21
467,B4_K08_I01-03-04-05-06-07-08-09,Branch4,8,4,Location4,1,,69.4976160620549,2.14909562686401,0.35,0.935998798076151,0.0374999999999999,5.49720433075537,21
468,B4_K08_I02-03-04-05-06-07-08-09,Branch4,8,1,Location1,1,,122.508162615007,-7.75861988858682,-0.5325,0.835594847997521,-0.135,11.0538294724398,21
468,B4_K08_I02-03-04-05-06-07-08-09,Branch4,8,2,Location2,1,,143.376450948356,-4.58856573578583,-0.8,0.59464274989274,-0.08,16.3521859430315,21
468,B4_K08_I02-03-04-05-06-07-08-09,Branch4,8,3,Location3,1,,96.033301028903,2.57918105164837,-0.105,0.993453572141144,0.0449999999999999,8.57595304950169,21
468,B4_K08_I02-03-04-05-06-07-08-09,Branch4,8,4,Location4,1,,69.4976160620549,2.14909562686401,0.35,0.935998798076151,0.0374999999999999,5.49720433075537,21
469,B4_K09_I01-02-03-04-05-06-07-08-09,Branch4,9,1,Location1,1,,122.508162615007,-7.75861988858682,-0.5325,0.835594847997521,-0.135,11.0538294724398,21
469,B4_K09_I01-02-03-04-05-06-07-08-09,Branch4,9,2,Location2,1,,143.618019979014,-4.58856573578583,-0.8025,0.591264534705067,-0.08,16.5916732698491,21
469,B4_K09_I01-02-03-04-05-06-07-08-09,Branch4,9,3,Location3,1,,96.033301028903,2.57918105164837,-0.105,0.993453572141144,0.0449999999999999,8.57595304950169,21
469,B4_K09_I01-02-03-04-05-06-07-08-09,Branch4,9,4,Location4,1,,69.4976160620549,2.14909562686401,0.35,0.935998798076151,0.0374999999999999,5.49720433075537,21
