MethodIndex,MethodId,Branch,StateCount,UniquePhaseCount,PowerDesignRank,PowerDesignCondition,Recoverable,Canonical,MedianValidFraction,MedianTrainingFitNmseDb,MedianHeldOutFitNmseDb,Branch1Coherence,Branch1PhaseRmseDeg,Branch1ComplexNmseDb,Branch1MagnitudeNrmse,Branch2Coherence,Branch2PhaseRmseDeg,Branch2ComplexNmseDb,Branch2MagnitudeNrmse,Branch3Coherence,Branch3PhaseRmseDeg,Branch3ComplexNmseDb,Branch3MagnitudeNrmse,Branch4CanonicalCoherence,Branch4CanonicalPhaseRmseDeg,Branch4CanonicalComplexNmseDb,Branch4CanonicalMagnitudeNrmse,ValidDoaCount,MedianDoaAngularErrorDeg,ValidLocalizationCount,TwoStationValidCount,TwoStationMedianErrorM,TwoStationMinErrorM,TwoStationMaxErrorM,TwoStationMedianRayRmsM,ThreeStationValidCount,ThreeStationMedianErrorM,ThreeStationMinErrorM,ThreeStationMaxErrorM,ThreeStationMedianRayRmsM,FourStationValidCount,FourStationErrorM,FourStationRayRmsM,FourStationEstimatedY_M,ForwardLocalizationCount
1,B1_DFT8,Branch1,8,8,NaN,NaN,1,1,1,NaN,NaN,1,7.34089204902752e-16,-Inf,0,0.827881285348248,41.807043902774,-5.12234823364919,0.377179038133024,0.973529067881377,13.783445850742,-12.924483200963,0.161146672708915,0.957344151570027,13.9618044064381,-10.943756602651,0.21868776892025,4,10.2214905242274,11,6,1.20946939045076,0.714454540619968,1.75448110006831,0.183479748615321,4,1.13065717055846,0.756313505660686,1.3674159775305,0.247804599321447,1,1.16739948318053,0.26927791326917,1.95479998646949,11
2,B2_ONOFF,Branch2,NaN,NaN,NaN,NaN,1,0,1,NaN,NaN,0.827881285348248,41.807043902774,-5.12234823364919,0.377179038133024,1,6.72699744258428e-16,-Inf,0,0.847108619711009,38.3111618179581,-5.6054248252488,0.363886508874625,0.771066663194441,45.5577599287534,-3.93060678386541,0.454127752893437,4,10.4301602459843,11,6,1.24320022665199,0.726191821004287,1.81041633359036,0.18802326036576,4,1.19217202506066,0.838671275461626,1.4141130814002,0.255528572498367,1,1.18287840482304,0.277040708570446,1.94091573377631,11
3,B3_HADAMARD,Branch3,NaN,NaN,NaN,NaN,1,0,1,NaN,NaN,0.973529067881377,13.783445850742,-12.924483200963,0.161146672708915,0.847108619711009,38.3111618179581,-5.6054248252488,0.363886508874625,1,7.63451241719518e-16,-Inf,0,0.932999712207674,20.2567953705577,-8.9734443120812,0.272246507209103,4,10.3906516388515,11,6,1.23466385125188,0.699985230469051,1.75107921647114,0.196674489387949,4,1.12825270978328,0.794743594866285,1.38835827043574,0.253720941355747,1,1.17115193635109,0.277565262432014,1.94926013714522,11
4,B4_K03_I01-02-03,Branch4,3,3,3,13.2024309665537,1,0,0.743303571428571,-321.956157149652,-11.3035837227568,0.552662621904733,67.7122012781758,-1.64780482008352,0.606667070204268,0.503871828723626,71.44049155592,-1.30261853267841,0.650944205822867,0.511437052345185,67.9463398334466,-1.41908134311417,0.615416547443973,0.570842326284024,66.7091072989643,-1.79892938889742,0.57910729623348,4,10.092741366109,11,6,3.27403353351309,0.764016703517564,20.6854801534234,0.253128637538501,4,1.06491778441271,0.79677678272491,4.03248525216811,1.08447037989135,1,0.883754962287425,1.29647860991058,2.2371404310311,8
5,B4_K03_I01-02-04,Branch4,3,3,3,5.35734750587403,1,0,0.819196428571429,-321.921565757556,-16.7867431156463,0.681211177495963,52.5511134537028,-2.72769730094088,0.47363483327218,0.585912826314306,65.0705347237576,-1.84680891621629,0.611209235408955,0.658907192531647,53.8908056848873,-2.50931963536585,0.494408402045499,0.693949140175779,52.2511771525104,-2.91238330976807,0.454011845705163,4,10.1028004038911,11,6,1.1537653646551,0.681553434207234,1.64463694713406,0.15268548779682,4,1.09366385817224,0.715900665315719,1.28976264990487,0.22910126879991,1,1.11545903202388,0.24605205310509,2.01278572050833,11
6,B4_K03_I01-02-05,Branch4,3,3,3,3.45343908280328,1,0,0.851934523809524,-322.771219847478,-19.4614492188799,0.702449798684661,50.3257101567224,-2.95467897183699,0.474861064740503,0.585611258686204,60.1144395489291,-1.82450035768617,0.592216320338601,0.701457629141091,52.2222022824611,-2.94176440000802,0.487449807713307,0.750497859927567,49.6823255391691,-3.62863232642466,0.439491896398525,4,10.0647225988354,11,6,1.16220699021337,0.688927795328871,1.69921538662497,0.139093679289356,4,1.1114530652829,0.784880794340801,1.32106283370513,0.221047317803141,1,1.13587227308174,0.24040533474991,1.99425989106642,11
7,B4_K03_I01-02-06,Branch4,3,3,3,3.45343908280327,1,0,0.855654761904762,-321.831456940935,-19.581953252043,0.718539235807244,50.9905098983979,-3.15424747527928,0.492773399259898,0.597076597031663,60.2230163704197,-1.91489242654387,0.568562394106728,0.71707349179826,52.1022815390736,-3.13681229835295,0.488898288762387,0.749101375500315,48.8375060810818,-3.66126137366426,0.428185814428559,4,10.1028004038911,11,6,1.17183899052363,0.695178491826181,1.6892029216442,0.165212078526134,4,1.10711120113758,0.713483962189141,1.32780849939448,0.233507113420892,1,1.14120620274516,0.252841585986977,1.98437218850716,11
8,B4_K03_I01-02-07,Branch4,3,3,3,5.35734750587403,1,0,0.83110119047619,-323.424146717112,-16.7515355031346,0.68123927926634,54.7872154678597,-2.74687758646789,0.490052965117631,0.568119125491687,63.2563349509811,-1.69595226182261,0.602580957782861,0.657419725306987,58.6819814512164,-2.47613438624366,0.528623166526523,0.715188321765607,54.0837432863855,-3.144165917428,0.468306402617816,4,10.0346953765213,11,6,1.19050835557775,0.679563278591536,1.81296230270502,0.115622190480054,4,1.12085245344184,0.698782720927158,1.35188106508048,0.237053520372691,1,1.17066786535959,0.257430735114382,1.95993005545293,11
9,B4_K03_I01-02-08,Branch4,3,3,3,13.2024309665537,1,0,0.761160714285714,-322.301037764369,-11.136853887936,0.510203999135916,67.8843046058969,-1.31528647011981,0.617842105961155,0.461776721009314,75.0920512513691,-1.04780471888134,0.688986649671204,0.507326789145881,68.7545816339439,-1.29899143201374,0.63504022156152,0.530413397608677,65.2138141063968,-1.44928585206463,0.613130890567291,4,9.86508041658901,11,6,3.27536391252715,0.744615541876463,30.7192308753112,0.216348979033502,4,1.0588240973051,0.762130179978391,3.90629073868938,1.06798081263495,1,0.854558379184829,1.27048658937405,2.25976338586521,8
10,B4_K03_I01-02-09,Branch4,3,2,2,Inf,0,0,NaN,NaN,NaN,NaN,NaN,NaN,NaN,NaN,NaN,NaN,NaN,NaN,NaN,NaN,NaN,NaN,NaN,NaN,NaN,0,NaN,0,0,NaN,NaN,NaN,NaN,0,NaN,NaN,NaN,NaN,0,NaN,NaN,NaN,0
11,B4_K03_I01-03-04,Branch4,3,3,3,5.35734750587403,1,0,0.816220238095238,-322.782634938863,-16.5350363908488,0.674777759486545,53.1074960617852,-2.63871088509945,0.473388351840414,0.560322389096593,64.6719681292994,-1.64611103147763,0.608583537984045,0.649748322683269,55.0872105839969,-2.38302258263306,0.50227187859001,0.717031037663628,55.0743307519994,-3.13709325082296,0.467123220799751,4,9.72497314162609,11,6,3.23511755168402,0.659044328995394,25.5996110253355,0.201081957643464,4,1.16639385669603,0.678285625096314,3.99909833223007,1.09200844225325,1,0.844072995076526,1.31108910302658,2.2713550444172,8
12,B4_K03_I01-03-05,Branch4,3,3,3,2.35829447118226,1,0,0.89360119047619,-322.181117198422,-21.1849466578148,0.81983958224203,40.2025709485791,-4.8845383031347,0.388344401653366,0.661787200955432,57.2557399519368,-2.50405586169623,0.521372289198792,0.801632255077974,45.5464878682941,-4.46966021798771,0.430338554763487,0.859059648699173,39.6131144817811,-5.85137135124107,0.354820803241126,4,10.0114611724634,11,6,1.19453937137018,0.697509685436909,1.79011619521553,0.169728263317828,4,1.18133281327376,0.761505256183517,1.38604618021451,0.249491582286157,1,1.16532276943113,0.264022881116609,1.95959410908863,11
13,B4_K03_I01-03-06,Branch4,3,3,3,1.68454111593416,1,0,0.906994047619048,-322.209675457959,-22.1986025365725,0.850792016902601,34.4311657270302,-5.69802300898458,0.363923270608398,0.697488721714235,52.2477603451659,-2.90335149738863,0.505191767886296,0.83078874889681,35.9876739168378,-5.21527103516349,0.389873449949626,0.903946734461175,28.9915613809221,-7.3795818771593,0.320490718860902,4,10.0623326014646,11,6,1.18425000717667,0.714454540619968,1.74010441190043,0.171714961026333,4,1.13201415260237,0.754439968005409,1.35492240336928,0.244277588964321,1,1.15055857495117,0.261939867769714,1.97346356702838,11
14,B4_K03_I01-03-07,Branch4,3,3,3,2.35829447118226,1,0,0.888392857142857,-323.185011507853,-21.1898864546684,0.828096412685864,35.1738613149354,-5.03641906972762,0.398307904835003,0.693943466325155,52.3974210504848,-2.85482750702997,0.521921149488944,0.801323050988307,36.8749001391658,-4.47985242218376,0.427201153921433,0.875699899551006,29.1361786641787,-6.32591909863471,0.354548744413018,4,10.3313921294255,11,6,1.20072816748152,0.715391713390835,1.73464555780752,0.144684486866766,4,1.12163441640603,0.733556411252521,1.34772532949306,0.241455099514994,1,1.15457669011847,0.259762161680264,1.97152905649623,11
15,B4_K03_I01-03-08,Branch4,3,3,3,5.35734750587404,1,0,0.835565476190476,-321.960071431058,-16.8197266532473,0.694658309493827,52.9282366765715,-2.86273513702635,0.490476883944794,0.561511373414167,62.559392797389,-1.66811531128034,0.590018940803048,0.667778603017558,56.8692613277186,-2.57846089641817,0.511248020806482,0.726867025695441,48.3618451902157,-3.28273826615482,0.485160985994243,4,10.1996188066191,11,6,1.14613697252324,0.728655974721678,1.55184632914921,0.181488760706181,4,1.00371642247643,0.777084099741681,1.24455588756296,0.23627717709896,1,1.07630627264094,0.255947912169343,2.04604933491927,11
16,B4_K03_I01-03-09,Branch4,3,2,2,Inf,0,0,NaN,NaN,NaN,NaN,NaN,NaN,NaN,NaN,NaN,NaN,NaN,NaN,NaN,NaN,NaN,NaN,NaN,NaN,NaN,0,NaN,0,0,NaN,NaN,NaN,NaN,0,NaN,NaN,NaN,NaN,0,NaN,NaN,NaN,0
17,B4_K03_I01-04-05,Branch4,3,3,3,3.45343908280327,1,0,0.828869047619048,-322.033315667406,-19.0373863556099,0.682396144513189,55.5654960403318,-2.72701163703534,0.463160865161462,0.561296694076416,64.1440499498085,-1.65477756949387,0.621023635205994,0.653752222048831,55.5652091080708,-2.42629728850547,0.510112073568943,0.72807631865138,54.1970345179098,-3.29316467060316,0.435543938345224,4,10.0204945012197,11,6,1.19513237883874,0.707546022033417,1.73410081320207,0.240987536748183,4,1.1184633792734,0.72436134768174,1.5159494262371,0.305613854211982,1,1.13526187591447,0.292165995649142,1.98471244372547,11
18,B4_K03_I01-04-06,Branch4,3,3,3,1.68454111593416,1,0,0.905505952380952,-321.753231762724,-22.0939924348374,0.843285136290668,33.5467150683999,-5.47575941090448,0.363834561471933,0.66242146012118,53.5184728825731,-2.516731326409,0.524063719234065,0.806888722869979,38.1082301434097,-4.60608551872591,0.415876357934624,0.881110638815557,28.3322849314252,-6.51003297355494,0.308498187963365,4,10.346803246748,11,6,1.21570024797022,0.729628963041485,1.7643953363274,0.156767949198115,4,1.17627490311133,0.770474170360494,1.37216724102516,0.248780109124876,1,1.18445408802228,0.261711574557019,1.93881852873996,11
19,B4_K03_I01-04-07,Branch4,3,3,3,1.68454111593416,1,0,0.90625,-322.318494996201,-22.0203506105596,0.864808448366539,34.0781941775396,-6.01439162493905,0.362355695350062,0.719403430928177,49.3595172112962,-3.16575570073732,0.509027398262063,0.821430857956136,37.2418288811191,-4.89015641098189,0.396942788719368,0.889991592148927,30.4990131416322,-6.8211562762168,0.32498820548193,4,10.4267343151013,11,6,1.22905668298772,0.704480595945518,1.75443999611976,0.182101505636289,4,1.13048458463238,0.723553908142965,1.3760354439609,0.252153626242582,1,1.18530381900286,0.275123137873498,1.93529278186312,11
20,B4_K03_I01-04-08,Branch4,3,3,3,3.45343908280328,1,0,0.852678571428571,-322.177827596419,-19.592197178016,0.743194976835232,49.7123852155035,-3.56301076115747,0.463108257490598,0.588708113251236,61.1970381373466,-1.89901991594456,0.593835306016668,0.710209842298231,53.3898761476618,-3.11043878078245,0.479398823341921,0.775549417406596,47.4849056971903,-4.06101997727206,0.45771283752058,4,10.2102856488668,11,6,1.17801795645958,0.688637691479666,1.68700229956592,0.17256225894509,4,1.0850784864893,0.742285881367768,1.32079510911523,0.249213047672412,1,1.12547578524972,0.268092643732076,1.99789553861467,11
21,B4_K03_I01-04-09,Branch4,3,2,2,Inf,0,0,NaN,NaN,NaN,NaN,NaN,NaN,NaN,NaN,NaN,NaN,NaN,NaN,NaN,NaN,NaN,NaN,NaN,NaN,NaN,0,NaN,0,0,NaN,NaN,NaN,NaN,0,NaN,NaN,NaN,NaN,0,NaN,NaN,NaN,0
22,B4_K03_I01-05-06,Branch4,3,3,3,3.45343908280327,1,0,0.835565476190476,-322.117513432138,-19.4827871763867,0.702984777843959,54.1476527483025,-2.97548400452121,0.497986772165589,0.569928655789165,64.3054428349787,-1.70947965097198,0.604892039393837,0.68104497486251,56.7492532176437,-2.7242596551056,0.511070348983622,0.74203347659605,52.3946229657487,-3.48694127718209,0.445969035958523,4,10.3819994674456,11,6,1.20413199430885,0.692499504668798,1.70687005806473,0.148174710736491,4,1.13303375699847,0.776129814755001,1.34265806144117,0.236255731787015,1,1.14982436533493,0.254191287945942,1.9770241638961,11
23,B4_K03_I01-05-07,Branch4,3,3,3,2.35829447118226,1,0,0.891369047619048,-322.63454278982,-21.0338219342037,0.793051367038078,39.9649365498469,-4.33255840379759,0.418654763049143,0.692150151018551,52.8023393054594,-2.83250989012875,0.547023228511867,0.785210050760978,40.2265795207075,-4.18305221319661,0.428577289090418,0.841982129743731,38.3704257847072,-5.36008873511484,0.352555748347567,4,10.5176100159922,11,6,1.21514364292566,0.699569779439894,1.76025678120105,0.130811396899168,4,1.10213202902629,0.77966358852063,1.35635614272666,0.241749802573613,1,1.14922509110873,0.262318681291022,1.98079434259587,11
24,B4_K03_I01-05-08,Branch4,3,3,3,3.45343908280328,1,0,0.854166666666667,-322.428809337234,-19.5196814764952,0.72549879891541,50.205531060679,-3.30217694031954,0.479097603681815,0.57915004072993,62.5570715805227,-1.84712111189314,0.587311378241059,0.698472033344181,51.6601757745613,-2.96022444503948,0.485082602293147,0.754266784992586,47.9296842827048,-3.73984796743493,0.430698926810734,4,10.1786437973772,11,6,1.19784192449318,0.687787120779769,1.72001354948426,0.198340170263138,4,1.09449541786224,0.756218557646829,1.36116690554025,0.255342233840832,1,1.14122150385057,0.271000029080465,1.9819430476771,11
25,B4_K03_I01-05-09,Branch4,3,2,2,Inf,0,0,NaN,NaN,NaN,NaN,NaN,NaN,NaN,NaN,NaN,NaN,NaN,NaN,NaN,NaN,NaN,NaN,NaN,NaN,NaN,0,NaN,0,0,NaN,NaN,NaN,NaN,0,NaN,NaN,NaN,NaN,0,NaN,NaN,NaN,0
26,B4_K03_I01-06-07,Branch4,3,3,3,5.35734750587403,1,0,0.811011904761905,-322.495916273399,-16.668050902192,0.671064693638665,55.562441960362,-2.60538143866516,0.517609048244934,0.56266252180806,62.7895221849689,-1.69705065643104,0.589573818371506,0.653158775497179,59.1613139252934,-2.41646570171921,0.531571715105259,0.696346037150207,55.467363987108,-2.90966667457376,0.470593491034179,4,10.4457564516625,11,6,3.3027428336787,0.689649273509125,23.1368263508021,0.240911647658678,4,1.07259395809306,0.737874915048108,3.95664142473598,1.08484619797907,1,0.879471010581251,1.29268849382409,2.23259334123665,8
27,B4_K03_I01-06-08,Branch4,3,3,3,5.35734750587403,1,0,0.819940476190476,-322.105017880785,-16.997220552195,0.693142144127082,53.3019392827755,-2.87746105721284,0.504353885829859,0.559267756298609,65.8003318951413,-1.68295551759466,0.611345471806189,0.69177600146141,53.5601289596546,-2.87872605384061,0.524206383707466,0.722855332108077,50.5475181091387,-3.22247780646076,0.478475204218266,4,9.76228102987126,11,6,3.24130699744779,0.675116059052675,20.5268893451435,0.241044703680607,4,1.04895141665489,0.706889378398064,4.00889169864063,1.10464746465652,1,0.841055529060051,1.32374954251225,2.27620022548596,8
28,B4_K03_I01-06-09,Branch4,3,2,2,Inf,0,0,NaN,NaN,NaN,NaN,NaN,NaN,NaN,NaN,NaN,NaN,NaN,NaN,NaN,NaN,NaN,NaN,NaN,NaN,NaN,0,NaN,0,0,NaN,NaN,NaN,NaN,0,NaN,NaN,NaN,NaN,0,NaN,NaN,NaN,0
29,B4_K03_I01-07-08,Branch4,3,3,3,13.2024309665537,1,0,0.754464285714286,-322.847667098498,-11.2646119944422,0.515160433850492,69.2015274974464,-1.36919134902046,0.61771048449755,0.394946226716558,77.987637260434,-0.744336690374569,0.706135068624963,0.509847082066256,71.2245145307003,-1.32402019265944,0.628576863346698,0.515977667150875,68.0174869987603,-1.36485078824374,0.60340879142364,4,9.19248653391669,11,6,3.2231486870201,0.646709864837432,25.2860848910034,0.217192305473263,4,1.10473627786097,0.718579228943448,4.19204986085324,1.09444013880244,1,0.796493377981464,1.30715411071915,2.32126635939235,8
30,B4_K03_I01-07-09,Branch4,3,2,2,Inf,0,0,NaN,NaN,NaN,NaN,NaN,NaN,NaN,NaN,NaN,NaN,NaN,NaN,NaN,NaN,NaN,NaN,NaN,NaN,NaN,0,NaN,0,0,NaN,NaN,NaN,NaN,0,NaN,NaN,NaN,NaN,0,NaN,NaN,NaN,0
31,B4_K03_I01-08-09,Branch4,3,2,2,Inf,0,0,NaN,NaN,NaN,NaN,NaN,NaN,NaN,NaN,NaN,NaN,NaN,NaN,NaN,NaN,NaN,NaN,NaN,NaN,NaN,0,NaN,0,0,NaN,NaN,NaN,NaN,0,NaN,NaN,NaN,NaN,0,NaN,NaN,NaN,0
32,B4_K03_I02-03-04,Branch4,3,3,3,13.2024309665538,1,0,0.75297619047619,-321.262783045032,-10.7064901218176,0.529640794637426,69.2841865919643,-1.43609591582996,0.580180973851102,0.41251711008226,77.3404589923537,-0.82821677866644,0.675256063076834,0.532042853009629,72.0642656972374,-1.44972758640944,0.605175914473605,0.543958278792467,70.8750177692765,-1.52608523204896,0.595466808217087,4,9.36538934698872,11,6,3.25859962110699,0.652152469030922,21.7020370479201,0.212537357263274,4,1.09425211778446,0.738998154756343,4.00023501043345,1.09250072131793,1,0.809445001081406,1.30773255620005,2.30132644297075,8
33,B4_K03_I02-03-05,Branch4,3,3,3,5.35734750587403,1,0,0.829613095238095,-321.736369486906,-16.6700102900894,0.706653854821044,55.8876938820197,-3.00528188999181,0.487330167295593,0.565179000668953,66.1591581398295,-1.67389673297949,0.622803327355038,0.681480304132851,55.9410004732351,-2.71582846546028,0.527331758474985,0.738151414260875,53.3301846991256,-3.45657357202582,0.476037794959377,4,9.89899501856153,11,6,3.19427991988961,0.713498157729556,23.258231071399,0.118805723774249,4,1.00169063939387,0.765539355440693,4.08963506845255,1.10751360351971,1,0.864528249506202,1.32868394939895,2.25460282141902,8
34,B4_K03_I02-03-06,Branch4,3,3,3,3.45343908280328,1,0,0.84375,-320.603033965682,-19.1896711709051,0.74980337613269,43.3803239407708,-3.59502376037795,0.487373038306873,0.66121496515618,55.847366202809,-2.49651972714326,0.576130431936723,0.727897016608471,47.3271171355891,-3.28459270062438,0.497525031408613,0.780726623593629,43.4467290536295,-4.12336856398728,0.481388605587796,4,10.1150724357868,11,6,1.16382867195993,0.751497818251096,1.69230349230302,0.148531334488029,4,1.14912625786579,0.821337575063184,1.3194800843044,0.22913469700222,1,1.13282456610727,0.238931911165433,1.99598307441178,11
35,B4_K03_I02-03-07,Branch4,3,3,3,3.45343908280328,1,0,0.838541666666667,-322.166238520165,-19.473093084947,0.770367873824416,45.040507938125,-3.91940076358614,0.481469500737291,0.67013689910799,54.5892223932355,-2.5998110381188,0.571961080551721,0.734342795450868,48.4047634572287,-3.37072276609929,0.477219080884325,0.80781814250285,44.2592680419833,-4.63500725165858,0.442526378247015,4,10.2804810523602,11,6,1.17933769034811,0.741046129722711,1.63676805492489,0.203916750531611,4,1.06450124740729,0.788517307311011,1.31779661978212,0.256247443166097,1,1.11441485243592,0.266529880133453,2.00798313311256,11
36,B4_K03_I02-03-08,Branch4,3,3,3,5.35734750587403,1,0,0.828869047619048,-322.448768892194,-17.0177334202732,0.679189489856966,53.7535472731845,-2.69154746037267,0.547865688223268,0.560350655904703,66.2823867140016,-1.63774535630327,0.624797994012618,0.654910343172944,58.3025556417737,-2.4363039523787,0.55235786771509,0.71429443657115,49.5843432314012,-3.11155799447741,0.492106222631921,4,10.4990291170842,11,6,1.17517737952678,0.770191570417252,1.67800516814443,0.130240263074684,4,1.06531846740426,0.793367688110955,1.28901031360215,0.234203958312642,1,1.11597310753119,0.250537860084705,2.01586470529639,11
37,B4_K03_I02-03-09,Branch4,3,3,3,13.2024309665537,1,0,0.741815476190476,-321.33164816664,-11.2049490508006,0.536347993763309,71.5492488092554,-1.51042154607193,0.614715315601121,0.448286603829186,73.5702546898432,-0.974370640320067,0.659603622632854,0.51731255814052,69.4574625508098,-1.39659448093667,0.633494042914941,0.566907645294913,70.0907931484626,-1.70733137693691,0.577228504917262,4,10.1621809553201,11,6,3.2551815896252,0.758245991062269,23.5148726215355,0.202547508511508,4,1.1026786825163,0.805825712760554,4.17716484623334,1.09163046411062,1,0.888250887749039,1.30453582819032,2.22511497769237,8
38,B4_K03_I02-04-05,Branch4,3,3,3,5.35734750587403,1,0,0.811011904761905,-321.420300892856,-15.9798579501383,0.658688826236029,57.3917188344363,-2.51571668468725,0.526248022850045,0.522339129931128,65.9479064900945,-1.40820928776551,0.633316604073876,0.645717357880005,57.6741096045823,-2.38409227746337,0.546675468592017,0.681616146236582,54.7369729237408,-2.80037625952652,0.482516214982797,4,10.2435532295363,11,6,3.2729913180643,0.721192494712214,20.3835151313624,0.272437189731594,4,1.06498701513541,0.737727762771795,4.03820854612156,1.09956778715122,1,0.892645028532387,1.31213443548267,2.22121191218738,8
39,B4_K03_I02-04-06,Branch4,3,3,3,2.35829447118226,1,0,0.898065476190476,-320.083702348089,-20.9015989355266,0.791943847231018,36.5952889930143,-4.30940202264969,0.434506311315144,0.652328628146141,53.1135415803975,-2.41383179609384,0.555754154366933,0.771285865505016,39.7262897817635,-3.98978896068167,0.458345405384014,0.851907886913107,31.2660332848783,-5.64339518888263,0.379041303583525,4,10.346803246748,11,6,1.23155047505866,0.717263045783674,1.8087636714539,0.163911022886701,4,1.20242566364295,0.759836786829412,1.40271918209237,0.253972008840453,1,1.20566444840961,0.268348882903672,1.91703709771293,11
40,B4_K03_I02-04-07,Branch4,3,3,3,1.68454111593416,1,0,0.919642857142857,-321.630666797391,-21.9675164819316,0.837756697905976,31.9068875685818,-5.37242990426691,0.393717064319523,0.67926163040152,52.5105209190382,-2.69568516059849,0.529232657919131,0.819509555556369,31.7522634510918,-4.90411797783349,0.430593782095533,0.891037075040445,27.2811004012321,-6.95378964744538,0.340780273577168,4,10.2953158287164,11,6,1.24192166116432,0.727970667088588,1.87160434307422,0.145020095852338,4,1.18949243172837,0.757115743286711,1.45065162392489,0.246069368245421,1,1.23775746376947,0.267607336796287,1.8854231340235,11
41,B4_K03_I02-04-08,Branch4,3,3,3,2.35829447118226,1,0,0.90625,-321.717865137466,-21.3821743733601,0.85718669316213,37.2515375534503,-5.76581259860173,0.365446481592352,0.689624018593871,55.1703619716548,-2.86354442388556,0.513400717539973,0.818692857604635,40.2948314784472,-4.8292534073554,0.380350036314532,0.886315273869134,33.7208846218726,-6.68732604209756,0.327276376204804,4,10.3092275663113,11,6,1.23565713125003,0.713498157729556,1.80753296731004,0.189079776110233,4,1.16541109881427,0.767179687099145,1.4056933466109,0.25617542063695,1,1.19261661537298,0.277903579131071,1.92863278991383,11
42,B4_K03_I02-04-09,Branch4,3,3,3,5.35734750587403,1,0,0.833333333333333,-321.330094010711,-16.7915137852253,0.693523220998144,56.0948214968999,-2.89990463133123,0.487636027283001,0.56308177122118,65.906703652092,-1.7150308433835,0.591202687207971,0.690129081672149,57.6917627299858,-2.87430607281217,0.517461272766268,0.719263797225818,55.5397628866597,-3.18282446503541,0.483201510107236,4,9.98383745152462,11,6,3.29568403186881,0.655260184251947,18.0553158498407,0.251620202998478,4,1.12060223286482,0.761321009548178,3.95619198906168,1.08556459431818,1,0.830173921371388,1.30524771730867,2.28547014166202,8
43,B4_K03_I02-05-06,Branch4,3,3,3,3.45343908280328,1,0,0.835565476190476,-320.46464946979,-19.189004483016,0.643540463761398,52.2960958679692,-2.36715532004758,0.611574164411343,0.514742196102801,64.255412956104,-1.3507273795805,0.681472913308194,0.610078351053641,56.5293153303453,-2.0946026640966,0.623480520442741,0.66531609262574,49.090706565724,-2.56930529895941,0.579801056734232,4,10.040248976859,11,6,1.18534459346357,0.716161482855235,1.77965906566483,0.149496649987099,4,1.16199298769109,0.811574780280045,1.36975712163908,0.230418902497289,1,1.15888256705398,0.249227675077478,1.97057727372982,11
44,B4_K03_I02-05-07,Branch4,3,3,3,1.68454111593416,1,0,0.907738095238095,-321.185154001137,-22.0359181738613,0.843812080884558,34.4398164787164,-5.42289065577769,0.414874221503826,0.687356453267781,46.5809069548122,-2.78064606459989,0.532946343059265,0.807398815688293,35.1876376648551,-4.6513373580513,0.411112818120318,0.882963782805958,29.7567754182526,-6.57388385032457,0.346384936576038,4,10.523341133289,11,6,1.21795098677657,0.701764973456485,1.71560168359414,0.165427132005401,4,1.13571476862132,0.790242826112639,1.35594213789443,0.248579741459174,1,1.15562006436161,0.266282866572533,1.9684631193637,11
45,B4_K03_I02-05-08,Branch4,3,3,3,1.68454111593416,1,0,0.92485119047619,-323.608086947035,-22.3646039219484,0.864297954046854,30.9188234582154,-5.98626350489531,0.339027703522067,0.67670730827634,52.6109100330538,-2.6858082525838,0.525736543068442,0.839562997883599,33.7429765464188,-5.31429379987455,0.375677610797,0.91164358917698,30.5601345797074,-7.72418235597892,0.293939807514082,4,10.1700624687376,11,6,1.21813359205442,0.711581242135921,1.78773340447995,0.193424723624539,4,1.15633195136752,0.795478884310039,1.40920537789763,0.249124467541066,1,1.16706442746558,0.268622121101372,1.95675895380073,11
46,B4_K03_I02-05-09,Branch4,3,3,3,3.45343908280327,1,0,0.85639880952381,-321.420106172831,-19.5324813161424,0.711203017074447,49.4478251011148,-3.06537357072591,0.467490694513324,0.583554494779031,61.914056039977,-1.83604299040263,0.566530383419396,0.700755234258884,52.6787731921586,-2.93680641167659,0.48822904213709,0.716118580239563,49.7342113824544,-3.13189236061923,0.459324334820893,4,9.96349610371819,11,6,1.15735053899236,0.658267155254072,1.70002351246186,0.152702931391787,4,1.14537011091169,0.773844625907833,1.32674744816105,0.233733823931949,1,1.1185507161701,0.24597325484204,2.01197094552431,11
47,B4_K03_I02-06-07,Branch4,3,3,3,3.45343908280327,1,0,0.829613095238095,-320.256532923598,-19.3306135291054,0.700737989224295,46.1976399448422,-2.95776469900258,0.527028426508037,0.594659374025212,60.4511545936993,-1.89532765496955,0.620014591058847,0.672668187554156,51.5842519674528,-2.62946878241499,0.533587352514787,0.749516842952489,48.3678787444532,-3.58496417235969,0.487443700296115,4,10.2625953148701,11,6,1.18477049497667,0.703888051365384,1.77457349042842,0.102257702214224,4,1.08835643317777,0.760196750535009,1.30753683611451,0.23101039891641,1,1.14335554092861,0.250015780834119,1.99309021764956,11
48,B4_K03_I02-06-08,Branch4,3,3,3,2.35829447118226,1,0,0.902529761904762,-320.760967960868,-21.5310450347608,0.836481495702303,35.4237207066374,-5.22696860855764,0.4088072470604,0.671693262070987,52.9095426876281,-2.61323719340752,0.539314486761722,0.812213012102625,38.0167102418715,-4.68892245831682,0.4211479201895,0.87751936245102,31.6760787719782,-6.38359375730325,0.351353953014695,4,10.0543439417124,11,6,1.17636258430543,0.701056543270481,1.68859963283549,0.196061782765993,4,1.08622649640186,0.755952413562861,1.34221009105828,0.249706105617077,1,1.1233212586767,0.263187537122326,2.00064096299483,11
49,B4_K03_I02-06-09,Branch4,3,3,3,3.45343908280327,1,0,0.841517857142857,-320.131674835789,-19.5957413202113,0.715764467808498,53.6795100563571,-3.13634901948808,0.504768756286943,0.577552139978151,63.6503888113764,-1.8286582021007,0.584029421478562,0.710034888621297,57.2771655428929,-3.06160979911786,0.504834235544717,0.73975409182321,49.3618275047567,-3.47062037156324,0.46993770331548,4,9.76228102987126,11,6,1.17548196859232,0.685525388495404,1.79950123060759,0.158454379411335,4,1.19500118695651,0.739707173438634,1.37702688409528,0.249435982092435,1,1.161949760866,0.258593476009546,1.96358062480964,11
50,B4_K03_I02-07-08,Branch4,3,3,3,5.35734750587403,1,0,0.828869047619048,-320.173340203235,-16.8972379839821,0.665535548301066,49.5652820649187,-2.59196824669554,0.561234725454778,0.537111663730924,61.6933296712938,-1.49125065334374,0.628804643852293,0.637127472436561,54.0336182718355,-2.27560782799027,0.55625631262753,0.681868956002809,48.4122891603755,-2.73461300918101,0.548574699238955,4,9.84845110866706,11,6,1.17286334049795,0.671961677080767,1.70272644383812,0.193431045273076,4,1.09690871484258,0.691578099762481,1.35757411959755,0.25246906059824,1,1.13216885803975,0.259574769144966,1.99062029200817,11
51,B4_K03_I02-07-09,Branch4,3,3,3,5.35734750587403,1,0,0.819940476190476,-320.190521511202,-16.9348894680165,0.674307877603193,57.039358366092,-2.66441777047698,0.527045148859067,0.567179609126013,61.9045146706045,-1.71744931437098,0.611863234059884,0.677568668448165,56.0671845668712,-2.69571137894034,0.541790068595882,0.660365572022617,52.6653579701045,-2.50126388965409,0.5494376799127,4,9.9102596835223,11,6,1.08722762986382,0.651129330044437,1.43559172565702,0.174914956145195,4,0.939183505918355,0.675248919060069,1.17884977054988,0.228979805790578,1,1.02481329889638,0.249636795986448,2.09788445498256,11
52,B4_K03_I02-08-09,Branch4,3,3,3,13.2024309665538,1,0,0.755208333333333,-320.611029792268,-11.2696576443567,0.516067161621672,67.5683130287083,-1.35001558104231,0.645237981316741,0.490124193860819,73.1507533405194,-1.19909648969117,0.668488484037618,0.531047100206365,68.5970813360082,-1.4487754654286,0.615833660839225,0.522423634048271,66.6153357806286,-1.41341459148449,0.654883152413542,4,9.99308361982926,11,6,3.26963500788889,0.70735031177086,26.3387917437425,0.221771594432733,4,1.08551760506744,0.725683536261576,4.12417373121757,1.0907532376907,1,0.87114123450014,1.29191981776073,2.24079292364503,8
53,B4_K03_I03-04-05,Branch4,3,3,3,13.2024309665537,1,0,0.719494047619048,-322.110140392147,-9.29373848398312,0.557307631364595,67.3511277949896,-1.61995610041201,0.594944670904132,0.501052979378503,73.058488910621,-1.28549755420032,0.648187245001692,0.542027315265116,69.1030933448041,-1.51163071387545,0.617454879769935,0.550881308573106,66.1675036966171,-1.57289992103586,0.591854613227202,4,9.94292025452806,11,6,3.2528361542951,0.696000437132319,21.008259586147,0.238389510229807,4,1.02483021728638,0.73293142722096,4.21139835903145,1.10244156216368,1,0.833231891254868,1.31500992997983,2.28732396783389,8
54,B4_K03_I03-04-06,Branch4,3,3,3,5.35734750587403,1,0,0.803571428571429,-321.394777802348,-15.6160231606028,0.682685883316889,50.4204789318904,-2.73976191749457,0.555931647490693,0.550400293788352,65.4999408174744,-1.57064835519015,0.657036730637015,0.665020996341281,50.9157042327315,-2.54768873895364,0.577759746027748,0.698570310090471,49.1670851272961,-2.91200131162319,0.556613972638771,4,10.327532756226,11,6,1.26934351915142,0.72410334498323,1.91432810908652,0.169728835707138,4,1.29299741677312,0.809063026412642,1.48586365085315,0.262973172970204,1,1.24623508266457,0.273504027801616,1.87661768481931,11
55,B4_K03_I03-04-07,Branch4,3,3,3,3.45343908280327,1,0,0.826636904761905,-321.608050952958,-18.5882193802362,0.714179990809043,41.8457497296614,-3.12342793039475,0.547732522008187,0.562939850708874,57.2605961271615,-1.65551801860032,0.65763197031862,0.706486882973722,45.6341955271211,-3.00313028722232,0.57991405599744,0.739931995204615,40.9381394927181,-3.47567281873355,0.523334262739671,4,10.0353905956172,11,6,1.23002353412539,0.71124071149787,1.88221550235972,0.169959465922638,4,1.24891652565347,0.729156168113713,1.44228859530093,0.260756178260819,1,1.22128955866919,0.272429722092679,1.90110306937318,11
56,B4_K03_I03-04-08,Branch4,3,3,3,3.45343908280328,1,0,0.834821428571429,-321.564479904306,-19.1921354254257,0.724884441996141,41.4989790657874,-3.26185218419047,0.534662080997895,0.579550739117921,62.6790475425719,-1.7836211059882,0.63778594035517,0.700536886841322,44.8943956453043,-2.96782221871351,0.546299998904434,0.7617745569771,43.1279773408252,-3.77464501466451,0.515051323447691,4,9.96693393719422,11,6,1.24061170214843,0.697372185081219,1.93631923889882,0.155676664448512,4,1.21681027823773,0.72779573205187,1.48713045151783,0.257235112416386,1,1.2489798718073,0.279482351231809,1.87216627189673,11
57,B4_K03_I03-04-09,Branch4,3,3,3,5.35734750587403,1,0,0.825892857142857,-323.479175581363,-16.6388207274961,0.668160089798478,56.7908933534902,-2.56868654030733,0.495085624926411,0.568691858031876,68.9582162042985,-1.72122767901577,0.589663040418724,0.639538106104902,55.1405753152338,-2.28825732854313,0.528723189713381,0.679667826130259,54.4137098188429,-2.69223447631752,0.496336993845361,4,9.59025628847131,11,6,3.24322241097422,0.639256357958476,28.052577691913,0.203912127902142,4,1.04036685944173,0.693157860232578,3.96472172258619,1.09123393146244,1,0.819652650773162,1.3011932453501,2.29426415107718,8
58,B4_K03_I03-05-06,Branch4,3,3,3,5.35734750587404,1,0,0.799107142857143,-323.988547341768,-16.0558767419955,0.623038485715548,53.9619449228058,-2.1350075053889,0.597180171737089,0.546936734602536,64.8004486532788,-1.54635828605623,0.676851594114317,0.603102035744476,57.4307745919276,-1.96382907656458,0.615899010199515,0.633872527112661,50.5146549426197,-2.23378608481269,0.600722289355739,4,10.2582078485596,11,6,1.1953312821664,0.705210519198093,1.68781095378651,0.257702516687368,4,1.09135705817256,0.820042004629531,1.5006326312937,0.308865804638101,1,1.07945573274289,0.305450944513492,2.04310299890522,11
59,B4_K03_I03-05-07,Branch4,3,3,3,2.35829447118226,1,0,0.876488095238095,-322.326486845978,-20.773271424125,0.812681843602812,32.0613460123635,-4.69601221480973,0.497989264160264,0.663282792993537,47.6512324233844,-2.51814724945429,0.592806125195265,0.797795856566535,35.8830944862751,-4.39668281548991,0.464915327056112,0.831894654813466,31.1102148357684,-5.12104169969305,0.491146049305398,4,10.1481313885875,11,6,1.19131776166151,0.711105958560229,1.7455551225445,0.163780134428897,4,1.16127964290252,0.803183399578097,1.3597348349597,0.246464918637663,1,1.14741997104113,0.259573311149257,1.97821071949397,11
60,B4_K03_I03-05-08,Branch4,3,3,3,1.68454111593416,1,0,0.90625,-322.218927839311,-22.1815761071137,0.836039524499314,31.0202834688117,-5.40630608310403,0.387994806651679,0.647393244090749,52.8679255681467,-2.37363462445204,0.548606856849448,0.817118275635411,33.9285722882142,-4.81417812096488,0.408896348898665,0.880898737878634,27.6704618150676,-6.55739282902266,0.314873413339896,4,10.077021766983,11,6,1.17655714594819,0.71004072091607,1.66308276330543,0.196315397219446,4,1.08502054676007,0.779074184231627,1.35848237096225,0.245493341591396,1,1.11880655945824,0.254677249194983,2.00544091057374,11
61,B4_K03_I03-05-09,Branch4,3,3,3,2.35829447118226,1,0,0.895089285714286,-321.661191182229,-21.3656596461272,0.8242791693132,38.3253723330999,-4.9779412965136,0.385797387680008,0.65615853902308,55.8520295083598,-2.44545830632698,0.531650564159564,0.809609010393762,39.5070452628741,-4.66110355211067,0.425232994209498,0.834203954487986,36.7141960077585,-5.17904981845435,0.390906923890732,4,9.87334181804428,11,6,1.19021484745865,0.684719278486508,1.76844306400229,0.198403847266675,4,1.11905486297105,0.754581026083104,1.41837190223442,0.253954072796678,1,1.14152671598995,0.266627466776108,1.98234504928747,11
62,B4_K03_I03-06-07,Branch4,3,3,3,3.45343908280327,1,0,0.825892857142857,-321.154984114737,-18.7310153402819,0.702331875291245,40.3769202556838,-2.95765985298408,0.572243053815867,0.590918561371704,57.5317021479005,-1.88262938362498,0.637928884922048,0.675494203723483,43.2825580258849,-2.64863116963189,0.587833546952554,0.733836041879571,39.8270295689352,-3.36178118371403,0.578248167900932,4,10.0769788734127,11,6,1.166955807421,0.728743725577315,1.68816562136489,0.186084644362366,4,1.07898413153365,0.777133344996109,1.3269315824756,0.241023510692809,1,1.1214223911824,0.25682027408088,2.00478831788405,11
63,B4_K03_I03-06-08,Branch4,3,3,3,1.68454111593416,1,0,0.907738095238095,-320.596177473676,-22.2258141581808,0.827546766514791,30.6537286675195,-5.16586790861657,0.417443451984891,0.69463890706726,53.242791207344,-2.86203599893627,0.547785015319556,0.805410054575421,31.8648898850907,-4.60502739815986,0.429692029253114,0.882652713972007,26.4848665203694,-6.57050426670084,0.350388185587522,4,9.77318359899778,11,6,1.13312435135505,0.71004072091607,1.65499327114478,0.18100694523807,4,1.05774475454801,0.76725342031487,1.28929509651398,0.231849800650987,1,1.0879686078564,0.250943605085247,2.03856122637497,11
64,B4_K03_I03-06-09,Branch4,3,3,3,1.68454111593416,1,0,0.911458333333333,-322.670840587932,-22.3337802249255,0.847366360403356,32.3309850973958,-5.53079761138444,0.372583023846818,0.718037633671653,50.2200886484273,-3.14793060119968,0.511411568797253,0.846663854064247,32.5796072872659,-5.54939150527426,0.385624252820148,0.868972078272808,29.3537549572722,-6.12420776995476,0.358676762389283,4,9.9290701821573,11,6,1.17212434303477,0.700885714928496,1.70148273936152,0.187457927078983,4,1.0809735854284,0.754466538689897,1.33225576798522,0.243974563432283,1,1.12576496144866,0.260923719536841,1.99753335640131,11
65,B4_K03_I03-07-08,Branch4,3,3,3,3.45343908280328,1,0,0.83110119047619,-322.055041484937,-19.3757570529642,0.757622757840278,42.461857729407,-3.70589581727315,0.502947293820581,0.619603961036137,56.6186733764664,-2.12504406135806,0.598282527391241,0.749657570903653,44.3510880056633,-3.60229459414826,0.507514799479281,0.778896624778622,43.3319642999689,-4.10069657390641,0.485815619662101,4,9.98581885444932,11,6,1.15435689840062,0.673898311822029,1.6485570409207,0.172018027908948,4,1.05765776147128,0.692617159761046,1.29186566872947,0.236357011010702,1,1.11747606635257,0.256026464082887,2.00643069999906,11
66,B4_K03_I03-07-09,Branch4,3,3,3,2.35829447118226,1,0,0.886904761904762,-321.982345203568,-21.4354893568984,0.825131836545623,35.1672719223532,-4.96576063753279,0.414114134500489,0.691273125948619,53.2917252638702,-2.8394177691006,0.536466033328489,0.817230909482736,35.7637452722453,-4.78687734308003,0.416612491722243,0.835245292655632,35.4031160617262,-5.21235672476898,0.399923052817298,4,10.2953158287164,11,6,1.19301349740883,0.714454540619968,1.66056122265647,0.189638806381309,4,1.07034509305605,0.757980297018616,1.32148375023587,0.246053399385698,1,1.13554048750765,0.264038742400073,1.98615056367535,11
67,B4_K03_I03-08-09,Branch4,3,3,3,5.35734750587403,1,0,0.84077380952381,-321.872311732199,-17.0750829898533,0.677843032851265,52.8331500320774,-2.68927709270007,0.517236826532859,0.565670220290697,65.9352268975365,-1.67503130816868,0.597547629141217,0.687281738270458,52.1820966374163,-2.78717571249633,0.508637082008703,0.67867787863365,51.9690068518254,-2.69614051282733,0.538803875612149,4,10.1351576221034,11,6,1.14562075976364,0.756097206003036,1.61220581008026,0.1578598734625,4,1.06105641139774,0.797680689304848,1.25965790765596,0.236215328394039,1,1.09156049963012,0.250562142092659,2.03254571271879,11
68,B4_K03_I04-05-06,Branch4,3,3,3,13.2024309665538,1,0,0.720982142857143,-319.947548050522,-9.23397584235445,0.561816437446961,66.3942690335526,-1.64738327616397,0.652077804897153,0.505298718979492,71.9156702241059,-1.28286693084789,0.694958954047698,0.54854321013074,67.1168134094539,-1.55573792582897,0.663609067339573,0.533900991671818,67.0982158245576,-1.45724796452276,0.675513480139273,4,11.0477941218885,11,6,3.26454503510288,0.719071369703502,20.9152753189416,0.217676492987344,4,1.00919404607706,0.853175625017179,4.04896804097637,1.10972524511933,1,0.889115388691667,1.33458045003605,2.23250875313206,8
69,B4_K03_I04-05-07,Branch4,3,3,3,5.35734750587403,1,0,0.78422619047619,-322.104065478876,-15.2295875747892,0.664643035259877,50.3751318647476,-2.54619500268917,0.593944661806081,0.548597172817435,60.2474499683571,-1.56236141316924,0.677087238039377,0.656462208778413,51.291368464245,-2.46793384248972,0.6094470881106,0.64404757377516,50.8184951770111,-2.33318063918373,0.618727218522038,4,10.6927725330161,11,6,3.26165779739908,0.757162709826386,15.576086660545,0.263595003861641,4,0.905542069201442,0.556814384487214,4.15069335070941,1.22204028304124,1,0.941313612952482,1.34734243387123,2.17492341947004,8
70,B4_K03_I04-05-08,Branch4,3,3,3,3.45343908280328,1,0,0.828869047619048,-320.751532993166,-18.7905153745921,0.71331748403429,45.1395905244616,-3.0925700559147,0.516179587142361,0.548527801652405,61.796570033384,-1.55542553202925,0.629332019347181,0.676369649159587,47.0255632390991,-2.67533577297493,0.545076091668381,0.728698449695546,43.7703325045255,-3.31450205608243,0.512978030028798,4,9.98763124163242,11,6,1.20562436205377,0.728053387347483,1.8161065733335,0.239323334681138,4,1.15963432387803,0.755204445262903,1.57465724675035,0.306016456932543,1,1.1419374274325,0.295738175232296,1.980887403182,11
71,B4_K03_I04-05-09,Branch4,3,3,3,3.45343908280327,1,0,0.831845238095238,-321.281767383028,-19.1081153335802,0.669312963327645,56.0802945618767,-2.58152430250986,0.517662492837538,0.544185036088576,65.5492220828442,-1.54813682626905,0.609590272276625,0.665526875093717,52.716639865761,-2.54109277244465,0.521153698459845,0.704320947278019,54.0020339627532,-2.97735436535158,0.50179600819572,4,10.1364951769068,11,6,1.22570233050445,0.709309915188505,1.82743351116212,0.192104940036477,4,1.16475509543384,0.742703601019771,1.41082276627859,0.263258422354933,1,1.20120073810061,0.279767442746427,1.91995476500324,11
72,B4_K03_I04-06-07,Branch4,3,3,3,5.35734750587403,1,0,0.790178571428571,-320.921991276222,-15.6487929761911,0.66931982479048,47.6788849336906,-2.58597428786745,0.592909323540996,0.56142015724735,59.6133115492506,-1.66540470264152,0.626278503381269,0.638891455483782,49.0823825284279,-2.28900786732594,0.621931965027341,0.665490688789885,47.6497067611483,-2.58006529443834,0.598861707906474,4,10.3674565878526,11,6,1.17159466506927,0.759844866888325,1.61851778857545,0.203866530335558,4,1.0760088956418,0.824561132984776,1.36149593010464,0.248442844930955,1,1.1072310975221,0.252930584769252,2.01984511252569,11
73,B4_K03_I04-06-08,Branch4,3,3,3,2.35829447118226,1,0,0.891369047619048,-319.500490697883,-21.1120498813195,0.784018877179833,36.0338155109319,-4.14391748352226,0.442330278612099,0.665740769338353,54.074078438601,-2.54723087986976,0.529129434569993,0.771827576492841,35.3670796307035,-3.93373495444813,0.443856139175654,0.840155354864157,34.0275218947773,-5.34032811152093,0.410632032063613,4,10.0143675327194,11,6,1.18145696374808,0.741594919263511,1.71629840719442,0.19061456350249,4,1.0938790174686,0.756849924195991,1.34642207760644,0.249972422283764,1,1.14233096667737,0.261345014999672,1.98056313862232,11
74,B4_K03_I04-06-09,Branch4,3,3,3,1.68454111593416,1,0,0.914434523809524,-321.869368937511,-22.1785400774266,0.833041478939194,34.394536263086,-5.19275493003415,0.415732994732371,0.665254485354136,54.4427827065339,-2.53853192373958,0.534620545881446,0.812409011894698,37.9671234857183,-4.73897065529493,0.427325398341184,0.852204227827264,33.3420955994726,-5.66283528090021,0.377353850543515,4,10.3899407838162,11,6,1.2440505736271,0.730756634453471,1.84324746373644,0.15620556725044,4,1.20593857730234,0.7593851904912,1.4278376226167,0.252668464057766,1,1.2272818779642,0.270543406598326,1.89481505396603,11
75,B4_K03_I04-07-08,Branch4,3,3,3,3.45343908280327,1,0,0.841517857142857,-320.958262864891,-19.0889299145826,0.745329199532077,44.2553693392653,-3.55468843016198,0.502696031085039,0.606123286498182,57.4583712062555,-2.05046910053238,0.587057187430698,0.727463436202746,45.3386028592335,-3.30216859622734,0.501942842118311,0.765283094995812,44.4402190609328,-3.85119111096385,0.479531603091941,4,10.2264281749364,11,6,1.17843922240861,0.709320448022837,1.58252877907136,0.21778561784692,4,1.05260811110553,0.790080303529055,1.31598339925954,0.277552894889755,1,1.1184245950828,0.272208589826295,2.00029857691924,11
76,B4_K03_I04-07-09,Branch4,3,3,3,1.68454111593416,1,0,0.912946428571429,-321.402774918303,-22.1547695729063,0.841612096903096,33.8967584313078,-5.36540856752804,0.401960425467857,0.675566809674343,51.2318917256542,-2.65267417761645,0.542199860401305,0.828288336637713,35.2838479756708,-5.0476704341796,0.413624136599452,0.852723709813907,31.0291023511139,-5.66496571946093,0.390502242750617,4,10.4998560108291,11,6,1.23117493077385,0.730605972746316,1.71006267792945,0.196192541151226,4,1.09595130046595,0.749013531645943,1.36158367511773,0.260247775512278,1,1.17637541655694,0.275002187861414,1.94242598284384,11
77,B4_K03_I04-08-09,Branch4,3,3,3,3.45343908280327,1,0,0.854910714285714,-320.270971036395,-19.7341272313349,0.748260587349103,48.4196394414422,-3.57577168343427,0.480709026421573,0.602588871314184,59.2342511408227,-1.96050051373309,0.591693001427119,0.731350249239847,51.7331831286557,-3.32680216818886,0.481480039042591,0.740417464727025,45.7389622961041,-3.46315828608945,0.482181909354601,4,10.4367302696464,11,6,1.19329950921012,0.718134939080602,1.63663803225853,0.163701069766735,4,1.08525302039711,0.783810911598186,1.30744214020445,0.240002415887227,1,1.119433003083,0.258295293125985,2.0042111848646,11
78,B4_K03_I05-06-07,Branch4,3,3,3,13.2024309665537,1,0,0.722470238095238,-322.045690005452,-10.0132787340446,0.530690455851531,65.8178960009579,-1.44979624626208,0.647870481468249,0.471192859529762,73.7762317458745,-1.10858727815837,0.69764734058001,0.514292665827741,64.5712784239743,-1.35308886967976,0.651582702367245,0.516010617290295,67.196635380322,-1.35539537281417,0.663691373475454,4,10.4197409417794,11,6,3.2712896608733,0.730847215094318,17.8789142217135,0.251519917465015,4,0.982813336286446,0.811835161169172,4.04177640541968,1.10806572178639,1,0.855601502941104,1.32604181098786,2.26751932373932,8
79,B4_K03_I05-06-08,Branch4,3,3,3,5.35734750587403,1,0,0.808035714285714,-322.387934805701,-16.6257837791195,0.63789660116736,56.7524894363151,-2.27026071506565,0.544399111966794,0.573152166396549,66.9066572941415,-1.74521372171753,0.630410856994616,0.634809055025576,58.9858622458474,-2.24445991331707,0.564701157954596,0.67031459130244,57.1193715646734,-2.59485438737912,0.53440167044678,4,10.0719819192513,11,6,3.29636672663017,0.727177976010166,16.1722081729457,0.259399640414937,4,1.02164041102659,0.792717916145604,4.18848012737752,1.09790915845502,1,0.860701142434899,1.30571996507839,2.25485149004588,8
80,B4_K03_I05-06-09,Branch4,3,3,3,3.45343908280328,1,0,0.840029761904762,-321.41941358052,-19.5260922824006,0.687364872384343,53.9095530151179,-2.79837387798744,0.501625190718845,0.590522473582593,65.1470275098865,-1.86773635396505,0.593581444718937,0.686534727159451,54.2838227530735,-2.79005647222323,0.512286029356436,0.706281377875551,54.1508360515131,-3.02084764736654,0.473368484972726,4,10.2999681638858,11,6,1.19781378528974,0.70494292201158,1.68430126283382,0.164746788274552,4,1.12665944797435,0.785536617314745,1.33325289258789,0.232996980053723,1,1.15030719697574,0.253335999423865,1.97346203576249,11
81,B4_K03_I05-07-08,Branch4,3,3,3,5.35734750587403,1,0,0.822916666666667,-322.121913437714,-16.3459195007668,0.69080495522577,50.396038507379,-2.84567752045347,0.543318185756117,0.564610428618567,62.3674685932165,-1.72852580907268,0.618522815316845,0.689506549339585,51.9679056960137,-2.84900431698111,0.538478299817158,0.711534996141362,51.3277636837532,-3.07688090233008,0.536113009408738,4,10.1203859429378,11,6,1.15099927967323,0.690973721789178,1.55467396987458,0.202898014351362,4,1.00381720193884,0.723222487336858,1.26335060580495,0.258993973620287,1,1.08768757129107,0.265961169812008,2.03313498574741,11
82,B4_K03_I05-07-09,Branch4,3,3,3,2.35829447118226,1,0,0.888392857142857,-321.708725878927,-21.238147800834,0.800226101882684,36.7430300583298,-4.44510255465947,0.414382587355988,0.678715168565547,50.7448398526068,-2.69364110516439,0.530031595381133,0.795091557025876,36.0833057078055,-4.34476712303618,0.422228919661707,0.818454141347264,37.5017995916643,-4.84559697058263,0.407222771302171,4,10.596075698599,11,6,1.23284599645138,0.727838663664376,1.73544894899158,0.16305616805747,4,1.15771455597421,0.793939736957472,1.36712340433537,0.248654490542874,1,1.17483025630861,0.265705920322928,1.9480673269326,11
83,B4_K03_I05-08-09,Branch4,3,3,3,3.45343908280327,1,0,0.851190476190476,-321.033834300513,-19.6876948362249,0.755628082151746,47.9518946346231,-3.70353556874425,0.461514322079138,0.607685172358905,62.6249360473804,-2.00323121387389,0.585912521490519,0.742432792802782,48.2663887104504,-3.48758568567367,0.46248425808787,0.793981545571385,47.1384473177555,-4.32707049921542,0.446418140598635,4,10.442022732382,11,6,1.22470350406061,0.716500375484021,1.75144245548897,0.173439304525702,4,1.15780040214835,0.808427570994418,1.37400681699141,0.246675230504184,1,1.17311997785466,0.26634416217156,1.95037495545378,11
84,B4_K03_I06-07-08,Branch4,3,3,3,13.2024309665538,1,0,0.728422619047619,-321.630279738959,-10.6225736084375,0.530347802488968,69.4850967998862,-1.45971473289156,0.600742800677079,0.493460305474171,72.4151029831521,-1.24917037588894,0.65038584048034,0.529046097501538,68.8505414328491,-1.45956647408735,0.602816398016722,0.571922703054903,69.1371276358402,-1.73928042397595,0.579522647768766,4,10.15808888496,11,6,3.28764050641101,0.610691863646791,21.9773575218866,0.255629817430757,4,1.23847945485729,0.655360651276909,4.06294459014312,1.0893384889462,1,0.860796787136576,1.30759021214684,2.25590999454848,8
85,B4_K03_I06-07-09,Branch4,3,3,3,5.35734750587403,1,0,0.811755952380952,-321.511074773199,-16.9593574343925,0.660787103367819,59.5314550156819,-2.49285396709179,0.524749151073624,0.566262608035266,66.5626202594888,-1.68359608904084,0.607991805548136,0.670208463189098,60.0473204740547,-2.58991156986732,0.533822428411308,0.700089313908652,57.0010956022894,-2.93605285676888,0.495931005384972,4,10.4958199123302,11,6,3.31132605205003,0.691537276159247,18.9113269742805,0.268818587574666,4,1.16575579767235,0.755361147272936,4.03694157258715,1.08652632295119,1,0.889190946815821,1.29935196768249,2.22629793929993,8
86,B4_K03_I06-08-09,Branch4,3,3,3,5.35734750587403,1,0,0.825892857142857,-321.163485434268,-17.2322009916882,0.708398214970145,57.026644708557,-3.02834866221162,0.482461343363528,0.530790391735783,71.7795538498481,-1.45680659390111,0.606614618219282,0.690812930445971,57.8994943608217,-2.81694121680117,0.491647030564944,0.748308503703895,54.7147431116699,-3.56619000435324,0.444587795454836,4,10.0968420714224,11,6,3.24721599325719,0.715352089731826,21.6107654544511,0.202690364997665,4,1.02840596098072,0.778678593927742,4.17735183245792,1.10536638795951,1,0.882172007707584,1.32101328455106,2.23289339159875,8
87,B4_K03_I07-08-09,Branch4,3,3,3,13.2024309665537,1,0,0.749255952380952,-320.720892216105,-11.2186294150821,0.511177361396413,69.0034637792478,-1.3193690774364,0.594503805985499,0.420346335726015,77.322122817231,-0.847231125011659,0.686459256203783,0.484358423880968,70.0801368094051,-1.17094062913317,0.61678305716055,0.566641990808125,66.9926602494337,-1.68566057232637,0.576953888976736,4,9.54346170587224,11,6,3.2512097145497,0.698648335621363,23.8890810236291,0.227051270136662,4,1.13110281950564,0.714235599520688,4.02198467686171,1.08487447986904,1,0.826844689402225,1.29770469457009,2.29100307352339,8
88,B4_K04_I01-02-03-04,Branch4,4,4,3,5.35659130799869,1,0,0.85639880952381,-31.7711741462114,-17.0824273730394,0.755528110927698,47.6925604025172,-3.69719126952049,0.432566794172147,0.620822251015852,60.2461924081304,-2.12702955662625,0.563021383106413,0.731456650414161,49.6861896195792,-3.3594133753801,0.453606824672388,0.770842615168789,47.0177491596842,-3.98731135590381,0.395413841053671,4,10.0645543282742,11,6,1.1541902114574,0.675116059052675,1.59431859592454,0.164859779983767,4,1.05219923633257,0.714528841029119,1.27435010109091,0.222322793269026,1,1.10815004037783,0.244593686130525,2.016192370092,11
89,B4_K04_I01-02-03-05,Branch4,4,4,3,2.86467557480933,1,0,0.907738095238095,-31.90111033434,-20.9781149582368,0.84259670093484,37.4267693273201,-5.40238003682388,0.37129793431277,0.677496354412748,55.7379446153355,-2.66876155005443,0.530270426368917,0.809667498425367,41.2319951775791,-4.63619528120587,0.407411954644774,0.879710063150636,36.2807582119742,-6.47531384532914,0.326228250437603,4,10.1364951769068,11,6,1.20237752227781,0.699569779439894,1.78731206055354,0.158371764307946,4,1.19661605485109,0.774935557896556,1.37979384545186,0.248716366862007,1,1.1759217455585,0.260337637341169,1.94961334943538,11
90,B4_K04_I01-02-03-06,Branch4,4,4,3,2.03950773330883,1,0,0.914434523809524,-31.775750427234,-22.1301239457294,0.873575119421749,32.4001219050627,-6.32305213197397,0.35241587885057,0.712738213260786,54.1650812170035,-3.08422350315869,0.513356283242854,0.84160455244054,36.2794980401048,-5.45490621326858,0.394940649237057,0.921007799304422,26.6625221514132,-8.19100835693237,0.288141978224706,4,10.0543439417124,11,6,1.19558309257004,0.714454540619968,1.77978340269791,0.166306543009561,4,1.17386600767284,0.755975045339272,1.38007779739858,0.244969272387952,1,1.17186740589937,0.259873493324866,1.95281477368465,11
91,B4_K04_I01-02-03-07,Branch4,4,4,3,2.86467557480933,1,0,0.89360119047619,-31.4935572578192,-21.1902526493922,0.867678680422038,35.1918974597758,-6.07720951025054,0.374570917066678,0.693906580598056,52.2990923900032,-2.85291761452494,0.51321679593113,0.831196188773934,38.2913007412017,-5.10300402025924,0.405441008094329,0.904601439400902,26.0751446091087,-7.40860581364982,0.308186579263141,4,10.3822635584267,11,6,1.2035586033703,0.715567954044912,1.73989639064571,0.14027721382721,4,1.11104180608698,0.747042479108903,1.34986503902866,0.23966185824488,1,1.15334047629911,0.259166540815423,1.97400928616322,11
92,B4_K04_I01-02-03-08,Branch4,4,4,3,5.35659130799869,1,0,0.86235119047619,-31.5797877640888,-17.501559530213,0.762574645629559,44.4565377908611,-3.78559532350761,0.431822617141217,0.614353956423492,57.014449558828,-2.06535679548921,0.569422203863725,0.730479127803828,47.8499782875612,-3.3196278947968,0.460724011960926,0.795194103630911,41.9722766689924,-4.37326135024203,0.393559341553585,4,10.4486410404075,11,6,1.18287779292585,0.74291527801466,1.70323626182274,0.125533255870505,4,1.07370770420856,0.801728858785251,1.31093376315504,0.232659097842594,1,1.1244657928666,0.250097067592905,2.00780937857145,11
93,B4_K04_I01-02-03-09,Branch4,4,3,3,14.3768344528317,1,0,0.750744047619048,-31.323135244927,-11.1042440379046,0.586819920646071,65.8559082236191,-1.88463445945075,0.575378182357488,0.48340845147841,72.7307022121283,-1.17284992546665,0.62653812589866,0.556334000043229,67.0820573718481,-1.70485464526973,0.596521890986379,0.59857798168601,65.0327391670175,-2.06057868165685,0.565694267292453,4,10.2210141001084,11,6,3.26637392758065,0.766158378543335,23.5629076359411,0.217600335506147,4,1.12797632073082,0.780844197515553,4.04101286838714,1.08286077247163,1,0.895977683775404,1.29767165912112,2.21910734858123,8
94,B4_K04_I01-02-04-05,Branch4,4,4,3,3.20041258076506,1,0,0.880952380952381,-31.2754489608967,-20.2099364377829,0.784645907294401,44.889073596495,-4.16523567022751,0.40595471441916,0.621296398965266,58.8977893592269,-2.11877719330875,0.558295115005038,0.739861771171934,45.2149314404087,-3.44305545638617,0.446572600188522,0.82771399927912,42.7495055278655,-5.02474970553128,0.353473389957247,4,10.065854950751,11,6,1.21378992378518,0.703888051365384,1.82260017370258,0.190864472638875,4,1.17537759824211,0.757652964562753,1.41340416123337,0.255291419493877,1,1.17768644450939,0.272505565968553,1.94653730696602,11
95,B4_K04_I01-02-04-06,Branch4,4,4,3,1.84282769753824,1,0,0.918154761904762,-31.5674471881267,-22.5663377921861,0.873802360804727,28.101617142927,-6.36874337747554,0.34221974201882,0.686398377275865,51.6899129829284,-2.77991776388355,0.52013598349455,0.844950741570094,34.5539376555865,-5.47377249461863,0.387966592908102,0.921084788260848,25.965982696984,-8.19637360712482,0.266442050961021,4,10.2625953148701,11,6,1.2205793806555,0.716264039846674,1.80905997766394,0.15435116077653,4,1.19439242569471,0.770521652989508,1.39990228963884,0.245480751973128,1,1.20174866872398,0.262056501802599,1.92256891126624,11
96,B4_K04_I01-02-04-07,Branch4,4,4,3,1.71198246026788,1,0,0.92485119047619,-31.2450795394093,-22.7918954976763,0.89450465094129,29.4044031940185,-6.99921863327068,0.323622343202076,0.728234651032416,50.923418246795,-3.28341661455207,0.494371259433998,0.866861120394044,30.7731381947394,-6.07187202836032,0.360429115019161,0.935323210436481,23.1453023733481,-9.02906801976167,0.225159145420013,4,10.3822635584267,11,6,1.23015240109569,0.703181524945366,1.78312133643751,0.171870010199911,4,1.16816942620548,0.736508962248585,1.39588440366079,0.252955444071658,1,1.19569887081391,0.271939134121818,1.9259870796991,11
97,B4_K04_I01-02-04-08,Branch4,4,4,3,2.86467557480933,1,0,0.915922619047619,-31.3779279598458,-21.4054192031333,0.868220932927012,35.9479498156395,-6.09353489600661,0.345914600643886,0.68499896270066,54.181890660252,-2.78782216411067,0.514855826195097,0.831767108803696,37.9562886201333,-5.12700360598464,0.37922048883279,0.896291159081348,32.0440527568283,-7.06289181008875,0.30688067592581,4,10.1481313885875,11,6,1.2017921363449,0.713498157729556,1.76898469111668,0.173906066768434,4,1.15178644305954,0.764776919253636,1.37718299258861,0.24995749388345,1,1.16576009371112,0.267422099395755,1.9575125311332,11
98,B4_K04_I01-02-04-09,Branch4,4,3,3,5.87683187570298,1,0,0.84077380952381,-31.4090976426668,-17.0864518888881,0.72024900678286,51.0467927633915,-3.28661671840216,0.464661613483704,0.608579689955655,67.5368936135337,-2.04658333264209,0.593549946986924,0.709738397875923,54.9142569789634,-3.16771492061033,0.486360093850241,0.738503892424488,51.9348790210927,-3.44765371942234,0.46124900973351,4,10.0901521392758,11,6,1.18409361834,0.662256286312496,1.74573331387253,0.155150424199437,4,1.17311500885083,0.748757832566156,1.35891405148028,0.240690806219086,1,1.1569954935545,0.253425173855376,1.97091687607612,11
99,B4_K04_I01-02-05-06,Branch4,4,4,3,2.41421356237309,1,0,0.884672619047619,-31.7402728838391,-21.3564686581699,0.796614966258115,41.0549516645592,-4.46945149559097,0.42639065997633,0.640296931458181,57.5142818863997,-2.32947703018563,0.554020093643389,0.76947901440185,45.8997378314953,-4.0020801178625,0.44862362426672,0.835230044558593,39.3820281804129,-5.28543875841148,0.377741753337626,4,10.2570484896431,11,6,1.23057121316552,0.714738609614888,1.85380277961165,0.138204853883871,4,1.17942880892665,0.791988174056485,1.44080980272246,0.235180266305339,1,1.22797508696366,0.257476316327034,1.89804764107622,11
100,B4_K04_I01-02-05-07,Branch4,4,4,3,1.84282769753824,1,0,0.921875,-31.1767435883067,-22.7880032807183,0.889701199607246,30.7311701846033,-6.82123620042049,0.345010764293862,0.727336673098773,48.5810723565067,-3.27040355364131,0.508085750774715,0.860843246856862,33.0423977144919,-5.88304774858725,0.388084930237822,0.926355610103995,24.7789705668595,-8.51200001525963,0.252953466049434,4,10.4337509764583,11,6,1.22219511445293,0.714738609614888,1.78012992295198,0.144609260146443,4,1.13928824024937,0.790527135950111,1.38285471592355,0.241395211926017,1,1.17989873894102,0.262076231619409,1.94628865230193,11
101,B4_K04_I01-02-05-08,Branch4,4,4,3,2.03950773330884,1,0,0.927827380952381,-31.4827879402503,-22.3903444085922,0.885938497268751,31.4124256622422,-6.68139323970163,0.318017321831426,0.70187204576716,51.6079569688966,-2.95450292588066,0.504218288479772,0.851814974331808,34.0137331286734,-5.61632930069682,0.360202570812666,0.924482404987525,29.007623127895,-8.41603948933138,0.252256213374783,4,10.1364951769068,11,6,1.21971185508775,0.711262772456407,1.83176713037277,0.166875969465247,4,1.22848730488937,0.799474048324764,1.41934098501702,0.255130331054695,1,1.18894005828686,0.26498551679693,1.93627809335098,11
102,B4_K04_I01-02-05-09,Branch4,4,3,3,3.49884359610929,1,0,0.869047619047619,-31.4378902338692,-19.9861777932669,0.719428442960683,50.5252931937008,-3.16673363440865,0.448354901125081,0.614096808581475,59.8238282589681,-2.07754571823283,0.570380505550952,0.72095570129654,53.6572963055569,-3.18572917424297,0.46765438342483,0.737886877183181,47.1454777792226,-3.43399356732902,0.42628126048734,4,10.0901521392758,11,6,1.13872922796519,0.674106341637346,1.57757962045968,0.161426398356881,4,1.0488075658022,0.767047278790593,1.25727948308424,0.220620280245513,1,1.08352159045514,0.24145348832044,2.04460175675634,11
103,B4_K04_I01-02-06-07,Branch4,4,4,3,3.20041258076506,1,0,0.876488095238095,-31.0143973480613,-20.7990622386488,0.807018414159699,42.7325811434868,-4.60593398151831,0.408636864658889,0.674390666715023,57.8331532997491,-2.65342417218213,0.544120307150772,0.780959233660536,45.7253243433534,-4.08856055711875,0.422907314288081,0.844632638398989,41.2858312956121,-5.44306693839618,0.352359991543493,4,10.3384533657846,11,6,1.2247127940242,0.716837322291274,1.7896705540414,0.160634240034683,4,1.18548668315586,0.734854873562471,1.38924312210778,0.252872030318954,1,1.19805478900225,0.267327853073376,1.92434712620574,11
104,B4_K04_I01-02-06-08,Branch4,4,4,3,2.86467557480933,1,0,0.915178571428571,-31.4374798587132,-21.5057425644235,0.864173814019845,32.4439864705286,-5.96899665044582,0.359663494560986,0.686178212200388,53.7975795297691,-2.78499022480482,0.520897493197714,0.835436556848471,35.8098052686802,-5.20039767353646,0.37933661317425,0.896891097128683,29.9589792870815,-7.08802502529788,0.302364482755816,4,10.0204945012197,11,6,1.20726443389759,0.702039795821764,1.80783895628146,0.198704435750448,4,1.13938615285,0.743587069996407,1.4059216820593,0.261970215052028,1,1.16740431829282,0.276986537321365,1.95569361414134,11
105,B4_K04_I01-02-06-09,Branch4,4,3,3,3.73205080756888,1,0,0.876488095238095,-31.3824938267344,-20.0046787654222,0.768264980480801,45.9676079576019,-3.87797041688867,0.452033464713254,0.613378231462843,62.575024385716,-2.06159319128815,0.566673270460288,0.748569743183215,49.2943349503006,-3.57604109874842,0.456574074128834,0.773500518115786,46.5446854838274,-3.97415234367448,0.437623315309365,4,9.96405599621767,11,6,1.21408652269779,0.68937207223787,1.86348497448388,0.147945256108346,4,1.18970049524466,0.735067787769776,1.43693828720998,0.240707434200941,1,1.21727431619452,0.262395679078205,1.90720178685099,11
106,B4_K04_I01-02-07-08,Branch4,4,4,3,5.35659130799869,1,0,0.865327380952381,-31.5552499852052,-17.3777151174597,0.744443724057147,48.2781146291903,-3.52351518666459,0.469689626352396,0.573177311281286,60.9763440794543,-1.75810181182305,0.594886867514163,0.713519097382413,50.9157181000398,-3.1062940243818,0.501238674154218,0.77417351382162,41.1233367710702,-3.9849683822408,0.437691384933675,4,9.98383745152462,11,6,1.19378683051235,0.673468295529079,1.7501161269419,0.181446098735522,4,1.12292363255605,0.697677871611119,1.36062008779184,0.24762896020453,1,1.16038306763056,0.266001162693471,1.96177738945064,11
107,B4_K04_I01-02-07-09,Branch4,4,3,3,5.90198950474449,1,0,0.849702380952381,-31.3028326701099,-17.2447019734266,0.729105790373066,52.0356350533844,-3.33322503503681,0.469538218099678,0.580793401080504,61.1305461507763,-1.81268483009135,0.598550928484788,0.699005943241836,54.834317051636,-2.92098233416364,0.492531956632649,0.714677636516172,50.642691139539,-3.13199633207507,0.50409228509501,4,10.109308096453,11,6,1.19315021888811,0.653177291650762,1.71922376269645,0.173632393203096,4,1.11476145912719,0.674085308305075,1.34549611700334,0.24274244661505,1,1.16009794139961,0.264604778242189,1.96255005607767,11
108,B4_K04_I01-02-08-09,Branch4,4,3,3,13.5832340796465,1,0,0.78125,-31.2410936747018,-11.9570383350276,0.60592342627478,63.8093135133279,-1.99776439378686,0.561948628032188,0.516926878573783,68.4983317502042,-1.3602718276997,0.632074627616799,0.603954593945848,66.9085361103746,-1.97912735393305,0.564470958201554,0.600608564359313,61.3318487080512,-1.94341202982543,0.573666127595266,4,10.019631018407,11,6,3.27815629860325,0.709122241207638,27.8698824035186,0.21914711445544,4,1.10298858855506,0.744226183867937,3.96540395997954,1.07897224795441,1,0.872829121130158,1.2837880279425,2.23988220223001,8
109,B4_K04_I01-03-04-05,Branch4,4,4,3,2.86467557480933,1,0,0.895833333333333,-31.0497601606846,-20.9986374526379,0.839336799820546,37.4291388898071,-5.31003898730259,0.385318608800947,0.671511326849909,55.4284496506437,-2.60458846406802,0.549140496376108,0.804220902551634,40.789337787198,-4.52022113277946,0.422599107986336,0.868436539475928,32.6817931116388,-6.12314150058561,0.323960706423405,4,10.0540112078672,11,6,1.22171488105064,0.698288885284584,1.83563213623196,0.202604846485903,4,1.16076854798701,0.752349270509547,1.43307672407624,0.265443666633943,1,1.17861946631013,0.282014166536501,1.94368567116511,11
110,B4_K04_I01-03-04-06,Branch4,4,4,3,1.71198246026788,1,0,0.921130952380952,-31.4119871080146,-22.5947002495746,0.88545478524953,26.7536616259491,-6.79963679692752,0.333486864274473,0.70425414687383,50.9573494754387,-2.9821884788417,0.494027057904073,0.859229138054306,32.7361380650112,-5.91385014464563,0.383825620881109,0.932994719358687,20.7529195972826,-8.8782128674519,0.265658454321014,4,10.1481313885875,11,6,1.19463007675711,0.726884246427546,1.7455551225445,0.171584656687173,4,1.13667076504734,0.765494071514973,1.3597348349597,0.24722040711111,1,1.15833737922005,0.264524680991333,1.96453044283091,11
111,B4_K04_I01-03-04-07,Branch4,4,4,3,1.84282769753824,1,0,0.922619047619048,-31.3068516403923,-22.4637545980957,0.885398304744628,27.4408239229198,-6.74826979379869,0.338247297537885,0.723202521508128,48.1664320561808,-3.22109267186674,0.507066265510603,0.856347438034574,32.5324458433111,-5.77994478517347,0.389312209291895,0.929817422373853,23.9945759421487,-8.70111449212177,0.279310468285908,4,10.1706190952262,11,6,1.19898755062931,0.715391713390835,1.72791382589904,0.185690757174581,4,1.09922231069981,0.732556153366889,1.34951206590509,0.251120300416059,1,1.15916101593132,0.268627391235941,1.96219764885966,11
112,B4_K04_I01-03-04-08,Branch4,4,4,3,3.20041258076506,1,0,0.883184523809524,-31.0098680523973,-20.7923365893814,0.815667701581599,40.4529695517704,-4.75510442557235,0.386725655781379,0.648401973457999,59.5974809725725,-2.38724054653947,0.54625751078164,0.798825529528143,43.1056360669446,-4.41771530227574,0.412745853942564,0.848685418839009,37.6841902885994,-5.53710583519937,0.329528085268359,4,9.72899065684696,11,6,1.15178940559076,0.697339846648473,1.731831807879,0.162932664483487,4,1.13810508779803,0.756364885771402,1.33332103018713,0.241559923566923,1,1.1237969429144,0.254674041919992,2.00183462204776,11
113,B4_K04_I01-03-04-09,Branch4,4,3,3,5.74324765659698,1,0,0.832589285714286,-31.4963232796547,-16.3123179494965,0.677693437596971,51.5159701085904,-2.67078759076809,0.458534751466188,0.59512415090874,65.997257555132,-1.90141927214723,0.594289378733828,0.664984306904157,52.0685138201436,-2.53762175681905,0.492132413274799,0.726978093761357,51.3535434027751,-3.26640202339189,0.45709297483236,4,9.76608592418675,11,6,3.25036504261578,0.653528567506627,26.5660760621431,0.202606288728332,4,1.09868644368882,0.729920054435742,3.98615422096129,1.08850804938586,1,0.828577258754293,1.30369243066945,2.28624288239874,8
114,B4_K04_I01-03-05-06,Branch4,4,4,3,1.84282769753824,1,0,0.915178571428571,-31.9551999671558,-22.3004192902983,0.87926821231728,30.7751980939295,-6.54982272017566,0.348800618089881,0.728089835724107,52.3124827072067,-3.29110509248826,0.486087911776234,0.854231116047835,33.7579871788677,-5.74805121760898,0.387380598466114,0.925079273648181,25.0182714643073,-8.42568207574287,0.273274919674347,4,10.0204945012197,11,6,1.17201310950988,0.713498157729556,1.70864457895587,0.175184705634513,4,1.10513039787963,0.764175421272003,1.32651611727702,0.238531958404636,1,1.13195150975014,0.258444307548877,1.99269839266286,11
115,B4_K04_I01-03-05-07,Branch4,4,4,3,1.4142135623731,1,0,0.927827380952381,-31.492489685629,-23.0314039645209,0.904419847554791,26.7981828565666,-7.56062079704471,0.328562486748287,0.742318025004198,49.0327948082042,-3.48878431151379,0.475391632346914,0.88409546005373,29.9491997587953,-6.66854814256288,0.345415955483489,0.939223481088591,21.4343249169611,-9.41007000789972,0.235094765428777,4,10.2214905242274,11,6,1.20019065202752,0.725178967682079,1.73257797089653,0.173092194407801,4,1.13638901005314,0.786602833021082,1.35135770817884,0.242848250433481,1,1.15653351080641,0.262038965239427,1.96657599791429,11
116,B4_K04_I01-03-05-08,Branch4,4,4,3,1.84282769753824,1,0,0.921130952380952,-31.4020845174981,-22.8369674004729,0.88092763200636,29.1011649328807,-6.547626217308,0.339555460746804,0.703491760601955,51.263982789657,-2.96623262590141,0.504563812080726,0.84965248605488,32.5991560462594,-5.56345291613104,0.368458404894208,0.927186464567486,22.7894718349692,-8.53317451731591,0.269948448446665,4,10.044186118118,11,6,1.20379383928724,0.71004072091607,1.77128273545325,0.206623723032575,4,1.13842730507762,0.77399724367294,1.42795420512372,0.263734212799684,1,1.14988213504815,0.273255146085349,1.97305393633079,11
117,B4_K04_I01-03-05-09,Branch4,4,3,3,2.63912204644935,1,0,0.90625,-31.5234657793088,-21.6221607347637,0.850875855972143,37.1408527676293,-5.59074752620681,0.350900005695419,0.67896809573569,56.2913646044134,-2.68493179322814,0.505978752675399,0.826518557084793,39.7392535617347,-4.9952541077645,0.391158194123003,0.874552671837906,35.4938347869059,-6.28680719011027,0.324397858913373,4,9.9525441413269,11,6,1.19002214608861,0.672122931645461,1.74308043262676,0.195109462749131,4,1.10862511930518,0.74497029757717,1.38156092463681,0.251703746228898,1,1.14002238216966,0.266417820373471,1.98353749029999,11
118,B4_K04_I01-03-06-07,Branch4,4,4,3,1.84282769753824,1,0,0.921875,-31.2787290809441,-22.6874286274902,0.888287207615133,26.6005749247455,-6.92937042513554,0.340263029327884,0.722175247496529,51.0698239316288,-3.20691457855233,0.48710686276207,0.867417521183321,29.0626072149973,-6.13738381204111,0.369984329813694,0.935431722443347,20.5155218865984,-9.04121950317174,0.271203593224455,4,10.1481313885875,11,6,1.18575244414161,0.726884246427546,1.72565369078406,0.163902301542851,4,1.1285436431725,0.765494071514973,1.34086236602401,0.245335049468079,1,1.15007633294119,0.260646038926555,1.97327504517936,11
119,B4_K04_I01-03-06-08,Branch4,4,4,3,1.71198246026788,1,0,0.936755952380952,-31.371545721615,-23.0398954174123,0.897102971742915,26.3297861275984,-7.14429945181321,0.326382929530522,0.732209790853934,51.5845781466716,-3.33662984287634,0.489804537634913,0.87195108281712,30.6080037764273,-6.22099818352241,0.362272987515707,0.937603538968673,21.9723538136972,-9.19806537524065,0.236732598659092,4,10.0204945012197,11,6,1.18738046231863,0.713498157729556,1.76183331512359,0.173906066768434,4,1.14715501959435,0.764175421272003,1.35902166906093,0.244127495560213,1,1.15465615353645,0.262414310170665,1.96992088326412,11
120,B4_K04_I01-03-06-09,Branch4,4,3,3,1.96630756754375,1,0,0.929315476190476,-31.4705873539248,-22.7106310512299,0.877658825473859,29.5925133886908,-6.43945751163056,0.328669688170398,0.732235576658275,49.2971324176033,-3.33727206976896,0.480663946522297,0.865451630626407,31.5912306494578,-6.05667586075437,0.356394266858406,0.913328968437484,25.3436950968565,-7.8049687915696,0.299522311976538,4,10.0204945012197,11,6,1.17902218887321,0.713498157729556,1.73756648517541,0.170394426780387,4,1.13306169487864,0.764175421272003,1.35288425378741,0.24211686332736,1,1.1451746799374,0.259195895527373,1.97967499015111,11
121,B4_K04_I01-03-07-08,Branch4,4,4,3,2.86467557480933,1,0,0.889880952380952,-31.4984990360738,-21.1723280169609,0.840583697309656,31.8130327627487,-5.3345072111205,0.395083494857218,0.693919936224928,50.7785424282415,-2.86132253036589,0.524538941465572,0.814924162711421,36.3531413789468,-4.74036394970018,0.419958586159803,0.874484040184824,28.3268661643166,-6.28973047784557,0.34941982201,4,10.2141512036204,11,6,1.21526495474689,0.70158495300682,1.79291380720811,0.166659869186417,4,1.17714556069448,0.719535590835179,1.38641850775871,0.253343517481239,1,1.19093008990345,0.269613310079565,1.93137101028583,11
122,B4_K04_I01-03-07-09,Branch4,4,3,3,2.6180339887499,1,0,0.907738095238095,-31.3946760381064,-21.6585744550093,0.866891809536724,31.4330006299757,-6.07245873040971,0.347406211123822,0.716801770428471,51.9195276387564,-3.15086394204668,0.491743831338872,0.845251233700057,33.7857246504756,-5.45998195713816,0.369752007787808,0.882874978123663,28.3602176571833,-6.57136418730763,0.343573292612559,4,10.2444443997152,11,6,1.20178965382912,0.712779754703569,1.72492616157459,0.170621958332828,4,1.1286843343143,0.744373937028061,1.35767989719072,0.2422155998262,1,1.16387784457402,0.26153433363684,1.95858843677768,11
123,B4_K04_I01-03-08-09,Branch4,4,3,3,5.90198950474449,1,0,0.86235119047619,-31.3357356343718,-17.3849236499216,0.752648300718612,48.1293544849374,-3.63125023317524,0.453711900857139,0.622504857618134,57.8185625836532,-2.13006054239887,0.573144374274848,0.740072051771723,50.7443447199769,-3.44652451256379,0.470157253969182,0.761625110463668,48.4801582495701,-3.76884997919183,0.458647068276127,4,10.0543341125054,11,6,1.14725226392796,0.727838663664376,1.6411994265258,0.166189215366609,4,1.06716024708629,0.781018108223439,1.28100564014205,0.240783363492277,1,1.09493048788562,0.256760199817555,2.02947264007505,11
124,B4_K04_I01-04-05-06,Branch4,4,4,3,2.03950773330884,1,0,0.909970238095238,-31.4483700503663,-21.9062153736539,0.850621334210982,33.108820306456,-5.67810264470518,0.370250071637799,0.669297942073466,53.701672799973,-2.59836947530831,0.524911834923819,0.82325811703585,37.6946419433042,-4.94736840909146,0.417856107725047,0.889975902472999,26.6080854866391,-6.85052359320491,0.307200266636247,4,10.3899407838162,11,6,1.22810665795526,0.716264039846674,1.7862849193865,0.16324325479106,4,1.18699480050829,0.770834938456347,1.38971423553398,0.252241350799496,1,1.19539034006282,0.267221231619707,1.92738592365098,11
125,B4_K04_I01-04-05-07,Branch4,4,4,3,1.84282769753824,1,0,0.909970238095238,-31.0738059289259,-22.4058408333033,0.881046805441946,29.0821187935081,-6.55534262665473,0.372310989213782,0.727384417364227,47.7977064001851,-3.27068729444662,0.497528649214135,0.846401117398837,31.3753962359317,-5.54681499399398,0.404008547184037,0.913467897043626,24.8198700116947,-7.94757695449522,0.284954679137325,4,10.4267343151013,11,6,1.22023511244774,0.715567954044912,1.73443943034713,0.17303471153749,4,1.12940099439535,0.747180458087111,1.36737246098836,0.249292730076982,1,1.17449318373712,0.269212050354767,1.94677424697993,11
126,B4_K04_I01-04-05-08,Branch4,4,4,3,2.41421356237309,1,0,0.884672619047619,-31.5907512864355,-21.1423124623745,0.806729656656682,38.3977473423756,-4.58211504038483,0.409709539436428,0.640942946119489,55.2663993577814,-2.3169753483829,0.552013980959655,0.782571704159476,40.2853835877259,-4.11800989830163,0.43379173401961,0.865180567236511,33.8365745163234,-5.99647085227104,0.339438359222244,4,10.0950575471192,11,6,1.20990140019068,0.712699835251943,1.77259205723312,0.217117829788821,4,1.13031548869067,0.775777372389265,1.47132095237276,0.270938362325961,1,1.15022767764145,0.27896818651098,1.97207108611704,11
127,B4_K04_I01-04-05-09,Branch4,4,3,3,3.89212678276529,1,0,0.834077380952381,-31.6018123634221,-18.8805883181032,0.693669349205319,55.6222596083917,-2.87569588498065,0.487168520315063,0.562061248821382,64.6762194121464,-1.69112278089223,0.600296753584413,0.676571781055933,53.2800646052331,-2.67757182599767,0.505862955640364,0.728629412562701,53.5094090047331,-3.31864311303128,0.450455847600774,4,10.0204945012197,11,6,1.20673246323064,0.709309915188505,1.78292214573063,0.226248675145941,4,1.12412139575872,0.742353479847075,1.46896090088088,0.289136782865534,1,1.16111057319019,0.289215506927298,1.95939049891404,11
128,B4_K04_I01-04-06-07,Branch4,4,4,3,1.71198246026788,1,0,0.927827380952381,-31.3921185146376,-22.5581954199134,0.893522338782978,27.0781424120822,-7.04692061791943,0.348838872967238,0.715354945858118,46.5730159870403,-3.11572752173727,0.491216215527409,0.859693816935576,29.6821636750574,-5.8385729791748,0.392294751672709,0.926792223199083,22.1789361250837,-8.51180791784672,0.277785794845393,4,10.3384533657846,11,6,1.21326633906796,0.729211597147837,1.72233743176841,0.182500500517171,4,1.10732690134842,0.746651014910623,1.35423709736454,0.247880179293235,1,1.16842861491389,0.267830941857818,1.9523403116065,11
129,B4_K04_I01-04-06-08,Branch4,4,4,3,1.84282769753824,1,0,0.924107142857143,-31.8850343219564,-22.5043050417812,0.870813579984987,28.089177883016,-6.25770076184948,0.347659435428012,0.698751397873078,50.657238448466,-2.90950637408395,0.516177988603105,0.843564957212277,31.4972375190719,-5.44516933086892,0.376091748659029,0.9145209617528,21.8950539577549,-7.88453699498125,0.271718777264615,4,10.2528632022961,11,6,1.22086214548607,0.725953355419812,1.76442658117055,0.193709774619332,4,1.12960669104475,0.779277059186079,1.39141575414342,0.252423001651896,1,1.17272245130364,0.270177052203873,1.9490303361097,11
130,B4_K04_I01-04-06-09,Branch4,4,3,3,1.78196865016586,1,0,0.924107142857143,-31.5508799080823,-22.487708295624,0.844989153237952,31.1078329160959,-5.57537200806498,0.37571317877787,0.673430155842499,54.0254642163885,-2.63938320278258,0.50388288518389,0.825178547820671,35.0350457868693,-5.02338915177334,0.395117044108874,0.886218780204653,28.6977622040943,-6.69489439844237,0.320049645592075,4,10.4337509764583,11,6,1.24367346274035,0.729628963041485,1.80601197783997,0.176142829520548,4,1.1854949010531,0.770608938276123,1.41517786014661,0.255029930104424,1,1.20721308127599,0.273823178941469,1.91380907897176,11
131,B4_K04_I01-04-07-08,Branch4,4,4,3,2.03950773330883,1,0,0.90922619047619,-31.8347179021339,-21.9284995912853,0.862661586053394,30.5743761598794,-5.92365921623844,0.367335624506624,0.705201153645349,49.0344330158679,-2.99552048011153,0.510346157640449,0.831347476671408,35.6031097979264,-5.10406578358431,0.386372252551666,0.898544969436588,28.4908570050287,-7.15846740585739,0.317619888445505,4,10.3948850226613,11,6,1.2155708024367,0.702999420590119,1.71253957004721,0.190658703004063,4,1.08409448674132,0.721407714372635,1.34941900639676,0.258175292860091,1,1.16215226838674,0.27807113648009,1.95747465770169,11
132,B4_K04_I01-04-07-09,Branch4,4,3,3,1.96630756754375,1,0,0.915922619047619,-31.4778589356114,-22.4782898644328,0.87691843765945,31.1785204851236,-6.37414226686109,0.353132112970028,0.713800908372419,48.4875335842502,-3.09523389279372,0.500224216478023,0.85012494819378,35.364285007904,-5.60906876701871,0.370388516265437,0.896695781927943,27.782448207257,-7.08973463630775,0.313134195456996,4,10.3822635584268,11,6,1.23496556608853,0.716837322291274,1.77149562142209,0.193628227872368,4,1.12861014482276,0.734983893148223,1.38953693419121,0.259691557386747,1,1.1899305293965,0.277717850645338,1.93007525946133,11
133,B4_K04_I01-04-08-09,Branch4,4,3,3,3.73205080756888,1,0,0.877232142857143,-31.4210860596649,-20.1033919980652,0.799881902421349,44.6649358555246,-4.43596249911523,0.421869304591275,0.652936716825451,57.4424593930562,-2.42375306994053,0.538851818561493,0.782144263772063,43.838400558804,-4.10916930542364,0.428190550391509,0.8173604373521,42.8899741528434,-4.79189943782984,0.405398528937369,4,10.3334278304043,11,6,1.19798426434105,0.715422226627429,1.6518527670145,0.219072873388638,4,1.06540585608569,0.776628343450505,1.34931107311067,0.273906858637944,1,1.12093882932391,0.280511581931284,1.99888149357504,11
134,B4_K04_I01-05-06-07,Branch4,4,4,3,2.86467557480933,1,0,0.895833333333333,-31.6347490481419,-20.8329045095657,0.813475742409994,38.2064153137782,-4.74281229434098,0.400722454672058,0.677185987940129,54.2331641507209,-2.67141516363604,0.539273675017439,0.789968806122778,40.3419565938592,-4.281837361537,0.42612112359089,0.859603523020982,38.4325946731858,-5.84003407688532,0.330144141664004,4,10.5690974340238,11,6,1.21324812744934,0.715422226627429,1.72971207918667,0.139286631575601,4,1.09331039863095,0.781628691661102,1.33939213581913,0.24303280615439,1,1.14077622688092,0.262915361199105,1.98767786775909,11
135,B4_K04_I01-05-06-08,Branch4,4,4,3,3.20041258076506,1,0,0.88764880952381,-31.8103854398116,-20.3767582604439,0.783838613008477,40.6309352923285,-4.23606350202669,0.419090052842313,0.649750013030798,56.3575372294983,-2.38932176351925,0.546646670873733,0.761133781301008,45.2741742630174,-3.81765481928478,0.423836204735455,0.832685205489311,40.0165900135198,-5.14638574928376,0.353407028760478,4,10.2301312154088,11,6,1.19047277903013,0.703020300776448,1.70314220336798,0.176418710726186,4,1.10907444628537,0.768053813779995,1.3343218622789,0.24119612740971,1,1.14184571351775,0.262446101597716,1.98213643904425,11
136,B4_K04_I01-05-06-09,Branch4,4,3,3,3.89212678276529,1,0,0.840029761904762,-31.5770620113084,-19.3754731759193,0.697500504395148,52.594782554718,-2.92339543593417,0.476637714072643,0.576772048471829,64.7001286448691,-1.75664939217028,0.586124924660255,0.689172980512687,53.3598008756936,-2.82280200884726,0.485672784043083,0.739091061113651,51.5033790742855,-3.44664817115899,0.451109119970845,4,10.3819994674456,11,6,1.20262956955984,0.70494292201158,1.6489181816213,0.186178463254032,4,1.0798688044814,0.785846916988639,1.32662549027178,0.238343221353297,1,1.13805726449444,0.261248242727682,1.98361071256929,11
137,B4_K04_I01-05-07-08,Branch4,4,4,3,2.86467557480933,1,0,0.905505952380952,-31.7184273525894,-20.89298329178,0.845382322458085,35.8072907117183,-5.47109743498403,0.38977965922531,0.717429635835733,52.2081283038747,-3.14607367611767,0.535063463582984,0.830608783980799,38.2275519827433,-5.08950396808216,0.398415442925261,0.88708886411521,35.284244391304,-6.71598938874216,0.324653336090465,4,10.4267343151013,11,6,1.21751092276525,0.700232857250321,1.73795905573467,0.16504263547166,4,1.15299364502759,0.769467284602467,1.36626088148575,0.248740026744005,1,1.16876735047896,0.266059670155625,1.95457150218547,11
138,B4_K04_I01-05-07-09,Branch4,4,3,3,2.63912204644935,1,0,0.898809523809524,-31.5053763723091,-21.4419052202397,0.831089244756644,35.2711696882434,-5.10197645108589,0.374301875689809,0.69732331484588,48.7325456517273,-2.89702336615543,0.509262705011944,0.818320397758669,35.0453977990414,-4.81070680606567,0.389034984002422,0.849064594604719,34.0909134520355,-5.54368288712571,0.35165653284027,4,10.523341133289,11,6,1.23954448059015,0.714738609614888,1.81287263253145,0.144038007407245,4,1.14781640456413,0.791017665577755,1.40607233126141,0.246291477283038,1,1.19514254767074,0.267892440492054,1.93070960957194,11
139,B4_K04_I01-05-08-09,Branch4,4,3,3,3.49884359610929,1,0,0.884672619047619,-31.4495825872868,-20.1282165944409,0.786074668078249,46.7212788769322,-4.18631693340481,0.415309363716692,0.632260052584253,57.4725825471757,-2.22511395224131,0.540947256295796,0.776794664394479,50.0581255493168,-4.0165946651493,0.429370545771342,0.808605407855972,43.4201025431716,-4.62967392658516,0.394290553293759,4,10.272977942259,11,6,1.20705232083105,0.701379373025315,1.72081390690787,0.200753875235876,4,1.10766680096333,0.793330223258852,1.37158858551855,0.2524290569705,1,1.14129841488286,0.272181908735327,1.98183029441046,11
140,B4_K04_I01-06-07-08,Branch4,4,4,3,5.35659130799869,1,0,0.837797619047619,-31.5976521413647,-17.3444360490022,0.756209805366687,48.1563870587361,-3.70556708262248,0.458197230508373,0.639582563625336,60.2109498623651,-2.45050615085928,0.563976194301197,0.740584940085358,51.5521266477078,-3.49159807561842,0.470258849492333,0.785098337538763,47.3442959473759,-4.19793681585583,0.424927741175595,4,10.2141512036204,11,6,1.16678556583211,0.692236385110353,1.65777854879898,0.15225629717275,4,1.08403886205289,0.710737486723854,1.2934603848903,0.241883730851559,1,1.11004159954985,0.257750967546102,2.01711885796705,11
141,B4_K04_I01-06-07-09,Branch4,4,3,3,5.74324765659698,1,0,0.817708333333333,-31.4519328632651,-16.5623263057842,0.668289939574023,57.2661392003086,-2.57979049097793,0.508206679863306,0.578573028842736,62.8801670237423,-1.82475917471117,0.588060267087946,0.660735369853737,59.7986817718444,-2.49232127571326,0.519104632153983,0.711560160833814,56.4751424241629,-3.06617832595439,0.441749390632628,4,10.4557725955498,11,6,3.29888857647937,0.690820712761352,23.1368263508019,0.241623365065375,4,1.05166734926747,0.728193180963007,3.95002052192641,1.08549730508103,1,0.888119739074979,1.29442791994093,2.2258124682895,8
142,B4_K04_I01-06-08-09,Branch4,4,3,3,5.87683187570298,1,0,0.847470238095238,-31.3946242898298,-17.4961210560107,0.730390164639851,48.7630846575981,-3.32289585953716,0.456090902975477,0.567195582940575,65.6036917231742,-1.77693833342284,0.591999490031071,0.719571154478557,54.6906464254454,-3.2321057273701,0.473328848666823,0.756270840594187,47.8754908540539,-3.69110354531629,0.445756360672953,4,9.97018296471796,11,6,3.25486446027267,0.687507592815023,21.3341324818471,0.21681278398,4,1.01145868601126,0.754088530495452,4.05092424984776,1.09914836597421,1,0.85514056529626,1.31755018350909,2.26060864387971,8
143,B4_K04_I01-07-08-09,Branch4,4,3,3,14.3768344528317,1,0,0.770089285714286,-31.3156164142575,-11.0906625523763,0.544894530242409,64.8352307462494,-1.5402614951494,0.594110912865819,0.428976299405381,75.9686838240393,-0.883776484058971,0.679459418343012,0.546911816597852,68.0023915292549,-1.54394774182531,0.588364214172063,0.588678620884279,65.5618751553481,-1.84842066570076,0.571027399957631,4,9.36939351775906,11,6,3.24179255483781,0.662734555673819,24.7193424708692,0.240152724076892,4,1.14858059613654,0.734439919563916,4.05321334992247,1.08427952729635,1,0.805394782225637,1.30011644930032,2.31348646922662,8
144,B4_K04_I02-03-04-05,Branch4,4,4,3,5.35659130799869,1,0,0.838541666666667,-31.307829548028,-16.9137304716627,0.736799911433466,50.3335471319205,-3.43848948582746,0.50982249681894,0.603033269343985,61.5338747340373,-1.96774025820292,0.611460629523527,0.744755959046637,50.1681990306371,-3.54256914959278,0.509224580347246,0.762302206685753,47.3291510189041,-3.79057633887513,0.453192365425923,4,9.86408083025671,11,6,1.18759720799476,0.704480595945518,1.7906857788484,0.214256938124398,4,1.13234654944235,0.720008322269299,1.44239219255635,0.27761432854373,1,1.14492817498178,0.28152132387864,1.97818346474528,11
145,B4_K04_I02-03-04-06,Branch4,4,4,3,2.86467557480933,1,0,0.901041666666667,-31.661126452094,-20.6834277046042,0.821126258923149,34.438061026171,-4.93107440187234,0.432379328083605,0.676344613156467,54.0231901885279,-2.65646442598488,0.546711182854073,0.799197649783438,37.6118065038946,-4.51560122058205,0.44525339213845,0.878771252605654,28.8575807085945,-6.43586437472933,0.373803972393344,4,10.3043506203277,11,6,1.21680646069777,0.727838663664376,1.79402333012412,0.145242147914898,4,1.1606150048717,0.790650043833756,1.3915760128067,0.238541773670175,1,1.19438533455976,0.258395607641973,1.93057445826909,11
146,B4_K04_I02-03-04-07,Branch4,4,4,3,2.03950773330883,1,0,0.912946428571429,-31.7255993470265,-21.7831753964824,0.872568263668606,30.4803858161443,-6.24905517065858,0.370056179781017,0.689372598844615,51.6144309090874,-2.80561242112878,0.534842811914007,0.839709600014251,29.9883874532681,-5.33872468208713,0.410961686609364,0.915242212945827,25.4357443470883,-7.91019225374922,0.320573682550266,4,10.3822635584267,11,6,1.21448380341302,0.726884246427546,1.73811333230086,0.16328176284457,4,1.14691317930494,0.768889739324907,1.35895934540706,0.246631052749879,1,1.17299144802744,0.263344623270842,1.94930121009622,11
147,B4_K04_I02-03-04-08,Branch4,4,4,3,2.86467557480933,1,0,0.906994047619048,-31.5229622634608,-21.2185072685795,0.854045720819086,33.0895868670993,-5.67966020947937,0.367958616950436,0.68983658475098,54.7284813896772,-2.84736268195104,0.515847682149273,0.817956309418104,38.2723847713588,-4.80388990224985,0.38444781584224,0.889178612450894,28.7356100085161,-6.79560610839834,0.321519116748004,4,10.1786437973772,11,6,1.21350263166449,0.713498157729556,1.7757404628849,0.189749413338946,4,1.13904604131189,0.766735826510057,1.38371839246324,0.251743950584818,1,1.16986484556003,0.271211953457925,1.95265746850382,11
148,B4_K04_I02-03-04-09,Branch4,4,4,3,5.35659130799869,1,0,0.863839285714286,-31.6621957543355,-17.1878303002678,0.759662091476005,52.2694306760367,-3.74688204028994,0.439240712929143,0.626827415877228,62.60439802005,-2.22120461398308,0.559774051668229,0.715522579281318,55.3167725523797,-3.1374180873701,0.469296720300573,0.770269909767652,50.1118052704701,-3.91957642983741,0.433617746433651,4,10.0500013251037,11,6,1.18831655512356,0.655612869180878,1.72488609006024,0.160525348215644,4,1.14282956273191,0.713871984644009,1.35197974425026,0.23912310485118,1,1.15802828836178,0.256899763537206,1.96578997691346,11
149,B4_K04_I02-03-05-06,Branch4,4,4,3,3.20041258076506,1,0,0.871279761904762,-32.0983334317898,-19.8905658093359,0.801937760756465,38.9008441803708,-4.48046441180704,0.461612508630842,0.636365283508274,52.5583237953197,-2.25461206879109,0.590606666533187,0.777342624100505,42.3103363700079,-4.04395773750499,0.488872123010074,0.818825081761938,36.0238049722982,-4.82303039594179,0.428460913440144,4,10.0647225988354,11,6,1.13819705265713,0.726674806787496,1.56590469181899,0.171848852684679,4,1.03250323987114,0.804770481808849,1.25596192284138,0.218551909126829,1,1.08045948124822,0.238407117700261,2.04591368156285,11
150,B4_K04_I02-03-05-07,Branch4,4,4,3,1.84282769753824,1,0,0.916666666666667,-32.144545656362,-22.1416211896323,0.886061948801621,24.3629467070234,-6.71030074531768,0.371382843070742,0.727841425401218,46.0006929636576,-3.29288630231244,0.50664696552523,0.864455044492669,29.8101739086202,-6.01674284774471,0.3872186527787,0.922793036677626,20.7165159452797,-8.3027962277781,0.310922003596062,4,10.3607149843429,11,6,1.2134029373416,0.713849721487072,1.7330235271305,0.17995978231627,4,1.13030316156763,0.803547051839336,1.35955215158183,0.246480342638925,1,1.15649983293284,0.267854703529665,1.96662767658082,11
151,B4_K04_I02-03-05-08,Branch4,4,4,3,1.71198246026788,1,0,0.930059523809524,-31.8118476004676,-22.793065257763,0.888438255251864,24.702309073674,-6.85487469152538,0.332749542931904,0.70056185738683,47.5830947157517,-2.94044508329835,0.507289946011772,0.85567549266486,32.5377644600577,-5.78970155338306,0.347723223905402,0.928244964179338,21.8512980780217,-8.59287656956358,0.236679273271916,4,10.1700624687376,11,6,1.20481838100761,0.712060553942608,1.73327026474264,0.204263794918007,4,1.12523185044622,0.787391894952715,1.40306661761652,0.258330627107673,1,1.14517697847841,0.268823863687974,1.97784666131484,11
152,B4_K04_I02-03-05-09,Branch4,4,4,3,2.86467557480933,1,0,0.901041666666667,-31.7460053936664,-21.2188462901573,0.823481381204562,35.4625582192338,-4.93765717353531,0.367768285564631,0.67133071902743,54.5580540112014,-2.60385042014385,0.522938725601628,0.821612621910024,38.445542532137,-4.9068013272052,0.399829118191666,0.852029640573118,33.6146298116499,-5.62436332936377,0.358622404966609,4,10.0788681814035,11,6,1.19327817338192,0.697509685436909,1.73286228505779,0.19101470431372,4,1.11069949745869,0.766657046138214,1.36972285884317,0.246354998798252,1,1.14399736072608,0.262281180095487,1.98027234763676,11
153,B4_K04_I02-03-06-07,Branch4,4,4,3,2.41421356237309,1,0,0.879464285714286,-31.9097192750731,-21.0098061901092,0.801172873082142,31.8893081214056,-4.55533539267739,0.489757505806354,0.676919942436649,52.3195103933565,-2.67108949474658,0.56908302919635,0.792624644365988,32.3240072831839,-4.31002966957962,0.501571348973003,0.850641071144365,30.9059501805277,-5.59572677743625,0.431068163341673,4,10.081218973642,11,6,1.12503019910893,0.739614369551997,1.6192743617383,0.127483397185973,4,1.03565545441218,0.800515053471509,1.24997961562027,0.220797077420146,1,1.07843483549177,0.236447597622035,2.05387727838526,11
154,B4_K04_I02-03-06-08,Branch4,4,4,3,1.84282769753824,1,0,0.927083333333333,-31.6210104144407,-22.8229148897505,0.883022850350706,24.1444927269297,-6.61528368621422,0.358578151199609,0.712789653114151,50.5372353082653,-3.08099476843973,0.520619209492769,0.868493582974917,29.4620185822235,-6.10667817083827,0.375634605909936,0.925568779770159,19.867739627557,-8.44459305101843,0.282088253221593,4,10.0204945012197,11,6,1.16537259496126,0.725178967682079,1.67942683308741,0.178516065578897,4,1.08570979954809,0.783075869132144,1.31070148285237,0.235445008953995,1,1.11831728986302,0.255950073876649,2.00612937603161,11
155,B4_K04_I02-03-06-09,Branch4,4,4,3,2.03950773330884,1,0,0.918154761904762,-31.6054150422814,-22.3363367134169,0.862565187270045,29.5708254634576,-5.96144378689104,0.342860180209791,0.720265449707394,50.9658175527356,-3.17849327650592,0.500739698029122,0.86377770087543,30.2215062136324,-6.01139480296769,0.38597132287335,0.889443906090162,26.2474395748033,-6.81505504812051,0.33918048448156,4,10.0950575471192,11,6,1.19407429794781,0.713498157729556,1.7497218815155,0.178041944487565,4,1.13500220195597,0.766416318934608,1.35872113779756,0.241769341464595,1,1.15622464582827,0.26201973742854,1.96784053059444,11
156,B4_K04_I02-03-07-08,Branch4,4,4,3,3.20041258076506,1,0,0.873511904761905,-31.2503124952398,-20.840234642292,0.802919816110139,33.4133687551722,-4.50311337184102,0.449623912153693,0.651250308923121,54.6244372974228,-2.40211428629567,0.569783745388386,0.777681384441266,42.2902441173282,-4.04053795829725,0.477393796137337,0.85902500468485,28.9423608898334,-5.81947739847335,0.428177953625856,4,10.2019917732949,11,6,1.18562343319942,0.715391713390835,1.65806799708756,0.191199833448755,4,1.061546517431,0.733175198686755,1.31799585006962,0.250562679970536,1,1.13528840665714,0.263510777660916,1.98595545654298,11
157,B4_K04_I02-03-07-09,Branch4,4,4,3,2.86467557480933,1,0,0.898809523809524,-31.4379626699134,-21.4447429373221,0.859586681776829,32.0372585373788,-5.85590855959472,0.363742186960959,0.713639889728932,53.5058703320842,-3.11841396460582,0.524131068303627,0.842629264087655,34.1030116169297,-5.3813128629759,0.387852253895165,0.869752587079782,28.0565294360365,-6.21817378189849,0.351405138106712,4,10.3384533657846,11,6,1.17060249736505,0.703181524945366,1.60050267757225,0.168037540541566,4,1.04747249871131,0.736359633618338,1.28238152284673,0.237067844177415,1,1.10853431201531,0.256950038271839,2.01473164690609,11
158,B4_K04_I02-03-08-09,Branch4,4,4,3,5.35659130799869,1,0,0.870535714285714,-31.5224948780222,-17.6983193363202,0.781214995303769,43.8508234393814,-4.11470816577724,0.425484330986862,0.63963051219305,59.7647704652512,-2.296325664289,0.555987061658378,0.763459675792225,45.7529341593159,-3.83249099212638,0.44656230031026,0.775513765826001,44.1014649249357,-4.02273776658955,0.427442172061049,4,10.3250598908248,11,6,1.15492533681086,0.731419843131478,1.63038622173511,0.13269911695987,4,1.04042267125283,0.780948834635376,1.2598863205026,0.231380078014526,1,1.08523582486755,0.248286056093956,2.04590363718502,11
159,B4_K04_I02-04-05-06,Branch4,4,4,3,2.86467557480933,1,0,0.902529761904762,-31.3432400850227,-20.731556758698,0.809726227789065,35.257266891239,-4.64106569145898,0.417674083627397,0.632900948359073,53.9618995937098,-2.23036163116103,0.566506558389357,0.770984580438535,39.7664408666838,-3.99418269221864,0.439956073964475,0.853061676395969,32.067257301358,-5.65376072534715,0.380573893493359,4,10.3043506203277,11,6,1.21652286500228,0.716264039846674,1.79402333012412,0.14665725406999,4,1.16180961175867,0.770629731973777,1.3915760128067,0.240275328534256,1,1.19293065364074,0.260252769901463,1.93230570590776,11
160,B4_K04_I02-04-05-07,Branch4,4,4,3,1.71198246026788,1,0,0.925595238095238,-31.1313657711564,-22.4726130953185,0.894235902319335,23.5490620655466,-7.0200655585416,0.347831031894558,0.695805573155664,48.6250836114309,-2.8887359745085,0.521243176647129,0.854990279294073,29.3004466298299,-5.77994473744831,0.398525121355903,0.923017588324673,19.6979578656214,-8.33171303686936,0.292380193577407,4,10.346803246748,11,6,1.21760342005473,0.728655974721678,1.75133943639163,0.172028395338023,4,1.15036620945996,0.78113536831235,1.3776329251216,0.245845241877191,1,1.17680746561252,0.264444493964335,1.94566213360413,11
161,B4_K04_I02-04-05-08,Branch4,4,4,3,1.84282769753824,1,0,0.927827380952381,-31.3275519125761,-22.6134640195909,0.882274827706232,26.5884809687733,-6.60930440061411,0.315965255072511,0.691898761393836,50.6397748968968,-2.83814848568321,0.511492289154951,0.863866240463405,31.5081151624852,-5.95965751906099,0.36972498527524,0.927635173468642,23.8269305257058,-8.56774115523196,0.248254823556949,4,10.1786437973772,11,6,1.22423337376152,0.712699835251943,1.79961225504371,0.204168122665332,4,1.14825107139497,0.776277785842354,1.42351881163792,0.262715702170139,1,1.17273282144996,0.278295994672935,1.94929559583857,11
162,B4_K04_I02-04-05-09,Branch4,4,4,3,3.20041258076506,1,0,0.878720238095238,-31.1715625326088,-20.3615448328721,0.792633946036521,42.4113948281981,-4.30556824343736,0.415032806954206,0.616159377536902,59.1118627537336,-2.07636712692759,0.545197696778263,0.757460656169828,46.4107733109098,-3.70696858870635,0.454773268364977,0.809759078796995,42.4731577865129,-4.65549366577135,0.393678498914482,4,10.0543439417124,11,6,1.21409270086974,0.689649273509125,1.82377332930818,0.189972059745935,4,1.17161015534103,0.734636867234575,1.41074374254808,0.257735198421623,1,1.18073456834988,0.273784315940139,1.94306019383132,11
163,B4_K04_I02-04-06-07,Branch4,4,4,3,1.84282769753824,1,0,0.919642857142857,-31.6459327587808,-22.1927051679197,0.85014817686412,28.0824460160768,-5.80682575501799,0.414971984316116,0.690196661703625,50.3128949650442,-2.81958650329018,0.535829875249069,0.833566281281654,30.4094103550628,-5.2783758962515,0.421569594032632,0.902772458423905,23.8578312530027,-7.55515460499619,0.35442381703851,4,10.2625953148701,11,6,1.20558039218859,0.74200374836253,1.76913480682606,0.144191032592069,4,1.14966208430056,0.781073300619575,1.3734021480202,0.236656520154338,1,1.18295683801354,0.254673274109005,1.94197429549355,11
164,B4_K04_I02-04-06-08,Branch4,4,4,3,1.4142135623731,1,0,0.94047619047619,-31.9709859469121,-22.9690202236688,0.903498267008519,25.0463899294476,-7.43123713692936,0.315578916845244,0.7018074643652,51.317217986679,-2.94911075150663,0.506509105861651,0.882922856412318,31.6278074475368,-6.58914220260848,0.333492265443793,0.943464540226269,19.8086102346097,-9.71360598533094,0.231432346089025,4,10.0950575471192,11,6,1.18423431106425,0.725953355419812,1.68896159498441,0.204006224833654,4,1.09143303817336,0.776762416605577,1.35984309036781,0.256844771153658,1,1.12699431356747,0.266290266252578,1.9953991409745,11
165,B4_K04_I02-04-06-09,Branch4,4,4,3,1.84282769753824,1,0,0.925595238095238,-31.4291094600715,-22.732493426359,0.854476186798229,31.7462880522666,-5.78357052955432,0.36359018377673,0.695948752707058,53.8749896055831,-2.87693253293796,0.513125087553752,0.843470340257338,34.7088261562829,-5.42910699787796,0.384156939911287,0.896559055539028,28.8075453723703,-7.07615807230183,0.313867844621826,4,10.1786437973772,11,6,1.21853356825932,0.715567954044912,1.81049195565461,0.171097920581521,4,1.18781789364984,0.744668045499261,1.4043739538204,0.252945848237037,1,1.19435043899165,0.269131887150671,1.92837862009664,11
166,B4_K04_I02-04-07-08,Branch4,4,4,3,1.84282769753824,1,0,0.918154761904762,-31.6282078889555,-22.5129582367346,0.889637427887373,28.9800005085904,-6.82426550052959,0.323218532683854,0.706084141426765,50.083540638765,-3.00985764351835,0.506691864728656,0.851760461259085,32.7508245588897,-5.62753175522388,0.365469927420434,0.930057994503741,25.400628575722,-8.69782768876926,0.25920540435221,4,10.2953158287164,11,6,1.22580611485652,0.715567954044912,1.76613234603838,0.196440897066438,4,1.12342757519745,0.746477775305607,1.38865737709201,0.25881279507921,1,1.17945123794837,0.274753351150168,1.94146625414845,11
167,B4_K04_I02-04-07-09,Branch4,4,4,3,1.71198246026788,1,0,0.927083333333333,-31.3544515464205,-22.8297483742866,0.885099928105571,28.7611911858395,-6.66347725045127,0.357966852408212,0.708171696636221,50.382753133684,-3.02788079243294,0.504005358710131,0.86804470863925,29.499794880201,-6.13734794859987,0.37075962723644,0.91608589374586,23.9749047407556,-7.94762165682672,0.295808069173432,4,10.2528632022961,11,6,1.21731001893035,0.715567954044912,1.77245166015962,0.175869482191582,4,1.15555575393458,0.746182446922324,1.39004122220958,0.246913418070868,1,1.18389063366911,0.266669911992068,1.93846560565184,11
168,B4_K04_I02-04-08-09,Branch4,4,4,3,2.86467557480933,1,0,0.916666666666667,-31.450090637373,-21.4518685692988,0.867988457631204,33.0831468685211,-6.08274901990452,0.346615091674471,0.687416838354477,53.3476110934528,-2.80707343513435,0.538683673377855,0.832544963692952,36.123756622877,-5.15091418639313,0.390617768523067,0.878971588376768,33.1777737414092,-6.44907765930624,0.333327780610165,4,10.3165100506532,11,6,1.21189717467387,0.716264039846674,1.7264456536567,0.193486907574824,4,1.10096290611523,0.768824245561213,1.35777964994035,0.252839810303161,1,1.15719470150125,0.272779808482693,1.96430971838384,11
169,B4_K04_I02-05-06-07,Branch4,4,4,3,2.03950773330884,1,0,0.907738095238095,-31.7925634319727,-21.8074192731722,0.852336252216256,33.5476082551737,-5.65788505841956,0.410539576459718,0.700649005600729,46.6661596172029,-2.95200789706256,0.54931630231775,0.822764578251073,35.5095391683651,-4.96351025215287,0.419606432575173,0.876753857125497,28.8169265349099,-6.36854139779839,0.34697258553646,4,10.4782217331329,11,6,1.22705895070155,0.714214141627895,1.77963116575917,0.147454870696952,4,1.14268851389059,0.79948617760615,1.38406379407011,0.243085883961794,1,1.18066262499371,0.263752359934178,1.94508622047954,11
170,B4_K04_I02-05-06-08,Branch4,4,4,3,1.84282769753824,1,0,0.93452380952381,-31.909766654332,-22.6121344402385,0.878678391175535,28.4062839624351,-6.52625977894275,0.335946605229545,0.699738394779815,49.4918479971452,-2.92164033603859,0.52457544557622,0.864301448348668,32.2055368216191,-6.01113979807027,0.371072009796056,0.923947695390375,26.0345723330446,-8.4281652267027,0.273935199434035,4,10.0543439417124,11,6,1.17179227388863,0.712060553942608,1.69765936773554,0.168363100426793,4,1.1214435090775,0.783886278740159,1.32340291167882,0.233216211534576,1,1.13002742780939,0.2519078864375,1.99579921313153,11
171,B4_K04_I02-05-06-09,Branch4,4,4,3,2.4142135623731,1,0,0.895089285714286,-31.6592018370139,-21.4677280096047,0.793753952284523,40.3456942421266,-4.34227139737427,0.410212197459843,0.668707237615306,56.629936954976,-2.58044411430162,0.543758036006627,0.789508679548593,43.4535268805943,-4.2493391868625,0.43346423177289,0.823266788618155,38.6541153288441,-4.91965249946304,0.386518955597641,4,10.2215498867692,11,6,1.20241930983109,0.713849721487072,1.73930258141008,0.175188259803923,4,1.14663052769549,0.804659031425454,1.36042263468548,0.238166986652476,1,1.15445316398766,0.258508461298507,1.9707484844984,11
172,B4_K04_I02-05-07-08,Branch4,4,4,3,1.71198246026788,1,0,0.93452380952381,-31.4377299424324,-22.8439365480646,0.900219135407231,24.3354498527236,-7.24952878218144,0.337613770275273,0.721470400636022,49.0929346161856,-3.20271362619587,0.511780814425707,0.8669625016394,26.6585069537022,-6.1123054719408,0.365840160889751,0.942475186638763,22.9229127220134,-9.53062152896864,0.254961750841039,4,10.3695990847101,11,6,1.23561091166868,0.712699835251943,1.78692469589793,0.179579478756745,4,1.17204259383073,0.781632891500475,1.39893487923082,0.246407693387554,1,1.19350549638696,0.268074191673616,1.92886437246274,11
173,B4_K04_I02-05-07-09,Branch4,4,4,3,1.84282769753824,1,0,0.927827380952381,-31.4413056590624,-22.73866112467,0.88594389700662,28.0118529358404,-6.67710125805906,0.348941082250723,0.744031092919738,46.7651433430637,-3.51280003149559,0.473024488096967,0.87463456818805,30.5434543002462,-6.29172535486903,0.344790509031215,0.912759207191679,27.4485848226729,-7.77620797446669,0.293363918232904,4,10.4638371022009,11,6,1.2105660482033,0.714214141627895,1.69076703431592,0.169465445109061,4,1.12080845665628,0.802004708323986,1.34079107412854,0.238685934191221,1,1.15441768114301,0.259495723146066,1.96894613233567,11
174,B4_K04_I02-05-08-09,Branch4,4,4,3,2.03950773330883,1,0,0.930803571428571,-31.6326874008248,-22.4096498649407,0.873687649250974,29.4864719149582,-6.25950529252073,0.330004406986047,0.698591242577062,51.8094788471325,-2.92813443205682,0.497825802446803,0.85511785861911,33.733616050767,-5.70824732204284,0.365054131520662,0.904877160407255,29.1560130544284,-7.42227891521212,0.31254832189038,4,10.2625953148701,11,6,1.20853144122397,0.713849721487072,1.73814614301123,0.183449433321166,4,1.13285637583911,0.805162796310433,1.36677558704778,0.240452505195249,1,1.15477799284287,0.262738654858882,1.96951545923515,11
175,B4_K04_I02-06-07-08,Branch4,4,4,3,2.86467557480933,1,0,0.899553571428571,-31.3575683478798,-21.4181010908344,0.833949816139279,36.7291960783901,-5.18598528408185,0.413544903523831,0.681267478965764,52.3754412227351,-2.72107689112303,0.537515223517501,0.826227587264007,34.8595654518819,-4.98670673662978,0.419883549687959,0.897221967028963,31.8321624838081,-7.10280970027577,0.36586132026921,4,10.2111078968385,11,6,1.17376704797186,0.702039795821764,1.63188985176114,0.182134472543107,4,1.05379747788484,0.747177568270679,1.29851640100284,0.238019963916403,1,1.11897803608433,0.257268206754224,2.00431769170248,11
176,B4_K04_I02-06-07-09,Branch4,4,4,3,3.20041258076506,1,0,0.876488095238095,-31.4390651209817,-20.6233117748732,0.776044255437398,45.8307566584332,-4.00712194429631,0.447368049270359,0.664414550312264,55.324611573665,-2.53415026495698,0.564876536311028,0.783457754575287,45.4276575004948,-4.13253123985084,0.451554958984855,0.80810426981963,40.9526064839321,-4.61628107914772,0.436975262761511,4,10.2650226326216,11,6,1.18882917432251,0.690820712761352,1.6821393153053,0.178778508347081,4,1.08038277633466,0.723937086375398,1.32270651838601,0.244234978356941,1,1.1390350263013,0.26657384624322,1.98356674359033,11
177,B4_K04_I02-06-08-09,Branch4,4,4,3,2.86467557480933,1,0,0.909970238095238,-31.6331055121317,-21.4853655695645,0.849065514585673,33.1248334331433,-5.55856807698561,0.387714397427076,0.686216667485324,53.1966809000875,-2.77787517050543,0.505746330659599,0.837889198680788,35.2791633592432,-5.27079354167508,0.39827793833941,0.873622861912802,30.7146290754365,-6.25715579935403,0.353990601237293,4,10.0447460106174,11,6,1.19871374934591,0.68937207223787,1.74569084684463,0.191697516676673,4,1.10834321441849,0.735123960305394,1.37145554937127,0.252188306514633,1,1.15458373374227,0.268193959338761,1.96766406470188,11
178,B4_K04_I02-07-08-09,Branch4,4,4,3,5.35659130799869,1,0,0.857886904761905,-31.52833290797,-17.5166773899933,0.713867869670887,48.2695433772976,-3.17307011838722,0.517654324291518,0.601761506865469,61.9118557814928,-1.99239447042629,0.595376608210494,0.712234231047406,49.4474065989654,-3.10191874457967,0.540720364087266,0.717145942756211,46.1104237632315,-3.17492554428651,0.503941012252462,4,9.98383745152462,11,6,1.18335676385176,0.67346829552908,1.68994280955473,0.207584125062533,4,1.07882566112009,0.697677871611121,1.36509884414101,0.265627449281496,1,1.12950071605781,0.27109761862796,1.99153485716674,11
179,B4_K04_I03-04-05-06,Branch4,4,4,3,5.35659130799869,1,0,0.831845238095238,-31.1916634417359,-16.6039557954535,0.683272627496321,47.0798590265345,-2.73407534443236,0.572359530545005,0.551751826794955,64.161578677499,-1.57982046028413,0.651854048377487,0.670346023210721,49.805957021486,-2.59384831619489,0.60347202561743,0.699868924882363,44.0797607187129,-2.92398378674284,0.569101414965735,4,10.2625953148701,11,6,1.20975041147307,0.713849721487072,1.794472398146,0.137254876293118,4,1.14435870263165,0.805162796310433,1.39172518558902,0.233037173388551,1,1.1888285379281,0.254296316286538,1.93839240952013,11
180,B4_K04_I03-04-05-07,Branch4,4,4,3,2.86467557480933,1,0,0.877232142857143,-31.0205484687987,-20.6179973180059,0.84204333901245,29.6752576738273,-5.40878912801206,0.444588484734364,0.655374146919081,49.9218056552485,-2.44255421541758,0.580541719882147,0.821651673279142,32.5405010564654,-4.89079037048389,0.460295416100536,0.87060867587735,25.0932554109182,-6.19471361916025,0.423578921746904,4,10.1700624687376,11,6,1.19879004258556,0.72410334498323,1.74120817046634,0.169843677478013,4,1.15371025521042,0.804784488286935,1.35834450941376,0.237013943771323,1,1.15689726650876,0.25529615178295,1.96799201431323,11
181,B4_K04_I03-04-05-08,Branch4,4,4,3,2.03950773330883,1,0,0.907738095238095,-31.1748554185141,-22.0671789867207,0.845112553531488,29.8375021109081,-5.65571299360204,0.395397319462387,0.673018810776821,52.7568988390949,-2.62050121845751,0.565614771915908,0.81502400973428,32.6251656718224,-4.76828418086701,0.418805653115157,0.896018443877746,23.8268754037576,-7.12379976689273,0.338287669383244,4,10.0392807102746,11,6,1.17898908039974,0.710795153903945,1.6767436135899,0.214125721461842,4,1.08929521328504,0.766713365909311,1.42518782182719,0.264284303847144,1,1.11633418375863,0.265937857201832,2.00651444052353,11
182,B4_K04_I03-04-05-09,Branch4,4,4,3,2.86467557480933,1,0,0.895089285714286,-31.0440305109439,-21.1933626240718,0.835735094989179,38.2502307419066,-5.20724529739997,0.387584082722377,0.665021293896991,56.3033199101206,-2.5358629621098,0.525898637346701,0.812882286210681,38.6006230467422,-4.69515496979531,0.409654880827122,0.841958911192709,34.3006067329875,-5.36141361193533,0.393223666313757,4,10.0346953765213,11,6,1.21230153549134,0.686494070002084,1.77242663807874,0.213260874357414,4,1.1325171696563,0.733405958064843,1.44151631819946,0.272460216891805,1,1.15834250615707,0.279198309929613,1.96243890598866,11
183,B4_K04_I03-04-06-07,Branch4,4,4,3,3.20041258076506,1,0,0.869047619047619,-31.5090331605145,-19.5671031554822,0.782212761063392,34.3467917045597,-4.11381997075844,0.525085551942044,0.636313330994037,55.3697441791125,-2.25996586282717,0.613184438541439,0.761840045202804,38.8113571882007,-3.77473940562733,0.53151651782632,0.819369507412926,31.4388631257727,-4.89128101732461,0.473878523076733,4,10.0901521392758,11,6,1.22141713679076,0.725953355419812,1.81363716120439,0.208656684975279,4,1.16769415362123,0.778678179218489,1.47778738457595,0.26799437090954,1,1.17206897939605,0.275626746986403,1.95054687817633,11
184,B4_K04_I03-04-06-08,Branch4,4,4,3,1.84282769753824,1,0,0.923363095238095,-31.8570338672009,-22.2269089482555,0.86648779546439,26.1436465168243,-6.15538578089251,0.379637191949409,0.696516613587417,51.3509919120538,-2.88542810842455,0.52897738922719,0.84181695383483,29.3933677075054,-5.42890609385146,0.403492625822527,0.913648714638989,21.2162038304941,-7.86126947123831,0.299363467785932,4,9.77318359899778,11,6,1.16288321127788,0.711708501180954,1.73641083678131,0.21061347070727,4,1.09102631085976,0.750163225438612,1.4204483373377,0.265721122288371,1,1.11380506026022,0.27121349460701,2.01045521040688,11
185,B4_K04_I03-04-06-09,Branch4,4,4,3,1.71198246026788,1,0,0.927083333333333,-31.4301905606906,-22.7234479944993,0.871068261043593,28.2550689086527,-6.23163289488767,0.365371437032681,0.696325597318483,51.4725842200207,-2.88259257047114,0.516011770464656,0.853089150588519,30.9352787961999,-5.71095028276904,0.376892863261389,0.89878475439489,25.0769952032992,-7.16379689337192,0.325032371844904,4,10.1607963603367,11,6,1.2157023287144,0.700885714928496,1.766425404431,0.18135374475134,4,1.14860330661373,0.759213518664981,1.38017656428142,0.24517766721621,1,1.17538858280642,0.265502960368869,1.9466522486907,11
186,B4_K04_I03-04-07-08,Branch4,4,4,3,2.41421356237309,1,0,0.869791666666667,-32.076632338325,-20.7050349089943,0.821439201580525,37.2238078649778,-4.94065432311379,0.425486267137543,0.683646273763147,54.0259523339849,-2.75248287708678,0.530064962623728,0.79676643379959,39.0615967929676,-4.38258745543996,0.455136812395993,0.856720116993559,32.383305143352,-5.75884647756799,0.391359875551186,4,10.0259860719951,11,6,1.21701488977289,0.686014995691334,1.80104393900888,0.192350721128126,4,1.14572311725827,0.708271332522433,1.40022517416495,0.258626062500481,1,1.18220793529024,0.274738786343026,1.93854218342885,11
187,B4_K04_I03-04-07-09,Branch4,4,4,3,1.84282769753824,1,0,0.919642857142857,-31.4995038680368,-22.5116054458153,0.866357555702753,31.1588887143631,-6.08344821607327,0.380684825482453,0.708832006438753,49.0851145188129,-3.04095162476123,0.509449102738383,0.846541448149411,30.8407154128631,-5.52717500742789,0.380432946038235,0.889432687662828,26.405103854154,-6.82531263441652,0.352374725245999,4,10.2450042922147,11,6,1.21772254874632,0.714388587656864,1.74630469713864,0.179049208165336,4,1.13736766280474,0.758684958739815,1.36970837762968,0.243836798050167,1,1.17558591208726,0.265858494887791,1.94525280842194,11
188,B4_K04_I03-04-08-09,Branch4,4,4,3,3.20041258076506,1,0,0.87797619047619,-31.2240637592957,-20.8004255235613,0.808282860941171,39.3515303641804,-4.60228714756723,0.445501644875583,0.663285183417935,58.5935415583879,-2.51780964924457,0.541197503246369,0.791588875234897,43.1724684917749,-4.28028109839235,0.426265801752915,0.835095001779496,36.6624260591634,-5.20705455306081,0.38799086023671,4,9.93831703612,11,6,1.19337481113052,0.699397918012305,1.76602574422227,0.199975025226999,4,1.11203516495114,0.770002299189587,1.38684937693185,0.257263861887672,1,1.14147654739322,0.273566666548453,1.98111813746198,11
189,B4_K04_I03-05-06-07,Branch4,4,4,3,2.86467557480933,1,0,0.879464285714286,-31.8896483944336,-20.4290486833884,0.78486380606001,28.782825591519,-4.16280919629436,0.519417620571641,0.675892427267119,50.1420871067595,-2.65071327749423,0.594691412698331,0.772238253591125,33.2034659206827,-3.96243588546258,0.527555491763718,0.828921738124192,27.6534523389457,-5.04633146980304,0.491479821813113,4,10.1563700549,11,6,1.17414295542818,0.713646190707673,1.69602585877741,0.159049956829723,4,1.13007464537981,0.804444355135374,1.32533288960906,0.240675977491039,1,1.12628020621574,0.254062784875837,2.00008411556493,11
190,B4_K04_I03-05-06-08,Branch4,4,4,3,1.71198246026788,1,0,0.930059523809524,-32.1074268153012,-22.4288072863491,0.89087089535869,24.9085825925175,-6.9799428470107,0.342014909017827,0.717336925562061,50.6338504456906,-3.14644128745853,0.513732186814278,0.872665332809962,28.7368835427372,-6.25977569299997,0.357034983703464,0.929011180140458,20.9698715255204,-8.6731470819466,0.272150001035001,4,9.92851028965783,11,6,1.14779702876086,0.710795153903945,1.65158243399665,0.174002324832152,4,1.06501540526625,0.762116751598428,1.28953773073829,0.230828387735171,1,1.10387197783597,0.250875589496174,2.02141702947247,11
191,B4_K04_I03-05-06-09,Branch4,4,4,3,1.84282769753824,1,0,0.91889880952381,-31.9855559789838,-22.4481724437238,0.885082498918185,28.058805672349,-6.71431390080491,0.337185147977298,0.709615682682736,50.6601127515476,-3.04130750027047,0.49923393918594,0.873546190417397,28.998847685326,-6.33196162997547,0.353161288513087,0.897780388956427,24.3812861294999,-7.12231726552238,0.334776437186677,4,10.0040324052106,11,6,1.1780316127709,0.699397918012305,1.68943196757677,0.188947458209098,4,1.08960321307237,0.775605055647866,1.33710519942453,0.240189205632029,1,1.1240237279858,0.258726129435112,1.99951734320208,11
192,B4_K04_I03-05-07-08,Branch4,4,4,3,1.84282769753824,1,0,0.919642857142857,-31.8326682252617,-22.3449613407716,0.887621592916743,24.2305620748826,-6.76292268023869,0.364592237924552,0.721654215034188,50.389400243925,-3.19485710660267,0.511613713395002,0.874151163120512,27.5436319400247,-6.28249080026574,0.387926216801736,0.930433699398844,19.6915683570292,-8.71959108465388,0.277086721194107,4,10.1706190952262,11,6,1.18299676617691,0.711708501180954,1.6716631664704,0.187202060131558,4,1.06946976069937,0.754572131935825,1.3184407854567,0.244044134616216,1,1.12997581400456,0.263111035747795,1.99223360785617,11
193,B4_K04_I03-05-07-09,Branch4,4,4,3,1.4142135623731,1,0,0.928571428571429,-31.9321902288759,-22.9331151210297,0.899662117576808,24.7978189738078,-7.27260364828367,0.336773510979518,0.733830492081104,48.625550093883,-3.35953930723089,0.478889533972502,0.889949264383116,26.4850554454182,-6.88652302787097,0.333419425493611,0.923373294829673,21.4028310828441,-8.33552128870907,0.307596808117498,4,10.2528632022961,11,6,1.19697917260859,0.712060553942608,1.68154983335785,0.197398933259844,4,1.09323431370202,0.787980880959104,1.34824147845998,0.248612532348269,1,1.13418024209124,0.264914189997893,1.98839633161283,11
194,B4_K04_I03-05-08-09,Branch4,4,4,3,1.84282769753824,1,0,0.925595238095238,-31.7615637244215,-22.7832575451022,0.879186665684132,28.4726250424025,-6.44491989942526,0.342161293369806,0.710934066543734,51.1077784859242,-3.06244975960553,0.507196652997781,0.864467808587504,31.4976339699042,-5.98382022832531,0.35538268117346,0.904473989463238,26.3106031363592,-7.40416528801927,0.309417743104225,4,10.0950575471192,11,6,1.20071992806911,0.712060553942608,1.74462562308163,0.212459453906664,4,1.11145942918404,0.784251992857498,1.43404192759171,0.265220598664735,1,1.13890966750923,0.274037190435515,1.98397671740823,11
195,B4_K04_I03-06-07-08,Branch4,4,4,3,2.03950773330884,1,0,0.911458333333333,-31.5619463478928,-22.106572553803,0.853958450430792,26.8994100662835,-5.75900136607425,0.404316687741975,0.71065475574028,52.1370288777611,-3.05882757984658,0.526029012066933,0.830161312243787,30.1446908699866,-5.10443620447079,0.420338916385526,0.903152648690646,23.485876641376,-7.3494079097576,0.316467149681392,4,9.92851028965783,11,6,1.14282981850695,0.711708501180954,1.61794742312545,0.188531326016313,4,1.04031291040272,0.752361151058007,1.28062931767726,0.240940008110545,1,1.09068299320626,0.254392495215093,2.03344266705774,11
196,B4_K04_I03-06-07-09,Branch4,4,4,3,1.84282769753824,1,0,0.92485119047619,-31.7061190343316,-22.6131996366804,0.878695591232631,28.5743644885251,-6.44926944098467,0.357299865365652,0.739157490356333,47.56710562887,-3.43602494802849,0.485820038374956,0.870820750047445,29.5960624036462,-6.20749559385532,0.358981654343932,0.893620549146038,25.2188846759729,-6.96925281019245,0.342820504958441,4,10.1364951769068,11,6,1.18143149962427,0.713498157729556,1.70575843750129,0.166861937898741,4,1.11927643854731,0.76657838697209,1.33779634825668,0.238822714326273,1,1.1424052910808,0.256397742078206,1.98196557456959,11
197,B4_K04_I03-06-08-09,Branch4,4,4,3,1.71198246026788,1,0,0.930803571428571,-31.706631447249,-22.9851819657111,0.884554989361353,26.8400954674557,-6.65692800803891,0.353962528819493,0.725698002287657,48.2110051546262,-3.24922450988029,0.486536757691099,0.868985927746545,28.8437746536278,-6.13973812132574,0.353151569761752,0.909957076632347,22.8398186003315,-7.66041260520034,0.309170633411434,4,9.9290701821573,11,6,1.17319319710468,0.712631845579746,1.70041696217641,0.190124099002321,4,1.08320050819256,0.773914026832584,1.33552368247668,0.244502755251219,1,1.12335407435165,0.26051632281888,1.99977634030395,11
198,B4_K04_I03-07-08-09,Branch4,4,4,3,2.86467557480933,1,0,0.889880952380952,-31.4909612463427,-21.4215532437328,0.836556170297625,30.8798593225441,-5.23149232468504,0.401205809397517,0.694310921204895,52.7044214274262,-2.86050769789704,0.540801777251777,0.822503668480007,32.725460093535,-4.90316988679081,0.420458949377625,0.854113651920801,28.1247957987455,-5.67850506540269,0.393293482615437,4,10.119690723842,11,6,1.19364186174098,0.700161219821165,1.69897390043909,0.187691578512062,4,1.08162429347127,0.732448780269718,1.33682252530633,0.248362205250528,1,1.14527851169403,0.266105086659961,1.97554398233461,11
199,B4_K04_I04-05-06-07,Branch4,4,4,3,5.35659130799869,1,0,0.822172619047619,-31.7304753193244,-15.8272197308204,0.678186391081717,40.3557184760638,-2.67683396921308,0.582379501634063,0.593989217342951,55.8363837952014,-1.89913727317733,0.651428411043596,0.662062092880807,40.947564898485,-2.50734730628105,0.600304323386909,0.70622706154372,38.8257946976079,-3.00531592935926,0.564979493306323,4,10.7939664448708,11,6,1.24524985709398,0.770660361928503,1.77389327784324,0.155659166351044,4,1.18545574392659,0.859087602274668,1.39206648182814,0.245288248685002,1,1.19920246879659,0.261549567491081,1.9263460653465,11
200,B4_K04_I04-05-06-08,Branch4,4,4,3,2.86467557480933,1,0,0.898809523809524,-31.5262228685332,-20.7990837203846,0.801840340079799,34.4307424111741,-4.536622938106,0.433996322226971,0.68588603688821,53.1798279268236,-2.76755394821201,0.536898225886657,0.786931992799351,33.751763981914,-4.21580578415987,0.442443022742297,0.858999184035018,27.9173221221507,-5.81506038553733,0.389910930196985,4,10.0143675327194,11,6,1.17050989840738,0.74038122207843,1.69520157629971,0.173420100768761,4,1.10021838169789,0.76677635370774,1.32054963695285,0.233004485630457,1,1.13563241977905,0.252671868294991,1.98845416989928,11
201,B4_K04_I04-05-06-09,Branch4,4,4,3,2.03950773330883,1,0,0.917410714285714,-31.4459840699564,-22.0119355856967,0.816189522137693,34.8793525570555,-4.90930904251885,0.412407584988614,0.670309440796938,53.2698667254336,-2.59235163293204,0.538750474067912,0.797239255397427,37.4211696939315,-4.54146901104509,0.420104483176408,0.8508640202336,31.6275223089567,-5.65867896581217,0.386310794653776,4,10.4638371022009,11,6,1.24150306996034,0.729628963041485,1.80896336131241,0.155534217898322,4,1.19845895396409,0.772782544155065,1.40861658327296,0.249878864395862,1,1.21310053198817,0.265947159035824,1.90974022972132,11
202,B4_K04_I04-05-07-08,Branch4,4,4,3,3.20041258076506,1,0,0.858630952380952,-31.1645221334261,-20.001566240472,0.832558217454917,34.6200654626918,-5.19739366117981,0.41412697571135,0.661296843926493,54.0112766622862,-2.50313642533671,0.561746467388666,0.803766709052122,38.4791905435262,-4.52569223807604,0.464348496610531,0.847641272115394,31.6056953223945,-5.54701520305846,0.376556449823007,4,10.3614782551681,11,6,1.21310936641177,0.7140078587959,1.67140636786373,0.21395282436607,4,1.08676832966797,0.733140064221726,1.36979447028113,0.273172724529728,1,1.14931923227085,0.27496736491227,1.96998901374847,11
203,B4_K04_I04-05-07-09,Branch4,4,4,3,1.84282769753824,1,0,0.912946428571429,-31.2079289123442,-22.4625997535542,0.874142429677057,29.6377483236998,-6.31071774936069,0.348666601082683,0.704731684319739,47.5617595534485,-2.98427675380564,0.50771873954242,0.861542657210356,30.2375725099061,-5.94158624669182,0.360769405498793,0.88448734305768,25.1564247429865,-6.78683174563846,0.353818235523568,4,10.5812340850796,11,6,1.22342508322936,0.729628963041485,1.68349662168384,0.174654759770651,4,1.10802983518221,0.776120888022247,1.3442307968508,0.241265243426871,1,1.16758800473044,0.263566894360838,1.95326772371802,11
204,B4_K04_I04-05-08-09,Branch4,4,4,3,2.41421356237309,1,0,0.89360119047619,-31.7686567276757,-21.1356354285379,0.826334509431772,39.4753674701004,-4.99283900266847,0.396660541792137,0.65677269849351,56.1284986913719,-2.4536874032917,0.563258347670922,0.811636436629537,40.5351719528432,-4.68278226879591,0.419093753043077,0.836805477571915,36.9350913661954,-5.2323946578464,0.405841330821243,4,10.2969888706977,11,6,1.20092599173176,0.717263045783674,1.6662719865449,0.21199107708376,4,1.08621208542528,0.761295703628458,1.37706854450029,0.266160298088583,1,1.13686376505616,0.269200530050822,1.98439832886439,11
205,B4_K04_I04-06-07-08,Branch4,4,4,3,2.86467557480933,1,0,0.897321428571429,-31.4943549585209,-20.9470371847813,0.837973945899581,32.3983576117933,-5.26938266216981,0.421899584138099,0.685064952337128,51.6426044630547,-2.77574605809612,0.511353281801713,0.819526687193804,33.2179417744037,-4.87739555909378,0.443136178684088,0.862966316120009,29.5061583832111,-5.93677775898799,0.393772960864458,4,10.1700624687376,11,6,1.19500638081477,0.730605972746316,1.71225933926016,0.183814735389339,4,1.09543966362678,0.747509306311064,1.34251725156118,0.246586498269299,1,1.15665240201065,0.262032846106131,1.96539340787377,11
206,B4_K04_I04-06-07-09,Branch4,4,4,3,1.71198246026788,1,0,0.925595238095238,-31.6507413697222,-22.544615074947,0.870907437783466,26.1635535760795,-6.2152140838834,0.376224601331775,0.708860760535017,47.0529098630797,-3.03401417888709,0.503270412663709,0.853473370640173,30.8047161035974,-5.74860599711233,0.378112910829278,0.896268779016369,23.9558080134587,-7.10464958376412,0.346897341439588,4,10.3899407838162,11,6,1.23104852468429,0.743105200514586,1.7831374883116,0.16973078084932,4,1.17199677047271,0.770098776872471,1.39442602273993,0.250939865824314,1,1.19775367799501,0.268198037231941,1.92352171434358,11
207,B4_K04_I04-06-08-09,Branch4,4,4,3,1.84282769753824,1,0,0.926339285714286,-32.1366543118386,-22.4590858440688,0.853305939588084,30.9654323891204,-5.74206907856781,0.370651230706578,0.681609615027968,50.8970671491128,-2.71525001956114,0.502843146433514,0.841338742004152,32.6648914364894,-5.38850788342085,0.37717124760098,0.891584580942724,24.9202012360305,-6.92220160784785,0.339883155087968,4,10.346803246748,11,6,1.21115023451893,0.74200374836253,1.72492616157458,0.173864065745499,4,1.1281673749194,0.781249657959197,1.36194759424404,0.243535424792295,1,1.16755032558219,0.262756920035538,1.95425378166636,11
208,B4_K04_I04-07-08-09,Branch4,4,4,3,2.03950773330884,1,0,0.913690476190476,-31.7629510254969,-22.1117147036637,0.855313956537307,33.9684894093792,-5.7203964290006,0.386775842523917,0.67794482420554,51.2333230037991,-2.6811848041494,0.536945438706307,0.837680134513296,33.0391771558497,-5.25445463320282,0.40027948144395,0.876577628685593,28.2995876153155,-6.35287267835122,0.365283937358816,4,10.4495444743273,11,6,1.22669385227151,0.718202553555244,1.68067662214055,0.200849264532181,4,1.08136383329502,0.737555430908272,1.35268017963331,0.262817380367167,1,1.16637627438021,0.275230413656413,1.95125409024376,11
209,B4_K04_I05-06-07-08,Branch4,4,4,3,5.35659130799869,1,0,0.831845238095238,-31.6663086444487,-17.0614908033427,0.733775554877844,43.2062815469873,-3.36051408389394,0.507296667175919,0.604041497969371,56.2114075686101,-2.01576897821732,0.611385419709116,0.746204752616809,44.7088859271198,-3.56437145433014,0.513663198172267,0.738391207546185,45.5816010126782,-3.43539924996283,0.495911813814208,4,10.1364951769068,11,6,1.18420216948013,0.688637691479666,1.69303134589063,0.192071743397604,4,1.07694514026946,0.745887475203466,1.33619337397354,0.249314138459201,1,1.1310941023544,0.265740066826557,1.99255789798471,11
210,B4_K04_I05-06-07-09,Branch4,4,4,3,2.86467557480933,1,0,0.894345238095238,-31.7372233068205,-20.9948767407023,0.796377042111719,34.054672924107,-4.39471515313311,0.439537251527873,0.688324217776862,49.9265974243586,-2.79294543204884,0.527885187852753,0.790728076133261,35.3779851414407,-4.27681462346258,0.416326801427657,0.809577841501529,34.7463731262746,-4.63448287907214,0.418761690885065,4,10.5754230818549,11,6,1.20674175143592,0.729308624950388,1.67707940685864,0.15633263710902,4,1.11813917683944,0.811168032536139,1.32509808071592,0.246014256429602,1,1.13148175025347,0.260683867223976,1.99386568623192,11
211,B4_K04_I05-06-08-09,Branch4,4,4,3,3.20041258076506,1,0,0.898809523809524,-31.9149485051693,-20.4466540460836,0.770130789463735,41.5140022919658,-4.08929883203616,0.443295617214328,0.631502219949379,57.2272439536041,-2.22559649855429,0.560810875391693,0.751690090883993,43.5330543006697,-3.72387962084153,0.455343893594405,0.808855466392805,42.1712559979926,-4.70847246938086,0.418952673489089,4,10.4240657959298,11,6,1.22123559597797,0.717406720279719,1.71445227962832,0.172281466271003,4,1.13721366891227,0.795765446033011,1.35777997698047,0.240154657736208,1,1.16940694275438,0.261699482857253,1.95233595730913,11
212,B4_K04_I05-07-08-09,Branch4,4,4,3,2.86467557480933,1,0,0.896577380952381,-31.6028131852687,-21.1767821796753,0.834350578643443,34.7629432517195,-5.17870852054762,0.396190461339428,0.689194721392684,52.2527913560404,-2.81485195165557,0.531369868167821,0.815384001189517,36.3973203821892,-4.74770736308866,0.398547628812513,0.845902183288931,34.4898384370847,-5.47100801899181,0.364473162915502,4,10.5072600135814,11,6,1.21758419772251,0.727838663664376,1.69082606143066,0.176150031399816,4,1.11155184703623,0.793644183515756,1.34380493386945,0.24163259388346,1,1.16013102766298,0.263514555023315,1.96144382139962,11
213,B4_K04_I06-07-08-09,Branch4,4,4,3,5.35659130799869,1,0,0.842261904761905,-31.4443393887366,-17.7632381600463,0.700668949401808,52.9647378274816,-2.93483815519356,0.454298227652145,0.602673730585402,63.2085096603832,-1.96229400168014,0.567110386900889,0.694081543680445,53.4867471370581,-2.86603032084229,0.472795278216732,0.767905222826577,51.5669471306809,-3.88776224745894,0.431607179668949,4,10.5072600135814,11,6,1.23310244823018,0.704914456694966,1.74136087281085,0.181869560482038,4,1.13289187589261,0.754399313756919,1.37493396954828,0.248287902716232,1,1.18381583425751,0.271983985640401,1.93743150685872,11
214,B4_K05_I01-02-03-04-05,Branch4,5,5,3,2.88280681689163,1,0,0.907738095238095,-29.3754902121958,-20.6991021770587,0.854250836918664,34.4423587685817,-5.70009745942326,0.355672378632595,0.679665250586923,52.9085299364311,-2.69366807130468,0.525108984889481,0.816477654753075,37.8166221003308,-4.78428509705503,0.39637473765113,0.880840684925511,30.8144355203615,-6.4960565665115,0.299526400651291,4,10.0950575471192,11,6,1.20992303637516,0.700232857250321,1.79982829917935,0.183828128528864,4,1.1685434083019,0.765806439179589,1.39176675617082,0.249644740686379,1,1.17218078994751,0.268712547002452,1.95200866069972,11
215,B4_K05_I01-02-03-04-06,Branch4,5,5,3,2.00879722341795,1,0,0.927083333333333,-29.5358828392756,-22.6187369441734,0.903247220834569,24.941479316334,-7.52923544922571,0.313620199898608,0.71840195381428,48.3997293901352,-3.15731019206503,0.49986732715998,0.871876277490366,28.5997170489661,-6.2606001586137,0.373121036326557,0.947642893057259,18.9926077294392,-9.91548775076504,0.219670549954183,4,10.0950575471192,11,6,1.19265704725383,0.726884246427546,1.75864874782069,0.162663454222092,4,1.16204740381637,0.766795940833333,1.36518710324869,0.243212032895384,1,1.16672720591878,0.257541174620069,1.95753055063735,11
216,B4_K05_I01-02-03-04-07,Branch4,5,5,3,2.00879722341795,1,0,0.938988095238095,-29.3779630469609,-22.7417462757468,0.910062817200514,26.9164932942621,-7.6706575826637,0.305649349941038,0.729906907693682,47.7222965648194,-3.30485570119116,0.479717515444647,0.876891483979542,29.7132740915639,-6.38092119721791,0.363103967548315,0.949346055560168,20.0637066128255,-10.0554532750548,0.217166788126335,4,10.2650226326216,11,6,1.20632434904592,0.715567954044912,1.73277148481541,0.18132367000783,4,1.1129660033634,0.744962763900166,1.35428109880465,0.247555513223836,1,1.16267512647449,0.269047781605604,1.95900511075748,11
217,B4_K05_I01-02-03-04-08,Branch4,5,5,3,2.88280681689164,1,0,0.916666666666667,-29.3253066991244,-21.2154657573194,0.867872240828144,34.0872915236811,-6.07706715074401,0.333275431148076,0.685409508466512,53.4595832671405,-2.78823808496184,0.507320992114981,0.842975645605601,36.9283730004755,-5.38551841723712,0.370812487679949,0.911934295390473,27.9843797863967,-7.7693214339932,0.286830247400879,4,10.1786437973772,11,6,1.18700597438419,0.712699835251943,1.70314220336798,0.173855295458776,4,1.11417157080127,0.776277785842354,1.33230658622091,0.23912560352886,1,1.14070980986464,0.259364601777044,1.98315859051749,11
218,B4_K05_I01-02-03-04-09,Branch4,5,4,3,5.40710480883444,1,0,0.875,-29.5150061114589,-17.1933249940081,0.791737273283321,44.3792311564264,-4.32003358378712,0.395890767964566,0.649251191611067,61.7144554085505,-2.42099959407354,0.546309108247346,0.756962030855937,50.6483734975614,-3.71053486282598,0.430026145620175,0.799799612197391,43.549578603521,-4.4661913560459,0.392321435643203,4,10.1093080964531,11,6,1.19119677065137,0.661454552596296,1.72490477418061,0.161199443472622,4,1.14194620274577,0.718418222371044,1.35262320215908,0.240127641545332,1,1.15998638443444,0.258251966612396,1.9640042285855,11
219,B4_K05_I01-02-03-05-06,Branch4,5,5,3,2.04661993273673,1,0,0.928571428571429,-29.8380759212622,-22.2318247114491,0.891154076165424,29.3515522884194,-6.99444298277862,0.340788525075157,0.729776891656838,51.3540980122074,-3.31888032161096,0.501707357761674,0.869846713672303,33.2378476356585,-6.19360715036802,0.376390742476918,0.933367707747296,21.9065033074979,-8.90552210958175,0.256382546580241,4,10.0543439417124,11,6,1.18197135938418,0.712699835251943,1.71924707330427,0.181512933329888,4,1.10887343608652,0.775517213772337,1.34171983608077,0.239346571835171,1,1.13767251458775,0.258728298095947,1.98703854915516,11
220,B4_K05_I01-02-03-05-07,Branch4,5,5,3,1.67454253273489,1,0,0.941964285714286,-29.551361485042,-23.1745340416481,0.91609863608276,21.3868507266847,-8.06598068989748,0.291069054529399,0.755057958378239,47.1282708182086,-3.67343334993966,0.488533390017254,0.893941858221586,27.1212585964552,-7.02032745708067,0.342835469570235,0.959283241798915,15.6617529405923,-11.0018212482921,0.198477464969444,4,10.2650226326216,11,6,1.20389946213005,0.724562007141145,1.73827046241612,0.167623387166021,4,1.15192671755711,0.795420045010352,1.36225040578677,0.245331893466504,1,1.16009915818912,0.261762623346108,1.96323054638252,11
221,B4_K05_I01-02-03-05-08,Branch4,5,5,3,2.00879722341795,1,0,0.938988095238095,-29.5531948827388,-22.9231735731073,0.906115434136625,25.2364367036531,-7.50117217356854,0.312404027011463,0.719422285367006,47.3735398106445,-3.16972941336117,0.492793923471969,0.879042780946798,30.7255820599951,-6.44688622676678,0.334840249989197,0.949748927183151,20.0274193867047,-10.0890555877894,0.201516896094734,4,10.1297396104047,11,6,1.22219277609707,0.711581242135921,1.81328398159091,0.196854236275697,4,1.16709426829512,0.795064908495332,1.43827152336291,0.253735329026373,1,1.17178139879186,0.27109235850958,1.9522151555759,11
222,B4_K05_I01-02-03-05-09,Branch4,5,4,3,2.91812140144589,1,0,0.916666666666667,-29.5825150810631,-21.4589908295515,0.856630599902083,35.5566145616107,-5.76506897025319,0.344157550838307,0.689481234210422,52.4972527888354,-2.80231883680689,0.511925984074645,0.828378747610775,37.1091757858569,-5.03362802135677,0.390556788297461,0.881035147429298,32.9066604532037,-6.50295381555375,0.308560014258796,4,10.1191910397363,11,6,1.20733195334455,0.697509685436909,1.76060699365997,0.198582436488036,4,1.12374380353229,0.766836916824802,1.40237449498416,0.255292562741201,1,1.15559205060264,0.268941911129789,1.96778591409496,11
223,B4_K05_I01-02-03-06-07,Branch4,5,5,3,2.04661993273673,1,0,0.933779761904762,-29.4451595953044,-22.6958950670188,0.908226362624163,23.7194955869804,-7.70015122340761,0.325918254544118,0.740186124441376,50.3203676256895,-3.44742806211373,0.498261937767572,0.88189612367948,27.5085992824604,-6.58998378736815,0.369289553232434,0.945149939892113,19.2342737653258,-9.73504721547474,0.264153142682621,4,10.2214905242274,11,6,1.1899364996085,0.726884246427546,1.72693169804422,0.151387035893373,4,1.1436699322691,0.767115443517826,1.34034115816527,0.243742391650381,1,1.15472667630381,0.256582999482839,1.96980180492687,11
224,B4_K05_I01-02-03-06-08,Branch4,5,5,3,2.00879722341795,1,0,0.946428571428571,-29.4805441542333,-23.0849669975796,0.908401982332862,22.4675913135795,-7.64299570156174,0.305801494122846,0.733103984844689,48.7966420185717,-3.34865200277225,0.496514457515701,0.886109389938891,27.2044605182535,-6.72431516271223,0.344086079365027,0.952397452506659,18.2339897199,-10.3241916631272,0.212155130246145,4,10.0543439417124,11,6,1.1887102048324,0.713498157729556,1.74938574864411,0.173906066768434,4,1.14196173221975,0.766249684392845,1.35582682297444,0.239774729913993,1,1.15435307292534,0.259126621263007,1.97037274971982,11
225,B4_K05_I01-02-03-06-09,Branch4,5,4,3,2.26148950771424,1,0,0.928571428571429,-29.5012345934118,-22.566054005489,0.889323427843798,28.1383157024695,-6.83436446690516,0.319789936320743,0.735702668999245,51.1627219649892,-3.38487584700419,0.474854860967081,0.874448475420491,30.9033664571179,-6.34299939599104,0.363513886306656,0.921861459829249,25.2954562667309,-8.23424221331003,0.283633811503273,4,10.0950575471192,11,6,1.19338254902857,0.713498157729556,1.75157630006434,0.173906066768434,4,1.14353302780482,0.766416318934608,1.35865663779102,0.24145381514567,1,1.15810359983684,0.260771501885798,1.96617820893683,11
226,B4_K05_I01-02-03-07-08,Branch4,5,5,3,2.88280681689164,1,0,0.901041666666667,-29.3908342979386,-21.1106839230326,0.863167833069165,31.5084618064495,-5.95751428965964,0.363497094057403,0.690310504337394,52.5067401589168,-2.82219839261656,0.526244822583305,0.836408425453894,36.8089898177805,-5.22987855384741,0.406758898091572,0.904961958348645,27.2667382767771,-7.49614284107069,0.286517908275222,4,10.2444443997152,11,6,1.20267878580812,0.702999420590118,1.72214437496843,0.17754444971572,4,1.11038537739536,0.721486807347235,1.34948996086067,0.2451619286531,1,1.16470130642313,0.265824562738049,1.95712097464589,11
227,B4_K05_I01-02-03-07-09,Branch4,5,4,3,3.0978718078797,1,0,0.910714285714286,-29.3577816218721,-21.3846550236979,0.881982529988768,30.1808987060972,-6.53464592194988,0.335646960026887,0.71538859567543,51.4933676964314,-3.12254608730868,0.493670011839073,0.860036220636342,33.6448086082289,-5.84539997878149,0.372858317929969,0.904178204463793,26.4370705204237,-7.42872031186483,0.314667559579892,4,10.3822635584268,11,6,1.21480856614403,0.715567954044912,1.73450209252617,0.168883370794989,4,1.13690314833168,0.747042479108902,1.36357929151564,0.247519976070738,1,1.17261231612201,0.266335830814668,1.94930503901783,11
228,B4_K05_I01-02-03-08-09,Branch4,5,4,3,6.10061587650785,1,0,0.870535714285714,-29.4024279213459,-17.3066046068174,0.785170390724539,44.6664589195773,-4.16518762088928,0.406713404554213,0.667452144733459,55.281718069272,-2.56720676063116,0.541384249441819,0.769086222777064,48.4145121739181,-3.89385111400704,0.447142419973541,0.813100679055052,41.3385518743028,-4.73783870682424,0.383126737201721,4,10.368591999219,11,6,1.1691271625519,0.718207197094266,1.65518311579851,0.135079097779395,4,1.05325004928187,0.780388981944428,1.28049854269254,0.234214149570263,1,1.09663721374547,0.252176952976435,2.03425983309718,11
229,B4_K05_I01-02-04-05-06,Branch4,5,5,3,2.04661993273673,1,0,0.927083333333333,-29.4513381051042,-22.4549584395304,0.881191909878286,26.7536268820646,-6.69811293338046,0.342876676936986,0.681500357783642,50.1746569278419,-2.74301024068195,0.512830631731982,0.844601838878932,33.0306864956367,-5.50865827011151,0.385645029005361,0.928652804496941,22.4038042380896,-8.62990226864542,0.240288563151228,4,10.1879825949384,11,6,1.20809953693534,0.716264039846674,1.78731206055354,0.16324325479106,4,1.18578595285944,0.768389568702879,1.38138757824335,0.249737144000719,1,1.18168600437497,0.263279193823719,1.94256578072286,11
230,B4_K05_I01-02-04-05-07,Branch4,5,5,3,1.58337710684671,1,0,0.938988095238095,-29.127848183183,-23.5280025454958,0.916645633944055,22.5268653140237,-8.02809850168164,0.290281198873458,0.744466458751397,45.5925610528381,-3.51618215505653,0.478124109815631,0.89123865399585,27.1481918039866,-6.90646463988107,0.349009851357325,0.960356195749068,18.1022732603367,-11.1320138914206,0.179856188710586,4,10.3384533657846,11,6,1.21883849617128,0.725953355419812,1.75144245548897,0.173774400977485,4,1.14743608860892,0.779550749480454,1.37965492165362,0.246122218901711,1,1.17662871048285,0.265226829368832,1.94542469507736,11
231,B4_K05_I01-02-04-05-08,Branch4,5,5,3,2.04661993273673,1,0,0.9375,-29.36393898756,-22.7110116080606,0.902420049510024,26.6896437331789,-7.3556284847446,0.302246725296202,0.698921208947637,50.1517953503022,-2.91723000523203,0.50575209080267,0.874682808412894,31.7642496036841,-6.29253152285384,0.3468907607392,0.935678491971155,23.8409936918802,-9.08149310590655,0.235693830943954,4,10.2111078968385,11,6,1.23143710633051,0.712699835251943,1.81540751677297,0.195315945046594,4,1.16498073621401,0.778685920871983,1.42139099427894,0.257007161996631,1,1.18618282641343,0.274140709007503,1.93635422704979,11
232,B4_K05_I01-02-04-05-09,Branch4,5,4,3,3.29235209211684,1,0,0.895833333333333,-29.2779944965022,-20.5626212955571,0.795889204320336,42.411581792535,-4.36620993645701,0.375341694217628,0.632079135477326,58.2969383675194,-2.21715491388756,0.535518796151435,0.770364396906821,45.4593411392424,-3.91051465036422,0.413800279160899,0.833283075372087,37.2185006849365,-5.1488220889702,0.343902665082864,4,10.1700624687376,11,6,1.24085523036243,0.688637691479666,1.8666298589514,0.191442889816884,4,1.21406309014032,0.748082802904594,1.45035428857198,0.262031769824103,1,1.20679852172847,0.278432085816413,1.91623081990323,11
233,B4_K05_I01-02-04-06-07,Branch4,5,5,3,1.58337710684671,1,0,0.944196428571429,-29.3576468283008,-23.3702554449002,0.917026837659468,22.5929292976075,-8.03461555470906,0.299893538332193,0.736659627418269,47.9747313541753,-3.39794239369007,0.474182929554975,0.88653342597724,27.6898356354963,-6.72972174382077,0.350123028271888,0.959553631896695,16.8666737662036,-11.0097654399672,0.1920465878266,4,10.2953158287164,11,6,1.20498654018583,0.726884246427546,1.73125747380352,0.16328176284457,4,1.14330824612239,0.768743442579335,1.35692547025193,0.24304410947536,1,1.16835966167948,0.259608868112035,1.95442319374303,11
234,B4_K05_I01-02-04-06-08,Branch4,5,5,3,1.67454253273489,1,0,0.947916666666667,-29.6430750565552,-23.2322298110096,0.919008990814057,23.4670907527245,-8.19977557041877,0.292083596342644,0.723031751633511,48.7658598244411,-3.21291664686047,0.501836387258139,0.89298646421996,26.5802068960744,-6.96793952374795,0.328713107843416,0.957224553907371,17.0594982958283,-10.8059004469584,0.188950960169169,4,10.1786437973772,11,6,1.20351878266405,0.713498157729556,1.75415736927025,0.178041944487565,4,1.13835495677059,0.766735826510057,1.36435426262737,0.244741683211751,1,1.16365058315775,0.265322215873439,1.95955504061966,11
235,B4_K05_I01-02-04-06-09,Branch4,5,4,3,1.98611700740176,1,0,0.930803571428571,-29.4144628502727,-22.8613303570571,0.887159775962945,30.8328700608067,-6.89759377389576,0.316755023980401,0.703859349557221,51.9673823717183,-2.97574510057204,0.494959473582547,0.867627797619462,33.0898588984388,-6.11534112376246,0.356575575399567,0.924809731093959,24.1332307837483,-8.43809015107743,0.261999116732165,4,10.3043506203277,11,6,1.23477429872698,0.716264039846674,1.82876747963932,0.166110774937152,4,1.21973934161154,0.770629731973777,1.41569761686673,0.254925492630522,1,1.21018412608397,0.268594094233908,1.91297604316078,11
236,B4_K05_I01-02-04-07-08,Branch4,5,5,3,2.00879722341795,1,0,0.935267857142857,-29.4425023658871,-22.7921100585452,0.912698063909308,26.897290639974,-7.77329785584332,0.301880351297643,0.716364286529832,49.153153488946,-3.13073501391792,0.492881384920707,0.878040439376434,30.6900511628399,-6.40351759738802,0.348890462988613,0.94898670299005,21.9638731583577,-10.0414339870901,0.212227719731568,4,10.3092275663113,11,6,1.22111243036122,0.715567954044912,1.75530250123028,0.193027572337264,4,1.11535950827564,0.745238445101248,1.37389089817058,0.25734221869912,1,1.1734309217762,0.276255078234582,1.94718612664298,11
237,B4_K05_I01-02-04-07-09,Branch4,5,4,3,2.12314043986554,1,0,0.933035714285714,-29.2670809099521,-22.8484929144366,0.9052207255043,26.3309742376615,-7.43979224852186,0.314056523070583,0.726467744001271,48.1585161454132,-3.26245638103655,0.477982537439757,0.878542504730595,27.2564378582415,-6.4502570883545,0.347422919594186,0.935071927076334,22.8972830673552,-9.01137685375738,0.241488454401505,4,10.3384533657846,11,6,1.22608068649409,0.715567954044912,1.78023070884626,0.171741262288869,4,1.16687900028895,0.746784181615632,1.3933068377693,0.250562491802809,1,1.19282455390164,0.269108424115611,1.92895710325825,11
238,B4_K05_I01-02-04-08-09,Branch4,5,4,3,3.40021262929217,1,0,0.91889880952381,-29.3274114486263,-21.1186337620336,0.872761576763915,32.1890491958404,-6.23448570017534,0.337990184418453,0.691054340782058,52.9830240703667,-2.8431948995165,0.523681106337858,0.835712395585045,37.2773692598527,-5.23644998285148,0.37751918351955,0.890463228894323,30.7317566436231,-6.83903921390943,0.312099578562799,4,10.3165100506532,11,6,1.21070586405816,0.703020300776448,1.7264456536567,0.192321180017597,4,1.10164182812205,0.768443916608749,1.35777964994035,0.251940368634085,1,1.15450713313947,0.272637357854338,1.96769629077533,11
239,B4_K05_I01-02-05-06-07,Branch4,5,5,3,2.04661993273673,1,0,0.92485119047619,-29.4205357302636,-22.667757002172,0.894656949187557,29.0959331045159,-7.01643804016943,0.339937543694933,0.723782898934455,48.5306319801282,-3.2257223149725,0.510170807667525,0.864659004258566,34.3477472953065,-5.99967802160621,0.378846809707826,0.92960321773449,24.1655879988592,-8.67162109861314,0.240559682613739,4,10.4337509764583,11,6,1.22276284839422,0.714214141627895,1.77155790388947,0.151616685455752,4,1.15378901135782,0.799142769050187,1.37909129519975,0.24339500709394,1,1.18070246467229,0.262589039136954,1.94429507251685,11
240,B4_K05_I01-02-05-06-08,Branch4,5,5,3,2.04661993273672,1,0,0.938244047619048,-29.6316458709704,-22.7048218110432,0.895107605687911,27.773666751316,-7.13007524207717,0.308782504385213,0.705745029464087,50.4517578839762,-2.99388595166063,0.509043789478147,0.862642399910211,30.6636119399513,-6.02709280114398,0.328733696339665,0.942054678505563,24.4699007044025,-9.50213780157679,0.228634907739006,4,10.1465449651508,11,6,1.20228102498886,0.713849721487072,1.78217361824099,0.162163571312912,4,1.19534721300316,0.800809386630923,1.38455949118603,0.24765818202912,1,1.16864065785056,0.25875109689371,1.9574813547035,11
241,B4_K05_I01-02-05-06-09,Branch4,5,4,3,2.57971353872077,1,0,0.902529761904762,-29.5332272280026,-21.5470501772799,0.835077863900162,38.5132276071315,-5.25899596512699,0.371198916126827,0.674621353223716,55.5921055901869,-2.64337105214435,0.523715763523189,0.80137716287659,40.7668546481174,-4.54528301738122,0.403608858306138,0.857162212006952,37.2878366225485,-5.78073381154418,0.340117182070449,4,10.2215498867691,11,6,1.22728422047848,0.714738609614888,1.81720916222088,0.179980535865284,4,1.19875893915606,0.789166594929187,1.40919410168824,0.248432761159262,1,1.18995603818663,0.267967814839366,1.93401758795586,11
242,B4_K05_I01-02-05-07-08,Branch4,5,5,3,2.00879722341795,1,0,0.933779761904762,-29.3516382333875,-23.0019319884699,0.918030303780704,24.8732792918046,-8.06496918331578,0.299847961081701,0.731122071955433,48.1105350076639,-3.32152830977946,0.503428814453089,0.888056387594353,28.3580141431442,-6.80082668536687,0.325423357180932,0.956154584421726,21.4747462883621,-10.6667429297846,0.196680537515714,4,10.3384533657846,11,6,1.22497969963443,0.712060553942608,1.77756688744641,0.170668189936993,4,1.18004203362875,0.788539455220649,1.39508144029401,0.24884428862951,1,1.18431725716467,0.266071258424688,1.93878606578524,11
243,B4_K05_I01-02-05-07-09,Branch4,5,4,3,2.17215895712461,1,0,0.930803571428571,-29.2729076560344,-22.7754752851331,0.898815311689302,28.0625255943953,-7.16407676777624,0.321920788152437,0.745460418984869,46.9854785589187,-3.53316166835511,0.492336397706633,0.877036873404446,31.8812246112208,-6.38653112571006,0.332892811646979,0.926726765423547,26.2271098385404,-8.50456891149659,0.247028873690353,4,10.4557725955498,11,6,1.21806390737039,0.712060553942608,1.72793769574072,0.159432742733315,4,1.16194274227777,0.79166736131108,1.35857538100414,0.243754560563198,1,1.16886100201472,0.259914817115587,1.95506013516007,11
244,B4_K05_I01-02-05-08-09,Branch4,5,4,3,2.36666919133495,1,0,0.930059523809524,-29.4301668218085,-22.1614510835992,0.883199101245,31.3533967102563,-6.58106620514144,0.303462396106934,0.707062539067216,51.4684972765937,-3.03196235277334,0.491855284498666,0.861117517491256,33.3323093700877,-5.87584396257958,0.347357518548362,0.919341043385244,28.5943108385848,-8.11593666997258,0.280780366236357,4,10.2111078968385,11,6,1.22670836657686,0.711581242135921,1.82043624362331,0.172272355172747,4,1.2181315084804,0.795883533551317,1.4092248520299,0.249623399742421,1,1.19197117053539,0.265346149236239,1.932377387697,11
245,B4_K05_I01-02-06-07-08,Branch4,5,5,3,2.88280681689164,1,0,0.90625,-29.2797823382427,-21.3509860998611,0.874469368040877,32.8783798636171,-6.28567486050679,0.36158127837236,0.701662391271615,51.3621463586404,-2.98051010610212,0.50442175662186,0.836183964050641,35.8253623408113,-5.23068923692538,0.371089285920013,0.917053620762208,29.0978172888325,-8.00417702467488,0.27811030085503,4,10.1786437973772,11,6,1.19830771683607,0.703181524945366,1.72225626048365,0.193870501847911,4,1.09290922269689,0.733753045175915,1.35311390793214,0.254353342643849,1,1.1505249059641,0.270450956791728,1.97160832037654,11
246,B4_K05_I01-02-06-07-09,Branch4,5,4,3,3.51709189816039,1,0,0.891369047619048,-29.2138975177254,-20.6384406462516,0.828363547196736,41.0860245924022,-5.04516995068101,0.393089806750401,0.699283246683892,55.3434569734187,-2.94571414857668,0.525607969721708,0.801449457322999,43.8298310897316,-4.46517984501727,0.407312665923927,0.848782328727121,39.5822244235422,-5.55501819501679,0.360609225356458,4,10.2953158287164,11,6,1.21122196230858,0.702039795821764,1.757376008543,0.162907576014757,4,1.16276067951555,0.748008829314867,1.36851976599287,0.246891610043344,1,1.17913648230775,0.263466475336169,1.94421373687353,11
247,B4_K05_I01-02-06-08-09,Branch4,5,4,3,3.40021262929217,1,0,0.918154761904762,-29.4055704953254,-21.1574403552529,0.863036138043037,34.4623190935338,-5.93245598510946,0.356791793284476,0.689239123908641,52.620447737665,-2.81441712971916,0.505632318109476,0.842207666836899,38.0263265330345,-5.36704395307856,0.377565690852686,0.891377184259985,32.5813260375329,-6.87306703461146,0.320503166437584,4,10.0204945012197,11,6,1.20560042158692,0.702039795821764,1.8088589391841,0.190507717894671,4,1.15517290547135,0.743587069996407,1.39602097707204,0.256712222909093,1,1.17084593771801,0.273911536178567,1.95264262548855,11
248,B4_K05_I01-02-07-08-09,Branch4,5,4,3,6.10061587650785,1,0,0.871279761904762,-29.3940600784618,-17.1374501367422,0.762262942608252,45.65593591814,-3.80127936945327,0.453247037135745,0.607200089760333,60.8663357028664,-2.04606916166275,0.570457005413249,0.753835921226354,46.463911908665,-3.65821825479001,0.477635531633131,0.767432956491902,42.8265162427766,-3.89853251466107,0.455245879892305,4,10.100205476914,11,6,1.22494592814249,0.67346829552908,1.78951574972374,0.204789921441196,4,1.13556521093823,0.69947497633509,1.42212707638801,0.268009031785125,1,1.18025604620652,0.278641193944346,1.93997727637037,11
249,B4_K05_I01-03-04-05-06,Branch4,5,5,3,2.00879722341795,1,0,0.927083333333333,-29.4693539464936,-22.407262414402,0.897871396854278,26.6437661806677,-7.27004359693453,0.317568910650426,0.705112652926,50.9524880789905,-2.99247318437231,0.477812576245738,0.863060389502505,32.7331477957731,-6.05925823582106,0.372794343203072,0.942262194694164,18.6263370314359,-9.57076115199262,0.240589333465073,4,10.1048826368685,11,6,1.1918910787446,0.714454540619968,1.73432160254155,0.188280156723946,4,1.10338594624453,0.754557494936007,1.34906396432099,0.249508302601423,1,1.14750821426695,0.268607746259101,1.97519611898849,11
250,B4_K05_I01-03-04-05-07,Branch4,5,5,3,1.67454253273489,1,0,0.936011904761905,-29.2034965473896,-23.2314897949014,0.91250650756667,23.797353102484,-7.94718082661297,0.30664260586174,0.740642364636208,45.7492809741846,-3.45551765058483,0.467240707039964,0.895616642047246,28.546175678471,-7.1194906752242,0.34245087217046,0.95634820187395,18.1074239077442,-10.7603986634291,0.208055426357167,4,10.2650226326216,11,6,1.19994519456313,0.725953355419812,1.70142089285111,0.187489225015587,4,1.08788654820634,0.777496184489751,1.33915242493388,0.246852044865734,1,1.14597668787999,0.266684690884824,1.97564684111216,11
251,B4_K05_I01-03-04-05-08,Branch4,5,5,3,2.04661993273673,1,0,0.927083333333333,-29.2224111906799,-22.8673157618424,0.891716446896805,26.8342397338551,-6.94387772205636,0.325610777129453,0.713761825536831,50.8577706852601,-3.10509769718511,0.496330965390392,0.854475122755912,32.2176951295248,-5.69695290435492,0.352142497868774,0.93706745358795,21.4499057097583,-9.15527787568071,0.250545084128566,4,10.127772368376,11,6,1.214620151249,0.710795153903945,1.77316794840823,0.211998928001887,4,1.14106107973841,0.764989193910133,1.43173165781247,0.270448532289905,1,1.15899171491095,0.278642738539943,1.96250774228566,11
252,B4_K05_I01-03-04-05-09,Branch4,5,4,3,2.84043208893468,1,0,0.90625,-29.2217263023567,-21.4334106571815,0.86076389801006,35.4588859030848,-5.86862783719956,0.352194701866261,0.680410009171529,55.3125049281734,-2.70540642747427,0.511557191198929,0.834030661204778,36.9554835250054,-5.17836743104552,0.382283981981064,0.872242986729388,30.2959461185542,-6.21331899671339,0.333240412589429,4,10.0114611724634,11,6,1.21348057826008,0.699228549403621,1.81086736860529,0.220880171131557,4,1.13558379670974,0.741851789775322,1.49311704824081,0.280577396448567,1,1.16040546751294,0.286753809830808,1.96126984918939,11
253,B4_K05_I01-03-04-06-07,Branch4,5,5,3,1.58337710684671,1,0,0.94047619047619,-29.3341310565422,-23.2686867428681,0.922529656345549,22.7528043241383,-8.46419420911453,0.297257786824934,0.742538146105529,45.6138870234259,-3.48251830312705,0.465888539042046,0.885351243704414,26.220814309477,-6.72612460357788,0.348845024783153,0.963552732257866,13.8959046304099,-11.4531317901943,0.223562616334359,4,10.2214905242274,11,6,1.20109710162384,0.726884246427546,1.73257797089653,0.175729391038923,4,1.12522583742957,0.767115443517826,1.35135770817884,0.244055755063183,1,1.15992976627517,0.26412106295362,1.96243114290704,11
254,B4_K05_I01-03-04-06-08,Branch4,5,5,3,1.58337710684671,1,0,0.947172619047619,-29.5014809536823,-23.3592115199598,0.91380740385994,24.0857210898999,-7.92013029648431,0.290536242849943,0.73409032454122,49.493813806173,-3.36409481003826,0.480663996028073,0.885581747250856,26.4319230009984,-6.73514657337509,0.348380329334846,0.959347092121882,16.1813974680497,-10.9883092593013,0.192555249111564,4,10.1364951769068,11,6,1.19134974493116,0.712699835251943,1.72332001469878,0.181512933329888,4,1.11254761361206,0.776030922674624,1.34571153191586,0.241102823937272,1,1.14515380352454,0.26196022023661,1.97867061054617,11
255,B4_K05_I01-03-04-06-09,Branch4,5,4,3,1.7782356499392,1,0,0.939732142857143,-29.4039358920904,-23.1888031629627,0.894344589105698,24.1458710074695,-7.12590243333925,0.301145696781311,0.727070420219667,49.632807113896,-3.27182365294119,0.486631058226309,0.87563982243733,28.1857543005714,-6.394062216481,0.337728237299068,0.935643575816002,20.7554469486017,-9.04584901992525,0.256497032638632,4,10.2025516657944,11,6,1.19562727549243,0.701870334972038,1.6951603032131,0.172192499223984,4,1.10836786954238,0.748622633537658,1.33518853702454,0.237858873915483,1,1.15146813087378,0.259296809679287,1.97054050980139,11
256,B4_K05_I01-03-04-07-08,Branch4,5,5,3,2.04661993273673,1,0,0.935267857142857,-29.4932296375295,-22.4256747743914,0.889006394934543,24.0895814096162,-6.83362171056083,0.346708654511434,0.721445018807278,48.8224944009481,-3.19619998557283,0.503323810682157,0.856919069038974,30.2925917755791,-5.7665831192504,0.374337196577172,0.938122655310965,21.2147793975375,-9.21955833724905,0.262366656013938,4,10.2141512036204,11,6,1.21204495254879,0.712779754703569,1.75312809216573,0.190656780095947,4,1.11659262314061,0.743004706259497,1.36895491802065,0.253774510381595,1,1.1676314419188,0.27250245593108,1.95358900407302,11
257,B4_K05_I01-03-04-07-09,Branch4,5,4,3,1.93484743746429,1,0,0.936755952380952,-29.3678900258394,-22.8209543584921,0.898246617913479,26.5294922676873,-7.19016462181796,0.32204052722264,0.732848188942479,46.9019296867032,-3.34732421545198,0.484889452747606,0.871607134017255,28.9480067722234,-6.25032896098608,0.347301181420368,0.925939979007168,22.5431588088865,-8.47166444510184,0.262518141591098,4,10.2366535653992,11,6,1.21950549821074,0.700161219821165,1.74455137629992,0.18636468974614,4,1.11934818097989,0.734848270763186,1.37112083240735,0.250685985510342,1,1.17492351660128,0.269965381399423,1.94526019531697,11
258,B4_K05_I01-03-04-08-09,Branch4,5,4,3,3.51709189816039,1,0,0.892857142857143,-29.166375903583,-20.7887596939825,0.831713821346686,38.0514856329532,-5.11249224478298,0.38519566340468,0.670428958683115,59.142380874421,-2.61145864326974,0.525558416739583,0.810310414303552,40.3137072567546,-4.64209963365807,0.407682816947902,0.860126267102369,36.3695023465064,-5.8478788455193,0.350327482839252,4,10.0692801260746,11,6,1.20517917311343,0.687507592815023,1.77352137540373,0.189088191567969,4,1.13179326535185,0.752359792520926,1.37402902380134,0.253773765737287,1,1.15911920082418,0.275512558479643,1.96274742287638,11
259,B4_K05_I01-03-05-06-07,Branch4,5,5,3,1.67454253273489,1,0,0.943452380952381,-29.5816091486832,-23.0263000671365,0.909652622027584,23.9220520636026,-7.83839221206634,0.319260435048592,0.756312244751454,47.5171459110753,-3.68755554349239,0.480531874772469,0.891060152166877,27.529332991761,-6.95687550218719,0.345254302519946,0.957464396896715,16.185921663723,-10.8275588203441,0.204128078669065,4,10.1920658115047,11,6,1.20038935528952,0.725953355419812,1.74309798527924,0.178552826186652,4,1.12524676005255,0.775445785657126,1.35458582238245,0.247492068063957,1,1.1567790281469,0.267468923209499,1.9655877292455,11
260,B4_K05_I01-03-05-06-08,Branch4,5,5,3,1.58337710684671,1,0,0.95014880952381,-29.6598320092112,-23.3040321475676,0.916069823352175,23.0681332491983,-8.02296202838824,0.28314357517686,0.73845478600564,50.2237692708261,-3.42672155886057,0.476038255728645,0.892054528288989,27.8956441189122,-6.93679183115645,0.323314896072015,0.95962523653084,16.3645931125979,-11.0270051037182,0.183706909290272,4,10.0204945012197,11,6,1.18987390272425,0.712699835251943,1.75612416155719,0.189117433396265,4,1.12114613592468,0.773072158819579,1.36470917954932,0.248148442582159,1,1.14551946527839,0.266819978471587,1.97858772895571,11
261,B4_K05_I01-03-05-06-09,Branch4,5,4,3,1.75501763786498,1,0,0.930059523809524,-29.6913593402086,-22.8500338789892,0.901388442261797,26.591888190546,-7.36105977123263,0.302201608968968,0.738684532812342,49.5136669046869,-3.42866237519798,0.472741538841888,0.875803250142575,30.7991816056205,-6.39780877659231,0.326105424733737,0.930016595474622,21.9619903732228,-8.69451018603865,0.257085797729726,4,10.0543439417124,11,6,1.18305020794475,0.712060553942608,1.71695700132343,0.188468175691083,4,1.103737610459,0.783886278740159,1.34834446989129,0.241223979916096,1,1.13246901182572,0.26060177671869,1.99219215075998,11
262,B4_K05_I01-03-05-07-08,Branch4,5,5,3,1.67454253273489,1,0,0.938988095238095,-29.5165154136641,-23.2419849829423,0.920527024156981,23.2172826567729,-8.28345854483536,0.291242345643979,0.750643672201353,49.8052158176764,-3.59983651940483,0.473152504358249,0.892379053462065,28.4711284009624,-7.00864768259658,0.342299375777634,0.956077738082047,17.3989870524466,-10.8206748048744,0.206129178112366,4,10.127772368376,11,6,1.20152117595266,0.723312650144793,1.75056855105839,0.18378153197924,4,1.12654677345412,0.775398791514239,1.36289253533243,0.245289181860736,1,1.15890375634977,0.264926431021347,1.9637686098902,11
263,B4_K05_I01-03-05-07-09,Branch4,5,4,3,1.67454253273489,1,0,0.941220238095238,-29.5422784459561,-23.268758324171,0.916712829014426,23.5366531288376,-8.09767734223059,0.296380951190135,0.747135488719187,47.9179866452492,-3.56984620375689,0.470441351751491,0.902467378110699,27.1065107282606,-7.40151527609193,0.317547780469737,0.947203381833228,18.9140041285104,-9.93200228039067,0.239899874529052,4,10.2953158287164,11,6,1.21581461904567,0.725178967682079,1.74228844034299,0.184852714694087,4,1.12636556151993,0.789136380885035,1.36760537962696,0.245176150934438,1,1.16650436951714,0.266041123479026,1.95565356710062,11
264,B4_K05_I01-03-05-08-09,Branch4,5,4,3,2.17215895712461,1,0,0.933035714285714,-29.4528447203781,-22.8070234110727,0.882640519556126,27.832086088898,-6.58978134306511,0.321782560683932,0.722579295401614,51.1075124987902,-3.21437855585569,0.480247422070482,0.853903100719457,31.7652049379953,-5.6728280607469,0.343694675935121,0.920612892656367,24.1910977960346,-8.17129517031183,0.286900463292128,4,10.1364951769068,11,6,1.21953745818353,0.711581242135921,1.79879601014524,0.205692724682287,4,1.14159804370655,0.792398732634984,1.44010477694361,0.261726535473824,1,1.16285710974618,0.276653088062224,1.96017074975963,11
265,B4_K05_I01-03-06-07-08,Branch4,5,5,3,2.00879722341795,1,0,0.939732142857143,-29.3609637204905,-23.0558148382352,0.913304755901449,22.9022179460239,-7.93831687669203,0.30790636789669,0.743210737910074,50.064695096916,-3.49117668643063,0.477669270590303,0.886621262286102,27.2994951363861,-6.73088523510842,0.34441127001238,0.952880876391762,18.1610458397461,-10.3619924938395,0.220754358511307,4,10.0114611724634,11,6,1.1730008095719,0.711708501180954,1.7111412856927,0.174083613396239,4,1.10554766973643,0.752621479269659,1.32754469398983,0.239457492963132,1,1.13523153905958,0.259097347785769,1.98878725217704,11
266,B4_K05_I01-03-06-07-09,Branch4,5,4,3,1.93484743746429,1,0,0.94047619047619,-29.4009732324641,-23.0325178380942,0.908326429862686,25.5903137523047,-7.65859477135964,0.300416669039527,0.768472671339871,49.7906985609146,-3.88229705717103,0.465917892279881,0.887516227179874,28.5065150362712,-6.74140839465118,0.343061598234909,0.932042944489205,21.4102155940287,-8.8491094591352,0.270675062473066,4,10.2214905242274,11,6,1.1987503330555,0.725953355419812,1.74148148825894,0.161959322448515,4,1.15357091585381,0.777320816153515,1.35271728410271,0.244974545104229,1,1.16362071845652,0.259997014476971,1.9598028689766,11
267,B4_K05_I01-03-06-08-09,Branch4,5,4,3,2.12314043986553,1,0,0.941220238095238,-29.4181243415592,-23.0735019575612,0.898241318479236,24.9930054983137,-7.18165502180118,0.315069840031262,0.740976705835517,48.1527443781596,-3.45965235857534,0.477476114544755,0.882768979439668,27.5038766590539,-6.58120723540846,0.332647445698085,0.934059370501123,21.4441569000253,-8.9585629705608,0.258727372429172,4,10.0623326014646,11,6,1.20013053655795,0.712699835251943,1.78826725855189,0.176097802844489,4,1.16638418660916,0.773377856427852,1.37852206835033,0.248395959125837,1,1.16601350121969,0.266335653085433,1.95822516407724,11
268,B4_K05_I01-03-07-08-09,Branch4,5,4,3,3.0978718078797,1,0,0.912202380952381,-29.3786956152012,-21.3935764111224,0.865887521999575,30.4798147490098,-6.02996829259902,0.361696020878709,0.723067563249796,52.0007838632234,-3.21907465032474,0.505589002105798,0.846137958062947,32.6619584989928,-5.47407847113699,0.383067415695439,0.88943242425619,25.9986560185961,-6.80195596868378,0.331057989041342,4,10.2444443997152,11,6,1.2131046618052,0.712779754703569,1.74066676404356,0.190656780095947,4,1.11182278154709,0.744373937028061,1.36693609013273,0.251906009418577,1,1.16745113558681,0.26938874173314,1.95390754364461,11
269,B4_K05_I01-04-05-06-07,Branch4,5,5,3,2.00879722341795,1,0,0.936755952380952,-29.3348971719067,-22.4640282057995,0.89912793682498,23.0829763037152,-7.26857447428394,0.348386052677308,0.731820545868095,45.8598224047482,-3.33072335664707,0.488275948511367,0.859603108176724,27.8173858767932,-5.90860270861384,0.392777827823996,0.933263498791473,20.4251620071979,-9.00980574700522,0.266598894916858,4,10.4123496841694,11,6,1.22545921741037,0.727970667088588,1.74120091075981,0.176390937657228,4,1.13585063148524,0.759198092786963,1.36986051990775,0.244409586879979,1,1.18316765546051,0.265980419700125,1.93791317638542,11
270,B4_K05_I01-04-05-06-08,Branch4,5,5,3,2.04661993273673,1,0,0.932291666666667,-29.6190026785187,-22.3710264298754,0.883252603966374,26.0882160798077,-6.6593686105221,0.329664108190224,0.708391855483977,50.3922739924671,-3.02618162829055,0.50414823942566,0.862502044607505,30.6016263133357,-5.94413612508965,0.365727396456526,0.919736510535201,20.3542925604454,-8.23466045814765,0.268313210193023,4,10.2528632022961,11,6,1.20388037945906,0.725953355419812,1.71311139369984,0.18682212880712,4,1.10096475161213,0.779277059186079,1.34924304465777,0.244962591722865,1,1.1535831645337,0.263613111259306,1.96859541728237,11
271,B4_K05_I01-04-05-06-09,Branch4,5,4,3,2.00387376275808,1,0,0.924107142857143,-29.4408691735833,-22.3581877364146,0.860096913603503,29.083572209691,-5.93302991356322,0.373710965941852,0.676650034593315,51.5423436237014,-2.67551358802773,0.512659449990596,0.836180188225517,34.0866339338736,-5.27284054443486,0.394595905070529,0.888785678663091,26.4165129969999,-6.80463255190731,0.31749433889328,4,10.4638371022009,11,6,1.25012261414721,0.727838663664376,1.82455170732721,0.164706362419385,4,1.2263806464908,0.793488585685084,1.4209652849191,0.254631672534436,1,1.21952086726985,0.268615892744009,1.90274438346469,11
272,B4_K05_I01-04-05-07-08,Branch4,5,5,3,2.04661993273673,1,0,0.917410714285714,-29.3981711066427,-22.3780446207585,0.894824626512717,26.4919625414011,-7.06112468865506,0.331825033580877,0.715433189534088,47.5453954270269,-3.11463837640291,0.496871566769951,0.856303668993546,30.0102510422246,-5.82406326646803,0.388991953134382,0.927618244296865,21.8825730661331,-8.68368337134814,0.270794023536407,4,10.3822635584267,11,6,1.21014930317528,0.714454540619968,1.69326800869853,0.188958141955176,4,1.08628952583444,0.758600341803305,1.34237201947379,0.248862922200362,1,1.15353724117293,0.269170818206008,1.96742170974325,11
273,B4_K05_I01-04-05-07-09,Branch4,5,4,3,1.75501763786498,1,0,0.921875,-29.2566356762363,-22.9789392078441,0.899401374286335,26.2507376063699,-7.19505213030512,0.316554567913236,0.743629276053927,44.96540451445,-3.50112511203758,0.480991437229194,0.88205705671245,27.7338645121667,-6.55701000013294,0.345284082554148,0.920421986045477,21.8598326737939,-8.27264767128996,0.28366667698746,4,10.4998560108291,11,6,1.23511393805614,0.726884246427546,1.74426225759893,0.179213965243528,4,1.13961996066299,0.771614484253245,1.37608783629425,0.247466729385046,1,1.18673856268034,0.269643128366451,1.93375110491782,11
274,B4_K05_I01-04-05-08-09,Branch4,5,4,3,2.57971353872077,1,0,0.904761904761905,-29.5335518431982,-21.2821633743535,0.851356841022417,36.3843840331884,-5.60790328839635,0.367932692885102,0.682806500413783,52.746980033921,-2.73333749998626,0.526983512615563,0.838487720268075,38.0575493829946,-5.28670889648177,0.364139095002348,0.877796590452741,33.1879602982791,-6.39269473054183,0.347596980636246,4,10.3899407838162,11,6,1.25242096965059,0.715422226627429,1.8180447008837,0.209834762055141,4,1.15927913200181,0.780978789331255,1.44787284023132,0.269795721259097,1,1.1965011946251,0.285063296201208,1.92398928785135,11
275,B4_K05_I01-04-06-07-08,Branch4,5,5,3,2.00879722341795,1,0,0.936011904761905,-29.5776588119291,-22.5735561609011,0.912688119840113,22.2379379045497,-7.8638984983987,0.326568953548762,0.719700837780142,45.9610279668689,-3.17002521568708,0.496635459897246,0.878432023534177,26.2106725895213,-6.41622314616943,0.358977082221274,0.947285740795021,19.7674177637798,-9.92236722118026,0.242180809759156,4,10.3384533657846,11,6,1.21505124712451,0.727970667088588,1.71584026297292,0.193572870750393,4,1.09699580829395,0.757370165084939,1.35615089305556,0.253629534199358,1,1.16290887539918,0.270514207834981,1.95753905338528,11
276,B4_K05_I01-04-06-07-09,Branch4,5,4,3,1.7782356499392,1,0,0.93452380952381,-29.4460426570136,-23.0555471965955,0.907949475455599,23.6674149614823,-7.60324297464081,0.311036046630671,0.722546966909113,45.3430092391751,-3.2073891113437,0.487248236683191,0.877502326108975,28.6436771868608,-6.41085708665216,0.339780695886095,0.931366598289317,21.2486343781374,-8.85460477105877,0.266347620983386,4,10.3822635584267,11,6,1.21685025580283,0.727970667088588,1.72803435845516,0.177046788198501,4,1.12042224257431,0.757638185637418,1.36616366317267,0.247064596375736,1,1.17151091084265,0.267413483014206,1.94945134836777,11
277,B4_K05_I01-04-06-08-09,Branch4,5,4,3,1.98611700740176,1,0,0.93452380952381,-29.7103226440975,-22.6149836468495,0.886561691117909,27.9310278959229,-6.74173391482736,0.334073140278248,0.707120495266605,50.74595678595,-3.01319700374391,0.510755143690314,0.861775937715593,29.8516545416951,-5.9335902741751,0.367293646906641,0.923721167422973,22.0517160454782,-8.36154612143086,0.276587348431096,4,10.3899407838162,11,6,1.21675530296998,0.728655974721678,1.71990940768492,0.185088216856511,4,1.10963651999378,0.781262707265407,1.35654030235125,0.246318344699172,1,1.16405582234916,0.267887243191597,1.95732206384044,11
278,B4_K05_I01-04-07-08-09,Branch4,5,4,3,2.26148950771424,1,0,0.924107142857143,-29.5655216963381,-22.3076880669853,0.884434498099551,26.3116210246695,-6.64587112611929,0.34220390188426,0.711068538453311,47.5164502235941,-3.06279045423575,0.505697434334793,0.855817879242736,29.7100121784377,-5.75746330307471,0.360980366159029,0.91366529158618,26.4641304394907,-7.84961173826207,0.307716851338885,4,10.4267343151013,11,6,1.21753046464387,0.716837322291272,1.69157632569294,0.199869221761087,4,1.0790428609477,0.735114412036257,1.34903631270796,0.260887934180383,1,1.15816172771651,0.275839975304866,1.96127816371063,11
279,B4_K05_I01-05-06-07-08,Branch4,5,5,3,2.88280681689163,1,0,0.912202380952381,-29.6412431036634,-20.5777618701929,0.841919803843696,31.6020382185824,-5.41368492156695,0.371595467904461,0.715437115657843,50.7949323405501,-3.11585160168392,0.538890533999445,0.830309161556354,35.7134283390276,-5.10242234846098,0.387430850433383,0.886470088995983,31.0933698646306,-6.69807600269429,0.310654413321413,4,10.4267343151013,11,6,1.21026722405131,0.701056543270481,1.71185848926863,0.166989206744314,4,1.12508795307287,0.758843480440465,1.35081625245114,0.246629995154605,1,1.15604053080851,0.265303318305736,1.96730701738926,11
280,B4_K05_I01-05-06-07-09,Branch4,5,4,3,2.84043208893468,1,0,0.912202380952381,-29.5445027603139,-21.1729951209706,0.836140940113818,33.0385665600319,-5.21779723964745,0.367461291917871,0.707081427782057,50.6289607195364,-3.01451853003754,0.514297418259475,0.828670636120884,35.8963658976747,-5.04069290455361,0.376493858188761,0.861911452028564,33.902563392901,-5.89925151956631,0.328931811411525,4,10.523341133289,11,6,1.20925673315894,0.715422226627429,1.7133015498469,0.147683427719054,4,1.1123191684534,0.781473821813368,1.33777546312182,0.243019395184343,1,1.14152599643716,0.261717032936292,1.98532409240261,11
281,B4_K05_I01-05-06-08-09,Branch4,5,4,3,3.29235209211684,1,0,0.900297619047619,-29.615026812261,-20.6852135832926,0.8192906347054,41.503980682848,-4.9544431259958,0.396288133522664,0.672546014142242,54.7511823612679,-2.61758299299539,0.527932631411433,0.797921381487917,43.0077903295991,-4.50792631023654,0.396907206096237,0.86250679126246,40.3332356996181,-5.92747312970254,0.359793338606889,4,10.3043506203277,11,6,1.23220867373286,0.714738609614888,1.83718541901429,0.15117014328373,4,1.19030218700719,0.789733490744827,1.4213810544183,0.24339436449269,1,1.21452050574773,0.264186482743563,1.91005298067916,11
282,B4_K05_I01-05-07-08-09,Branch4,5,4,3,2.91812140144589,1,0,0.91889880952381,-29.4956185507711,-21.4365273572353,0.868657742246856,28.6259231388413,-6.12405368976077,0.357694015407376,0.716464591415398,50.3679169832657,-3.14159527305398,0.515996793738209,0.840948149311754,32.5197953322576,-5.33985025008447,0.358808819803986,0.891258732651222,29.8758854411751,-6.87151588828421,0.335053602453783,4,10.4782217331329,11,6,1.23169250453873,0.727177976010166,1.75730768411113,0.173543011102318,4,1.16066498404862,0.800618990763964,1.38656375304916,0.250100553585132,1,1.18214912824625,0.26889009815879,1.93967509620383,11
283,B4_K05_I01-06-07-08-09,Branch4,5,4,3,5.40710480883445,1,0,0.854166666666667,-29.4039062332357,-17.7169096444902,0.781324042098564,48.0799177504147,-4.10023089131382,0.423433499765887,0.6502275922671,62.0488390618996,-2.48429107959415,0.539543590665056,0.771674018059386,49.5072608466803,-3.95340189718561,0.427036024765277,0.805361657283812,44.0822585293722,-4.54234201899582,0.378880323070365,4,10.4718537152575,11,6,1.20976345223731,0.715567954044912,1.68537327721278,0.17433749508721,4,1.09528457710821,0.74729116920826,1.33939217883861,0.24750612229534,1,1.14858758028111,0.26776888555339,1.97323656939881,11
284,B4_K05_I02-03-04-05-06,Branch4,5,5,3,2.88280681689164,1,0,0.909970238095238,-29.5477020346142,-20.3148184617191,0.830306112010218,32.0114453927876,-5.10525952813014,0.410356008705512,0.677522807325848,53.123321177974,-2.66925824389566,0.533601019907728,0.810313698240424,38.0266291932926,-4.69255751345641,0.433035554882759,0.88097332259814,28.9275715745378,-6.50019843613894,0.356073700960529,4,10.2625953148701,11,6,1.21294465291026,0.715422226627429,1.78034943453344,0.157797536644515,4,1.19693472933012,0.780432866869599,1.38101754385466,0.247564092113828,1,1.18554669114756,0.259848842637287,1.93906073636798,11
285,B4_K05_I02-03-04-05-07,Branch4,5,5,3,2.00879722341795,1,0,0.928571428571429,-29.4722486880419,-22.2961966683424,0.888678951989049,21.0608089050738,-6.89880871998264,0.368914721791298,0.715569278878412,46.4491901197333,-3.12175029030195,0.510503571675091,0.873935523933605,27.2766931493121,-6.39571523072051,0.390871034343433,0.939474755738616,16.3812237696773,-9.38605099774547,0.277022830479339,4,10.2214905242274,11,6,1.21054436990546,0.713498157729556,1.75107921647114,0.190421692336012,4,1.12203266070453,0.766888559233987,1.3683393388866,0.250444129215345,1,1.16250416427153,0.270835770600816,1.95963399315325,11
286,B4_K05_I02-03-04-05-08,Branch4,5,5,3,2.00879722341795,1,0,0.935267857142857,-29.4187398224631,-22.7877132873634,0.894876496427741,23.5332088195278,-7.12080595480266,0.311787873525177,0.693696621526593,48.1933348875193,-2.85618871217188,0.494316639656778,0.855655934723808,29.3734453786052,-5.80086672581662,0.347969691252804,0.944743577140665,19.5489114559809,-9.68940189546073,0.21585390035727,4,10.2111078968385,11,6,1.21038598683595,0.712060553942608,1.73433819549597,0.208364194078864,4,1.12238150995766,0.787690138477581,1.41201553156244,0.261995303329235,1,1.14795784808978,0.271919573017463,1.97441838573698,11
287,B4_K05_I02-03-04-05-09,Branch4,5,5,3,2.88280681689164,1,0,0.905505952380952,-29.2995701487167,-20.9732892190298,0.830932263858377,35.1359817239942,-5.09268947182524,0.364421136950255,0.673765281630443,54.2377295583507,-2.6328879029498,0.5172410091469,0.811784695803457,38.2202741139788,-4.67412951735901,0.400295511454441,0.85318272816329,33.8617186463831,-5.65373124707736,0.33872136355051,4,10.0788681814035,11,6,1.2097037193251,0.699228549403621,1.78692871026614,0.192280991261041,4,1.14099236292616,0.74539859827992,1.39856729511672,0.253531035590672,1,1.16968984703825,0.268531562871359,1.95366547805227,11
288,B4_K05_I02-03-04-06-07,Branch4,5,5,3,2.04661993273673,1,0,0.930059523809524,-29.6577082258439,-22.0098452285193,0.85338358531646,24.5151174687026,-5.95382064689116,0.426107671806415,0.706853144786453,49.6859776296516,-3.02692480061854,0.533186691559251,0.840131016190265,26.2009494321717,-5.47195409343782,0.435136099713255,0.927530330532549,19.9778601483682,-8.67262345380883,0.344269354378199,4,10.1786437973772,11,6,1.19997844894181,0.727970667088588,1.78254022879776,0.143197882299825,4,1.14088386013072,0.755833243112371,1.37791488164857,0.239200869255883,1,1.18070851308057,0.258106707497448,1.94443222981057,11
289,B4_K05_I02-03-04-06-08,Branch4,5,5,3,1.67454253273489,1,0,0.952380952380952,-29.7158592994299,-23.0272409226535,0.91175951225301,21.2194098336813,-7.84467939065287,0.299314310670772,0.720493659905937,49.7899769715292,-3.18222658928388,0.511291895312452,0.893428098106028,27.1999190897442,-6.99209156962238,0.330800350387482,0.95807173060988,16.6245742467284,-10.9170085148374,0.207989564640553,4,10.0950575471192,11,6,1.18289259979893,0.725178967682079,1.68942172968035,0.198565319198603,4,1.09051781656592,0.785762128994422,1.34961799467616,0.251731717720221,1,1.12608688310015,0.263554788654364,1.99690241068476,11
290,B4_K05_I02-03-04-06-09,Branch4,5,5,3,2.00879722341795,1,0,0.93452380952381,-29.4634256263013,-22.8472882413889,0.887455115317302,25.3470738028075,-6.79691889842545,0.333127360141854,0.721933499612894,51.0513742519231,-3.20187923913785,0.502742275298263,0.871640553965946,29.24418600169,-6.27482442396206,0.369812678414188,0.925040591026053,22.6936818753853,-8.41213032036503,0.277109686564796,4,10.1364951769068,11,6,1.2051521477338,0.713498157729556,1.7822944379815,0.169139279049626,4,1.17437145549553,0.76657838697209,1.38627299867152,0.247514946709835,1,1.17537590568931,0.263334621600372,1.9486182707152,11
291,B4_K05_I02-03-04-07-08,Branch4,5,5,3,2.04661993273673,1,0,0.929315476190476,-29.6087175750053,-22.3841070122698,0.901012356717464,27.0380850537802,-7.28475018438635,0.326317660608353,0.728953866343174,49.6322210783351,-3.31152429949095,0.489226620021013,0.860818647966556,29.0260331778862,-5.86786693516822,0.37640984214095,0.939156051116528,23.042526363376,-9.28368321509686,0.258969846418515,4,10.127772368376,11,6,1.20250229478873,0.712779754703569,1.74915639940631,0.190656780095947,4,1.11263590600032,0.742887826068071,1.36584969956934,0.252122322618589,1,1.16026127352507,0.269302945639371,1.96176191800238,11
292,B4_K05_I02-03-04-07-09,Branch4,5,5,3,2.00879722341795,1,0,0.93452380952381,-29.4525482396765,-22.7815878718351,0.89614878021734,24.4012259089517,-7.0791222969347,0.329328760728207,0.725073560971229,50.5730606881058,-3.24441448792256,0.500157530080034,0.878616466334932,28.7632565406908,-6.43976863240589,0.353200608332205,0.924120316642187,21.6864879217536,-8.3579006664223,0.279560416489186,4,10.3384533657846,11,6,1.21111100821275,0.713498157729556,1.72233743176841,0.178689316966745,4,1.11874139275202,0.769113289577096,1.35423709736454,0.243640382234426,1,1.16264235877263,0.265524476522007,1.95952603075798,11
293,B4_K05_I02-03-04-08-09,Branch4,5,5,3,2.88280681689163,1,0,0.913690476190476,-29.3849016535674,-21.2551880468023,0.862795393057811,31.2643734907441,-5.92472198420451,0.340741499632739,0.702109100612238,55.1011068699617,-2.96682033224004,0.518239912932195,0.843918178670344,35.0855982870643,-5.41151473395335,0.372305293634899,0.884589216830023,29.4963181461701,-6.63184907100879,0.315951538558674,4,10.1786437973772,11,6,1.19888782901743,0.713498157729556,1.72100259675923,0.195222790342365,4,1.09838578826191,0.766735826510057,1.35595596132249,0.252207461330551,1,1.14636711370454,0.268809424414385,1.97597319115499,11
294,B4_K05_I02-03-05-06-07,Branch4,5,5,3,2.04661993273673,1,0,0.927083333333333,-29.935177359314,-21.8777889460429,0.877142688424969,22.7644820013966,-6.45403158100432,0.370556155885118,0.731853495270584,46.5161064757503,-3.35506280831707,0.507508437949613,0.862926492404424,26.9322104528195,-6.06300089245135,0.398786462565209,0.928254059358517,17.9789260159764,-8.6532373335873,0.298911891016381,4,10.3607149843429,11,6,1.20231928695232,0.714214141627895,1.72626204779752,0.156961081046867,4,1.14840547354422,0.795984134067471,1.34566071612916,0.247297229649562,1,1.15366630787683,0.261155972833826,1.97099813533079,11
295,B4_K05_I02-03-05-06-08,Branch4,5,5,3,1.58337710684671,1,0,0.95014880952381,-29.8267440717332,-23.1542396814026,0.914623175417277,20.5936984437928,-8.01632810757581,0.299866056113111,0.728513614546364,50.4640195977076,-3.2890644049149,0.497634751079482,0.889286149579748,26.298243979512,-6.87552465923935,0.338040084194479,0.956936031738073,15.8374788805604,-10.8040513070905,0.209905183798092,4,10.0543439417124,11,6,1.18430830893718,0.712699835251943,1.71621018740244,0.19391059735882,4,1.09748544522088,0.775517213772337,1.35676891969497,0.248369409765432,1,1.13302211886974,0.263188555350181,1.99101457357494,11
296,B4_K05_I02-03-05-06-09,Branch4,5,5,3,2.04661993273673,1,0,0.930059523809524,-29.7665571772925,-22.4747936527278,0.892340481356779,25.7586686192398,-6.95533583454935,0.318327808062553,0.736169705102778,48.7922701988941,-3.39470315541964,0.485117632750631,0.880511324278276,28.712854208545,-6.53106889169875,0.342829268083071,0.922221192765125,22.5235057818442,-8.27972360607193,0.275632729082349,4,10.1297396104047,11,6,1.19528741215998,0.724562007141145,1.73722338645837,0.175289970405952,4,1.14424834203661,0.796672331428033,1.35574247891007,0.235585291370667,1,1.15306088306377,0.255887646303909,1.97162823784056,11
297,B4_K05_I02-03-05-07-08,Branch4,5,5,3,1.58337710684671,1,0,0.944196428571429,-29.6768495833576,-23.2145452453952,0.911766374452334,18.2363371858182,-7.80677820722012,0.326736297380774,0.724452702018045,49.3024230797646,-3.2342628723169,0.506278668218704,0.883656375147841,23.3830681892995,-6.66715458569543,0.352596983950458,0.963209886347433,14.4975571691491,-11.4135086796166,0.215314194180722,4,10.2214905242274,11,6,1.2016065092785,0.712699835251943,1.72596935470814,0.185650277937508,4,1.10863322803363,0.776517892758896,1.35186128482799,0.245569607164408,1,1.15094585995136,0.266587065862329,1.97180803307592,11
298,B4_K05_I02-03-05-07-09,Branch4,5,5,3,1.67454253273489,1,0,0.941964285714286,-29.7185526820792,-23.1067283486474,0.913618415721167,21.5749054170914,-7.88352522329142,0.307065355445153,0.752903190187616,47.0938471396167,-3.63756314941006,0.466790876117121,0.896210546675525,23.6872873202743,-7.10421604313419,0.320682365763186,0.946328402840915,17.2367054693412,-9.81985882476924,0.254923867235529,4,10.2953158287164,11,6,1.2235295236426,0.725178967682079,1.76890533454883,0.184200465548946,4,1.14753637264087,0.78913638088503,1.38344829033947,0.246775834953809,1,1.17769402588891,0.267944002165579,1.94444939918085,11
299,B4_K05_I02-03-05-08-09,Branch4,5,5,3,2.00879722341795,1,0,0.943452380952381,-29.661159797275,-22.9322913372932,0.907195983107548,23.1086474376464,-7.53234285156527,0.295427386291864,0.718295378129467,48.0048890661913,-3.1601213581893,0.486130755313218,0.885786825450248,32.2273244953911,-6.67750074043759,0.309862347334389,0.934961020993291,21.9761763528121,-9.01904449109825,0.240780501607607,4,10.1700624687376,11,6,1.21348226509638,0.712060553942608,1.76085658178616,0.207666289782516,4,1.1422826324649,0.787391894952715,1.43267253317406,0.262864434348085,1,1.15428014483935,0.272553986016304,1.96853088790073,11
300,B4_K05_I02-03-06-07-08,Branch4,5,5,3,2.04661993273673,1,0,0.928571428571429,-29.5144597278816,-22.8001900135265,0.891685633562426,22.3878635537877,-6.98452249521473,0.361576199498103,0.7248422500582,50.1105537743754,-3.23713605133071,0.508387126492351,0.876692591980199,26.6540960091891,-6.373572846558,0.371830272319781,0.944175251469882,17.4171407764689,-9.64881116916859,0.279485612663447,4,10.1048826368685,11,6,1.17472185286961,0.725953355419812,1.6869561723911,0.175692220357423,4,1.08889138383916,0.775006706343375,1.31648327857688,0.239343833145919,1,1.12851249917709,0.259194417398592,1.99490853349496,11
301,B4_K05_I02-03-06-07-09,Branch4,5,5,3,2.04661993273673,1,0,0.930059523809524,-29.5833515912658,-22.6783788334701,0.892943924184836,24.7396352264609,-6.96213836600257,0.323921382507389,0.750371471319388,47.858310147876,-3.59720663403087,0.47440787051961,0.877800491670145,26.3633068449212,-6.42779784255738,0.356524367709836,0.91442641985768,21.3521592794203,-7.85628770863006,0.304666425602624,4,10.2214905242274,11,6,1.18923373427932,0.713498157729556,1.72280660106947,0.15434470824368,4,1.14882485767287,0.766888559233987,1.33899749621598,0.244547676027004,1,1.15242658237003,0.257355468890136,1.9722290406546,11
302,B4_K05_I02-03-06-08-09,Branch4,5,5,3,2.00879722341795,1,0,0.944196428571429,-29.5688608822684,-23.0902576144214,0.901080357657921,23.3016279566094,-7.28939929031876,0.33557638124616,0.737169024579455,49.1911277789864,-3.40517434745637,0.487527475905295,0.89281044051668,28.2460423825847,-6.97019463164537,0.330076464088293,0.930311150430509,20.3486110874865,-8.71496308216444,0.277542504913915,4,10.0950575471192,11,6,1.18812802978731,0.725178967682079,1.719772880882,0.185507620434917,4,1.1036958650504,0.785762128994422,1.34684424954069,0.242205099151843,1,1.14080034373947,0.260870421403704,1.98290973978636,11
303,B4_K05_I02-03-07-08-09,Branch4,5,5,3,2.88280681689163,1,0,0.90625,-29.3642437658411,-21.3809711261249,0.868755183347947,29.2990541377266,-6.10376125057225,0.374399609278403,0.705898370734686,52.0993880601957,-3.01384939204635,0.534683400720898,0.844644079065921,33.3255633988411,-5.42785890000988,0.406043170529251,0.893047943236888,24.862192006298,-6.9698107774262,0.344018324637982,4,10.2953158287164,11,6,1.19754581946205,0.703181524945366,1.69821591383181,0.1738175978653,4,1.10491840001812,0.736025769008857,1.33592918021201,0.241474340277904,1,1.15311895706381,0.262959392889126,1.969492096356,11
304,B4_K05_I02-04-05-06-07,Branch4,5,5,3,2.00879722341795,1,0,0.930059523809524,-29.4506907858159,-22.2508275816387,0.888201942459089,22.5035072447972,-7.03267971250075,0.36169528365475,0.719653170478975,48.8192594942123,-3.19444593893137,0.52124260312824,0.860971318893259,28.0520885580822,-6.02634519811697,0.385042570411644,0.936631382909728,17.9519540635677,-9.17744599381305,0.283623281107417,4,10.346803246748,11,6,1.19943253350909,0.728655974721678,1.71673193662526,0.152502335772684,4,1.14999576579009,0.781135368312356,1.34089472363039,0.242944026536068,1,1.15560578476387,0.256157934971631,1.96925613866331,11
305,B4_K05_I02-04-05-06-08,Branch4,5,5,3,1.67454253273489,1,0,0.947916666666667,-29.6370100714495,-23.0463497583263,0.912753332822451,22.7732505667288,-7.94954575161065,0.294153770370499,0.720642897702068,48.9294351460495,-3.1824675466426,0.4980555235569,0.893879545762242,27.5428606530624,-6.98464864612678,0.304626070895849,0.956677563658904,17.6784012462319,-10.8672892604206,0.201169437044801,4,10.1364951769068,11,6,1.19407104823873,0.725953355419812,1.72035803913695,0.190949638590117,4,1.09571649080512,0.776953891768391,1.3515247676185,0.248391149700785,1,1.14499853000589,0.264929370578091,1.97767316320173,11
306,B4_K05_I02-04-05-06-09,Branch4,5,5,3,2.04661993273673,1,0,0.936011904761905,-29.3800195866036,-22.6723580069124,0.861819998945418,30.2049691986972,-6.15868863812564,0.370072844565176,0.69502069933293,50.2966944463232,-2.86770404766532,0.527869783378478,0.839645934979256,33.0825871955742,-5.4125744766754,0.393000224681609,0.893438085600422,26.0857210043873,-7.09679159421788,0.318390367876457,4,10.2625953148701,11,6,1.22084319823698,0.727838663664376,1.80905997766394,0.152942284117898,4,1.19068601890837,0.790430187509177,1.39990228963884,0.242931480481721,1,1.2005950460938,0.26011622503049,1.92384750108667,11
307,B4_K05_I02-04-05-07-08,Branch4,5,5,3,1.58337710684671,1,0,0.936011904761905,-29.3181211348202,-23.3585364472887,0.918227566610768,18.5636384305104,-8.10576693629283,0.295395107853265,0.719124929607791,47.4292304530345,-3.16186820508494,0.489192584467222,0.896160111907918,25.355477947809,-7.07508221965488,0.329508269681977,0.960563445243752,15.0622549834533,-11.1268183734373,0.20070111387286,4,10.3384533657846,11,6,1.22653568193722,0.713498157729556,1.7751481862947,0.177397063405777,4,1.15930367944911,0.769113289577096,1.38622639065427,0.248441835788748,1,1.18584120895884,0.269159928536696,1.93625635899687,11
308,B4_K05_I02-04-05-07-09,Branch4,5,5,3,1.58337710684671,1,0,0.939732142857143,-29.2162393726895,-23.4917285832508,0.914731814794757,22.3115436785201,-7.87328837897051,0.293740366020616,0.746787944107037,45.9867382152381,-3.54731734836043,0.485747581389146,0.899615433717049,25.4945937420016,-7.21645795832299,0.324381647056487,0.935848164001943,17.955713888844,-9.09002853474554,0.238640954184939,4,10.4123496841694,11,6,1.21801477131804,0.726884246427546,1.71179561958116,0.179869542236445,4,1.11580295905542,0.770678356422076,1.35431127378713,0.242029337821967,1,1.16844593100185,0.264324701823803,1.95277413262963,11
309,B4_K05_I02-04-05-08-09,Branch4,5,5,3,2.04661993273673,1,0,0.938988095238095,-29.4112824940517,-22.7361875704558,0.882232840893043,26.662502806246,-6.55775769689089,0.313092959445651,0.708326715505641,51.5380669032562,-3.04963395655275,0.507255271548085,0.874851347316018,30.6237583380056,-6.29632574122829,0.369201242890175,0.912315596682273,25.183861603331,-7.79748604145948,0.270624876408655,4,10.2528632022961,11,6,1.22371410652622,0.713498157729556,1.76259179884919,0.210239984673063,4,1.14010085785815,0.768895392817414,1.42233723073316,0.268270836340864,1,1.16656551014646,0.277347306239036,1.95464339222298,11
310,B4_K05_I02-04-06-07-08,Branch4,5,5,3,1.67454253273489,1,0,0.942708333333333,-29.6161923075589,-23.0585889058979,0.914104682949499,22.1217099760568,-7.91980788691296,0.308312667370078,0.72023487127026,49.0534583004005,-3.17670631358969,0.503675508251561,0.893627700431999,25.9424271660292,-6.97670649846018,0.338322539485235,0.961107909671271,15.0374257040345,-11.2405399388114,0.220230100719351,4,10.1786437973772,11,6,1.19849650292158,0.726884246427546,1.7237732493739,0.188135774957389,4,1.10113069719171,0.767012236886045,1.34898834635268,0.247801943316036,1,1.1519056905873,0.266185418349946,1.97019896268873,11
311,B4_K05_I02-04-06-07-09,Branch4,5,5,3,1.58337710684671,1,0,0.941220238095238,-29.4545661464563,-23.3643414460088,0.894046077814873,22.9696570038398,-7.01003012269186,0.333128092897172,0.723904006273406,46.4721800311973,-3.22619757232879,0.480395742930926,0.882784237450947,24.8230760372061,-6.6866928693235,0.344751203615437,0.935781301007388,18.4973740394737,-9.1097066009319,0.288565590096242,4,10.2528632022961,11,6,1.2079528307047,0.726884246427546,1.75428031849732,0.162663454222092,4,1.16192943559305,0.768673406248988,1.36989916360241,0.244080681192191,1,1.17696068197772,0.259602110114103,1.94618256917671,11
312,B4_K05_I02-04-06-08-09,Branch4,5,5,3,1.67454253273489,1,0,0.95014880952381,-29.6868774089541,-23.2533140057053,0.910560385756397,24.2160617490634,-7.75786248026839,0.302033042175686,0.732256275603393,49.4047621906533,-3.34149842914654,0.482065039514115,0.89536641272267,28.7167056792463,-7.05449900353129,0.331971926278952,0.940089682780017,19.8924008010184,-9.41379135184953,0.248290629669408,4,10.2111078968385,11,6,1.20734922049527,0.726884246427546,1.73814614301123,0.187461827743122,4,1.11651617785589,0.768600832661998,1.36415860062124,0.246971193073799,1,1.16286591385909,0.264904958773016,1.95937173591067,11
313,B4_K05_I02-04-07-08-09,Branch4,5,5,3,2.00879722341795,1,0,0.938244047619048,-29.4637784105672,-22.8816037742033,0.910659653126887,25.7797873904691,-7.67770060340643,0.321366805077319,0.738952088544936,49.3131135082841,-3.44437078551427,0.496225250269989,0.886473491389397,29.0091577009364,-6.69891218828674,0.354785719152298,0.932245276155042,21.8177063872307,-8.83624483490599,0.266989765446809,4,10.3384533657846,11,6,1.22200576281874,0.715567954044912,1.74276599263667,0.193027572337264,4,1.11079305901517,0.746784181615632,1.37097767441185,0.255523845350703,1,1.17324353109931,0.273165433319315,1.94751220482054,11
314,B4_K05_I02-05-06-07-08,Branch4,5,5,3,2.00879722341795,1,0,0.941220238095238,-29.5898350171803,-22.7183819285958,0.914567795614099,24.5718485499711,-7.94570324788253,0.319016823993585,0.733917893574872,48.622748693465,-3.35981102683615,0.500974112257524,0.874910141933473,27.4531520534008,-6.41326223968857,0.351701057458994,0.947155501714925,20.3616363740705,-9.92435628756237,0.238006889271366,4,10.327532756226,11,6,1.21340919345959,0.712699835251943,1.73825486437888,0.16845392903926,4,1.15675530308037,0.781491319747864,1.3733107057404,0.240414965493319,1,1.17239573668738,0.259117516749558,1.95113189269282,11
315,B4_K05_I02-05-06-07-09,Branch4,5,5,3,2.04661993273673,1,0,0.930059523809524,-29.5529858189127,-22.6108967662409,0.887868612893095,28.5361392478411,-6.75747120036018,0.350592233061334,0.750192394361686,45.8082549029761,-3.59415205508663,0.475532123092862,0.872652148653301,30.027056937892,-6.2539723493105,0.345694637694204,0.914081091525643,24.3021697666376,-7.84300724604953,0.296778654781086,4,10.3899407838162,11,6,1.19670703521244,0.727177976010166,1.68587531579785,0.158782943107861,4,1.12358539336277,0.80004556859267,1.32972859275677,0.240497454064119,1,1.14283752990737,0.256128735702724,1.98135865573128,11
316,B4_K05_I02-05-06-08-09,Branch4,5,5,3,2.04661993273673,1,0,0.944940476190476,-29.6721032836232,-22.7270033074034,0.889227316483602,27.180775225357,-6.85265606023807,0.314963481320787,0.722690802203722,47.1384275473813,-3.21393452337983,0.49776963914674,0.874883169116575,31.4326729284653,-6.32161595814941,0.345006262755483,0.926545144382732,24.7096676425388,-8.50155031589416,0.268423323596875,4,10.2625953148701,11,6,1.19941907863947,0.726329996840948,1.71677186583906,0.171540638108329,4,1.13638751754214,0.814225485535388,1.34715755270935,0.236598146478943,1,1.14963675930899,0.256156116440666,1.97501621847184,11
317,B4_K05_I02-05-07-08-09,Branch4,5,5,3,2.00879722341795,1,0,0.943452380952381,-29.4300096878432,-23.0238963339104,0.922269332972416,23.0674312763575,-8.27384515781423,0.297187321906217,0.745950660846433,48.6215594502911,-3.53525764778959,0.471500355465322,0.893395039333802,26.1344331368506,-6.95617678630135,0.323982516268615,0.945950894366132,22.5955704883446,-9.78533487876619,0.229541792861605,4,10.3695990847101,11,6,1.21968306464832,0.724562007141145,1.73593918249342,0.175289970405952,4,1.14771460470108,0.800946973986285,1.3669961995033,0.23999059942004,1,1.17142921191929,0.261116512062756,1.95131405241681,11
318,B4_K05_I02-06-07-08-09,Branch4,5,5,3,2.88280681689163,1,0,0.90922619047619,-29.4222348232068,-21.3112702533606,0.870378033021825,34.9761309065245,-6.15504454650867,0.361163927390228,0.704223209544769,51.6053436542119,-2.99397656658643,0.487293789101476,0.850713641594286,34.2808704890042,-5.58649090468358,0.375900614425726,0.899184022633193,32.867522177314,-7.17928112106158,0.34077741275957,4,10.1786437973772,11,6,1.19169575519927,0.714454540619968,1.69368062976819,0.197230435187171,4,1.08285259552677,0.756232979553022,1.34085936299355,0.254436368416693,1,1.13735351111049,0.268122561905003,1.98459745065379,11
319,B4_K05_I03-04-05-06-07,Branch4,5,5,3,2.88280681689163,1,0,0.883928571428571,-29.4239147290418,-20.0934679423228,0.815967861726435,24.7610118795462,-4.78831709424344,0.504261935116637,0.650312296747327,50.4488034412817,-2.38862294151392,0.613604358931721,0.787664118480444,29.2545581843946,-4.21800538790337,0.485324264546679,0.854825655602762,22.0162652131321,-5.80226166398037,0.472688420977135,4,10.065854950751,11,6,1.18804854374887,0.727177976010166,1.74732044754078,0.173543011102318,4,1.15084443388007,0.794969519798482,1.35493894105194,0.237911343487538,1,1.14976114764045,0.256703176333947,1.97573692078165,11
320,B4_K05_I03-04-05-06-08,Branch4,5,5,3,2.00879722341795,1,0,0.94047619047619,-29.6590366487262,-22.2701453631662,0.897534528581292,22.1196716845268,-7.21685084772721,0.331685284952871,0.713872513374672,49.8532363099243,-3.10128669678919,0.509035663612864,0.872114820392985,25.4371828280579,-6.27556976855481,0.351585670394022,0.939371405347726,16.3182939570344,-9.40651482982514,0.261018096612385,4,9.96962307221848,11,6,1.1643570160007,0.711708501180954,1.6735390239464,0.195502133791481,4,1.06898116541398,0.752493156196063,1.32154560343105,0.250464828446294,1,1.11331442494865,0.262549766042359,2.0100071698575,11
321,B4_K05_I03-04-05-06-09,Branch4,5,5,3,2.00879722341795,1,0,0.93452380952381,-29.4823871555421,-22.5803933669251,0.88077562872561,27.564008675224,-6.58070468040558,0.348500982468945,0.70963438754744,50.4586686165504,-3.04216100529557,0.51121517833602,0.853974346259461,30.2085139784495,-5.80513119976932,0.366948399168501,0.912159837513822,22.9512174550551,-7.75424785025244,0.328761262461319,4,10.1607963603367,11,6,1.20824556685976,0.712631845579746,1.73969846887239,0.18056013870938,4,1.13155104985727,0.779772193924369,1.36423329939711,0.240786709365173,1,1.16309351972479,0.261581121675974,1.95906021651031,11
322,B4_K05_I03-04-05-07-08,Branch4,5,5,3,2.04661993273673,1,0,0.921130952380952,-29.4454991092465,-22.2466852554576,0.885333563132881,23.293473607634,-6.81405081296543,0.386699125679599,0.698843441166041,50.4387696994067,-2.91589167097857,0.528409536031304,0.878174842785939,27.1319239774081,-6.42706739328533,0.385338811456693,0.932533706480978,17.0033422847578,-8.861076673401,0.291862654699706,4,10.2444443997152,11,6,1.1972692859335,0.711708501180954,1.68626968056886,0.190684749703761,4,1.08162044526572,0.756286983330166,1.33783522668814,0.247520882355484,1,1.14340412781578,0.264773091981259,1.97833028188259,11
323,B4_K05_I03-04-05-07-09,Branch4,5,5,3,1.67454253273489,1,0,0.930803571428571,-29.3871524098505,-23.1008607178122,0.901096959702308,23.2670336989487,-7.34350070867248,0.32244540028108,0.720878255403246,46.9868330847264,-3.18538709296925,0.476118060107373,0.892493477380287,24.8425391953161,-6.9431311937982,0.329584993570545,0.931589200931791,18.2487679990405,-8.83014597354854,0.292408295213622,4,10.2953158287164,11,6,1.20863164782147,0.713498157729556,1.7136271257874,0.191096658663679,4,1.09577433899013,0.769006223208622,1.35553956545656,0.24942428027099,1,1.15488013379947,0.267551477821206,1.96699987069314,11
324,B4_K05_I03-04-05-08-09,Branch4,5,5,3,2.04661993273673,1,0,0.930059523809524,-29.3666089826045,-22.797823697872,0.886177688531178,27.0875565016552,-6.69133811198787,0.34283229513889,0.713773529848685,52.2930940291852,-3.09468639474016,0.507907105954284,0.852183841151829,31.8158547251811,-5.62643083494504,0.332675128908129,0.909383832970155,24.8452675266396,-7.61901448540422,0.289525180204069,4,10.1364951769068,11,6,1.20124261931107,0.712699835251943,1.72020979245546,0.226749006868029,4,1.10995240212589,0.776030922674624,1.48715969879714,0.278498063852799,1,1.13218655761501,0.280079146596298,1.98919427301867,11
325,B4_K05_I03-04-06-07-08,Branch4,5,5,3,2.04661993273673,1,0,0.927827380952381,-29.6682869595072,-22.0752894336294,0.881247599564773,23.5555034204494,-6.65275757523808,0.370822565764627,0.71200341074438,51.1248751087454,-3.07508889648346,0.520036206752949,0.84619283702313,27.070269237531,-5.54336610809559,0.390360961117943,0.928579597355322,17.6783609890907,-8.6582298843126,0.297306662137336,4,9.81320940125549,11,6,1.15749675630616,0.723312650144793,1.70884922324493,0.197481783158206,4,1.09023356509513,0.769805321821117,1.34892609125777,0.251224574493065,1,1.11036039559096,0.263159283524713,2.01410200111036,11
326,B4_K05_I03-04-06-07-09,Branch4,5,5,3,1.58337710684671,1,0,0.933035714285714,-29.5269668373708,-23.1548306694718,0.896274969989192,22.5284825211958,-7.16146776380837,0.341469255809964,0.731797774254783,45.6470334183308,-3.33116568634118,0.487784565434427,0.882857022726851,26.4288631834679,-6.64284043618271,0.343247410837448,0.926096168364386,19.531672239034,-8.48707702718842,0.300273802519815,4,10.2450042922147,11,6,1.20041636255596,0.714388587656864,1.70140344664706,0.167905600284667,4,1.11696705388714,0.758684958739815,1.34569091329049,0.239869422230503,1,1.1571800933186,0.259134957111085,1.96435455357447,11
327,B4_K05_I03-04-06-08-09,Branch4,5,5,3,1.58337710684671,1,0,0.945684523809524,-29.6539213338933,-23.2813859353854,0.900336705154693,23.069998790027,-7.28787629439482,0.326522325990552,0.72844993550041,50.4176761994029,-3.28521102933572,0.473805374908666,0.888105771157533,27.5924812703019,-6.81282634027098,0.331593785963947,0.936451455663383,19.2628808924404,-9.09896102909623,0.277491523202083,4,10.2025516657944,11,6,1.21485621348353,0.713430923858349,1.7386959622437,0.190101920638268,4,1.11781924241078,0.769713983185056,1.37166563990596,0.248098026773647,1,1.16552122215668,0.266950439401997,1.955422046496,11
328,B4_K05_I03-04-07-08-09,Branch4,5,5,3,2.04661993273673,1,0,0.932291666666667,-29.5646296741005,-22.5255792774508,0.875156108153666,28.8549103292995,-6.36308022794807,0.37032844006264,0.716274620763325,48.5895101269067,-3.12746320275651,0.497993701409626,0.8575296994293,29.5490111751591,-5.80441007291099,0.385766881285718,0.900671639128242,24.333741067608,-7.26061165685981,0.332920080327212,4,10.2804637580413,11,6,1.22843915103972,0.700161219821165,1.73979067790596,0.206916273249892,4,1.1131846383647,0.735213805155034,1.39032313849031,0.268438890252782,1,1.17213767468302,0.278550200236666,1.94666275297282,11
329,B4_K05_I03-05-06-07-08,Branch4,5,5,3,2.00879722341795,1,0,0.93452380952381,-29.7984342297741,-22.2933243713876,0.904353061414933,20.7778363639605,-7.45545907853513,0.336464412167641,0.742778837472445,48.6422110403753,-3.48954268149595,0.481576048634627,0.889156511437749,25.2150680986641,-6.82912419686997,0.340858512952416,0.948190872018095,16.4217489696279,-9.96066559733302,0.248311402212511,4,10.127772368376,11,6,1.16915102012459,0.711708501180954,1.64602656495921,0.1795269754569,4,1.06014009969739,0.754486011651883,1.29897304963968,0.236495928288017,1,1.11787026906534,0.257140941405371,2.00518113402822,11
330,B4_K05_I03-05-06-07-09,Branch4,5,5,3,1.67454253273489,1,0,0.941220238095238,-29.8185568179358,-22.8795737232205,0.903628315294637,22.7627730374649,-7.41321635883097,0.312918430891419,0.756478630719381,47.6909481895622,-3.68863568311972,0.453998092966749,0.895930526461942,26.019957955522,-7.10889710388727,0.31873998186223,0.93430081794812,19.252119071538,-8.96179637659372,0.280130008699601,4,10.2528632022961,11,6,1.19430152163205,0.725178967682079,1.68991740499426,0.1778743718377,4,1.10296357873817,0.788913014841197,1.33254194540883,0.236821795817571,1,1.14350802528423,0.258213853634785,1.97948660885056,11
331,B4_K05_I03-05-06-08-09,Branch4,5,5,3,1.58337710684671,1,0,0.945684523809524,-29.8171198604945,-23.2294718517578,0.912463717620942,22.3758565663377,-7.83731071048408,0.288621362631784,0.740350021436845,48.2757025409399,-3.44980467955521,0.461166033451747,0.896522708896503,27.3450401875018,-7.12758317090216,0.318073787116716,0.941772730503084,18.9437273321511,-9.46741819683355,0.24153098295382,4,10.1700624687376,11,6,1.19607717871103,0.724562007141145,1.7061515222312,0.196569644847871,4,1.10981930436073,0.797016878804819,1.3656701986129,0.247448727633559,1,1.13835294053474,0.262772844689129,1.98475070111542,11
332,B4_K05_I03-05-07-08-09,Branch4,5,5,3,1.67454253273489,1,0,0.944940476190476,-29.699964628647,-23.1714954351605,0.91875479845013,22.369814950355,-8.1505877676969,0.293654514480117,0.742623976635204,49.1071833698449,-3.49235723240327,0.480369601912888,0.900371845563678,26.0053144783964,-7.29320349250044,0.323609751387951,0.941072498744853,19.1979652229363,-9.43449480390152,0.259306154366661,4,10.2111078968385,11,6,1.19351475147061,0.725178967682079,1.67984878514863,0.198565319198603,4,1.09002740085568,0.788683314024565,1.34934156988407,0.251533132778735,1,1.13353925596916,0.263540873593034,1.98870224140792,11
333,B4_K05_I03-06-07-08-09,Branch4,5,5,3,2.00879722341795,1,0,0.943452380952381,-29.5717867547337,-22.9723674928143,0.894614626873505,24.2829678008162,-7.05602103025968,0.335708205953297,0.745634760262512,48.3477464498227,-3.52652374977621,0.468942952304317,0.876176084434452,26.6766367373789,-6.38220145227909,0.346233000574922,0.925118040361463,21.2924101951138,-8.41266675992466,0.291353365987206,4,10.0204945012197,11,6,1.16655392655335,0.725953355419812,1.67754555519462,0.184008201418534,4,1.0700762277058,0.774541974609967,1.31112771534839,0.240150502330284,1,1.11873301751785,0.258368164726479,2.00509748864827,11
334,B4_K05_I04-05-06-07-08,Branch4,5,5,3,2.88280681689163,1,0,0.901785714285714,-29.4022533942366,-20.5188027286762,0.820503776787037,32.9857177910609,-5.01802952514548,0.419822402197402,0.703136248527886,50.3184477955735,-2.98129910543158,0.550469292265661,0.769578040399329,33.5149604730128,-4.02367183385912,0.44888332932252,0.862663043945508,25.1818338196886,-5.99545805129345,0.364141705013766,4,10.0543439417124,11,6,1.16125933333911,0.727970667088588,1.63625205138862,0.187357647867622,4,1.05030326951785,0.755691988228522,1.29615257416662,0.242796303501772,1,1.11160937956409,0.255687114375656,2.0115331118683,11
335,B4_K05_I04-05-06-07-09,Branch4,5,5,3,2.00879722341795,1,0,0.936755952380952,-29.4570067352291,-22.4393519260087,0.891621288770775,26.4943053777787,-6.91916376609396,0.336684631404365,0.720772526270593,47.2773745160906,-3.18334442644408,0.481753956914696,0.867642116492503,29.8162140104912,-6.1385336489981,0.351124703460083,0.911085214858992,21.1096289622969,-7.73079743810065,0.323321832141914,4,10.5072600135814,11,6,1.2162801821471,0.74200374836253,1.71011223480355,0.15789179739933,4,1.13750923661684,0.78292664963758,1.34610529298754,0.243842495029774,1,1.16178743544966,0.259545724664215,1.96166779031757,11
336,B4_K05_I04-05-06-08-09,Branch4,5,5,3,2.04661993273673,1,0,0.931547619047619,-29.7241521981041,-22.3167213848308,0.86710727036983,29.0004343224015,-6.0899810700456,0.351315806788132,0.680958872050948,50.7271528553082,-2.70621599479843,0.504532620624558,0.852699977637419,30.0116910629165,-5.68671510878928,0.370433649144807,0.898686816803717,22.8247983034321,-7.22863826029813,0.329335031853849,4,10.3790201742576,11,6,1.2105071576189,0.741055472738564,1.71761857320918,0.164255574196139,4,1.14100310588801,0.793444139272514,1.35677018194917,0.238970368568036,1,1.16922053269858,0.256443527157859,1.95354260919876,11
337,B4_K05_I04-05-07-08-09,Branch4,5,5,3,2.04661993273672,1,0,0.921130952380952,-29.4403508766126,-22.4902465267022,0.897654375988819,29.9411507403753,-7.13002642664133,0.335974639342592,0.699717532964186,47.7380855639165,-2.92879131382543,0.516574045549358,0.873226195870193,31.153217003379,-6.26704898355137,0.368814956617417,0.900808391328489,25.5888028707304,-7.39681359612565,0.346160512343733,4,10.529746667048,11,6,1.22343664854411,0.727970667088588,1.66915250951584,0.194268095976491,4,1.08419888254685,0.761214735706753,1.34580383840597,0.251945844783707,1,1.16185231691215,0.268325574075511,1.95771942393428,11
338,B4_K05_I04-06-07-08-09,Branch4,5,5,3,2.00879722341795,1,0,0.933779761904762,-29.7067463840077,-22.5638592009285,0.883162171849339,24.6080604274586,-6.64394648262359,0.332486966203472,0.707590804213908,46.2659079111619,-3.01648325868103,0.478228831358503,0.862242028822243,28.1874741528448,-5.96984606430629,0.361968936884625,0.914754920163525,21.2310991062566,-7.91521957128154,0.314206994926562,4,10.4557725955498,11,6,1.22590440976322,0.741594919263511,1.70965377742626,0.19061456350249,4,1.0975781887043,0.759309075446661,1.35801127662725,0.253443043830499,1,1.17342861697557,0.269816704619746,1.94596598969954,11
339,B4_K05_I05-06-07-08-09,Branch4,5,5,3,2.88280681689163,1,0,0.905505952380952,-29.6554570674066,-20.8125993546817,0.822004512856334,32.6917095398531,-4.94313651769348,0.417556324089258,0.694303997646946,50.5508081231597,-2.87624998439107,0.505267992087214,0.817311629954787,33.8220428096999,-4.83077162985273,0.411566942286066,0.831410467942759,31.6980670772494,-5.14064203590652,0.38016563396609,4,10.5513434288606,11,6,1.22962192575038,0.739622166833156,1.72417967170015,0.169907758070908,4,1.14696459091528,0.813160752508608,1.36996573060767,0.245030331675348,1,1.175804983947,0.263928256741954,1.94569484231302,11
340,B4_K06_I01-02-03-04-05-06,Branch4,6,6,3,2.03964463712676,1,0,0.935267857142857,-28.5777715107119,-22.3463426539664,0.906760054375421,24.75244601253,-7.74187921452677,0.299519859527374,0.718791292028834,47.1446070181644,-3.16365989354561,0.496624739260411,0.880542257176062,30.8822495297878,-6.59396187843228,0.351004696094797,0.956888730339402,17.8912112626903,-10.7538643203305,0.212761583746298,4,10.0950575471192,11,6,1.1934433512485,0.725953355419812,1.75368347627905,0.169637519767108,4,1.15156292942901,0.776762416605577,1.36810698922618,0.241891903328087,1,1.16083122228358,0.258700220196261,1.96337075751044,11
341,B4_K06_I01-02-03-04-05-07,Branch4,6,6,3,1.64038820320221,1,0,0.950892857142857,-28.3690114097791,-23.4923521146987,0.933876286387806,19.7671085862919,-9.09698055314863,0.280817021340293,0.764211237838221,45.1040318252225,-3.82479504979939,0.456485903682502,0.906553238617227,25.3743179440867,-7.5703174574202,0.33025789270771,0.975115503910277,13.4686448978254,-13.100087964454,0.155575907594343,4,10.2650226326216,11,6,1.20612770812185,0.725953355419812,1.73277148481541,0.178552826186652,4,1.12222441199574,0.777496184489751,1.35428109880465,0.24524587776179,1,1.16010994562878,0.265970351977781,1.96198685801983,11
342,B4_K06_I01-02-03-04-05-08,Branch4,6,6,3,2.03964463712676,1,0,0.947916666666667,-28.4070902581373,-22.9921834106475,0.916782673697645,23.1904146383485,-7.99620665561916,0.279550741719443,0.718813604940462,47.5578967983463,-3.16639635919146,0.491604203209067,0.88308520946763,30.2126838887999,-6.58469291119616,0.314859285021464,0.958364344311618,17.6054661013187,-10.8911713077139,0.167795344794641,4,10.0950575471192,11,6,1.20845708007266,0.712060553942608,1.77180973776381,0.211752737912395,4,1.14153168021466,0.784251992857498,1.44891991518305,0.267855771537277,1,1.1491613670901,0.276079000341784,1.97372881559434,11
343,B4_K06_I01-02-03-04-05-09,Branch4,6,5,3,2.95082909282659,1,0,0.920386904761905,-28.379064653758,-21.1260403329602,0.859516495719395,33.7840093699658,-5.83121892824475,0.341669876889687,0.681509010024313,53.0874365152084,-2.71440532306707,0.49875926825784,0.834575214010356,37.1313897646193,-5.18029327273189,0.375256655653172,0.89054884702373,30.2117325930841,-6.85551920180158,0.292796006439934,4,10.1191910397363,11,6,1.21513937489142,0.699228549403621,1.78773340447995,0.196381504296888,4,1.1362739799422,0.74542926035738,1.40612834546102,0.257310006756462,1,1.17206774471582,0.271510273853356,1.95066697692258,11
344,B4_K06_I01-02-03-04-06-07,Branch4,6,6,3,1.62089605899677,1,0,0.95610119047619,-28.4685238754167,-23.494937346828,0.932813890153688,18.2187503930333,-9.03204569448495,0.280779876454378,0.753832813359966,47.1775167780605,-3.64804760325818,0.466133442299189,0.902213005040824,22.8734093064106,-7.36391383467228,0.334534733637729,0.977321556924112,11.5259374302534,-13.5015765424804,0.167218651750632,4,10.1786437973772,11,6,1.19566497415701,0.726884246427546,1.73244290004503,0.171584656687173,4,1.13175612344985,0.767012236886045,1.35717308148911,0.243024886800173,1,1.15817180052355,0.261237599723845,1.96482804900326,11
345,B4_K06_I01-02-03-04-06-08,Branch4,6,6,3,1.64038820320221,1,0,0.960565476190476,-28.5782544932749,-23.4580265681583,0.925298589440325,19.4562247853942,-8.57564488631612,0.26665270354663,0.746791291832096,48.5440379417896,-3.54316292132259,0.489543830728619,0.899111295534392,25.3356590716417,-7.23081404154467,0.317868716763742,0.97557388081099,12.9724148222693,-13.1657926493771,0.149220708866939,4,10.0950575471192,11,6,1.19407429794781,0.713498157729556,1.7497218815155,0.178041944487565,4,1.13500220195597,0.766416318934608,1.35872113779756,0.241769341464595,1,1.15622464582827,0.26201973742854,1.96784053059444,11
346,B4_K06_I01-02-03-04-06-09,Branch4,6,5,3,2.04932849753856,1,0,0.945684523809524,-28.4786756452135,-23.0358724088534,0.91296247241557,23.4041267017802,-7.95814459763982,0.278128428041192,0.731196328320438,49.2811169035299,-3.32652683402219,0.471380058752438,0.890722180576879,25.3988724648628,-6.97700467461972,0.331110520302893,0.94773107792916,19.1702394973116,-9.93658632551383,0.219358897667896,4,10.2111078968385,11,6,1.20334312519755,0.713498157729556,1.74590156919442,0.169765673879532,4,1.14939613906424,0.768780871937628,1.37085504751682,0.241595744296642,1,1.16712966038728,0.259781817559513,1.95666342546131,11
347,B4_K06_I01-02-03-04-07-08,Branch4,6,6,3,2.03964463712676,1,0,0.946428571428571,-28.4746091458827,-22.7650791511151,0.918192520395952,24.7517944409643,-8.04915754646309,0.294281053617718,0.73364386041348,49.7025091042703,-3.36134771630612,0.479397434521863,0.884052550494581,29.0083889668989,-6.61773774881054,0.334611153912285,0.958843618650556,19.4890010719672,-10.9587028484641,0.187490449840468,4,10.2141512036204,11,6,1.20356668574857,0.712779754703569,1.72829530389653,0.187198288793855,4,1.10205565388107,0.743004706259497,1.35272824166709,0.250285430347576,1,1.15773478324165,0.269370733986992,1.96372100898612,11
348,B4_K06_I01-02-03-04-07-09,Branch4,6,5,3,2.12819430326551,1,0,0.944196428571429,-28.3906251151696,-22.8007106594114,0.914673717151105,24.8877949570891,-7.89901003437922,0.296372772280784,0.743850103415115,48.1423644029762,-3.50652303991976,0.459079113030262,0.888298196540434,26.1878987171255,-6.78306812169578,0.324801214653336,0.949801286704823,19.4367684467156,-10.0931710379838,0.222957687647084,4,10.3384533657846,11,6,1.21204567387325,0.715567954044912,1.72233743176841,0.18132367000783,4,1.11033212807063,0.74678418161563,1.35423709736454,0.246343079967124,1,1.16595125761371,0.267689780126955,1.95547441502306,11
349,B4_K06_I01-02-03-04-08-09,Branch4,6,5,3,3.40425677542816,1,0,0.921130952380952,-28.3460921575148,-20.7973250739086,0.873107813950392,31.8553651931784,-6.24143512175938,0.328264521655555,0.709733812047902,54.7465295852214,-3.06736056612109,0.502064668577054,0.850431475052646,35.6084492270306,-5.57890089211039,0.364359210197664,0.897378691627477,28.062247247229,-7.10711393208925,0.298764741271814,4,10.1786437973772,11,6,1.20612971246701,0.712699835251943,1.74800098861757,0.193236060601058,4,1.11325977839405,0.776277785842354,1.37589298141333,0.251515950852152,1,1.1553594900041,0.269634183170132,1.96735848252967,11
350,B4_K06_I01-02-03-05-06-07,Branch4,6,6,3,1.63299316185545,1,0,0.954613095238095,-28.650692438399,-23.1449695915647,0.92257702835784,20.3386085179514,-8.5032450690957,0.295382908220431,0.762185245554145,48.4339650788216,-3.77906000120888,0.477575684013787,0.900449404597065,25.2928980813522,-7.34579697152578,0.336017909916763,0.97144868847161,12.0083838394644,-12.4960033541216,0.18189275772568,4,10.2650226326216,11,6,1.20327600132817,0.724562007141145,1.74139801883508,0.163469974052406,4,1.15746830024422,0.795420045010352,1.36091704060393,0.245984322446652,1,1.16193630702903,0.260792645685694,1.96163154642266,11
351,B4_K06_I01-02-03-05-06-08,Branch4,6,6,3,1.62089605899677,1,0,0.959821428571429,-28.6928978636362,-23.4645304217198,0.933054951459008,19.0138760264302,-8.98629016997215,0.261609697719527,0.759157003316483,49.1518029402746,-3.7313126045189,0.485589222152674,0.901455462596644,25.7590065555095,-7.32083569194141,0.299036146315987,0.974575527222517,12.8444929747988,-12.9975695178987,0.14851636302486,4,10.0543439417124,11,6,1.18995680949274,0.724562007141145,1.74625378879034,0.179420722766508,4,1.14087668436242,0.793491832879446,1.35622533191927,0.238217732331734,1,1.14757913019733,0.258901069967667,1.97719619421371,11
352,B4_K06_I01-02-03-05-06-09,Branch4,6,5,3,1.96051469591397,1,0,0.943452380952381,-28.691514225441,-22.696265714498,0.909634675911084,24.4387164849475,-7.75220634905579,0.28907347003835,0.755723706277777,49.7871925734331,-3.67700168674092,0.467525493086341,0.886506549751682,29.1087721357219,-6.74820564304633,0.338383636713068,0.941433437154352,19.7372738464805,-9.44305641976121,0.22505791304807,4,10.1297396104047,11,6,1.19572062291155,0.712699835251943,1.73574070440682,0.18086586992919,4,1.12738371278107,0.778276908612586,1.35757708505165,0.239515800574852,1,1.15229816854837,0.259112337828978,1.97208698508811,11
353,B4_K06_I01-02-03-05-07-08,Branch4,6,6,3,1.64038820320221,1,0,0.95014880952381,-28.5415705912317,-23.5178269921003,0.937841413511043,19.741423415001,-9.29803336565672,0.270951955530144,0.756528345219209,48.5267940027329,-3.69254427922901,0.472538295839026,0.906489030911701,25.3966353078131,-7.5531333006085,0.30982982800632,0.978191922194882,13.0045724296517,-13.668177311174,0.151997496607479,4,10.2528632022961,11,6,1.21764473131958,0.724562007141145,1.76848633870224,0.178787156995471,4,1.16350024467458,0.797681313684044,1.38035691206868,0.243347272081555,1,1.17378729226176,0.264034540844432,1.94936871955136,11
354,B4_K06_I01-02-03-05-07-09,Branch4,6,5,3,1.86338873475906,1,0,0.948660714285714,-28.5399798590335,-23.2877202575183,0.931735084464836,19.9549274420409,-8.90389440089462,0.272454467110764,0.757157478550849,47.9515571398249,-3.72787422781702,0.459567248714155,0.913152506864141,23.8934229974299,-7.86300465082926,0.303524274553113,0.962529071315363,14.4263512658809,-11.3360565558482,0.204335125543099,4,10.2953158287164,11,6,1.21323040501556,0.724562007141145,1.74869573923753,0.171154702915075,4,1.15850638855507,0.798001007738702,1.36679871404175,0.242616162784541,1,1.16973845857318,0.261427443833314,1.95348417293079,11
355,B4_K06_I01-02-03-05-08-09,Branch4,6,5,3,2.3325175661839,1,0,0.944940476190476,-28.544032322982,-22.7278355375643,0.912746034292407,23.9656445393177,-7.78450388605877,0.277577468437527,0.725517037424409,48.2171997980515,-3.25419074486016,0.478402702642465,0.890029545221367,31.0579407767942,-6.8249399466646,0.312229757822776,0.939246472525229,20.38635873373,-9.29050600944248,0.229921284390852,4,10.1700624687376,11,6,1.22593748413886,0.711581242135921,1.81427301662139,0.192768855076732,4,1.17848973860919,0.795478884310039,1.42353857631644,0.251438018653422,1,1.17779456377634,0.270789036091363,1.94596505888805,11
356,B4_K06_I01-02-03-06-07-08,Branch4,6,6,3,2.03964463712676,1,0,0.949404761904762,-28.4461856428705,-23.1523937787232,0.923322625236658,21.2081794467708,-8.38193029756682,0.297366853211018,0.741600250287296,48.5790383402959,-3.46824492562927,0.483960188282068,0.897257138268271,25.2893091397609,-7.13880798390367,0.330850222579356,0.966338154161447,15.5221669125519,-11.7950188174468,0.200509821837623,4,10.1364951769068,11,6,1.18189045953705,0.714454540619968,1.70575843750129,0.16819342483797,4,1.11414305577449,0.756149627225764,1.33779634825668,0.239351021578571,1,1.14406587207011,0.257449646837953,1.97991733004372,11
357,B4_K06_I01-02-03-06-07-09,Branch4,6,5,3,2.17389700605903,1,0,0.941964285714286,-28.4583053297254,-22.9280063423744,0.918741521620863,24.2631863861747,-8.09629356325941,0.293358221428092,0.771983850110969,48.1152078660616,-3.94711896890954,0.453164540735582,0.894476770560674,27.7992994029745,-7.00153570656684,0.32145506077137,0.945299113777519,19.3585393278328,-9.73020826357547,0.24496909524549,4,10.2650226326216,11,6,1.21122644820705,0.725953355419812,1.7705211121571,0.161350564296732,4,1.17288701563225,0.777496184489751,1.37217445973397,0.250164119223194,1,1.17900836232356,0.263746069086718,1.94396902718082,11
358,B4_K06_I01-02-03-06-08-09,Branch4,6,5,3,2.30897607341567,1,0,0.953125,-28.4892744712375,-22.9677683157435,0.915098511479417,20.8770011218511,-7.92569407177874,0.293780720048912,0.748470588037547,48.5630584833314,-3.56754124381759,0.474855855555055,0.900688236266915,26.6667043366634,-7.29162463814428,0.330242347085623,0.945843740912131,18.8389167813261,-9.77991249297005,0.224238171601573,4,10.0950575471192,11,6,1.20067141721179,0.712699835251943,1.77794771710932,0.171969689589133,4,1.17201985459755,0.775777372389265,1.3757102523739,0.244442609165843,1,1.16764298854101,0.26182467638037,1.95696944848858,11
359,B4_K06_I01-02-03-07-08-09,Branch4,6,5,3,3.2674181521707,1,0,0.921875,-28.3925314834982,-20.9922513140887,0.888797735889715,29.2821839563344,-6.78096960602021,0.342710017199823,0.713622685509505,51.7267260630737,-3.1011778923337,0.509801262658825,0.862639894016058,34.0369178577182,-5.92020916529718,0.366634021735184,0.908505194486835,25.0360751900765,-7.62222187740576,0.292664809469872,4,10.3384533657846,11,6,1.21134870137239,0.715567954044912,1.72502508642373,0.177181504967663,4,1.11785090015766,0.74678418161563,1.35440165812187,0.244975071875478,1,1.16743850784742,0.266562331503063,1.95421284120818,11
360,B4_K06_I01-02-04-05-06-07,Branch4,6,6,3,1.62089605899677,1,0,0.95014880952381,-28.3789972066647,-23.5705178588484,0.929088016014203,19.8569281846926,-8.75073486313428,0.291711136089948,0.746277989944014,45.8152068911454,-3.53604023710672,0.472673601902034,0.900994021978515,25.4866053240338,-7.30114953018894,0.330304009015994,0.976101296192317,14.1466510997218,-13.267785789467,0.142772852535449,4,10.3899407838162,11,6,1.22009949952364,0.727838663664376,1.76413483157966,0.158289187535742,4,1.18223313053743,0.791070969695801,1.37627707182422,0.249396674874302,1,1.18429266078766,0.262502643331612,1.9388646788703,11
361,B4_K06_I01-02-04-05-06-08,Branch4,6,6,3,1.63299316185545,1,0,0.959077380952381,-28.5929426597657,-23.3452717299738,0.926056395932307,20.8110051320357,-8.67305336305072,0.269912146908251,0.731034876402936,47.9936610253958,-3.32053116266881,0.486290264439503,0.899703732290547,25.4533352798192,-7.25270164743397,0.303372693283941,0.966398816711241,14.2425809293939,-11.9021862646882,0.150758177417422,4,10.1786437973772,11,6,1.20499269875841,0.713498157729556,1.75056855105839,0.186299836011408,4,1.12385164691855,0.766735826510057,1.36486338778826,0.248005777079444,1,1.16030232115781,0.26787506976514,1.96246833044474,11
362,B4_K06_I01-02-04-05-06-09,Branch4,6,5,3,2.01978604082007,1,0,0.938988095238095,-28.4415791253982,-22.8049358754717,0.893024101491685,25.7007467477851,-7.18659808587147,0.307707827982386,0.713535363517863,50.0858448356056,-3.09472475840655,0.496970473262994,0.864943182752587,30.4141544081697,-6.07539104136069,0.350621537383499,0.933020963915681,21.5344749998571,-8.91439174539633,0.248401986696717,4,10.3043506203277,11,6,1.22719323135533,0.715422226627429,1.80076062619184,0.169574426914627,4,1.19782548324123,0.780620382938125,1.40635995767413,0.250624524417689,1,1.19436534327531,0.266536646473333,1.92907854300466,11
363,B4_K06_I01-02-04-05-07-08,Branch4,6,6,3,1.62089605899677,1,0,0.952380952380952,-28.3479678872588,-23.7872669074379,0.939040218633293,19.1166806118486,-9.31973834617515,0.260078011396403,0.741108029449752,45.8921670845534,-3.46354939371576,0.480764311917133,0.911411790333446,24.6552751470816,-7.73281599056729,0.303985272102829,0.975772468760369,13.6264843820017,-13.2348637210107,0.145654722457697,4,10.3384533657846,11,6,1.22259125207811,0.725953355419812,1.74123929298232,0.19438965407635,4,1.11328694894787,0.779550749480447,1.3752438361115,0.253273463739639,1,1.16919349660666,0.271435508822189,1.95175903756295,11
364,B4_K06_I01-02-04-05-07-09,Branch4,6,5,3,1.74797652248497,1,0,0.947172619047619,-28.2446085854364,-23.7475779536575,0.923943887056878,22.1138267171453,-8.38773865787329,0.278075007146669,0.757216333107876,45.312931650392,-3.72816424402692,0.466663489200572,0.906518173660064,24.1521901900425,-7.52807516995924,0.309204312884615,0.959632661191579,17.2822484655323,-11.0617034852778,0.196243034089644,4,10.3384533657846,11,6,1.2199848549524,0.726884246427546,1.74889148335205,0.179213965243528,4,1.1385034707354,0.768815193431333,1.36999026743726,0.245999348961293,1,1.17665790229198,0.267392855005877,1.94480583305414,11
365,B4_K06_I01-02-04-05-08-09,Branch4,6,5,3,2.31838299863611,1,0,0.941964285714286,-28.4126486581042,-22.4768386430878,0.895332698672597,26.8331766551952,-7.09460503528517,0.294868949957956,0.708292925994071,49.7679894905233,-3.03440901523643,0.484719535631003,0.880160758765936,30.7995108238638,-6.47751353749538,0.35001083758755,0.922679506532443,23.7131805160851,-8.33171108240055,0.255987896724346,4,10.2528632022961,11,6,1.22831675315834,0.712699835251943,1.79027886988547,0.195991124366383,4,1.14349447643425,0.778882215469375,1.40594140150111,0.256398188390423,1,1.17932310000661,0.273480297897484,1.94285676172605,11
366,B4_K06_I01-02-04-06-07-08,Branch4,6,6,3,1.64038820320221,1,0,0.95610119047619,-28.5238241988894,-23.4476509123552,0.931417667516075,19.6937196388309,-8.81395601561955,0.279847427904167,0.740790063642484,46.8857446212087,-3.4565520112794,0.480553970884282,0.907027414841283,22.8981410824068,-7.54047356258493,0.322307485841324,0.97693245637565,12.9091692254888,-13.4100864687964,0.149595990448971,4,10.2953158287164,11,6,1.20829925340145,0.726884246427546,1.71735982273148,0.184005030052938,4,1.10898348863284,0.768743442579335,1.35148873339629,0.244254526845091,1,1.16027322871601,0.265084618664796,1.96136213129025,11
367,B4_K06_I01-02-04-06-07-09,Branch4,6,5,3,1.75792179601342,1,0,0.95014880952381,-28.3939429459317,-23.6023990933362,0.921881342709694,21.7790944765318,-8.31842499565022,0.272879388941027,0.745788085696561,46.3992391639086,-3.52996216615137,0.460927499143098,0.898609334742873,24.2451854385505,-7.19494180148916,0.320992399132238,0.959089012461793,16.6503557586823,-10.9757105779297,0.203787570073068,4,10.2953158287164,11,6,1.2062208952929,0.726884246427546,1.72492616157459,0.171584656687173,4,1.13058471657168,0.768743442579335,1.35960773101195,0.242543904804189,1,1.16486023119547,0.261597355325281,1.95745722790775,11
368,B4_K06_I01-02-04-06-08-09,Branch4,6,5,3,1.9457284407887,1,0,0.953869047619048,-28.5827905446579,-23.1445811800801,0.917858533848341,23.5675959488011,-8.12109138370666,0.282067007996088,0.734464303205537,49.1137563615617,-3.36725314803687,0.490783961317085,0.897075433604749,25.9053256651782,-7.11344424918253,0.321229104732453,0.951031426787799,18.0172407823114,-10.229682407053,0.210624436933891,4,10.2528632022961,11,6,1.21709668777985,0.713498157729556,1.77034417463022,0.177397063405777,4,1.15597465311316,0.768895392817414,1.38016288132519,0.245000519882618,1,1.17851344003401,0.265746029892737,1.94437986123453,11
369,B4_K06_I01-02-04-07-08-09,Branch4,6,5,3,2.30897607341567,1,0,0.942708333333333,-28.4245958781144,-22.709508153991,0.91838777668832,25.1666043853989,-8.05346571314514,0.298834887509976,0.724923530418424,48.6006236549606,-3.2515797375318,0.485085106584976,0.88728484595499,27.479900231752,-6.72263285248391,0.341420609951119,0.946996322491064,19.8001681712078,-9.90352503560065,0.213242016009477,4,10.3822635584267,11,6,1.22758664659189,0.715567954044912,1.74330238410814,0.197141333812098,4,1.10897487643644,0.747042479108903,1.37697169524085,0.259622742702816,1,1.17553507556169,0.27618195974538,1.94462751542824,11
370,B4_K06_I01-02-05-06-07-08,Branch4,6,6,3,2.03964463712676,1,0,0.944196428571429,-28.5133864034208,-22.8794486676991,0.927227329251505,23.8910505458196,-8.62361485224717,0.279684658368165,0.73793424955278,48.5829211280726,-3.4171432370915,0.491017062011973,0.896929052000097,27.1726892291924,-7.16524109424615,0.311411725397275,0.963595536316413,19.3690899984018,-11.459384531022,0.178253495783525,4,10.2953158287164,11,6,1.22001243355267,0.712699835251943,1.77745900678513,0.167837139066106,4,1.18223173595893,0.77907290482477,1.39081872100277,0.247943153920426,1,1.18434930118159,0.264261227245833,1.93896492598725,11
371,B4_K06_I01-02-05-06-07-09,Branch4,6,5,3,2.25003971118362,1,0,0.930803571428571,-28.4511729640621,-22.6201599665736,0.903150785924449,28.4560225459801,-7.35318307262363,0.319177110485258,0.748228079653565,47.9919549419487,-3.56603272545197,0.481129231426952,0.88202303122623,31.2548367928212,-6.56013828968298,0.335032672173471,0.932968952061032,24.8128464404535,-8.90334778708287,0.247186196065064,4,10.4638371022009,11,6,1.21646376462946,0.714214141627895,1.72815496206404,0.156366604580704,4,1.16373797528234,0.802004708323986,1.35803177413061,0.243634906682634,1,1.16752071455039,0.258230413881145,1.95723794736148,11
372,B4_K06_I01-02-05-06-08-09,Branch4,6,5,3,2.31838299863611,1,0,0.944196428571429,-28.5828141199718,-22.4672767942921,0.897529546561618,27.4985786820519,-7.18366517606865,0.301092684501305,0.71649003438309,48.2936582109553,-3.12888562962677,0.502783989737609,0.869840795145258,30.6615489978567,-6.19117852139969,0.317950611531779,0.933854690359451,24.318466063997,-8.95737636188733,0.241077980191986,4,10.2625953148701,11,6,1.22190533838093,0.713849721487072,1.79626931233247,0.169818152100307,4,1.19895960335071,0.805162796310435,1.40463136614638,0.248156309047158,1,1.18300504308562,0.263076419429009,1.94187912443799,11
373,B4_K06_I01-02-05-07-08-09,Branch4,6,5,3,2.3325175661839,1,0,0.945684523809524,-28.3930007897368,-22.8386139451982,0.927693201448589,25.1284420250563,-8.57514055589921,0.288637307276204,0.740554069529745,47.7220469215301,-3.46207940197761,0.470169218873155,0.897325823167741,26.9030598997128,-7.11967955376102,0.320065370468968,0.955226595384733,21.3351556975345,-10.5892767967874,0.207809628638216,4,10.4123496841694,11,6,1.2229471374564,0.712060553942608,1.74120091075981,0.171284642745071,4,1.15616070642722,0.791453140846766,1.36986051990775,0.242525683935338,1,1.17597695245398,0.26279757080096,1.94695367279457,11
374,B4_K06_I01-02-06-07-08-09,Branch4,6,5,3,3.40425677542816,1,0,0.915922619047619,-28.359800658121,-20.8576237684894,0.88006291514215,35.2906678269762,-6.46895320002191,0.347207824197628,0.710412091689719,50.200392525301,-3.08272955032613,0.493064174143168,0.852649826389181,34.9596121777597,-5.64587718875698,0.359996334572592,0.907947228927876,31.0284256005769,-7.55519638709652,0.299756426220087,4,10.1786437973772,11,6,1.19902781484729,0.715567954044912,1.72225626048365,0.193721594383447,4,1.09363096123524,0.744668045499261,1.35311390793214,0.254072044927315,1,1.15145649153713,0.26955329389213,1.97037561755423,11
375,B4_K06_I01-03-04-05-06-07,Branch4,6,6,3,1.64038820320221,1,0,0.95014880952381,-28.4248057786824,-23.2342915924685,0.923982079155693,20.143119874896,-8.6163539268796,0.28612429603589,0.757089534505195,45.6796207625665,-3.69798835088753,0.452580741920097,0.902080737178124,25.5334317568825,-7.39952442901267,0.339146303069207,0.974151078517244,11.2568953812344,-12.936683277582,0.180010531132687,4,10.2650226326216,11,6,1.20759804878911,0.725953355419812,1.72829530389653,0.18682212880712,4,1.10778616205178,0.777496184489751,1.35478828851233,0.247746604490566,1,1.1572157703285,0.268421852343338,1.9644292106601,11
376,B4_K06_I01-03-04-05-06-08,Branch4,6,6,3,1.62089605899677,1,0,0.953125,-28.5595822033693,-23.3932555406532,0.929634319056832,21.3931526121541,-8.78007562078355,0.259468751159234,0.737138434042478,49.3379606300803,-3.41011979496727,0.469628521558991,0.895189710934282,26.0779284662099,-7.11630034905102,0.317942373815474,0.971847705019048,12.3577806533881,-12.5616944662061,0.151896965841685,4,10.1364951769068,11,6,1.19361156804092,0.725178967682079,1.72035803913695,0.189636695696537,4,1.09848567867158,0.786049823188457,1.3515247676185,0.245953197879891,1,1.1430687223209,0.263870328923481,1.97997621088592,11
377,B4_K06_I01-03-04-05-06-09,Branch4,6,5,3,1.84531825637808,1,0,0.944196428571429,-28.4972444349406,-23.1179690298506,0.913711253336589,23.1772742767713,-7.91789594235163,0.291708624080775,0.719934952035833,49.8828504185668,-3.18086572381798,0.473734682321147,0.884109341230865,27.5219605193003,-6.70716205514757,0.329185958675836,0.941445058143146,17.9873574168257,-9.45830357977653,0.241823673031411,4,10.2111078968385,11,6,1.20541834709008,0.713498157729556,1.73969846887239,0.182173227264414,4,1.1258001228126,0.768780871937628,1.36156123594238,0.243415163013628,1,1.16171658738427,0.263387756927651,1.96141503998196,11
378,B4_K06_I01-03-04-05-07-08,Branch4,6,6,3,1.63299316185545,1,0,0.945684523809524,-28.4055739404604,-23.4555072852204,0.929543599427979,21.0172169964317,-8.80718467830823,0.283139247804492,0.747271477258307,47.5413929578831,-3.55342914262041,0.473162997522211,0.899261405760382,26.7855749822749,-7.28187283338957,0.32774891676062,0.970182378487149,14.9395289324051,-12.4659441755645,0.175190086924523,4,10.2141512036204,11,6,1.2046146274071,0.724201052889251,1.7264456536567,0.189870692379225,4,1.10066107202722,0.765494329411464,1.35316670512812,0.250026529102782,1,1.15548791958597,0.26869309643415,1.96579887523076,11
379,B4_K06_I01-03-04-05-07-09,Branch4,6,5,3,1.659917819227,1,0,0.95014880952381,-28.3663948929538,-23.6226956267131,0.928385103599154,22.0931851584748,-8.66576516247566,0.26330047796771,0.763120123790232,45.5095902393874,-3.811789590333,0.458538110903642,0.905426773217844,24.8797414197993,-7.50340520165511,0.309928358549543,0.955580715637444,15.9697790682214,-10.7050771658651,0.229571823341978,4,10.2214905242274,11,6,1.21125994259767,0.725953355419812,1.75107921647114,0.190276085501827,4,1.12104623182654,0.777320816153515,1.3683393388866,0.250227546565398,1,1.16337138295315,0.269960751083343,1.95846394026219,11
380,B4_K06_I01-03-04-05-08-09,Branch4,6,5,3,2.25003971118362,1,0,0.933779761904762,-28.3520652009277,-22.8362385671545,0.890984685511526,27.3094062483583,-6.90130738029427,0.302283985031642,0.719570580315172,51.1053346474069,-3.18205085170319,0.483741922355882,0.856854119426354,32.3963271321309,-5.7558356761194,0.326714638441759,0.92655130199016,23.0606436262927,-8.51369682765521,0.256233889989737,4,10.1786437973772,11,6,1.23445184649874,0.712060553942608,1.82686297737193,0.21441249225756,4,1.1707970171498,0.784957291522217,1.48091660185446,0.273983849330706,1,1.17710636236877,0.284554620713818,1.94464532997403,11
381,B4_K06_I01-03-04-06-07-08,Branch4,6,6,3,1.62089605899677,1,0,0.956845238095238,-28.5083790886567,-23.4796703605727,0.929702068988773,19.5188347616495,-8.83516109693437,0.284979361065317,0.74847249697679,46.6589736921383,-3.56755905333706,0.457650137850424,0.898195322376907,23.59581660603,-7.19063502903309,0.34482844038718,0.975995627434211,12.0624817888611,-13.2561001677999,0.177931649466618,4,10.127772368376,11,6,1.19402402798852,0.712779754703569,1.7237732493739,0.187198288793855,4,1.09793437926307,0.742887826068071,1.34693009140823,0.248566571278037,1,1.15059953283362,0.266031022485289,1.97165642633974,11
382,B4_K06_I01-03-04-06-07-09,Branch4,6,5,3,1.4541447024803,1,0,0.954613095238095,-28.4400040057332,-23.835115723391,0.925428207633262,20.2378140353576,-8.5700881303454,0.280893934019892,0.754330605771945,45.3694251990848,-3.65617797089492,0.463069171981904,0.902006757211486,25.1009567804392,-7.3979484961527,0.312166991992655,0.960429912729628,15.4244001414693,-11.156618316806,0.213573124093402,4,10.3384533657846,11,6,1.21095526704901,0.726884246427546,1.72797016664571,0.171584656687173,4,1.13248960092182,0.768815193431335,1.36243805430079,0.24435967789792,1,1.16818526437694,0.263435891703429,1.95374327180004,11
383,B4_K06_I01-03-04-06-08-09,Branch4,6,5,3,1.75792179601342,1,0,0.953869047619048,-28.5252457231735,-23.5252149865857,0.918881730965896,21.623855667321,-8.15141726313215,0.268604712400339,0.746966116563994,49.5574742975899,-3.54550882904748,0.469625209926239,0.897946485763227,25.9001486954016,-7.1965883630321,0.312500099463388,0.956964226515911,17.4413904452409,-10.7477869685617,0.211956741072852,4,10.2528632022961,11,6,1.21036236014818,0.725178967682079,1.74186966424593,0.180728060637695,4,1.13342417263032,0.788913014841197,1.36438390071453,0.241405262249062,1,1.16441058592688,0.263094804563011,1.95837592310254,11
384,B4_K06_I01-03-04-07-08-09,Branch4,6,5,3,2.17389700605903,1,0,0.944196428571429,-28.466814220364,-22.7118021608967,0.90015063689946,22.6498954878407,-7.29446657982502,0.309729736059412,0.739872698611636,46.6654308859812,-3.45189924292204,0.484179323486817,0.877449475193485,28.1637990432253,-6.42218050846668,0.344947588696067,0.935697029817345,21.3046271193615,-9.0649684166881,0.263118799396929,4,10.2366535653992,11,6,1.2219507238774,0.700161219821165,1.73997275543487,0.198710366425131,4,1.11158056861775,0.734848270763186,1.37852883395694,0.259616369647491,1,1.1707799931241,0.273999650268856,1.94878507176936,11
385,B4_K06_I01-03-05-06-07-08,Branch4,6,6,3,1.64038820320221,1,0,0.956845238095238,-28.6170338435026,-23.2952316190648,0.931086237491558,20.1835477245124,-8.95155701485197,0.265976496602487,0.766772473672231,48.197095102639,-3.85076088792812,0.463536366413096,0.908443361940187,23.698358277204,-7.63930809468392,0.312644800718933,0.975127478908568,12.6620677015718,-13.1723391298651,0.155087279343759,4,10.1048826368685,11,6,1.19170204330252,0.725178967682079,1.73432160254155,0.185507620434917,4,1.11076116656292,0.783747076242442,1.34906396432099,0.245132536692151,1,1.14466592164416,0.265652478851987,1.97847213765303,11
386,B4_K06_I01-03-05-06-07-09,Branch4,6,5,3,1.659917819227,1,0,0.953125,-28.6303929533059,-23.3305180379178,0.926108358276893,21.8935492103735,-8.59167272519225,0.260236121795506,0.780128063047864,46.7339884149608,-4.07747093063263,0.44889420851719,0.905331868705028,25.2533246365336,-7.53240389727941,0.301257480082574,0.958145357079836,15.8011527290927,-10.9230849863946,0.199487095576116,4,10.2214905242274,11,6,1.20787553372498,0.725178967682079,1.7588934526182,0.172464945299941,4,1.15626129235988,0.786602833021082,1.37719292252714,0.246366272293394,1,1.16806879925884,0.263935636865308,1.95502017025606,11
387,B4_K06_I01-03-05-06-08-09,Branch4,6,5,3,1.74797652248497,1,0,0.953125,-28.6439687806587,-23.3862975167821,0.921463164731013,21.6012208136554,-8.33198904750323,0.280126406379312,0.745856659392554,48.6005117014436,-3.52937225967406,0.461658515595219,0.902276002171807,26.6429760134786,-7.37260831399781,0.305183731573081,0.957205602592083,16.8237126745551,-10.7723103071659,0.200033429366698,4,10.0950575471192,11,6,1.20344133059569,0.72410334498323,1.77246569418449,0.18572102798349,4,1.15286131875164,0.80125191659828,1.38052655932675,0.24319070811876,1,1.15684681854542,0.264365140832853,1.96741696959943,11
388,B4_K06_I01-03-05-07-08-09,Branch4,6,5,3,1.86338873475906,1,0,0.950892857142857,-28.5494431427155,-23.3268575411411,0.928642644365469,21.4462463765427,-8.69434113176374,0.269463909314863,0.758788271670635,49.4214252009052,-3.72697488402286,0.467799940406956,0.906214838873724,25.5140831473416,-7.53318197392951,0.318067864194614,0.958006959477606,16.930341408578,-10.8960893786877,0.224888812849757,4,10.2953158287164,11,6,1.21695365549566,0.724562007141145,1.73930481609013,0.191785102629546,4,1.12114817691062,0.798001007738702,1.37325389061323,0.247186430301581,1,1.16175992423926,0.267731849501552,1.96033862153757,11
389,B4_K06_I01-03-06-07-08-09,Branch4,6,5,3,2.12819430326551,1,0,0.947916666666667,-28.4452613164977,-23.092321464756,0.916254443255375,23.0156408645007,-7.96084944819524,0.302668265634637,0.754094699825286,48.0429645736158,-3.65179100564779,0.454264307298165,0.894136796663194,25.3452985888243,-7.0030087939128,0.321483080586499,0.944121191045587,18.5463393150617,-9.64672401916175,0.241148850952585,4,10.1048826368685,11,6,1.1921586095234,0.725953355419812,1.73432160254155,0.18682212880712,4,1.10670600339495,0.775006706343375,1.34906396432099,0.247156347930234,1,1.14655381406207,0.266696758322893,1.97621247818462,11
390,B4_K06_I01-04-05-06-07-08,Branch4,6,6,3,2.03964463712676,1,0,0.939732142857143,-28.5177863262914,-22.4455667921733,0.918378837703567,21.5499275309555,-8.20532614614428,0.308596210432165,0.737217890930585,45.8142879052723,-3.40553851976412,0.472851014194494,0.877525879058551,24.9995669543353,-6.43672274322625,0.347060946862643,0.952842420282927,16.714311128363,-10.4746613811371,0.222724791316213,4,10.3822635584267,11,6,1.21661192442025,0.725953355419812,1.72518295850029,0.178552826186652,4,1.12136168073548,0.779680924327441,1.35727486803999,0.244921347241158,1,1.16685137799764,0.266360855914781,1.95460470122525,11
391,B4_K06_I01-04-05-06-07-09,Branch4,6,5,3,1.84531825637808,1,0,0.941964285714286,-28.4286241556899,-23.126173800529,0.91472509253032,22.1067242634218,-7.91381251331509,0.289232045666816,0.74860491926149,45.5153355737555,-3.56983125009134,0.463409588343286,0.886173029869464,27.1877620641643,-6.72640564170074,0.320419580064157,0.941782054706856,18.8402239618262,-9.51224304370474,0.255192761351352,4,10.4337509764583,11,6,1.21836588364243,0.727838663664376,1.73450209252617,0.167208585174544,4,1.15007781769228,0.791271961599269,1.36578547680632,0.246830582765963,1,1.17176435621076,0.264355649867577,1.95054852502347,11
392,B4_K06_I01-04-05-06-08-09,Branch4,6,5,3,2.01978604082007,1,0,0.941964285714286,-28.6330634163712,-22.4967467383411,0.889637874116614,25.8120107012447,-6.86180646791553,0.328946397139429,0.72168193418097,48.3586241949357,-3.19772009262606,0.509028232472055,0.868683381961684,28.8546016798384,-6.16900741374661,0.346947419155462,0.935233564509321,19.7303615862479,-9.05323579071993,0.269673177635246,4,10.3043506203277,11,6,1.21480681291777,0.727177976010166,1.74015317560028,0.185922345430693,4,1.13138030068671,0.799438550098514,1.36684173979224,0.242994732648606,1,1.16319430742914,0.265466400418485,1.9595301469574,11
393,B4_K06_I01-04-05-07-08-09,Branch4,6,5,3,1.96051469591397,1,0,0.9375,-28.4482219916096,-22.8294598252541,0.916479155792797,24.5008768353052,-8.00260740180436,0.30387549228698,0.750864177018575,44.724895507916,-3.61795868695094,0.479210391609199,0.895976946041807,26.8459656187558,-7.06253217253197,0.326893750243103,0.933712649399976,18.4018550104727,-9.05110059121109,0.273151253771425,4,10.4998560108291,11,6,1.22205192808846,0.726884246427546,1.68283554963386,0.192947456913359,4,1.08713741785885,0.771614484253245,1.34640193910975,0.25161117679061,1,1.16008630098726,0.270088430806752,1.95971311163211,11
394,B4_K06_I01-04-06-07-08-09,Branch4,6,5,3,2.04932849753857,1,0,0.943452380952381,-28.6001975929037,-22.7700704871877,0.918837143039117,22.4786469965998,-8.14944980287839,0.300107699780279,0.732688083568289,46.1217310441531,-3.34778543281146,0.484045990959144,0.88880770292484,26.1393630138896,-6.797358607411,0.335161687886416,0.944984120271968,18.7194427715085,-9.79547870479744,0.244620611578241,4,10.3822635584267,11,6,1.21827186776433,0.727970667088588,1.72258967248713,0.185319383755084,4,1.1068085398341,0.757638185637418,1.35748833604865,0.249165794658602,1,1.16876755710266,0.269691895658288,1.95174393629873,11
395,B4_K06_I01-05-06-07-08-09,Branch4,6,5,3,2.95082909282659,1,0,0.924107142857143,-28.5927169764843,-20.9626410559975,0.871706558230846,27.1162044223512,-6.21564400810367,0.341398329423871,0.728092624339962,50.195159532658,-3.28180698951774,0.511418521287944,0.853928521683911,32.056150245066,-5.67537167463074,0.350438663554222,0.896867750334694,28.1907479333171,-7.08981801701014,0.320043139069693,4,10.5513434288606,11,6,1.22058563491665,0.727177976010166,1.70145643915743,0.166508552510936,4,1.13333142485518,0.803332297049464,1.35320663573187,0.243625005601686,1,1.16441049934868,0.262444136030247,1.95772088264499,11
396,B4_K06_I02-03-04-05-06-07,Branch4,6,6,3,2.03964463712676,1,0,0.938244047619048,-28.6280993897618,-21.9306124142959,0.893322549881065,19.3234618548775,-7.27381374343039,0.368659355232514,0.724047931153136,46.2437219998102,-3.24010210855886,0.51704587872975,0.873892289869838,24.582260058336,-6.47369524195427,0.38418359357322,0.947042907074538,13.7194984906074,-10.0283757460067,0.281807037118115,4,10.3899407838162,11,6,1.21404463079964,0.728655974721678,1.73117030847067,0.168529646601001,4,1.13856212770368,0.781262707265407,1.36309237770819,0.245389972645274,1,1.17004805949768,0.263488693796585,1.95227353260066,11
397,B4_K06_I02-03-04-05-06-08,Branch4,6,6,3,1.64038820320221,1,0,0.95610119047619,-28.6855790094001,-23.040297378673,0.921721417102696,18.5288264921504,-8.48382554837221,0.291066007162919,0.730615329448983,48.215694415865,-3.31466753787697,0.491251946986389,0.904137481603981,24.3530749992928,-7.46407117547339,0.329592853986332,0.973597326494499,12.6699008841525,-12.8494521115136,0.170082769055383,4,10.0950575471192,11,6,1.18971314694355,0.725178967682079,1.71767514873523,0.193760939884187,4,1.09965485119742,0.785762128994422,1.35519821463531,0.248501656205377,1,1.13791741011048,0.263855625751021,1.98534302350562,11
398,B4_K06_I02-03-04-05-06-09,Branch4,6,6,3,2.03964463712676,1,0,0.94047619047619,-28.5311127001588,-22.6605460288507,0.900256685182156,24.8114865367034,-7.29308543331167,0.319182350380119,0.706386673095854,50.5539718653653,-3.01026115395562,0.515377065716453,0.879165299820814,28.8196723833365,-6.49702369504752,0.361562143528134,0.92630330824473,19.6353584966639,-8.48422508482811,0.276999287585284,4,10.1700624687376,11,6,1.20804379585541,0.725178967682079,1.7660289143393,0.175964790398464,4,1.15898347329903,0.788447355936373,1.37463088468037,0.24062090912177,1,1.16988426795886,0.260534820829508,1.95393950226467,11
399,B4_K06_I02-03-04-05-07-08,Branch4,6,6,3,1.62089605899677,1,0,0.949404761904762,-28.5192106372877,-23.3570623102571,0.923575425262316,16.9275930844741,-8.48634570019862,0.289260744930299,0.734753041613329,46.6715439105942,-3.37636031318539,0.493534365065794,0.893155760590491,23.3404635993423,-7.03383854898482,0.329678475445754,0.975941502090761,11.7977502601541,-13.2326635816848,0.169625921313846,4,10.2953158287164,11,6,1.21633072977429,0.713498157729556,1.74066676404356,0.190421692336012,4,1.1190768407833,0.76900622320862,1.37059236081968,0.249338018370527,1,1.16600520935252,0.269338283663572,1.95587181498042,11
400,B4_K06_I02-03-04-05-07-09,Branch4,6,6,3,1.64038820320221,1,0,0.943452380952381,-28.4588813035487,-23.3980391781767,0.924962616335632,18.9313350751722,-8.47803345339262,0.276541472914136,0.750092986113928,46.5675974822023,-3.60491601641699,0.473697380682875,0.90836157431286,22.1779312212089,-7.61409354896909,0.311186264732052,0.951594444112887,13.6592215981062,-10.3199199374727,0.245360534858968,4,10.2953158287164,11,6,1.20711466119306,0.725953355419812,1.71962156323444,0.178552826186652,4,1.11736923873847,0.779416111172579,1.35123869018309,0.241362919194997,1,1.16001520347972,0.262786053428375,1.96221404702806,11
401,B4_K06_I02-03-04-05-08-09,Branch4,6,6,3,2.03964463712676,1,0,0.946428571428571,-28.4604984569144,-23.0087460451316,0.913139395954991,23.1876402010281,-7.8087565997954,0.283984625632795,0.722903646421169,48.288224811554,-3.22702145512858,0.493490164682947,0.886613904810768,28.7759621681058,-6.703561811525,0.317334702425724,0.940760301477844,20.5750784024061,-9.39843556944025,0.225802948214312,4,10.2111078968385,11,6,1.22828537943101,0.712699835251943,1.7897142537608,0.216395924468679,4,1.14341712828529,0.778685920871985,1.47700175192851,0.271689640436282,1,1.16849012929409,0.280500943696171,1.95308008633399,11
402,B4_K06_I02-03-04-06-07-08,Branch4,6,6,3,1.63299316185545,1,0,0.947172619047619,-28.6624929396982,-23.0668582676624,0.927297037550763,18.3822099244624,-8.62790431103865,0.299174219661684,0.732548882489128,47.7454152598434,-3.34081945845747,0.494454006499254,0.904267710836035,21.8257866251671,-7.39783712204307,0.331106141167255,0.966979222612314,12.6624079000458,-11.9172544600928,0.198011942106355,4,10.1786437973772,11,6,1.19927981567786,0.726884246427546,1.72225626048365,0.192261698124726,4,1.09753278522383,0.767012236886045,1.35311390793214,0.250605072117977,1,1.15055322251483,0.267583460481986,1.97133049705385,11
403,B4_K06_I02-03-04-06-07-09,Branch4,6,6,3,1.62089605899677,1,0,0.948660714285714,-28.5466677541159,-23.4732676339139,0.91848851389306,19.4477151200142,-8.14580236174036,0.297200787041472,0.742076609320001,46.0249102767203,-3.47615774593617,0.477402419348058,0.904298601669235,21.5933828993176,-7.46830637489172,0.316680357166053,0.949753010210024,15.6885369700302,-10.2722411865794,0.249918452218227,4,10.2528632022961,11,6,1.20810888702164,0.725953355419812,1.75129434696282,0.16549621391748,4,1.15872063437737,0.779277059186079,1.37135213474432,0.243183040610673,1,1.17333872434638,0.259555920360545,1.94995838110933,11
404,B4_K06_I02-03-04-06-08-09,Branch4,6,6,3,1.64038820320221,1,0,0.957589285714286,-28.6241087780066,-23.4734112421648,0.923635836020022,20.1935265599808,-8.42076946036762,0.287034846592222,0.743563597110214,50.1111000269595,-3.49599091641069,0.477316910752089,0.90604509646196,24.8223415554676,-7.57729775208574,0.30509003949366,0.953437559661561,16.9907824601365,-10.427460182465,0.229755416601016,4,10.0950575471192,11,6,1.19509681730579,0.712699835251943,1.74677774423803,0.184994010584368,4,1.12387937969244,0.775777372389265,1.36240446436029,0.244596505291367,1,1.15079369552817,0.263683415180075,1.97322776217487,11
405,B4_K06_I02-03-04-07-08-09,Branch4,6,6,3,2.03964463712676,1,0,0.942708333333333,-28.5100262092382,-22.8638093786104,0.920312531492182,23.1973259166269,-8.17531286095014,0.306203367341729,0.731001755718552,48.5122350490702,-3.32683432270752,0.488292953170721,0.888011810192885,26.5687791997454,-6.75757440936545,0.333196333040814,0.942530079476586,19.5828217374738,-9.52829487078612,0.253848845824962,4,10.3384533657846,11,6,1.22074507405222,0.714454540619968,1.74455137629992,0.18760480433338,4,1.12158672370332,0.758074505343515,1.37048742024816,0.250291771118427,1,1.17285526782705,0.270766617768944,1.94847545367249,11
406,B4_K06_I02-03-05-06-07-08,Branch4,6,6,3,1.62089605899677,1,0,0.957589285714286,-28.7539673843243,-23.1681990567458,0.931006365160547,16.0690107391746,-8.85846080289347,0.297023395385564,0.745938768499241,47.5767338299429,-3.53163160012059,0.488733348876017,0.905296167255385,22.7788981662724,-7.50256619611444,0.331714801434834,0.972490804543027,11.3353082197718,-12.7234726921356,0.186149840569415,4,10.1786437973772,11,6,1.18916024869921,0.712699835251943,1.69666140631137,0.186309248098406,4,1.08802516997347,0.776277785842354,1.33351489216313,0.24298660723371,1,1.13617901966711,0.263111905067888,1.98698378691908,11
407,B4_K06_I02-03-05-06-07-09,Branch4,6,6,3,1.63299316185545,1,0,0.95014880952381,-28.7598538875658,-23.058605318814,0.917639699442053,20.1100758165365,-8.09225563036409,0.30691647305223,0.768339526322875,47.5617699218648,-3.87700483967743,0.459995042413852,0.906073869929914,23.2658560648807,-7.53115572579252,0.311781802143376,0.953114984974443,15.7920673500325,-10.3833491741212,0.232762704361497,4,10.2953158287164,11,6,1.21366189359381,0.725178967682079,1.74869573923753,0.172464945299941,4,1.15293655515313,0.789136380885035,1.36679871404175,0.243048353212691,1,1.17143994271693,0.262430087368849,1.95138856980291,11
408,B4_K06_I02-03-05-06-08-09,Branch4,6,6,3,1.62089605899677,1,0,0.957589285714286,-28.7470133777593,-23.4706493660237,0.933512733646874,18.791092370489,-8.96159928532694,0.27563814906465,0.754807375053724,46.8778748752507,-3.6627825393918,0.467289592523021,0.912187842962224,24.8488972115837,-7.80125104027539,0.292621062412951,0.961170995614962,16.0685690948795,-11.1853140947374,0.20094008610606,4,10.1700624687376,11,6,1.19366311104608,0.724562007141145,1.70901124036853,0.1841922534571,4,1.110959409724,0.797016878804819,1.347222971794,0.237205381427665,1,1.14254173184901,0.258249243617608,1.98124754226587,11
409,B4_K06_I02-03-05-07-08-09,Branch4,6,6,3,1.64038820320221,1,0,0.954613095238095,-28.6353625568221,-23.4746927404331,0.937308174985978,16.9940604480971,-9.17677737309534,0.279943839426298,0.75777102525834,48.0959402797838,-3.71915091381726,0.467281081244091,0.915893050720741,23.3137934028637,-7.96217652467614,0.289762159060761,0.967123594905491,13.8392386483738,-11.8929400847745,0.192402422996942,4,10.2528632022961,11,6,1.21353290675929,0.725178967682079,1.73656488490436,0.197198125835265,4,1.11378725911393,0.788913014841198,1.37702404340522,0.253683843914658,1,1.15856941770117,0.268701980718405,1.96333613558643,11
410,B4_K06_I02-03-06-07-08-09,Branch4,6,6,3,2.03964463712676,1,0,0.95014880952381,-28.5445260748939,-23.121512070548,0.914616252753189,20.9661973552641,-7.88606045242178,0.313430050482306,0.75127907180181,49.1334400044137,-3.61089554686198,0.471491548393434,0.904185576753969,25.9278877908275,-7.41764644317539,0.323497963268786,0.941539457948346,17.8282334744266,-9.45990749091987,0.255205516851177,4,10.1786437973772,11,6,1.18916700067724,0.725178967682079,1.69855541546906,0.182022159047573,4,1.09855308706596,0.786330074155687,1.33277321064197,0.239390071898897,1,1.13855862425181,0.26090374272523,1.98449073134393,11
411,B4_K06_I02-04-05-06-07-08,Branch4,6,6,3,1.64038820320221,1,0,0.95014880952381,-28.5439923592615,-23.2115138588487,0.93171045500165,17.4228726079404,-8.94772787864971,0.281610244702425,0.739396458667782,47.3519611309321,-3.43790440244095,0.486082580296475,0.910392223038016,23.8587468265853,-7.68506944777052,0.298618129550553,0.973811644947719,12.3874746087388,-12.9021982852723,0.172399646074257,4,10.2214905242274,11,6,1.21517471671806,0.726884246427546,1.79005326776156,0.166182293284735,4,1.18004816192234,0.767115443517826,1.38895531443775,0.25116669155247,1,1.18707997586464,0.265830507086561,1.93563917110046,11
412,B4_K06_I02-04-05-06-07-09,Branch4,6,6,3,1.62089605899677,1,0,0.951636904761905,-28.4407165418344,-23.5384599768796,0.92270627166662,20.2868832820069,-8.30008206542484,0.280123152874949,0.749718786805992,46.6743655316572,-3.58614246088151,0.470404422744361,0.90228685228151,24.1229431680448,-7.35432935880492,0.305521862814444,0.952699077485293,16.1638369027499,-10.3514320883706,0.223236579693054,4,10.346803246748,11,6,1.21579419535766,0.728655974721678,1.76076411285298,0.15960341619237,4,1.17388373645386,0.78113536831235,1.37119344638297,0.247449256607839,1,1.1824953606488,0.261591063773853,1.94067255296421,11
413,B4_K06_I02-04-05-06-08-09,Branch4,6,6,3,1.63299316185545,1,0,0.958333333333333,-28.6153960164267,-23.3724573981879,0.921319661243949,21.3814502001999,-8.41390297552229,0.274724894425435,0.738218429478187,47.0805859987806,-3.42146869620941,0.478342868467061,0.901013420996428,25.76696188708,-7.30062320220528,0.301874805678647,0.953714582525067,16.9804327129872,-10.5164213296201,0.216915078434404,4,10.2625953148701,11,6,1.21057055004362,0.727838663664376,1.73814614301124,0.187227328842079,4,1.12069755484965,0.790430187509177,1.36677558704778,0.245476289345768,1,1.16136554550804,0.264886666149482,1.96140301828651,11
414,B4_K06_I02-04-05-07-08-09,Branch4,6,6,3,1.62089605899677,1,0,0.951636904761905,-28.391533236725,-23.8047647217467,0.932189930184746,18.3914875433027,-8.86136075290288,0.261287778343955,0.742060328157036,46.4400538635897,-3.49108776851787,0.48014401603694,0.91031523416798,23.3072054892853,-7.67174592493149,0.301464604889327,0.963943263770297,15.0330957518147,-11.5249607801246,0.198621258058508,4,10.4123496841694,11,6,1.2351945734772,0.725953355419812,1.75915137834511,0.189605217526928,4,1.13759892000188,0.781611429190097,1.38665748330812,0.250062458538791,1,1.1851664445082,0.27044716797935,1.93575293261776,11
415,B4_K06_I02-04-06-07-08-09,Branch4,6,6,3,1.64038820320221,1,0,0.953125,-28.5874204895073,-23.4429222019702,0.927539204865593,20.5289065555163,-8.60228785911155,0.28653248821444,0.737261238359377,47.6199236197122,-3.41035973903071,0.46641159616173,0.910454911480241,23.3627828629992,-7.69173316516398,0.31223727598156,0.957369978316225,15.3568014494267,-10.8710517552672,0.230600459979688,4,10.2953158287164,11,6,1.22295344690345,0.726884246427546,1.77268538994001,0.17856084135574,4,1.15706782783793,0.768743442579335,1.38307460449531,0.246665390279768,1,1.18464942605366,0.267538393772153,1.93717929178904,11
416,B4_K06_I02-05-06-07-08-09,Branch4,6,6,3,2.03964463712676,1,0,0.949404761904762,-28.576763101351,-22.884515960536,0.928472789545002,22.7265650136964,-8.66609784453948,0.292147296114075,0.749805210787798,48.0753598629373,-3.58812100859739,0.4808939940899,0.899324675071059,26.3648038395135,-7.21184074798711,0.308315275858803,0.95005285728607,20.7654075635931,-10.1201582830197,0.22699989978187,4,10.4210865027417,11,6,1.21430502190119,0.726674806787496,1.71445227962832,0.168714937760102,4,1.13988100127596,0.811116579879362,1.35325892515061,0.238612183644183,1,1.16355552897138,0.258248409430815,1.95982848789379,11
417,B4_K06_I03-04-05-06-07-08,Branch4,6,6,3,2.03964463712676,1,0,0.938244047619048,-28.6261737416849,-22.0704681277636,0.914673052772765,19.5635917691195,-7.97718554070568,0.321197571107611,0.740363363294878,47.9027693288587,-3.45021333965165,0.482173651647637,0.887188979694135,23.5595398424933,-6.77306454490131,0.336495182076266,0.958591223667509,12.7258661373732,-10.9850512137637,0.233480375791653,4,10.2141512036204,11,6,1.20282547093466,0.725245819111353,1.73277148481541,0.178781995509971,4,1.11638014147269,0.754186091264139,1.35239321159009,0.245184554368773,1,1.16149567312011,0.265998324181231,1.96008582240469,11
418,B4_K06_I03-04-05-06-07-09,Branch4,6,6,3,1.64038820320221,1,0,0.946428571428571,-28.5644744258783,-23.0281393883328,0.912866433178918,20.4492796751374,-7.89033611043859,0.312988564192304,0.757673727463598,46.576633093334,-3.70739509753656,0.455561939255044,0.899269022833234,22.8196498730458,-7.25714749352782,0.323337825527552,0.946438416807701,15.65079135419,-9.8297628453646,0.262426658173359,4,10.2953158287164,11,6,1.20576515850591,0.725953355419812,1.72492616157458,0.170265009023593,4,1.13216136635242,0.779416111172579,1.35960773101194,0.241947062369321,1,1.16323689054949,0.260544765123247,1.95945383595227,11
419,B4_K06_I03-04-05-06-08-09,Branch4,6,6,3,1.62089605899677,1,0,0.951636904761905,-28.6561369555816,-23.2843950463131,0.91862766864304,21.4084849375734,-8.21259209306558,0.293387671847161,0.733085787066379,48.7652293216603,-3.34855141964389,0.456792441877167,0.903762102054426,25.9104037331183,-7.44421138693676,0.311729348492772,0.951447817094432,16.1913802927361,-10.2359164509296,0.237898573032767,4,10.2953158287164,11,6,1.20971355279568,0.725178967682079,1.71215954165972,0.193760939884187,4,1.09996664891876,0.789136380885035,1.35832193802526,0.24976269853021,1,1.1527342030383,0.266967409264815,1.96896315107917,11
420,B4_K06_I03-04-05-07-08-09,Branch4,6,6,3,1.63299316185545,1,0,0.947172619047619,-28.5144735234478,-23.3512540396832,0.927288894602806,21.3974885655478,-8.56944478319357,0.29144028803412,0.742437440500088,46.9074411234427,-3.4993740553053,0.472660535607575,0.90367229793886,24.8099396923631,-7.4298705673345,0.322272241799348,0.95027431299188,16.129906879929,-10.1470942625992,0.244001864749769,4,10.3384533657846,11,6,1.20725736968042,0.725953355419812,1.68684946899067,0.19575770645359,4,1.0860064080761,0.779550749480447,1.3449652832824,0.251214420256668,1,1.14716975441535,0.268023942394658,1.97372861515315,11
421,B4_K06_I03-04-06-07-08-09,Branch4,6,6,3,1.62089605899677,1,0,0.95014880952381,-28.639843447534,-23.3487389330066,0.911264133690216,21.1110492888624,-7.77580111658664,0.309198975374072,0.745535200429557,46.4582735541994,-3.52462713026129,0.454528998365403,0.894524850198201,24.3929119457775,-7.1069867510405,0.32253170674636,0.946901667089518,16.8898180152915,-9.86543978675097,0.251681887171573,4,10.1711789877257,11,6,1.20654129793368,0.714388587656864,1.72428564278975,0.192084928895251,4,1.09849580091797,0.756859063104017,1.35763926684261,0.251304032150239,1,1.15643477270839,0.269299760018844,1.964006530341,11
422,B4_K06_I03-05-06-07-08-09,Branch4,6,6,3,1.64038820320221,1,0,0.956845238095238,-28.7641018178957,-23.1371164749966,0.930397159959119,19.3057190554729,-8.83736010381796,0.279131799170472,0.764221375222874,47.8654280585724,-3.80945183859869,0.455039549706854,0.909635903316049,23.6709551565989,-7.69003677294928,0.290692160561849,0.955298204325841,14.6025061265638,-10.5877131554763,0.224056304119532,4,10.1364951769068,11,6,1.17832151506718,0.725178967682079,1.66537620857477,0.190973104543224,4,1.07058654152602,0.786049823188457,1.32084621122746,0.244355807737361,1,1.12145136576506,0.26024267484148,2.0015031164867,11
423,B4_K06_I04-05-06-07-08-09,Branch4,6,6,3,2.03964463712676,1,0,0.941220238095238,-28.5975824342552,-22.4292118348592,0.903335027714346,24.0769589013245,-7.41405255482617,0.306601252411357,0.723224658771754,47.1144322188264,-3.21673567875493,0.479043782408745,0.87507532299247,28.1030369718807,-6.3866188363077,0.333515216827525,0.930083358195305,18.9970820289276,-8.7405792528367,0.284151353156096,4,10.3899407838162,11,6,1.20086412527228,0.741055472738564,1.67129919414623,0.178003440525283,4,1.08712211351904,0.7917050783997,1.32500874931442,0.24045652276428,1,1.14457765549478,0.261378582697442,1.97685772030753,11
424,B4_K07_I01-02-03-04-05-06-07,Branch4,7,7,3,1.59383575808277,1,0,0.962797619047619,-27.913549123841,-23.4656926292605,0.941203364455021,17.1709966492885,-9.62546569865106,0.258194572398349,0.771104865713215,45.0389303197844,-3.92594452020526,0.452578568978445,0.912916325124559,22.8854914415083,-7.8861442479965,0.325279636605899,0.989563966888515,7.39940573922742,-16.8356826687774,0.109371908950762,4,10.2214905242274,11,6,1.2076573972318,0.725953355419812,1.7614739483561,0.169637519767108,4,1.15637537925527,0.777320816153515,1.37526730515139,0.24711183049174,1,1.17162818527016,0.263864947774899,1.95130222765336,11
425,B4_K07_I01-02-03-04-05-06-08,Branch4,7,7,3,1.59383575808277,1,0,0.96577380952381,-28.0093317566374,-23.506300082739,0.939358182665102,17.2850356939343,-9.49526134132368,0.248902821773373,0.749659217353662,47.5257082622692,-3.58543416780624,0.473622463534271,0.908302555997094,23.8945093686129,-7.64532049571514,0.290838145102902,0.983639889562509,9.25981998974472,-14.9085214922815,0.106807402625263,4,10.1364951769068,11,6,1.19977261804811,0.725178967682079,1.7501161269419,0.180728060637695,4,1.13507672629405,0.786049823188457,1.36172218315757,0.242032551409457,1,1.15716736282823,0.263038244427343,1.96632475728977,11
426,B4_K07_I01-02-03-04-05-06-09,Branch4,7,6,3,1.98291847171118,1,0,0.949404761904762,-27.9372243889574,-22.8445993121554,0.923264735479551,22.007246150098,-8.50737029142694,0.265033395561261,0.730726262521149,49.3228806668475,-3.31912377781858,0.470503980806129,0.896212313918687,23.9540105685336,-7.13820320238243,0.322105264402659,0.955992106055835,15.7640416230022,-10.6609528790371,0.20103709210346,4,10.1700624687376,11,6,1.20005506069881,0.713498157729556,1.73930258141008,0.178041944487565,4,1.13146436185621,0.768662756440863,1.35850459562443,0.24021423395045,1,1.15973626464934,0.260446958973613,1.96403808952457,11
427,B4_K07_I01-02-03-04-05-07-08,Branch4,7,7,3,1.59383575808277,1,0,0.961309523809524,-27.8541463084016,-23.9301636803708,0.94779118468387,17.0040352198915,-10.0590910184877,0.247977128916673,0.760625297894678,45.4315166274682,-3.75902522096438,0.468167135267771,0.916719200114425,23.8892847047488,-8.0072154476319,0.29813064141896,0.990011582080149,9.20210347892493,-17.0288275661224,0.103779571016821,4,10.2214905242274,11,6,1.21852105998716,0.725178967682079,1.77756115504795,0.188311349438176,4,1.14417469630139,0.786602833021082,1.38406130607422,0.250354544131929,1,1.17258403589171,0.270864816248753,1.949605302805,11
428,B4_K07_I01-02-03-04-05-07-09,Branch4,7,6,3,1.7474907444751,1,0,0.958333333333333,-27.8068279824033,-23.7347681546527,0.940027344911532,19.144121317751,-9.49397937174195,0.25809582277688,0.768466578071242,45.5922236800869,-3.90709987792856,0.446083726444323,0.91927154695258,22.5655979682012,-8.20190104592663,0.294397259043289,0.972461540608313,12.9136146297769,-12.6936418465595,0.166372796314488,4,10.3384533657846,11,6,1.21980135430555,0.725178967682079,1.74659380558467,0.180728060637695,4,1.13714087850543,0.789353347465391,1.37018723953161,0.244786160173094,1,1.17166563740639,0.266475582175972,1.95031842463899,11
429,B4_K07_I01-02-03-04-05-08-09,Branch4,7,6,3,2.27803931585949,1,0,0.951636904761905,-27.8323455202853,-22.7431309593098,0.920160527142772,23.3172601960487,-8.14976503457826,0.258793522431379,0.721770964541061,47.8286664708338,-3.20624260268257,0.48505439462049,0.890164650523047,29.6809204753318,-6.82942577204667,0.303659684124433,0.949828870702958,19.6257825463296,-10.1041444278583,0.204417831252355,4,10.2111078968385,11,6,1.22496585675331,0.712060553942608,1.78849721879714,0.202888679772277,4,1.14228119346614,0.787690138477581,1.42838145423765,0.259640422447995,1,1.17022172247636,0.274224376850773,1.95235011590428,11
430,B4_K07_I01-02-03-04-06-07-08,Branch4,7,7,3,1.59383575808277,1,0,0.967261904761905,-27.9423736490495,-23.7316081027014,0.94358984916176,16.8863543603361,-9.67221215682682,0.24735999423134,0.752587289679832,47.0041915081627,-3.62915429142504,0.470803829144653,0.920797171425182,21.3983791972507,-8.18823399768051,0.305211171122144,0.989022999481372,9.08454906661827,-16.6087666232935,0.116311214877178,4,10.1786437973772,11,6,1.1972788197357,0.725953355419812,1.72555210760074,0.182689831705152,4,1.1105621689905,0.777140039922614,1.34857839379619,0.243388231532461,1,1.15153090541434,0.26378247930287,1.97116079858213,11
431,B4_K07_I01-02-03-04-06-07-09,Branch4,7,6,3,1.66386202630304,1,0,0.959821428571429,-27.8697645142124,-23.9132377230463,0.93836505628136,18.3326050360742,-9.33327241518696,0.243890816667163,0.764786933551335,46.0495060376761,-3.82418793426149,0.44736095607725,0.914978806083751,21.6019352833196,-7.93865376139204,0.299680416059984,0.973785956313568,12.8518430665475,-12.9010365405546,0.167478945478983,4,10.2953158287164,11,6,1.21326053376431,0.726884246427546,1.75423362973454,0.166807730330751,4,1.1563154579656,0.768743442579335,1.37390223795086,0.245332588770283,1,1.17841045943176,0.262394416552718,1.94411016171389,11
432,B4_K07_I01-02-03-04-06-08-09,Branch4,7,6,3,1.88102963880639,1,0,0.96577380952381,-27.9470057936691,-23.43222972433,0.932045781317128,18.9464641251068,-8.92288565035755,0.253915895004862,0.748519930279344,49.5992626508213,-3.5691222307035,0.470562905325397,0.913825243250839,24.1215767786077,-7.88576988191039,0.293923270186985,0.969833353743954,14.9898842797823,-12.2669484585843,0.169025860396901,4,10.2528632022961,11,6,1.21036236014818,0.725178967682079,1.74186966424593,0.180728060637695,4,1.13342417263032,0.788913014841197,1.36438390071453,0.241405262249062,1,1.16441058592688,0.263094804563011,1.95837592310254,11
433,B4_K07_I01-02-03-04-07-08-09,Branch4,7,6,3,2.1992093289624,1,0,0.953125,-27.8511923869785,-22.6442444283431,0.925202552093836,22.9579233983128,-8.42360114487269,0.285103143762279,0.742990874528684,48.3708790155881,-3.5011252912079,0.47353616229531,0.897820273456627,26.6064428920318,-7.14210728284954,0.320240345249667,0.956871181740822,18.5958732129586,-10.7535921791976,0.194164278594927,4,10.3384533657846,11,6,1.21305184283764,0.714454540619968,1.71774305792712,0.188280156723946,4,1.10216211414574,0.758074505343515,1.35484626312368,0.249100519276072,1,1.161498630093,0.269026719558077,1.95984278186909,11
434,B4_K07_I01-02-03-05-06-07-08,Branch4,7,7,3,1.59383575808277,1,0,0.966517857142857,-28.0270815729176,-23.5967881174424,0.943938094857529,16.6110682222701,-9.80756019523118,0.245591934135526,0.773161937589583,48.4648310852173,-3.95581054036257,0.471342782751837,0.916831433232344,22.2137328435294,-8.03985738908916,0.294227829423817,0.987639515845343,8.79681821166682,-16.1237717175629,0.108540786071909,4,10.1364951769068,11,6,1.19977261804811,0.725178967682079,1.7501161269419,0.180728060637695,4,1.13507672629405,0.786049823188457,1.36172218315757,0.242032551409457,1,1.15716736282823,0.263038244427343,1.96632475728977,11
435,B4_K07_I01-02-03-05-06-07-09,Branch4,7,6,3,1.70953847804352,1,0,0.960565476190476,-28.0218340890426,-23.311211272469,0.937645617349668,19.6928875931416,-9.30653094919481,0.26197494097531,0.781566866335256,48.152955138242,-4.10581147266573,0.447573437741167,0.914322725156512,24.161900619612,-7.94574524982703,0.298929813456193,0.969569580010348,12.7135017631555,-12.232985558528,0.178176365191579,4,10.2528632022961,11,6,1.21667068295134,0.725178967682079,1.77245166015962,0.171840154779697,4,1.172053288386,0.788913014841197,1.39004122220959,0.245050651159666,1,1.17933216212281,0.262642276245285,1.94386550748348,11
436,B4_K07_I01-02-03-05-06-08-09,Branch4,7,6,3,1.79577308722275,1,0,0.964285714285714,-28.0510406258344,-23.3677213541066,0.937945757269019,19.0551839107643,-9.28589489290088,0.258952561474467,0.763653934047905,47.6634441243016,-3.80049131786749,0.466562079436159,0.911742187445326,25.0676368165661,-7.76470817817229,0.284886581677144,0.970523540586482,14.8693852434072,-12.3636943732067,0.169623314912663,4,10.1700624687376,11,6,1.19989077988343,0.712060553942608,1.7376553038323,0.17955768019815,4,1.13829840280062,0.787391894952715,1.35879269870173,0.237969562365049,1,1.15420956984293,0.259694236175269,1.97014476701256,11
437,B4_K07_I01-02-03-05-07-08-09,Branch4,7,6,3,1.92201630829681,1,0,0.958333333333333,-27.9383923370472,-23.3865174551704,0.942560734914178,18.4890035446727,-9.60005658273044,0.255299599365419,0.762768314470522,48.1402736170771,-3.80369948772116,0.453777854510131,0.920057915767646,24.0151269316922,-8.17955013527042,0.285872652707697,0.974276765313918,12.5060004670571,-12.9455250809972,0.16886378302207,4,10.2953158287164,11,6,1.22386930358136,0.724562007141145,1.7673922083667,0.187016618475726,4,1.1480084870052,0.798001007738708,1.38394869596659,0.246270054534617,1,1.17422691004118,0.268253639309684,1.94808529958092,11
438,B4_K07_I01-02-03-06-07-08-09,Branch4,7,6,3,2.1992093289624,1,0,0.951636904761905,-27.8704328738012,-22.9784202609189,0.92507158143794,20.840839922454,-8.44130461613626,0.296885597484474,0.759250468168837,48.6683191178719,-3.73107448647398,0.463359242584493,0.904712009151861,23.5988190715034,-7.42282789633599,0.321610420308309,0.956765802939869,16.4410788426056,-10.7312880198938,0.207483554904131,4,10.2214905242274,11,6,1.20900822902152,0.725953355419812,1.75656185075768,0.177906777343857,4,1.14055414937774,0.777320816153515,1.36723062841523,0.245877568740764,1,1.1680539830276,0.266103253548093,1.95443506847,11
439,B4_K07_I01-02-04-05-06-07-08,Branch4,7,7,3,1.59383575808277,1,0,0.967261904761905,-27.9038882763735,-23.7718377955863,0.943909504496125,17.4162103570108,-9.83513011675475,0.246618082492295,0.759204683555268,45.9321135407715,-3.73142115037444,0.472896590631387,0.92244371640539,21.7543053076272,-8.30783816143708,0.289317777640468,0.990176787039176,9.49745232707493,-17.1040833032805,0.0931324392544888,4,10.3384533657846,11,6,1.21817812885674,0.725953355419812,1.75424461293008,0.169637519767108,4,1.15486026233178,0.779550749480447,1.37778348306521,0.246362979482341,1,1.17837802242629,0.264182159829643,1.94390041277295,11
440,B4_K07_I01-02-04-05-06-07-09,Branch4,7,6,3,1.64872505219752,1,0,0.959821428571429,-27.8096138802561,-23.9532642882219,0.936173436266128,19.7865500608225,-9.22952563688306,0.266228299752345,0.756091133307214,46.2861045045875,-3.68799592125994,0.456542855104837,0.911198258463962,21.8906716062365,-7.80395332232885,0.298130836974681,0.970739085063598,13.9000077213617,-12.3911090253094,0.171670853090577,4,10.4210865027417,11,6,1.21395529962427,0.727838663664376,1.72093052891567,0.16305616805747,4,1.15033245279781,0.793327695595444,1.35940214166806,0.241034001540643,1,1.17016783618357,0.258316891370101,1.95291454078386,11
441,B4_K07_I01-02-04-05-06-08-09,Branch4,7,6,3,1.74077368673836,1,0,0.962797619047619,-27.9710137684565,-23.2298981015787,0.928610020938703,20.5979132474101,-8.8088906207844,0.259342568722021,0.739427863163589,48.1034105698264,-3.43668962048976,0.472584453405446,0.902803012203675,24.7259515086166,-7.39494666390407,0.299717569372004,0.962200649078035,15.2859756891574,-11.3662392529242,0.178893913361091,4,10.3043506203277,11,6,1.21408941703002,0.714738609614888,1.74015317560028,0.186063641320974,4,1.13056623228529,0.789733490744827,1.36684173979224,0.243786758067865,1,1.16232605052626,0.266370073146716,1.96072238627925,11
442,B4_K07_I01-02-04-05-07-08-09,Branch4,7,6,3,1.79577308722275,1,0,0.959821428571429,-27.7849410315359,-23.8540146628478,0.942195859778098,18.1075168446829,-9.53167290332949,0.251862929943945,0.75432521971183,45.5127397487061,-3.66712870408562,0.469368465351006,0.916893358313278,23.2932078997183,-7.99616102129526,0.298398813255889,0.972227706473502,14.1198440467307,-12.6336981004938,0.172182230931157,4,10.4557725955498,11,6,1.23068597422663,0.713498157729556,1.73657741379182,0.186299836011408,4,1.12384470768275,0.771262896214309,1.37346478422688,0.248247803032114,1,1.17806928311422,0.270077765839205,1.94302611461947,11
443,B4_K07_I01-02-04-06-07-08-09,Branch4,7,6,3,1.88102963880639,1,0,0.959821428571429,-27.9176557134641,-23.3761538518375,0.937163174535678,20.0559099685851,-9.19866923371143,0.266139280832585,0.744929875648534,46.94907907561,-3.51731145983698,0.468800991376264,0.911859370712293,22.989320578817,-7.77520559787555,0.308916189975257,0.970481305419217,13.6702924687988,-12.4050669328603,0.183287457984503,4,10.3384533657846,11,6,1.22070833236397,0.726884246427546,1.74659380558468,0.183340245313172,4,1.13015506605468,0.768815193431335,1.37018723953161,0.246690545329449,1,1.17512511014842,0.268579526199455,1.94611940187566,11
444,B4_K07_I01-02-05-06-07-08-09,Branch4,7,6,3,2.27803931585949,1,0,0.945684523809524,-27.9135446943691,-22.5702063550079,0.934292883501175,23.7316778475653,-9.03928185128293,0.277485923074348,0.750416191836294,48.716503431514,-3.59842812413778,0.480425341867717,0.906305212668695,26.5626968645083,-7.51499287880604,0.299021560312575,0.959994028843403,19.9650324801682,-11.0569180940488,0.190424364361686,4,10.3695990847101,11,6,1.21742152669254,0.712699835251943,1.74406234749577,0.164307708574973,4,1.16581266400048,0.781632891500475,1.37388622122746,0.242722763291485,1,1.17782427942284,0.259966199249923,1.94554359652589,11
445,B4_K07_I01-03-04-05-06-07-08,Branch4,7,7,3,1.59383575808277,1,0,0.960565476190476,-27.9407258951078,-23.473982341599,0.941677269337213,17.5323497667915,-9.71660573672206,0.249601531607171,0.766672448584477,46.4490756899396,-3.84905145252398,0.453248858412923,0.917924252513926,22.5629373279338,-8.09781582041581,0.297513505735522,0.98783794608442,8.13492954207441,-16.2629361953649,0.120439749069938,4,10.2214905242274,11,6,1.20357905287122,0.725953355419812,1.72428564278975,0.190949638590117,4,1.09845725373326,0.777320816153515,1.35485593187503,0.249944047990571,1,1.15230191774948,0.268107215786693,1.96952535695648,11
446,B4_K07_I01-03-04-05-06-07-09,Branch4,7,6,3,1.52367866134271,1,0,0.963541666666667,-27.8984063507083,-23.8443447522587,0.94113611612101,19.1193269235949,-9.54453979263662,0.258676617214412,0.772335915906757,45.542026421187,-3.95129135783011,0.435854293689832,0.91990645921715,24.6447413598343,-8.22474049077585,0.288497785774423,0.970409723454558,12.0045198326272,-12.4752008757109,0.183967859762556,4,10.2953158287164,11,6,1.20711466119306,0.725953355419812,1.71962156323443,0.178552826186652,4,1.11736923873847,0.779416111172571,1.35123869018309,0.241362919194997,1,1.16001520347972,0.262786053428375,1.96221404702806,11
447,B4_K07_I01-03-04-05-06-08-09,Branch4,7,6,3,1.64872505219752,1,0,0.957589285714286,-27.9746617510833,-23.5617753016209,0.930415901980955,19.6748230347041,-8.85204342289546,0.259990853431512,0.758058993637149,49.3077379872324,-3.713481334883,0.458400129272397,0.905671252950117,25.3161548104079,-7.58326764733123,0.300616295278794,0.965532434832123,14.238537136577,-11.6954541922165,0.189616406909369,4,10.2528632022961,11,6,1.21269530361374,0.725178967682079,1.73749944557919,0.193087824459832,4,1.11305792796361,0.788913014841197,1.37267394852085,0.249943420982258,1,1.15990400049953,0.267205987209418,1.96222031750152,11
448,B4_K07_I01-03-04-05-07-08-09,Branch4,7,6,3,1.70953847804352,1,0,0.953869047619048,-27.8586314559891,-23.6988221943385,0.937698431032449,19.2690368649647,-9.2453801543428,0.254240370106435,0.758577976248963,45.4723726792921,-3.73215253065707,0.469014518899421,0.912811175213589,24.7630428598782,-7.82565685608565,0.304549726068946,0.96662147401023,14.3747891255636,-11.9639136045763,0.203117555719924,4,10.2953158287164,11,6,1.217399926015,0.725178967682079,1.73930481609013,0.193087824459832,4,1.11288498189396,0.789136380885035,1.37325389061323,0.250642694998127,1,1.16364809255163,0.268773482528829,1.9580692391456,11
449,B4_K07_I01-03-04-06-07-08-09,Branch4,7,6,3,1.66386202630304,1,0,0.961309523809524,-27.9327970877807,-23.770415039808,0.93730622505358,19.314830855908,-9.24832705927911,0.255451405985403,0.756738041453877,46.9813713202376,-3.69450840860813,0.463775309527406,0.908626966042436,23.7382552571991,-7.63550445866955,0.309864171225426,0.969823849011119,14.1061071176896,-12.2918673818527,0.193019685990012,4,10.2650226326216,11,6,1.21605934939529,0.725953355419812,1.75312809216573,0.190276085501827,4,1.12300557778158,0.777496184489751,1.37099929102581,0.251070624145862,1,1.16704770236983,0.271561172484405,1.95438034033327,11
450,B4_K07_I01-03-05-06-07-08-09,Branch4,7,6,3,1.7474907444751,1,0,0.966517857142857,-28.0283904000783,-23.3368018373896,0.939548072444037,18.8330590913537,-9.47007539501482,0.247596839113739,0.776046527954592,47.2512955810586,-4.00391150687942,0.450888437413002,0.917311650925233,22.5553398486263,-8.05370125553192,0.294454789244719,0.970851422934106,12.7817799745733,-12.4301604586738,0.172078441396271,4,10.1786437973772,11,6,1.20525869790979,0.725178967682079,1.75056855105839,0.184852714694087,4,1.1277444468842,0.786330074155687,1.36486338778826,0.245603401050038,1,1.15927706908803,0.265965790879825,1.96356645151784,11
451,B4_K07_I01-04-05-06-07-08-09,Branch4,7,6,3,1.98291847171118,1,0,0.953869047619048,-27.9538841399027,-22.7202268333097,0.928922878815997,20.7199575099021,-8.69571797322301,0.280452770217392,0.748062910629494,45.4313315448308,-3.56299063515597,0.465687939507063,0.898157956577346,24.9059206367781,-7.21024560379105,0.30879920950514,0.954584346080453,15.1612066788746,-10.5892209337235,0.223001447159821,4,10.3822635584267,11,6,1.21592205489067,0.725953355419812,1.72803435845516,0.17441119185885,4,1.12930842451206,0.779680924327441,1.36616366317267,0.245606657251082,1,1.16834050505157,0.265271163297117,1.95334649248505,11
452,B4_K07_I02-03-04-05-06-07-08,Branch4,7,7,3,1.59383575808277,1,0,0.962053571428571,-28.0534537616447,-23.047421606043,0.941592103067802,14.9020354017297,-9.62730070495973,0.267139221368311,0.745370383923705,46.4596394974441,-3.52325352401905,0.471665311005751,0.91453073662654,21.4101781992719,-7.93539491446008,0.32061647776909,0.985894335161371,6.86155489124443,-15.6550597657364,0.145954839527662,4,10.2214905242274,11,6,1.20928062268061,0.725178967682079,1.75448110006831,0.180728060637695,4,1.13854621056879,0.786602833021082,1.3674159775305,0.245341044888791,1,1.16460123633379,0.266292485674332,1.95804368370071,11
453,B4_K07_I02-03-04-05-06-07-09,Branch4,7,7,3,1.59383575808277,1,0,0.955357142857143,-27.9798281762426,-23.3605717888275,0.929533522168868,16.645353407658,-8.79568829598129,0.265722346411211,0.756216664015555,45.9394225838338,-3.68418424836613,0.462898979209417,0.921294072821469,20.2423308592806,-8.26392483511986,0.286683017113894,0.96456976841947,12.1028710124548,-11.614435109323,0.216127720095945,4,10.2953158287164,11,6,1.21221340127826,0.725953355419812,1.757376008543,0.161350564296732,4,1.16811900573086,0.779416111172571,1.36851976599287,0.24541197998325,1,1.17878208217734,0.260433109879009,1.94434205208235,11
454,B4_K07_I02-03-04-05-06-08-09,Branch4,7,7,3,1.59383575808277,1,0,0.962053571428571,-28.042545010125,-23.5184713913675,0.937081461953129,17.9380641145218,-9.27617055677604,0.263219756216614,0.750399642782199,47.9566210177069,-3.59931713453492,0.46716709597567,0.914230077077136,23.5474506884354,-7.96909850024183,0.286375208293538,0.970999462855942,13.2743074219979,-12.4304329444041,0.182439619587724,4,10.2111078968385,11,6,1.20721402350764,0.725178967682079,1.73685409379899,0.18897266180924,4,1.11621606627901,0.788683314024572,1.36723959862412,0.245924248627691,1,1.15756544856749,0.264199116253348,1.96519605653854,11
455,B4_K07_I02-03-04-05-07-08-09,Branch4,7,7,3,1.59383575808277,1,0,0.961309523809524,-27.9144832546667,-23.8509566632068,0.940082050955351,16.4798142464118,-9.4387075674034,0.265548853437237,0.753603470367225,45.0317484678201,-3.66929634536488,0.460669527557893,0.922531183548165,21.6157360023288,-8.28359756985151,0.282215374441722,0.972868892308375,11.2159828480618,-12.7155751599041,0.175871600651383,4,10.2953158287164,11,6,1.21785688032199,0.725953355419812,1.73930481609013,0.19438965407635,4,1.11374724697305,0.779416111172579,1.37325389061324,0.252574001132975,1,1.16552845729877,0.269835196769059,1.95581898938573,11
456,B4_K07_I02-03-04-06-07-08-09,Branch4,7,7,3,1.59383575808277,1,0,0.960565476190476,-28.0069647286698,-23.6784164356643,0.939238322960707,18.2629983780248,-9.34482912056627,0.268855861158413,0.745082727057955,47.3293097365556,-3.51806572110669,0.457745810943563,0.920212737626776,21.1965580967444,-8.16212298035624,0.294367869934366,0.967174204790496,12.5356926133331,-11.9192446216682,0.198453007039082,4,10.2953158287164,11,6,1.21551512550024,0.725953355419812,1.74416831473897,0.182034569335388,4,1.12960281371768,0.779416111172571,1.36726326036196,0.244639577386675,1,1.16983240996518,0.26581239657969,1.95217060439362,11
457,B4_K07_I02-03-05-06-07-08-09,Branch4,7,7,3,1.59383575808277,1,0,0.96577380952381,-28.1065151362537,-23.4767347337848,0.943473073976395,15.0876590446681,-9.7104277575243,0.264289948042073,0.778520350278158,46.8789841508503,-4.04608753034446,0.448293137667338,0.924172855194282,21.5747010053121,-8.40912960435822,0.28020679817182,0.974490520609889,11.3845491793216,-12.9905200433165,0.165259590938738,4,10.2111078968385,11,6,1.19800284186583,0.725178967682079,1.71265548513537,0.181373792363687,4,1.10969572823928,0.788683314024572,1.34571277230523,0.239194116088859,1,1.1496265862909,0.259554561418238,1.97357251965212,11
458,B4_K07_I02-04-05-06-07-08-09,Branch4,7,7,3,1.59383575808277,1,0,0.960565476190476,-27.9491704654283,-23.7250938961619,0.93887924186881,17.2374683740615,-9.38932348328944,0.252481981774715,0.759970156035904,46.2982318589721,-3.74527056542937,0.453802578583443,0.922011166187564,21.9013910475897,-8.27142185259539,0.285856354883295,0.973048248164184,11.660904198029,-12.7693617406225,0.178952499081078,4,10.2953158287164,11,6,1.20711466119306,0.725953355419812,1.71962156323444,0.178552826186652,4,1.11736923873847,0.779416111172579,1.35123869018309,0.241362919194997,1,1.16001520347972,0.262786053428375,1.96221404702806,11
459,B4_K07_I03-04-05-06-07-08-09,Branch4,7,7,3,1.59383575808277,1,0,0.962797619047619,-28.0440835820851,-23.2016750532577,0.935960689745198,17.9907389700785,-9.21957573312101,0.274094153485468,0.759054329148712,47.0126604129216,-3.7294813732623,0.443786690418906,0.916801743929696,21.7270433611509,-8.0569131473278,0.299332353668479,0.965837839703119,11.7140391209501,-11.7556865480092,0.219888760268923,4,10.3384533657846,11,6,1.2059818105536,0.725178967682079,1.68860156661654,0.190303495240465,4,1.08448565400745,0.78935334746539,1.34223557753341,0.246548418618158,1,1.14650233583629,0.265554462203898,1.97499543665237,11
460,B4_K08_I01-02-03-04-05-06-07-08,Branch4,8,8,3,1.41421356237309,1,1,0.970982142857143,-27.5656610085065,-23.905517548286,0.957344151570027,13.9618044064381,-10.943756602651,0.21868776892025,0.771066663194441,45.5577599287534,-3.93060678386541,0.454127752893437,0.932999712207674,20.2567953705577,-8.9734443120812,0.272246507209103,1,7.40575969635153e-16,-Inf,0,4,10.2214905242274,11,6,1.20856303834982,0.725178967682079,1.75656185075768,0.176598777866454,4,1.1500165778703,0.786602833021082,1.36723062841523,0.245331662816106,1,1.16628879499398,0.265080061792014,1.95657754689451,11
461,B4_K08_I01-02-03-04-05-06-07-09,Branch4,8,7,3,1.57014272396837,1,0,0.96577380952381,-27.513088541918,-23.9993360816746,0.948449056982963,16.1451623066917,-10.1627276221179,0.245917844018293,0.778908155643726,45.6974196278658,-4.06696345177382,0.428757602485467,0.925842047241559,19.1403431299198,-8.58161773377881,0.284131330572485,0.984108384511629,8.85501921265567,-15.1155264742731,0.139065914595385,4,10.2953158287164,11,6,1.21410412441516,0.725953355419812,1.74869573923753,0.173774400977485,4,1.14564730649282,0.779416111172579,1.36679871404175,0.243554473838826,1,1.17313452319269,0.263454288464345,1.94931185980457,11
462,B4_K08_I01-02-03-04-05-06-08-09,Branch4,8,7,3,1.71571923465824,1,0,0.966517857142857,-27.5837091984848,-23.3854058022547,0.946037154599153,16.9633313066284,-9.89225237624964,0.240516873275573,0.748671174184267,47.3640363423711,-3.57117402520493,0.457538307630513,0.920503705796141,22.402858098067,-8.22441276050817,0.28076081742057,0.980404989355438,10.676286702839,-14.114419285276,0.138008100246996,4,10.2111078968385,11,6,1.20643636486522,0.725178967682079,1.73814614301124,0.184852714694087,4,1.12255054635603,0.788683314024572,1.36415860062124,0.243442960193695,1,1.15909691870907,0.262791027051141,1.96388506552363,11
463,B4_K08_I01-02-03-04-05-07-08-09,Branch4,8,7,3,1.7400536966141,1,0,0.965029761904762,-27.4618874837514,-24.0107787329241,0.947354820487149,16.6225567529838,-10.0456811358465,0.246760781326105,0.7671275377319,45.0425530459663,-3.87890609665715,0.459425382474007,0.925115828415207,21.8452840930156,-8.45067306787546,0.283274637833555,0.982522141737494,9.19828025351093,-14.6074654459373,0.137331190943818,4,10.2953158287164,11,6,1.21659227768809,0.725178967682079,1.74066676404356,0.18897266180924,4,1.12017409655529,0.78913638088503,1.37059236081968,0.247567252496112,1,1.16503440680148,0.267375819946608,1.95690265075067,11
464,B4_K08_I01-02-03-04-06-07-08-09,Branch4,8,7,3,1.66841590285253,1,0,0.968005952380952,-27.5271186639675,-23.8285059464965,0.94839283174238,17.3718059186666,-10.0297568869985,0.231639945128403,0.767313302989946,46.718435321331,-3.86407930760425,0.457560853776555,0.923945164905521,20.7952301491677,-8.39259762948378,0.290230007737088,0.982412472464787,9.66658020219978,-14.609994083518,0.150729353630791,4,10.2214905242274,11,6,1.20972876563141,0.725953355419812,1.75448110006832,0.182034569335388,4,1.13275486971522,0.777320816153515,1.3674159775305,0.246014678643583,1,1.16640504949795,0.267323978737665,1.95586510196975,11
465,B4_K08_I01-02-03-05-06-07-08-09,Branch4,8,7,3,1.7400536966141,1,0,0.970982142857143,-27.6093738190364,-23.3310732377759,0.949519134532017,17.0820251993598,-10.2772912303223,0.245155220396907,0.786151419175445,48.3742224889838,-4.18145589004522,0.454636720260547,0.925212044912507,21.1489116795761,-8.46621557387231,0.273775290438366,0.983947250842603,9.44258458092278,-14.969392859641,0.137391248325155,4,10.2111078968385,11,6,1.2049711440382,0.725178967682079,1.74150959771532,0.176598777866454,4,1.14316017579022,0.788683314024572,1.36130918182836,0.239490440549613,1,1.16242699675799,0.260172235076648,1.96099872808598,11
466,B4_K08_I01-02-04-05-06-07-08-09,Branch4,8,7,3,1.71571923465824,1,0,0.97172619047619,-27.505556418135,-23.7996461748523,0.946936894849255,16.5093339082789,-10.0355399186527,0.244659741432282,0.763628877772059,46.1939636565202,-3.80750593793997,0.455994072091069,0.924570750529448,21.0405644262029,-8.44329143073632,0.278869463530529,0.983216130505709,10.296089096989,-14.7857478792817,0.128372889565459,4,10.3384533657846,11,6,1.21908376997476,0.725178967682079,1.74889148335205,0.176598777866454,4,1.14850584483533,0.789353347465391,1.36999026743726,0.244679219295187,1,1.17327483918414,0.265305665157354,1.94893319330955,11
467,B4_K08_I01-03-04-05-06-07-08-09,Branch4,8,7,3,1.57014272396837,1,0,0.970238095238095,-27.5622509294455,-23.7147170111045,0.947984961902346,17.0849105695383,-10.0756039564058,0.234488857503677,0.774280059013362,46.5694710559631,-3.97884407584914,0.442813803053133,0.923145999804292,22.1278814016507,-8.41478835047157,0.280475834007978,0.983215972341942,9.01584603879587,-14.8558355168615,0.15081707032634,4,10.3384533657846,11,6,1.21364030429835,0.725178967682079,1.71584026297292,0.189636695696537,4,1.1020748175228,0.78935334746539,1.35615089305556,0.247429528341209,1,1.15758880171779,0.267235918169368,1.96394007567031,11
468,B4_K08_I02-03-04-05-06-07-08-09,Branch4,8,8,3,1.41421356237309,1,0,0.969494047619048,-27.6217085929164,-23.6227908106312,0.946831419243331,15.1177942105648,-10.0554426749332,0.247985381356149,0.770211773358875,45.5701658353202,-3.9151343330464,0.44336054803503,0.931496445665921,19.346827929914,-8.87228746908114,0.270607842571099,0.984850506257828,7.46460878770872,-15.2206963527001,0.14406577692685,4,10.2528632022961,11,6,1.21008996648909,0.725953355419812,1.74384384593109,0.177906777343857,4,1.13550665438333,0.779277059186079,1.36416150467906,0.241835394488584,1,1.16786236495148,0.26288809990643,1.95476572243876,11
469,B4_K09_I01-02-03-04-05-06-07-08-09,Branch4,9,8,3,1.53411610008943,1,0,0.976190476190476,-27.2684689826519,NaN,0.959054713550385,13.565561149621,-11.1120911617247,0.220182691950742,0.779364966420081,45.662252465022,-4.07412771286227,0.441873425816486,0.933838561322132,19.0784060281825,-9.02106388934187,0.266497651141354,0.994270895416521,4.67564169189136,-19.488756919769,0.0879463741204847,4,10.2953158287164,11,6,1.21506698254944,0.725178967682079,1.74416831473897,0.180728060637695,4,1.13527261851624,0.789136380885035,1.36726326036196,0.243082425387669,1,1.16806036406662,0.264770908078593,1.95431969358383,11
