MethodIndex,MethodId,Branch,Estimator,StateCount,UniquePhaseCount,ObservationIndices,PhaseSetDeg,ResponseRecoverable,LocationIndex,Location,DoaValid,FailureReason,AzimuthDeg,ElevationDeg,Ux,Uy,Uz,AngularErrorDeg,PeakScore,FrequencyCount,ValidFraction
1,B1_DFT8,Branch1,ComplexDFT,8,8,1/2/3/4/5/6/7/8,0/45/90/135/180/225/270/315,1,1,Location1,1,,122.833986348658,-9.35203505756315,-0.535,0.82907704708308,-0.1625,12.0707025089191,0.7557380104289,21,1
1,B1_DFT8,Branch1,ComplexDFT,8,8,1/2/3/4/5/6/7/8,0/45/90/135/180/225/270/315,1,2,Location2,1,,143.91065596465,-5.01980013167812,-0.805,0.58678680114672,-0.0875,16.9306973648369,0.517870890787534,21,1
1,B1_DFT8,Branch1,ComplexDFT,8,8,1/2/3/4/5/6/7/8,0/45/90/135/180/225/270/315,1,3,Location3,1,,95.8884891043574,2.43580428350657,-0.1025,0.993824682728297,0.0424999999999999,8.37227853953572,0.796581439333829,21,1
1,B1_DFT8,Branch1,ComplexDFT,8,8,1/2/3/4/5/6/7/8,0/45/90/135/180/225/270/315,1,4,Location4,1,,69.0416655384098,1.86244079953198,0.3575,0.933347470131033,0.0324999999999999,5.15698973655785,0.746965106658068,21,1
2,B2_ONOFF,Branch2,OnOff,NaN,NaN,,,1,1,Location1,1,,122.602130784972,-8.7718331196937,-0.5325,0.83257882509706,-0.1525,11.5864848977824,0.626821699128791,21,1
2,B2_ONOFF,Branch2,OnOff,NaN,NaN,,,1,2,Location2,1,,144.384384407181,-4.87602486961296,-0.81,0.580237020535574,-0.085,17.3820963354136,0.272614550224346,21,1
2,B2_ONOFF,Branch2,OnOff,NaN,NaN,,,1,3,Location3,1,,95.6080587417594,3.87040801131097,-0.0975,0.992943855411775,0.0674999999999999,9.27383559418617,0.717752105479271,21,1
2,B2_ONOFF,Branch2,OnOff,NaN,NaN,,,1,4,Location4,1,,68.888118034059,1.86244079953198,0.36,0.932386052019227,0.0324999999999999,5.14658169849668,0.570500727102645,21,1
3,B3_HADAMARD,Branch3,Hadamard,NaN,NaN,,,1,1,Location1,1,,122.833986348658,-9.35203505756315,-0.535,0.82907704708308,-0.1625,12.0707025089191,0.770716762680684,21,1
3,B3_HADAMARD,Branch3,Hadamard,NaN,NaN,,,1,2,Location2,1,,143.946339648551,-5.3074466746303,-0.805,0.58601941094131,-0.0925,17.0042954972734,0.600352080878286,21,1
3,B3_HADAMARD,Branch3,Hadamard,NaN,NaN,,,1,3,Location3,1,,95.6037365937072,3.15285880404642,-0.0975,0.993714622011773,0.0549999999999999,8.71060076878389,0.810567854223639,21,1
3,B3_HADAMARD,Branch3,Hadamard,NaN,NaN,,,1,4,Location4,1,,69.0416655384098,1.86244079953198,0.3575,0.933347470131033,0.0324999999999999,5.15698973655785,0.79036154200112,21,1
4,B4_K03_I01-02-03,Branch4,PowerREV,3,3,1/2/3,0/45/90,1,1,Location1,1,,122.877604307919,-8.04784624731151,-0.5375,0.831561032035532,-0.14,11.5065537693002,0.29940786544819,21,0.712797619047619
4,B4_K03_I01-02-03,Branch4,PowerREV,3,3,1/2/3,0/45/90,1,2,Location2,1,,90.4297707278931,-0.859468924835817,-0.0075,0.999859365110914,-0.0149999999999999,36.695336567088,0.347610549362256,21,0.632440476190476
4,B4_K03_I01-02-03,Branch4,PowerREV,3,3,1/2/3,0/45/90,1,3,Location3,1,,96.0340027623943,2.72257398337613,-0.105,0.993337178404191,0.0474999999999999,8.67892896291791,0.441574669519237,21,1
4,B4_K03_I01-02-03,Branch4,PowerREV,3,3,1/2/3,0/45/90,1,4,Location4,1,,68.718278959185,2.86598398259886,0.3625,0.930641579771719,0.0499999999999999,6.14376053510895,0.24453856851623,21,0.773809523809524
5,B4_K03_I01-02-04,Branch4,PowerREV,3,3,1/2/4,0/45/135,1,1,Location1,1,,122.918407100618,-8.48207557796812,-0.5375,0.830263512386278,-0.1475,11.7303474321833,0.431792027003991,21,0.78125
5,B4_K03_I01-02-04,Branch4,PowerREV,3,3,1/2/4,0/45/135,1,2,Location2,1,,142.814678026885,-3.72685314248215,-0.795,0.603116904090741,-0.0649999999999999,15.7239469569178,0.163226058669394,21,0.732142857142857
5,B4_K03_I01-02-04,Branch4,PowerREV,3,3,1/2/4,0/45/135,1,3,Location3,1,,95.8891367114247,2.57918105164837,-0.1025,0.993714622011773,0.0449999999999999,8.47525337559886,0.60722292280189,21,1
5,B4_K03_I01-02-04,Branch4,PowerREV,3,3,1/2/4,0/45/135,1,4,Location4,1,,69.4976160620549,2.14909562686401,0.35,0.935998798076151,0.0374999999999999,5.49720433075537,0.408429434991294,21,0.857142857142857
6,B4_K03_I01-02-05,Branch4,PowerREV,3,3,1/2/5,0/45/180,1,1,Location1,1,,122.904552418512,-8.33727918890569,-0.5375,0.83070376789804,-0.145,11.6541918220719,0.433897691217364,21,0.808035714285714
6,B4_K03_I01-02-05,Branch4,PowerREV,3,3,1/2/5,0/45/180,1,2,Location2,1,,143.280010322366,-3.58332169847197,-0.8,0.596735913114,-0.0624999999999999,16.1803999200524,0.182902214906932,20,0.7671875
6,B4_K03_I01-02-05,Branch4,PowerREV,3,3,1/2/5,0/45/180,1,3,Location3,1,,95.8891367114247,2.57918105164837,-0.1025,0.993714622011773,0.0449999999999999,8.47525337559886,0.646915013764379,21,1
6,B4_K03_I01-02-05,Branch4,PowerREV,3,3,1/2/5,0/45/180,1,4,Location4,1,,69.3542321298258,1.28926383628796,0.3525,0.93554128717016,0.0224999999999999,4.62551860513631,0.430626787766763,21,0.895833333333333
7,B4_K03_I01-02-06,Branch4,PowerREV,3,3,1/2/6,0/45/225,1,1,Location1,1,,122.918407100617,-8.48207557796812,-0.5375,0.830263512386279,-0.1475,11.7303474321833,0.450096788529197,21,0.81547619047619
7,B4_K03_I01-02-06,Branch4,PowerREV,3,3,1/2/6,0/45/225,1,2,Location2,1,,143.332146689146,-4.15759167720182,-0.8,0.5956036853479,-0.0725,16.2683757672907,0.19373050881709,21,0.736607142857143
7,B4_K03_I01-02-06,Branch4,PowerREV,3,3,1/2/6,0/45/225,1,3,Location3,1,,95.8891367114247,2.57918105164837,-0.1025,0.993714622011773,0.0449999999999999,8.47525337559886,0.646522319816557,21,1
7,B4_K03_I01-02-06,Branch4,PowerREV,3,3,1/2/6,0/45/225,1,4,Location4,1,,69.3424098758504,2.29244277595588,0.3525,0.934956549792556,0.0399999999999999,5.6165691875335,0.445377000406771,21,0.895833333333333
8,B4_K03_I01-02-07,Branch4,PowerREV,3,3,1/2/7,0/45/270,1,1,Location1,1,,122.803648507146,-9.06181695393534,-0.535,0.830041414629415,-0.1575,11.9007118142778,0.407461337988815,21,0.800595238095238
8,B4_K03_I01-02-07,Branch4,PowerREV,3,3,1/2/7,0/45/270,1,2,Location2,1,,143.689163851075,-2.57918105164837,-0.805,0.591565719087913,-0.0449999999999999,16.5734899509356,0.198409833675794,21,0.677083333333333
8,B4_K03_I01-02-07,Branch4,PowerREV,3,3,1/2/7,0/45/270,1,3,Location3,1,,95.743782785421,2.29244277595588,-0.1,0.994183081730925,0.0399999999999999,8.16867893876482,0.597659048312904,21,1
8,B4_K03_I01-02-07,Branch4,PowerREV,3,3,1/2/7,0/45/270,1,4,Location4,1,,69.3424098758504,2.29244277595588,0.3525,0.934956549792556,0.0399999999999999,5.6165691875335,0.403519256229745,21,0.861607142857143
9,B4_K03_I01-02-08,Branch4,PowerREV,3,3,1/2/8,0/45/315,1,1,Location1,1,,122.287433264668,-9.06181695393534,-0.5275,0.834827826560663,-0.1575,11.4585053666458,0.275944821589855,21,0.75
9,B4_K03_I01-02-08,Branch4,PowerREV,3,3,1/2/8,0/45/315,1,2,Location2,1,,91.2894089274432,0.859468924835817,-0.0224999999999999,0.99963430813473,0.0149999999999999,35.9759644710292,0.237751940351551,21,0.607142857142857
9,B4_K03_I01-02-08,Branch4,PowerREV,3,3,1/2/8,0/45/315,1,3,Location3,1,,95.7443781502486,2.43580428350657,-0.1,0.99407934793959,0.0424999999999999,8.27165546653221,0.414063009847088,21,0.998511904761905
9,B4_K03_I01-02-08,Branch4,PowerREV,3,3,1/2/8,0/45/315,1,4,Location4,1,,68.5721017178298,2.43580428350657,0.365,0.930036961631096,0.0424999999999999,5.71288409233985,0.267956014458346,21,0.772321428571429
10,B4_K03_I01-02-09,Branch4,PowerREV,3,2,1/2/9,0/45/360,0,1,Location1,0,PowerDesignRankBelow3,NaN,NaN,NaN,NaN,NaN,NaN,NaN,0,NaN
10,B4_K03_I01-02-09,Branch4,PowerREV,3,2,1/2/9,0/45/360,0,2,Location2,0,PowerDesignRankBelow3,NaN,NaN,NaN,NaN,NaN,NaN,NaN,0,NaN
10,B4_K03_I01-02-09,Branch4,PowerREV,3,2,1/2/9,0/45/360,0,3,Location3,0,PowerDesignRankBelow3,NaN,NaN,NaN,NaN,NaN,NaN,NaN,0,NaN
10,B4_K03_I01-02-09,Branch4,PowerREV,3,2,1/2/9,0/45/360,0,4,Location4,0,PowerDesignRankBelow3,NaN,NaN,NaN,NaN,NaN,NaN,NaN,0,NaN
11,B4_K03_I01-03-04,Branch4,PowerREV,3,3,1/3/4,0/90/135,1,1,Location1,1,,122.602130784972,-8.7718331196937,-0.5325,0.83257882509706,-0.1525,11.5864848977824,0.377662643048973,21,0.766369047619048
11,B4_K03_I01-03-04,Branch4,PowerREV,3,3,1/3/4,0/90/135,1,2,Location2,1,,89.7134975246922,0.716215896194936,0.005,0.999909370893182,0.0124999999999999,37.5302459998636,0.172974787559036,21,0.720238095238095
11,B4_K03_I01-03-04,Branch4,PowerREV,3,3,1/3/4,0/90/135,1,3,Location3,1,,95.5986686202143,2.00576193490982,-0.0975,0.994619902274231,0.0349999999999999,7.86346138546979,0.617786004245605,21,1
11,B4_K03_I01-03-04,Branch4,PowerREV,3,3,1/3/4,0/90/135,1,4,Location4,1,,69.3482897668617,1.86244079953198,0.3525,0.935247293500495,0.0324999999999999,5.19130792057805,0.39960268450619,21,0.866071428571429
12,B4_K03_I01-03-05,Branch4,PowerREV,3,3,1/3/5,0/90/180,1,1,Location1,1,,122.631246389304,-9.06181695393534,-0.5325,0.831647461368097,-0.1575,11.7523866633935,0.487002036085346,21,0.860119047619048
12,B4_K03_I01-03-05,Branch4,PowerREV,3,3,1/3/5,0/90/180,1,2,Location2,1,,144.121550261089,-4.73228037895821,-0.8075,0.584069773229192,-0.0825,17.1058918822708,0.201345636522704,21,0.84077380952381
12,B4_K03_I01-03-05,Branch4,PowerREV,3,3,1/3/5,0/90/180,1,3,Location3,1,,95.8878786990507,2.29244277595588,-0.1025,0.993928443098395,0.0399999999999999,8.27053568153326,0.712590064286969,21,1
12,B4_K03_I01-03-05,Branch4,PowerREV,3,3,1/3/5,0/90/180,1,4,Location4,1,,69.1997531762053,1.4325437375665,0.355,0.934531968420557,0.0249999999999999,4.74554550752062,0.547295147329714,21,0.927083333333333
13,B4_K03_I01-03-06,Branch4,PowerREV,3,3,1/3/6,0/90/225,1,1,Location1,1,,122.631246389304,-9.06181695393534,-0.5325,0.831647461368097,-0.1575,11.7523866633935,0.530266772865711,21,0.858630952380952
13,B4_K03_I01-03-06,Branch4,PowerREV,3,3,1/3/6,0/90/225,1,2,Location2,1,,143.618019979014,-4.58856573578583,-0.8025,0.591264534705067,-0.08,16.5916732698491,0.232078693006275,21,0.870535714285714
13,B4_K03_I01-03-06,Branch4,PowerREV,3,3,1/3/6,0/90/225,1,3,Location3,1,,95.8884891043574,2.43580428350657,-0.1025,0.993824682728297,0.0424999999999999,8.37227853953572,0.734562353795336,21,1
13,B4_K03_I01-03-06,Branch4,PowerREV,3,3,1/3/6,0/90/225,1,4,Location4,1,,69.0416655384098,1.86244079953198,0.3575,0.933347470131033,0.0324999999999999,5.15698973655785,0.569102563108101,21,0.943452380952381
14,B4_K03_I01-03-07,Branch4,PowerREV,3,3,1/3/7,0/90/270,1,1,Location1,1,,123.038508373149,-9.64249546379557,-0.5375,0.826460827867843,-0.1675,12.3922485773178,0.521431754565126,21,0.855654761904762
14,B4_K03_I01-03-07,Branch4,PowerREV,3,3,1/3/7,0/90/270,1,2,Location2,1,,143.280010322366,-3.58332169847197,-0.8,0.596735913114,-0.0625,16.1803999200524,0.219994295699546,21,0.822916666666667
14,B4_K03_I01-03-07,Branch4,PowerREV,3,3,1/3/7,0/90/270,1,3,Location3,1,,95.8878786990507,2.29244277595588,-0.1025,0.993928443098395,0.0399999999999999,8.27053568153326,0.72411167174613,21,1
14,B4_K03_I01-03-07,Branch4,PowerREV,3,3,1/3/7,0/90/270,1,4,Location4,1,,69.0378198679816,2.14909562686401,0.3575,0.933159954134338,0.0374999999999999,5.44241601050701,0.542567770165152,21,0.921130952380952
15,B4_K03_I01-03-08,Branch4,PowerREV,3,3,1/3/8,0/90/315,1,1,Location1,1,,122.661384084008,-9.35203505756315,-0.5325,0.83068495833258,-0.1625,11.9239842376393,0.413218500750867,21,0.803571428571429
15,B4_K03_I01-03-08,Branch4,PowerREV,3,3,1/3/8,0/90/315,1,2,Location2,1,,141.969710009451,-4.73228037895821,-0.785,0.613977809045245,-0.0825,14.9759770901958,0.162861900536409,21,0.6875
15,B4_K03_I01-03-08,Branch4,PowerREV,3,3,1/3/8,0/90/315,1,3,Location3,1,,95.8891367114247,2.57918105164837,-0.1025,0.993714622011773,0.0449999999999999,8.47525337559886,0.589482760782865,21,1
15,B4_K03_I01-03-08,Branch4,PowerREV,3,3,1/3/8,0/90/315,1,4,Location4,1,,68.888118034059,1.86244079953198,0.36,0.932386052019227,0.0324999999999999,5.14658169849668,0.386404808459668,21,0.867559523809524
16,B4_K03_I01-03-09,Branch4,PowerREV,3,2,1/3/9,0/90/360,0,1,Location1,0,PowerDesignRankBelow3,NaN,NaN,NaN,NaN,NaN,NaN,NaN,0,NaN
16,B4_K03_I01-03-09,Branch4,PowerREV,3,2,1/3/9,0/90/360,0,2,Location2,0,PowerDesignRankBelow3,NaN,NaN,NaN,NaN,NaN,NaN,NaN,0,NaN
16,B4_K03_I01-03-09,Branch4,PowerREV,3,2,1/3/9,0/90/360,0,3,Location3,0,PowerDesignRankBelow3,NaN,NaN,NaN,NaN,NaN,NaN,NaN,0,NaN
16,B4_K03_I01-03-09,Branch4,PowerREV,3,2,1/3/9,0/90/360,0,4,Location4,0,PowerDesignRankBelow3,NaN,NaN,NaN,NaN,NaN,NaN,NaN,0,NaN
17,B4_K03_I01-04-05,Branch4,PowerREV,3,3,1/4/5,0/135/180,1,1,Location1,1,,122.616561332612,-8.91679625299095,-0.5325,0.83211702902897,-0.155,11.6687104629037,0.373437606551644,20,0.8
17,B4_K03_I01-04-05,Branch4,PowerREV,3,3,1/4/5,0/135/180,1,2,Location2,1,,143.93417352907,-6.89210257934638,-0.8025,0.584460221058713,-0.12,17.2856566942083,0.14583934066858,20,0.7640625
17,B4_K03_I01-04-05,Branch4,PowerREV,3,3,1/4/5,0/135/180,1,3,Location3,1,,95.8884891043574,2.43580428350657,-0.1025,0.993824682728297,0.0424999999999999,8.37227853953572,0.670512030334133,21,1
17,B4_K03_I01-04-05,Branch4,PowerREV,3,3,1/4/5,0/135/180,1,4,Location4,1,,69.1868782747141,2.43580428350657,0.355,0.933899753720923,0.0424999999999999,5.74120851959384,0.433517726370776,21,0.883928571428571
18,B4_K03_I01-04-06,Branch4,PowerREV,3,3,1/4/6,0/135/225,1,1,Location1,1,,123.006924797102,-9.35203505756315,-0.5375,0.827458458171768,-0.1625,12.2183531178971,0.498369098585494,21,0.873511904761905
18,B4_K03_I01-04-06,Branch4,PowerREV,3,3,1/4/6,0/135/225,1,2,Location2,1,,143.801864183205,-4.01398721805631,-0.805,0.589130715546219,-0.07,16.7249474249939,0.229106826012784,21,0.852678571428571
18,B4_K03_I01-04-06,Branch4,PowerREV,3,3,1/4/6,0/135/225,1,3,Location3,1,,95.8891367114247,2.57918105164837,-0.1025,0.993714622011773,0.0449999999999999,8.47525337559886,0.743133818370253,21,1
18,B4_K03_I01-04-06,Branch4,PowerREV,3,3,1/4/6,0/135/225,1,4,Location4,1,,68.886249246736,2.00576193490982,0.36,0.93229555399562,0.0349999999999999,5.28961108043064,0.540144884479211,21,0.9375
19,B4_K03_I01-04-07,Branch4,PowerREV,3,3,1/4/7,0/135/270,1,1,Location1,1,,123.054694549299,-9.78781905671397,-0.5375,0.825950210363797,-0.17,12.4811900906669,0.552333928298907,21,0.866071428571429
19,B4_K03_I01-04-07,Branch4,PowerREV,3,3,1/4/7,0/135/270,1,2,Location2,1,,143.893585517872,-4.87602486961296,-0.805,0.587154153523587,-0.085,16.8963485690724,0.24587831211312,21,0.873511904761905
19,B4_K03_I01-04-07,Branch4,PowerREV,3,3,1/4/7,0/135/270,1,3,Location3,1,,95.8884891043574,2.43580428350657,-0.1025,0.993824682728297,0.0424999999999999,8.37227853953572,0.753632187093527,21,1
19,B4_K03_I01-04-07,Branch4,PowerREV,3,3,1/4/7,0/135/270,1,4,Location4,1,,69.1912407109243,2.14909562686402,0.355,0.934113884919821,0.0374999999999999,5.45645652402962,0.559654986737154,21,0.938988095238095
20,B4_K03_I01-04-08,Branch4,PowerREV,3,3,1/4/8,0/135/315,1,1,Location1,1,,122.535944192185,-9.78781905671397,-0.53,0.830782763422545,-0.17,12.0482927581979,0.451977636143929,21,0.803571428571429
20,B4_K03_I01-04-08,Branch4,PowerREV,3,3,1/4/8,0/135/315,1,2,Location2,1,,142.897373538684,-4.58856573578583,-0.795,0.601311067584823,-0.08,15.8773766836111,0.160588513957196,20,0.7375
20,B4_K03_I01-04-08,Branch4,PowerREV,3,3,1/4/8,0/135/315,1,3,Location3,1,,95.8884891043574,2.43580428350657,-0.1025,0.993824682728297,0.0424999999999999,8.37227853953572,0.652413710531765,21,1
20,B4_K03_I01-04-08,Branch4,PowerREV,3,3,1/4/8,0/135/315,1,4,Location4,1,,69.3499784607586,1.71913132087781,0.3525,0.935330823826522,0.0299999999999999,5.04971850057036,0.437126243029254,21,0.901785714285714
21,B4_K03_I01-04-09,Branch4,PowerREV,3,2,1/4/9,0/135/360,0,1,Location1,0,PowerDesignRankBelow3,NaN,NaN,NaN,NaN,NaN,NaN,NaN,0,NaN
21,B4_K03_I01-04-09,Branch4,PowerREV,3,2,1/4/9,0/135/360,0,2,Location2,0,PowerDesignRankBelow3,NaN,NaN,NaN,NaN,NaN,NaN,NaN,0,NaN
21,B4_K03_I01-04-09,Branch4,PowerREV,3,2,1/4/9,0/135/360,0,3,Location3,0,PowerDesignRankBelow3,NaN,NaN,NaN,NaN,NaN,NaN,NaN,0,NaN
21,B4_K03_I01-04-09,Branch4,PowerREV,3,2,1/4/9,0/135/360,0,4,Location4,0,PowerDesignRankBelow3,NaN,NaN,NaN,NaN,NaN,NaN,NaN,0,NaN
22,B4_K03_I01-05-06,Branch4,PowerREV,3,3,1/5/6,0/180/225,1,1,Location1,1,,123.164701258421,-9.2068962213459,-0.54,0.826317130404544,-0.16,12.2827869729163,0.37712946264378,20,0.8171875
22,B4_K03_I01-05-06,Branch4,PowerREV,3,3,1/5/6,0/180/225,1,2,Location2,1,,143.292305000059,-3.72685314248215,-0.8,0.596468775377219,-0.0649999999999999,16.1998329691703,0.172041996091155,18,0.793402777777778
22,B4_K03_I01-05-06,Branch4,PowerREV,3,3,1/5/6,0/180/225,1,3,Location3,1,,95.7456777709434,2.72257398337613,-0.1,0.993852982085379,0.0474999999999999,8.48121196197503,0.663636853082833,21,1
22,B4_K03_I01-05-06,Branch4,PowerREV,3,3,1/5/6,0/180/225,1,4,Location4,1,,69.1967579819565,1.71913132087781,0.355,0.934384824363067,0.0299999999999999,5.02973085550508,0.42191600878762,20,0.90625
23,B4_K03_I01-05-07,Branch4,PowerREV,3,3,1/5/7,0/180/270,1,1,Location1,1,,123.087861326773,-10.0786581077877,-0.5375,0.824905297594821,-0.175,12.6629414924487,0.498294249735843,21,0.857142857142857
23,B4_K03_I01-05-07,Branch4,PowerREV,3,3,1/5/7,0/180/270,1,2,Location2,1,,143.256892979746,-3.29632543912624,-0.8,0.597238436472402,-0.0574999999999999,16.1466782505143,0.24483266883422,21,0.842261904761905
23,B4_K03_I01-05-07,Branch4,PowerREV,3,3,1/5/7,0/180/270,1,3,Location3,1,,95.8884891043574,2.43580428350657,-0.1025,0.993824682728297,0.0424999999999999,8.37227853953572,0.738417918584504,21,1
23,B4_K03_I01-05-07,Branch4,PowerREV,3,3,1/5/7,0/180/270,1,4,Location4,1,,69.1997531762053,1.4325437375665,0.355,0.934531968420557,0.0249999999999999,4.74554550752062,0.517517573013751,21,0.925595238095238
24,B4_K03_I01-05-08,Branch4,PowerREV,3,3,1/5/8,0/180/315,1,1,Location1,1,,122.818688285915,-9.2068962213459,-0.535,0.829563138043151,-0.16,11.9850090552187,0.448294748163186,21,0.816964285714286
24,B4_K03_I01-05-08,Branch4,PowerREV,3,3,1/5/8,0/180/315,1,2,Location2,1,,143.740039372557,-5.59522743552786,-0.8025,0.588631888364876,-0.0975,16.8445521661108,0.167126144503918,21,0.724702380952381
24,B4_K03_I01-05-08,Branch4,PowerREV,3,3,1/5/8,0/180/315,1,3,Location3,1,,95.8884891043574,2.43580428350657,-0.1025,0.993824682728297,0.0424999999999999,8.37227853953572,0.647876690604085,21,1
24,B4_K03_I01-05-08,Branch4,PowerREV,3,3,1/5/8,0/180/315,1,4,Location4,1,,69.3515316927458,1.57583259975216,0.3525,0.935407665138575,0.0274999999999999,4.90821960925587,0.442000745269582,21,0.891369047619048
25,B4_K03_I01-05-09,Branch4,PowerREV,3,2,1/5/9,0/180/360,0,1,Location1,0,PowerDesignRankBelow3,NaN,NaN,NaN,NaN,NaN,NaN,NaN,0,NaN
25,B4_K03_I01-05-09,Branch4,PowerREV,3,2,1/5/9,0/180/360,0,2,Location2,0,PowerDesignRankBelow3,NaN,NaN,NaN,NaN,NaN,NaN,NaN,0,NaN
25,B4_K03_I01-05-09,Branch4,PowerREV,3,2,1/5/9,0/180/360,0,3,Location3,0,PowerDesignRankBelow3,NaN,NaN,NaN,NaN,NaN,NaN,NaN,0,NaN
25,B4_K03_I01-05-09,Branch4,PowerREV,3,2,1/5/9,0/180/360,0,4,Location4,0,PowerDesignRankBelow3,NaN,NaN,NaN,NaN,NaN,NaN,NaN,0,NaN
26,B4_K03_I01-06-07,Branch4,PowerREV,3,3,1/6/7,0/225/270,1,1,Location1,1,,122.914388667973,-10.0786581077877,-0.535,0.826528886367561,-0.175,12.5192343637893,0.367909808511525,21,0.779761904761905
26,B4_K03_I01-06-07,Branch4,PowerREV,3,3,1/6/7,0/225/270,1,2,Location2,1,,90.7162517115414,-0.572967344857148,-0.0125,0.99987186679094,-0.00999999999999991,36.4273659761083,0.155928265133052,19,0.771381578947368
26,B4_K03_I01-06-07,Branch4,PowerREV,3,3,1/6/7,0/225/270,1,3,Location3,1,,95.8884891043574,2.43580428350657,-0.1025,0.993824682728297,0.0424999999999999,8.37227853953572,0.624358205131244,21,1
26,B4_K03_I01-06-07,Branch4,PowerREV,3,3,1/6/7,0/225/270,1,4,Location4,1,,69.3482897668617,1.86244079953198,0.3525,0.935247293500495,0.0324999999999999,5.19130792057805,0.417866103216309,20,0.8671875
27,B4_K03_I01-06-08,Branch4,PowerREV,3,3,1/6/8,0/225/315,1,1,Location1,1,,122.416168779998,-8.62692655867863,-0.53,0.834625664594613,-0.15,11.3558831209777,0.411411139911611,21,0.764880952380952
27,B4_K03_I01-06-08,Branch4,PowerREV,3,3,1/6/8,0/225/315,1,2,Location2,1,,89.1404639162468,-0.716215896194936,0.0149999999999999,0.99980935682759,-0.0124999999999999,37.9907910165599,0.155498972968775,21,0.729166666666667
27,B4_K03_I01-06-08,Branch4,PowerREV,3,3,1/6/8,0/225/315,1,3,Location3,1,,95.743782785421,2.29244277595588,-0.1,0.994183081730925,0.0399999999999999,8.16867893876482,0.591284437974435,21,1
27,B4_K03_I01-06-08,Branch4,PowerREV,3,3,1/6/8,0/225/315,1,4,Location4,1,,69.3482897668617,1.86244079953198,0.3525,0.935247293500495,0.0324999999999999,5.19130792057805,0.407450463214735,21,0.875
28,B4_K03_I01-06-09,Branch4,PowerREV,3,2,1/6/9,0/225/360,0,1,Location1,0,PowerDesignRankBelow3,NaN,NaN,NaN,NaN,NaN,NaN,NaN,0,NaN
28,B4_K03_I01-06-09,Branch4,PowerREV,3,2,1/6/9,0/225/360,0,2,Location2,0,PowerDesignRankBelow3,NaN,NaN,NaN,NaN,NaN,NaN,NaN,0,NaN
28,B4_K03_I01-06-09,Branch4,PowerREV,3,2,1/6/9,0/225/360,0,3,Location3,0,PowerDesignRankBelow3,NaN,NaN,NaN,NaN,NaN,NaN,NaN,0,NaN
28,B4_K03_I01-06-09,Branch4,PowerREV,3,2,1/6/9,0/225/360,0,4,Location4,0,PowerDesignRankBelow3,NaN,NaN,NaN,NaN,NaN,NaN,NaN,0,NaN
29,B4_K03_I01-07-08,Branch4,PowerREV,3,3,1/7/8,0/270/315,1,1,Location1,1,,122.033361752318,-8.19253640609033,-0.525,0.83908804663158,-0.1425,10.8183338646928,0.274433696973595,21,0.720238095238095
29,B4_K03_I01-07-08,Branch4,PowerREV,3,3,1/7/8,0/270/315,1,2,Location2,1,,89.8567599543823,-0.143239597990885,0.0025,0.999993749980469,-0.0025,37.3149874740935,0.355771893745432,21,0.636904761904762
29,B4_K03_I01-07-08,Branch4,PowerREV,3,3,1/7/8,0/270/315,1,3,Location3,1,,95.5973510905585,1.57583259975216,-0.0975,0.994855517148093,0.0274999999999999,7.5666392031406,0.406027838549756,21,1
29,B4_K03_I01-07-08,Branch4,PowerREV,3,3,1/7/8,0/270/315,1,4,Location4,1,,69.4976160620549,2.14909562686401,0.35,0.935998798076151,0.0374999999999999,5.49720433075537,0.282070402778497,21,0.788690476190476
30,B4_K03_I01-07-09,Branch4,PowerREV,3,2,1/7/9,0/270/360,0,1,Location1,0,PowerDesignRankBelow3,NaN,NaN,NaN,NaN,NaN,NaN,NaN,0,NaN
30,B4_K03_I01-07-09,Branch4,PowerREV,3,2,1/7/9,0/270/360,0,2,Location2,0,PowerDesignRankBelow3,NaN,NaN,NaN,NaN,NaN,NaN,NaN,0,NaN
30,B4_K03_I01-07-09,Branch4,PowerREV,3,2,1/7/9,0/270/360,0,3,Location3,0,PowerDesignRankBelow3,NaN,NaN,NaN,NaN,NaN,NaN,NaN,0,NaN
30,B4_K03_I01-07-09,Branch4,PowerREV,3,2,1/7/9,0/270/360,0,4,Location4,0,PowerDesignRankBelow3,NaN,NaN,NaN,NaN,NaN,NaN,NaN,0,NaN
31,B4_K03_I01-08-09,Branch4,PowerREV,3,2,1/8/9,0/315/360,0,1,Location1,0,PowerDesignRankBelow3,NaN,NaN,NaN,NaN,NaN,NaN,NaN,0,NaN
31,B4_K03_I01-08-09,Branch4,PowerREV,3,2,1/8/9,0/315/360,0,2,Location2,0,PowerDesignRankBelow3,NaN,NaN,NaN,NaN,NaN,NaN,NaN,0,NaN
31,B4_K03_I01-08-09,Branch4,PowerREV,3,2,1/8/9,0/315/360,0,3,Location3,0,PowerDesignRankBelow3,NaN,NaN,NaN,NaN,NaN,NaN,NaN,0,NaN
31,B4_K03_I01-08-09,Branch4,PowerREV,3,2,1/8/9,0/315/360,0,4,Location4,0,PowerDesignRankBelow3,NaN,NaN,NaN,NaN,NaN,NaN,NaN,0,NaN
32,B4_K03_I02-03-04,Branch4,PowerREV,3,3,2/3/4,45/90/135,1,1,Location1,1,,121.944918854907,-9.06181695393534,-0.5225,0.837966288104719,-0.1575,11.1684390960981,0.257786242014824,21,0.732142857142857
32,B4_K03_I02-03-04,Branch4,PowerREV,3,3,2/3/4,45/90/135,1,2,Location2,1,,89.426918023462,-1.14599199838859,0.01,0.999749968742185,-0.0199999999999999,37.6806777152768,0.36051722703714,21,0.630952380952381
32,B4_K03_I02-03-04,Branch4,PowerREV,3,3,2/3/4,45/90/135,1,3,Location3,1,,95.1667813151269,2.00576193490982,-0.09,0.995326579570746,0.0349999999999999,7.5623395978793,0.437476982383766,21,1
32,B4_K03_I02-03-04,Branch4,PowerREV,3,3,2/3/4,45/90/135,1,4,Location4,1,,68.8973162922823,0.859468924835817,0.36,0.932831710438705,0.0149999999999999,4.14597254636473,0.27577690470237,21,0.773809523809524
33,B4_K03_I02-03-05,Branch4,PowerREV,3,3,2/3/5,45/90/180,1,1,Location1,1,,122.718777122405,-8.19253640609033,-0.535,0.832747710894482,-0.1425,11.4257114975873,0.401960571362784,21,0.785714285714286
33,B4_K03_I02-03-05,Branch4,PowerREV,3,3,2/3/5,45/90/180,1,2,Location2,1,,88.9962557632718,2.57918105164837,0.0174999999999999,0.998833694866167,0.0449999999999999,38.454147291101,0.182510233199455,21,0.708333333333333
33,B4_K03_I02-03-05,Branch4,PowerREV,3,3,2/3/5,45/90/180,1,3,Location3,1,,95.8884891043574,2.43580428350657,-0.1025,0.993824682728297,0.0424999999999999,8.37227853953572,0.6117377190915,21,1
33,B4_K03_I02-03-05,Branch4,PowerREV,3,3,2/3/5,45/90/180,1,4,Location4,1,,69.0433816711824,1.71913132087781,0.3575,0.933431170467325,0.0299999999999999,5.01433039477221,0.416214805741616,21,0.873511904761905
34,B4_K03_I02-03-06,Branch4,PowerREV,3,3,2/3/6,45/90/225,1,1,Location1,1,,122.904552418512,-8.33727918890569,-0.5375,0.83070376789804,-0.145,11.6541918220719,0.456729181637446,21,0.799107142857143
34,B4_K03_I02-03-06,Branch4,PowerREV,3,3,2/3/6,45/90/225,1,2,Location2,1,,143.305091831897,-3.87040801131097,-0.8,0.596191034820216,-0.0674999999999999,16.2209760781084,0.186683458522479,19,0.761513157894737
34,B4_K03_I02-03-06,Branch4,PowerREV,3,3,2/3/6,45/90/225,1,3,Location3,1,,96.033301028903,2.57918105164837,-0.105,0.993453572141144,0.0449999999999999,8.57595304950169,0.664231102584064,21,1
34,B4_K03_I02-03-06,Branch4,PowerREV,3,3,2/3/6,45/90/225,1,4,Location4,1,,68.7392231663386,1.4325437375665,0.3625,0.931648404710704,0.0249999999999999,4.71108591978453,0.457313414695668,21,0.888392857142857
35,B4_K03_I02-03-07,Branch4,PowerREV,3,3,2/3/7,45/90/270,1,1,Location1,1,,122.818688285915,-9.2068962213459,-0.535,0.829563138043151,-0.16,11.9850090552187,0.474693131312207,21,0.80952380952381
35,B4_K03_I02-03-07,Branch4,PowerREV,3,3,2/3/7,45/90/270,1,2,Location2,1,,143.016224141102,-5.59522743552786,-0.795,0.598722598537921,-0.0975,16.1338845189099,0.221006351756424,19,0.779605263157895
35,B4_K03_I02-03-07,Branch4,PowerREV,3,3,2/3/7,45/90/270,1,3,Location3,1,,96.033301028903,2.57918105164837,-0.105,0.993453572141144,0.0449999999999999,8.57595304950169,0.669049281169665,21,1
35,B4_K03_I02-03-07,Branch4,PowerREV,3,3,2/3/7,45/90/270,1,4,Location4,1,,68.888118034059,1.86244079953198,0.36,0.932386052019227,0.0324999999999999,5.14658169849668,0.485962659119343,20,0.89375
36,B4_K03_I02-03-08,Branch4,PowerREV,3,3,2/3/8,45/90/315,1,1,Location1,1,,123.006924797102,-9.35203505756315,-0.5375,0.827458458171768,-0.1625,12.2183531178971,0.376936742359038,21,0.800595238095238
36,B4_K03_I02-03-08,Branch4,PowerREV,3,3,2/3/8,45/90/315,1,2,Location2,1,,142.513098180185,-2.86598398259886,-0.7925,0.607818846367896,-0.0499999999999999,15.3971106208564,0.160567769213359,21,0.706845238095238
36,B4_K03_I02-03-08,Branch4,PowerREV,3,3,2/3/8,45/90/315,1,3,Location3,1,,96.1782223300327,2.72257398337613,-0.1075,0.993069735718494,0.0474999999999999,8.77970511627137,0.607296694771487,21,1
36,B4_K03_I02-03-08,Branch4,PowerREV,3,3,2/3/8,45/90/315,1,4,Location4,1,,68.7283399137675,2.29244277595588,0.3625,0.931124991609612,0.0399999999999999,5.57050278829944,0.363707651209496,21,0.857142857142857
37,B4_K03_I02-03-09,Branch4,PowerREV,3,3,2/3/9,45/90/360,1,1,Location1,1,,122.976385638365,-9.06181695393534,-0.5375,0.828424709916357,-0.1575,12.0499372541413,0.278380248002453,21,0.724702380952381
37,B4_K03_I02-03-09,Branch4,PowerREV,3,3,2/3/9,45/90/360,1,2,Location2,1,,90,0,0,1,0,37.183126880966,0.346199745854006,21,0.639880952380952
37,B4_K03_I02-03-09,Branch4,PowerREV,3,3,2/3/9,45/90/360,1,3,Location3,1,,96.0314246209408,2.14909562686402,-0.105,0.99376493699466,0.0374999999999999,8.27442465649887,0.428779381258096,21,1
37,B4_K03_I02-03-09,Branch4,PowerREV,3,3,2/3/9,45/90/360,1,4,Location4,1,,68.585394235793,1.4325437375665,0.365,0.930671800367885,0.0249999999999999,4.70955512268343,0.226891693307608,21,0.758928571428571
38,B4_K03_I02-04-05,Branch4,PowerREV,3,3,2/4/5,45/135/180,1,1,Location1,1,,122.676838799508,-9.49723446851704,-0.5325,0.830191995866017,-0.165,12.0118530834737,0.342968715238318,21,0.760416666666667
38,B4_K03_I02-04-05,Branch4,PowerREV,3,3,2/4/5,45/135/180,1,2,Location2,1,,89.5702440483155,-0.716215896194941,0.0075,0.999893744354869,-0.0125,37.5618473430056,0.192995105305474,19,0.743421052631579
38,B4_K03_I02-04-05,Branch4,PowerREV,3,3,2/4/5,45/135/180,1,3,Location3,1,,95.8891367114247,2.57918105164837,-0.1025,0.993714622011773,0.0449999999999999,8.47525337559886,0.639185976808923,21,1
38,B4_K03_I02-04-05,Branch4,PowerREV,3,3,2/4/5,45/135/180,1,4,Location4,1,,69.0334222184152,2.43580428350657,0.3575,0.932945603987714,0.0424999999999999,5.72798073550251,0.399788669974786,21,0.861607142857143
39,B4_K03_I02-04-06,Branch4,PowerREV,3,3,2/4/6,45/135/225,1,1,Location1,1,,123.006924797102,-9.35203505756315,-0.5375,0.827458458171768,-0.1625,12.2183531178971,0.483429639098724,21,0.863095238095238
39,B4_K03_I02-04-06,Branch4,PowerREV,3,3,2/4/6,45/135/225,1,2,Location2,1,,144.320059863064,-4.30122230467036,-0.81,0.581614133253311,-0.075,17.2619959709535,0.241120386328957,21,0.831845238095238
39,B4_K03_I02-04-06,Branch4,PowerREV,3,3,2/4/6,45/135/225,1,3,Location3,1,,95.8891367114247,2.57918105164837,-0.1025,0.993714622011773,0.0449999999999999,8.47525337559886,0.733313344138185,21,1
39,B4_K03_I02-04-06,Branch4,PowerREV,3,3,2/4/6,45/135/225,1,4,Location4,1,,69.0398116405854,2.00576193490982,0.3575,0.933257065336234,0.0349999999999999,5.29968523915861,0.517895165933477,21,0.933035714285714
40,B4_K03_I02-04-07,Branch4,PowerREV,3,3,2/4/7,45/135/270,1,1,Location1,1,,123.006924797102,-9.35203505756315,-0.5375,0.827458458171768,-0.1625,12.2183531178971,0.505563785644039,21,0.898809523809524
40,B4_K03_I02-04-07,Branch4,PowerREV,3,3,2/4/7,45/135/270,1,2,Location2,1,,144.758499502477,-3.72685314248215,-0.815,0.575803786024371,-0.0649999999999999,17.6610029499035,0.246306683349589,21,0.869047619047619
40,B4_K03_I02-04-07,Branch4,PowerREV,3,3,2/4/7,45/135/270,1,3,Location3,1,,95.8884891043574,2.43580428350657,-0.1025,0.993824682728297,0.0424999999999999,8.37227853953572,0.755101786010426,21,1
40,B4_K03_I02-04-07,Branch4,PowerREV,3,3,2/4/7,45/135/270,1,4,Location4,1,,68.886249246736,2.00576193490982,0.36,0.93229555399562,0.0349999999999999,5.28961108043064,0.58267215205934,21,0.94047619047619
41,B4_K03_I02-04-08,Branch4,PowerREV,3,3,2/4/8,45/135/315,1,1,Location1,1,,122.865361577332,-9.64249546379557,-0.535,0.828081366775029,-0.1675,12.2461765930869,0.519750438174868,21,0.882440476190476
41,B4_K03_I02-04-08,Branch4,PowerREV,3,3,2/4/8,45/135/315,1,2,Location2,1,,144.438100250682,-5.3074466746303,-0.81,0.5790887237721,-0.0925,17.4891929624876,0.22111111195288,21,0.845238095238095
41,B4_K03_I02-04-08,Branch4,PowerREV,3,3,2/4/8,45/135/315,1,3,Location3,1,,95.8884891043574,2.43580428350657,-0.1025,0.993824682728297,0.0424999999999999,8.37227853953572,0.722057109044625,21,1
41,B4_K03_I02-04-08,Branch4,PowerREV,3,3,2/4/8,45/135/315,1,4,Location4,1,,69.0433816711824,1.71913132087781,0.3575,0.933431170467325,0.0299999999999999,5.01433039477221,0.531841800773844,21,0.930059523809524
42,B4_K03_I02-04-09,Branch4,PowerREV,3,3,2/4/9,45/135/360,1,1,Location1,1,,122.803648507146,-9.06181695393534,-0.535,0.830041414629415,-0.1575,11.9007118142778,0.39906900914729,21,0.794642857142857
42,B4_K03_I02-04-09,Branch4,PowerREV,3,3,2/4/9,45/135/360,1,2,Location2,1,,90.2867391717584,-2.43580428350657,-0.005,0.999083955431174,-0.0424999999999999,36.7741923164329,0.177321098955973,21,0.706845238095238
42,B4_K03_I02-04-09,Branch4,PowerREV,3,3,2/4/9,45/135/360,1,3,Location3,1,,95.7432236719061,2.14909562686402,-0.1,0.994280518767214,0.0374999999999999,8.06696308877139,0.593642645841953,21,1
42,B4_K03_I02-04-09,Branch4,PowerREV,3,3,2/4/9,45/135/360,1,4,Location4,1,,69.5102761096819,0.859468924835817,0.35,0.93662959594495,0.0149999999999999,4.2319953593859,0.391891332356122,21,0.87202380952381
43,B4_K03_I02-05-06,Branch4,PowerREV,3,3,2/5/6,45/180/225,1,1,Location1,1,,122.732288276249,-8.33727918890569,-0.535,0.832316045742241,-0.145,11.5010806809875,0.323811949185388,21,0.787202380952381
43,B4_K03_I02-05-06,Branch4,PowerREV,3,3,2/5/6,45/180/225,1,2,Location2,1,,144.045710905464,-4.01398721805631,-0.8075,0.585699368276934,-0.07,16.9676310112027,0.187881421576408,18,0.776041666666667
43,B4_K03_I02-05-06,Branch4,PowerREV,3,3,2/5/6,45/180/225,1,3,Location3,1,,95.8898215569978,2.72257398337613,-0.1025,0.993598258855157,0.0474999999999999,8.57941727273049,0.659136063282558,21,1
43,B4_K03_I02-05-06,Branch4,PowerREV,3,3,2/5/6,45/180/225,1,4,Location4,1,,69.048870459636,1.14599199838859,0.3575,0.933698961121838,0.0199999999999999,4.44408097795437,0.41425767805725,21,0.883928571428571
44,B4_K03_I02-05-07,Branch4,PowerREV,3,3,2/5/7,45/180/270,1,1,Location1,1,,123.071145150082,-9.93320626438465,-0.5375,0.825431705230663,-0.1725,12.5714288909792,0.517451372157148,21,0.885416666666667
44,B4_K03_I02-05-07,Branch4,PowerREV,3,3,2/5/7,45/180/270,1,2,Location2,1,,143.361184830953,-4.44488001787759,-0.8,0.594973738916265,-0.0775,16.3225615992363,0.268921420446168,21,0.854166666666667
44,B4_K03_I02-05-07,Branch4,PowerREV,3,3,2/5/7,45/180/270,1,3,Location3,1,,95.8891367114247,2.57918105164837,-0.1025,0.993714622011773,0.0449999999999999,8.47525337559886,0.747900585187476,21,1
44,B4_K03_I02-05-07,Branch4,PowerREV,3,3,2/5/7,45/180/270,1,4,Location4,1,,69.1997531762053,1.4325437375665,0.355,0.934531968420557,0.0249999999999999,4.74554550752062,0.579675545476242,21,0.930059523809524
45,B4_K03_I02-05-08,Branch4,PowerREV,3,3,2/5/8,45/180/315,1,1,Location1,1,,122.961505062079,-8.91679625299095,-0.5375,0.828896103260234,-0.155,11.9678463979394,0.548987883442191,21,0.898809523809524
45,B4_K03_I02-05-08,Branch4,PowerREV,3,3,2/5/8,45/180/315,1,2,Location2,1,,144.476542092099,-5.59522743552786,-0.81,0.578267887747539,-0.0975,17.5686047297924,0.252773536221804,21,0.885416666666667
45,B4_K03_I02-05-08,Branch4,PowerREV,3,3,2/5/8,45/180/315,1,3,Location3,1,,95.8884891043574,2.43580428350657,-0.1025,0.993824682728297,0.0424999999999999,8.37227853953572,0.729577714194988,21,1
45,B4_K03_I02-05-08,Branch4,PowerREV,3,3,2/5/8,45/180/315,1,4,Location4,1,,69.0477044535588,1.28926383628796,0.3575,0.933642062034482,0.0224999999999999,4.58658178583189,0.567767279812358,21,0.950892857142857
46,B4_K03_I02-05-09,Branch4,PowerREV,3,3,2/5/9,45/180/360,1,1,Location1,1,,122.760068603945,-8.62692655867863,-0.535,0.831429491899343,-0.15,11.6564565259031,0.423068099048699,21,0.818452380952381
46,B4_K03_I02-05-09,Branch4,PowerREV,3,3,2/5/9,45/180/360,1,2,Location2,1,,143.346417198589,-4.30122230467036,-0.8,0.595294044989533,-0.075,16.2946229961618,0.178055420892147,20,0.7625
46,B4_K03_I02-05-09,Branch4,PowerREV,3,3,2/5/9,45/180/360,1,3,Location3,1,,95.8878786990507,2.29244277595588,-0.1025,0.993928443098395,0.0399999999999999,8.27053568153326,0.638187151662546,21,1
46,B4_K03_I02-05-09,Branch4,PowerREV,3,3,2/5/9,45/180/360,1,4,Location4,1,,69.6638609526785,0.716215896194936,0.3475,0.937596661683477,0.0124999999999999,4.12836351479127,0.436585430940114,21,0.894345238095238
47,B4_K03_I02-06-07,Branch4,PowerREV,3,3,2/6/7,45/225/270,1,1,Location1,1,,122.976385638365,-9.06181695393534,-0.5375,0.828424709916357,-0.1575,12.0499372541413,0.433726759915247,21,0.794642857142857
47,B4_K03_I02-06-07,Branch4,PowerREV,3,3,2/6/7,45/225/270,1,2,Location2,1,,143.183907559003,-2.14909562686402,-0.8,0.598826978350174,-0.0374999999999999,16.0807184805811,0.19558504349237,20,0.7734375
47,B4_K03_I02-06-07,Branch4,PowerREV,3,3,2/6/7,45/225/270,1,3,Location3,1,,95.8891367114247,2.57918105164837,-0.1025,0.993714622011773,0.0449999999999999,8.47525337559886,0.663935461076419,21,1
47,B4_K03_I02-06-07,Branch4,PowerREV,3,3,2/6/7,45/225/270,1,4,Location4,1,,69.1950555895429,1.86244079953198,0.355,0.934301209460846,0.0324999999999999,5.17191604257268,0.477479507920399,20,0.890625
48,B4_K03_I02-06-08,Branch4,PowerREV,3,3,2/6/8,45/225/315,1,1,Location1,1,,122.774339673063,-8.7718331196937,-0.535,0.830974578431856,-0.1525,11.736409343889,0.532284993942387,21,0.864583333333333
48,B4_K03_I02-06-08,Branch4,PowerREV,3,3,2/6/8,45/225/315,1,2,Location2,1,,143.478598310913,-5.45131981241778,-0.8,0.592431430631427,-0.095,16.5649723325997,0.236799030378961,21,0.851190476190476
48,B4_K03_I02-06-08,Branch4,PowerREV,3,3,2/6/8,45/225/315,1,3,Location3,1,,95.8884891043574,2.43580428350657,-0.1025,0.993824682728297,0.0424999999999999,8.37227853953572,0.705904041112347,21,1
48,B4_K03_I02-06-08,Branch4,PowerREV,3,3,2/6/8,45/225/315,1,4,Location4,1,,69.1967579819565,1.71913132087781,0.355,0.934384824363067,0.0299999999999999,5.02973085550508,0.539012691696898,21,0.94047619047619
49,B4_K03_I02-06-09,Branch4,PowerREV,3,3,2/6/9,45/225/360,1,1,Location1,1,,122.416168779998,-8.62692655867863,-0.53,0.834625664594613,-0.15,11.3558831209777,0.434415246301945,21,0.813988095238095
49,B4_K03_I02-06-09,Branch4,PowerREV,3,3,2/6/9,45/225/360,1,2,Location2,1,,144.074512704815,-4.30122230467036,-0.8075,0.585080122718248,-0.075,17.0179834126298,0.184176100315925,21,0.742559523809524
49,B4_K03_I02-06-09,Branch4,PowerREV,3,3,2/6/9,45/225/360,1,3,Location3,1,,95.743782785421,2.29244277595588,-0.1,0.994183081730925,0.0399999999999999,8.16867893876482,0.642787090891027,21,1
49,B4_K03_I02-06-09,Branch4,PowerREV,3,3,2/6/9,45/225/360,1,4,Location4,1,,69.1983238133349,1.57583259975216,0.355,0.934461743465189,0.0274999999999999,4.8876061952048,0.453897466360694,21,0.869047619047619
50,B4_K03_I02-07-08,Branch4,PowerREV,3,3,2/7/8,45/270/315,1,1,Location1,1,,122.918407100618,-8.48207557796812,-0.5375,0.830263512386278,-0.1475,11.7303474321833,0.394052603821864,21,0.790178571428571
50,B4_K03_I02-07-08,Branch4,PowerREV,3,3,2/7/8,45/270/315,1,2,Location2,1,,143.721074204305,-5.45131981241778,-0.8025,0.589040533410053,-0.095,16.8035135090549,0.158958897692177,21,0.732142857142857
50,B4_K03_I02-07-08,Branch4,PowerREV,3,3,2/7/8,45/270/315,1,3,Location3,1,,95.7427007780202,2.00576193490982,-0.1,0.994371660899485,0.0349999999999999,7.96655478515079,0.586866433864421,21,1
50,B4_K03_I02-07-08,Branch4,PowerREV,3,3,2/7/8,45/270/315,1,4,Location4,1,,69.3482897668617,1.86244079953198,0.3525,0.935247293500495,0.0324999999999999,5.19130792057805,0.409585640554349,21,0.867559523809524
51,B4_K03_I02-07-09,Branch4,PowerREV,3,3,2/7/9,45/270/360,1,1,Location1,1,,122.631246389304,-9.06181695393534,-0.5325,0.831647461368097,-0.1575,11.7523866633935,0.404032733736275,21,0.788690476190476
51,B4_K03_I02-07-09,Branch4,PowerREV,3,3,2/7/9,45/270/360,1,2,Location2,1,,141.017483492708,-4.44488001787759,-0.775,0.627191159057587,-0.0775,13.9990320595554,0.204703743864357,21,0.694940476190476
51,B4_K03_I02-07-09,Branch4,PowerREV,3,3,2/7/9,45/270/360,1,3,Location3,1,,95.5997233140796,2.29244277595588,-0.0975,0.994431370180969,0.0399999999999999,8.06813270365114,0.593334708786596,21,1
51,B4_K03_I02-07-09,Branch4,PowerREV,3,3,2/7/9,45/270/360,1,4,Location4,1,,69.4995601356051,2.00576193490982,0.35,0.936095614774474,0.0349999999999999,5.35609750914218,0.407985183113593,21,0.851190476190476
52,B4_K03_I02-08-09,Branch4,PowerREV,3,3,2/8/9,45/315/360,1,1,Location1,1,,122.347931512975,-9.64249546379557,-0.5275,0.832879042838755,-0.1675,11.8138099884616,0.297898267934926,21,0.735119047619048
52,B4_K03_I02-08-09,Branch4,PowerREV,3,3,2/8/9,45/315/360,1,2,Location2,1,,90.2864944164393,0.572967344857153,-0.005,0.999937498046753,0.01,36.9464488847191,0.23966762157681,21,0.626488095238095
52,B4_K03_I02-08-09,Branch4,PowerREV,3,3,2/8/9,45/315/360,1,3,Location3,1,,95.6003036498376,2.43580428350657,-0.0975,0.994327662292466,0.0424999999999999,8.17235725119697,0.410467681207835,21,0.998511904761905
52,B4_K03_I02-08-09,Branch4,PowerREV,3,3,2/8/9,45/315/360,1,4,Location4,1,,68.8798085053409,2.43580428350657,0.36,0.931983771317935,0.0424999999999999,5.71883064794322,0.297923053041124,21,0.775297619047619
53,B4_K03_I03-04-05,Branch4,PowerREV,3,3,3/4/5,90/135/180,1,1,Location1,1,,122.244710245885,-8.62692655867863,-0.5275,0.836207958584466,-0.15,11.2069115461382,0.287276444620569,21,0.665178571428571
53,B4_K03_I03-04-05,Branch4,PowerREV,3,3,3/4/5,90/135/180,1,2,Location2,1,,89.713516327661,-0.286480091240914,0.005,0.999974999687492,-0.005,37.4473895924759,0.341747116195799,21,0.65625
53,B4_K03_I03-04-05,Branch4,PowerREV,3,3,3/4/5,90/135/180,1,3,Location3,1,,96.0340027623943,2.72257398337613,-0.105,0.993337178404191,0.0474999999999999,8.67892896291791,0.471896634777887,21,1
53,B4_K03_I03-04-05,Branch4,PowerREV,3,3,3/4/5,90/135/180,1,4,Location4,1,,69.4976160620549,2.14909562686401,0.35,0.935998798076151,0.0374999999999999,5.49720433075537,0.301886504329284,21,0.773809523809524
54,B4_K03_I03-04-06,Branch4,PowerREV,3,3,3/4/6,90/135/225,1,1,Location1,1,,123.164701258421,-9.2068962213459,-0.54,0.826317130404544,-0.16,12.2827869729163,0.374943644216046,21,0.754464285714286
54,B4_K03_I03-04-06,Branch4,PowerREV,3,3,3/4/6,90/135/225,1,2,Location2,1,,145.637945421676,-4.87602486961296,-0.8225,0.562377764496428,-0.085,18.6236819426758,0.159022059205712,21,0.702380952380952
54,B4_K03_I03-04-06,Branch4,PowerREV,3,3,3/4/6,90/135/225,1,3,Location3,1,,95.8884891043574,2.43580428350657,-0.1025,0.993824682728297,0.0424999999999999,8.37227853953572,0.63229306219224,21,1
54,B4_K03_I03-04-06,Branch4,PowerREV,3,3,3/4/6,90/135/225,1,4,Location4,1,,68.8942054478987,1.28926383628796,0.36,0.932680947591404,0.0224999999999999,4.57467674719183,0.413341487523957,21,0.852678571428571
55,B4_K03_I03-04-07,Branch4,PowerREV,3,3,3/4/7,90/135/270,1,1,Location1,1,,122.803648507146,-9.06181695393534,-0.535,0.830041414629415,-0.1575,11.9007118142778,0.438642255070981,21,0.787202380952381
55,B4_K03_I03-04-07,Branch4,PowerREV,3,3,3/4/7,90/135/270,1,2,Location2,1,,145.114469255893,-4.73228037895821,-0.8175,0.569989034982253,-0.0825,18.0900553127896,0.182629790466528,20,0.7484375
55,B4_K03_I03-04-07,Branch4,PowerREV,3,3,3/4/7,90/135/270,1,3,Location3,1,,95.8873054608897,2.14909562686402,-0.1025,0.994025905095033,0.0374999999999999,8.17006937695647,0.681258836248706,21,1
55,B4_K03_I03-04-07,Branch4,PowerREV,3,3,3/4/7,90/135/270,1,4,Location4,1,,69.0416655384098,1.86244079953198,0.3575,0.933347470131033,0.0324999999999999,5.15698973655785,0.451391662005261,21,0.866071428571429
56,B4_K03_I03-04-08,Branch4,PowerREV,3,3,3/4/8,90/135/315,1,1,Location1,1,,122.504467112459,-9.49723446851704,-0.53,0.831790237980706,-0.165,11.8669047856171,0.4027142849928,21,0.782738095238095
56,B4_K03_I03-04-08,Branch4,PowerREV,3,3,3/4/8,90/135/315,1,2,Location2,1,,145.317313331186,-4.30122230467036,-0.82,0.567428409581332,-0.075,18.2533046956812,0.163800239989678,19,0.802631578947368
56,B4_K03_I03-04-08,Branch4,PowerREV,3,3,3/4/8,90/135/315,1,3,Location3,1,,95.7432236719061,2.14909562686401,-0.1,0.994280518767214,0.0374999999999999,8.06696308877139,0.67044597591316,21,1
56,B4_K03_I03-04-08,Branch4,PowerREV,3,3,3/4/8,90/135/315,1,4,Location4,1,,69.0433816711824,1.71913132087781,0.3575,0.933431170467325,0.0299999999999999,5.01433039477221,0.469497539932172,21,0.886904761904762
57,B4_K03_I03-04-09,Branch4,PowerREV,3,3,3/4/9,90/135/360,1,1,Location1,1,,122.444587648887,-8.91679625299095,-0.53,0.833711580823968,-0.155,11.5204846344136,0.392519396075939,21,0.77827380952381
57,B4_K03_I03-04-09,Branch4,PowerREV,3,3,3/4/9,90/135/360,1,2,Location2,1,,90.1432507899194,0.716215896194936,-0.0025,0.999918746698951,0.0124999999999999,37.1024469314095,0.17597676014457,21,0.729166666666667
57,B4_K03_I03-04-09,Branch4,PowerREV,3,3,3/4/9,90/135/360,1,3,Location3,1,,95.4542098059417,1.86244079953198,-0.095,0.994946606607611,0.0324999999999999,7.66002794252901,0.610901193767178,21,1
57,B4_K03_I03-04-09,Branch4,PowerREV,3,3,3/4/9,90/135/360,1,4,Location4,1,,69.3542321298258,1.28926383628796,0.3525,0.93554128717016,0.0224999999999999,4.62551860513631,0.396721343458703,21,0.873511904761905
58,B4_K03_I03-05-06,Branch4,PowerREV,3,3,3/5/6,90/180/225,1,1,Location1,1,,122.646186963569,-9.2068962213459,-0.5325,0.831170108942809,-0.16,11.8374867342012,0.375723455732275,21,0.75
58,B4_K03_I03-05-06,Branch4,PowerREV,3,3,3/5/6,90/180/225,1,2,Location2,1,,143.523191740455,-8.62692655867863,-0.795,0.587771213994017,-0.15,17.3744824366788,0.136787852764842,20,0.703125
58,B4_K03_I03-05-06,Branch4,PowerREV,3,3,3/5/6,90/180/225,1,3,Location3,1,,96.0340027623943,2.72257398337613,-0.105,0.993337178404191,0.0474999999999999,8.67892896291791,0.592563680674802,21,1
58,B4_K03_I03-05-06,Branch4,PowerREV,3,3,3/5/6,90/180/225,1,4,Location4,1,,69.3586180776577,0.572967344857153,0.3525,0.935758382276109,0.01,3.92090091358441,0.399487245635651,21,0.848214285714286
59,B4_K03_I03-05-07,Branch4,PowerREV,3,3,3/5/7,90/180/270,1,1,Location1,1,,122.661384084008,-9.35203505756315,-0.5325,0.83068495833258,-0.1625,11.9239842376393,0.501901379136143,21,0.830357142857143
59,B4_K03_I03-05-07,Branch4,PowerREV,3,3,3/5/7,90/180/270,1,2,Location2,1,,143.618019979014,-4.58856573578583,-0.8025,0.591264534705067,-0.08,16.5916732698491,0.210816460280248,21,0.816964285714286
59,B4_K03_I03-05-07,Branch4,PowerREV,3,3,3/5/7,90/180/270,1,3,Location3,1,,95.8884891043574,2.43580428350657,-0.1025,0.993824682728297,0.0424999999999999,8.37227853953572,0.722072036002758,21,1
59,B4_K03_I03-05-07,Branch4,PowerREV,3,3,3/5/7,90/180/270,1,4,Location4,1,,69.049899126609,1.00272732679461,0.3575,0.933749163319572,0.0174999999999999,4.30162488105234,0.53488938174462,21,0.922619047619048
60,B4_K03_I03-05-08,Branch4,PowerREV,3,3,3/5/8,90/180/315,1,1,Location1,1,,123.091098719275,-8.48207557796812,-0.54,0.828639698542135,-0.1475,11.8835078524328,0.50784234989721,21,0.854166666666667
60,B4_K03_I03-05-08,Branch4,PowerREV,3,3,3/5/8,90/180/315,1,2,Location2,1,,143.49739611047,-5.59522743552786,-0.8,0.592025126155976,-0.0975,16.6062097525257,0.204216849896551,21,0.876488095238095
60,B4_K03_I03-05-08,Branch4,PowerREV,3,3,3/5/8,90/180/315,1,3,Location3,1,,95.8878786990507,2.29244277595588,-0.1025,0.993928443098395,0.0399999999999999,8.27053568153326,0.730744583157924,21,1
60,B4_K03_I03-05-08,Branch4,PowerREV,3,3,3/5/8,90/180/315,1,4,Location4,1,,69.0464010394974,1.4325437375665,0.3575,0.933578464833032,0.0249999999999999,4.72912490366468,0.589431692399381,21,0.936011904761905
61,B4_K03_I03-05-09,Branch4,PowerREV,3,3,3/5/9,90/180/360,1,1,Location1,1,,122.746051790796,-8.48207557796812,-0.535,0.831876643499504,-0.1475,11.5780046973237,0.488718115866994,21,0.863095238095238
61,B4_K03_I03-05-09,Branch4,PowerREV,3,3,3/5/9,90/180/360,1,2,Location2,1,,144.249416881992,-5.73917047726678,-0.8075,0.581329295666406,-0.1,17.3679911078123,0.213932941001886,21,0.831845238095238
61,B4_K03_I03-05-09,Branch4,PowerREV,3,3,3/5/9,90/180/360,1,3,Location3,1,,95.743782785421,2.29244277595588,-0.1,0.994183081730925,0.0399999999999999,8.16867893876482,0.710524037666069,21,1
61,B4_K03_I03-05-09,Branch4,PowerREV,3,3,3/5/9,90/180/360,1,4,Location4,1,,69.1997531762053,1.4325437375665,0.355,0.934531968420557,0.0249999999999999,4.74554550752062,0.564915161191264,21,0.927083333333333
62,B4_K03_I03-06-07,Branch4,PowerREV,3,3,3/6/7,90/225/270,1,1,Location1,1,,122.746051790796,-8.48207557796812,-0.535,0.831876643499504,-0.1475,11.5780046973237,0.426111961178365,21,0.779761904761905
62,B4_K03_I03-06-07,Branch4,PowerREV,3,3,3/6/7,90/225/270,1,2,Location2,1,,143.425254565462,-5.01980013167812,-0.8,0.593585503529188,-0.0875,16.4511116590468,0.188934257162801,21,0.741071428571429
62,B4_K03_I03-06-07,Branch4,PowerREV,3,3,3/6/7,90/225/270,1,3,Location3,1,,96.033301028903,2.57918105164837,-0.105,0.993453572141144,0.0449999999999999,8.57595304950169,0.655403705492533,21,1
62,B4_K03_I03-06-07,Branch4,PowerREV,3,3,3/6/7,90/225/270,1,4,Location4,1,,69.0416655384098,1.86244079953198,0.3575,0.933347470131033,0.0324999999999999,5.15698973655785,0.467496955078049,20,0.9
63,B4_K03_I03-06-08,Branch4,PowerREV,3,3,3/6/8,90/225/315,1,1,Location1,1,,122.402336111978,-8.48207557796812,-0.53,0.835071104756954,-0.1475,11.2758315164623,0.512900714398312,21,0.857142857142857
63,B4_K03_I03-06-08,Branch4,PowerREV,3,3,3/6/8,90/225/315,1,2,Location2,1,,142.945333359452,-5.01980013167812,-0.795,0.600265566228815,-0.0875,15.9772152108966,0.235218703842518,21,0.875
63,B4_K03_I03-06-08,Branch4,PowerREV,3,3,3/6/8,90/225/315,1,3,Location3,1,,95.8878786990507,2.29244277595588,-0.1025,0.993928443098395,0.0399999999999999,8.27053568153326,0.728924343206397,21,1
63,B4_K03_I03-06-08,Branch4,PowerREV,3,3,3/6/8,90/225/315,1,4,Location4,1,,69.0464010394974,1.4325437375665,0.3575,0.933578464833032,0.0249999999999999,4.72912490366468,0.569331187825701,21,0.94047619047619
64,B4_K03_I03-06-09,Branch4,PowerREV,3,3,3/6/9,90/225/360,1,1,Location1,1,,122.602130784972,-8.7718331196937,-0.5325,0.83257882509706,-0.1525,11.5864848977824,0.542205389574509,21,0.861607142857143
64,B4_K03_I03-06-09,Branch4,PowerREV,3,3,3/6/9,90/225/360,1,2,Location2,1,,143.442529225153,-5.16360709084638,-0.8,0.593211597998556,-0.09,16.4874154723043,0.236424951757759,21,0.867559523809524
64,B4_K03_I03-06-09,Branch4,PowerREV,3,3,3/6/9,90/225/360,1,3,Location3,1,,95.7443781502486,2.43580428350657,-0.1,0.99407934793959,0.0424999999999999,8.27165546653221,0.736370128480223,21,1
64,B4_K03_I03-06-09,Branch4,PowerREV,3,3,3/6/9,90/225/360,1,4,Location4,1,,69.0433816711824,1.71913132087781,0.3575,0.933431170467325,0.0299999999999999,5.01433039477221,0.592597114032282,21,0.955357142857143
65,B4_K03_I03-07-08,Branch4,PowerREV,3,3,3/7/8,90/270/315,1,1,Location1,1,,122.803648507146,-9.06181695393534,-0.535,0.830041414629415,-0.1575,11.9007118142778,0.459492088890224,21,0.787202380952381
65,B4_K03_I03-07-08,Branch4,PowerREV,3,3,3/7/8,90/270/315,1,2,Location2,1,,142.897373538684,-4.58856573578583,-0.795,0.601311067584823,-0.08,15.8773766836111,0.185621188055765,21,0.764880952380952
65,B4_K03_I03-07-08,Branch4,PowerREV,3,3,3/7/8,90/270/315,1,3,Location3,1,,95.8867693573847,2.00576193490982,-0.1025,0.994117070570665,0.0349999999999999,8.07092589462079,0.652395949823806,21,1
65,B4_K03_I03-07-08,Branch4,PowerREV,3,3,3/7/8,90/270/315,1,4,Location4,1,,69.4995601356051,2.00576193490982,0.35,0.936095614774474,0.0349999999999999,5.35609750914218,0.488952643551765,21,0.875
66,B4_K03_I03-07-09,Branch4,PowerREV,3,3,3/7/9,90/270/360,1,1,Location1,1,,123.006924797102,-9.35203505756315,-0.5375,0.827458458171768,-0.1625,12.2183531178971,0.536693420097727,21,0.855654761904762
66,B4_K03_I03-07-09,Branch4,PowerREV,3,3,3/7/9,90/270/360,1,2,Location2,1,,143.201746477251,-5.16360709084638,-0.7975,0.596568311260328,-0.09,16.2499420461766,0.227055504852945,21,0.84375
66,B4_K03_I03-07-09,Branch4,PowerREV,3,3,3/7/9,90/270/360,1,3,Location3,1,,95.8884891043574,2.43580428350657,-0.1025,0.993824682728297,0.0424999999999999,8.37227853953572,0.729096279109965,21,1
66,B4_K03_I03-07-09,Branch4,PowerREV,3,3,3/7/9,90/270/360,1,4,Location4,1,,69.0416655384098,1.86244079953198,0.3575,0.933347470131033,0.0324999999999999,5.15698973655785,0.577066967426924,21,0.918154761904762
67,B4_K03_I03-08-09,Branch4,PowerREV,3,3,3/8/9,90/315/360,1,1,Location1,1,,122.474017732506,-9.2068962213459,-0.53,0.832766473868875,-0.16,11.6908979714763,0.407445560776313,21,0.802083333333333
67,B4_K03_I03-08-09,Branch4,PowerREV,3,3,3/8/9,90/315/360,1,2,Location2,1,,142.120159994781,-3.87040801131097,-0.7875,0.612607133487686,-0.0674999999999999,15.0413164667223,0.153031544554933,21,0.700892857142857
67,B4_K03_I03-08-09,Branch4,PowerREV,3,3,3/8/9,90/315/360,1,3,Location3,1,,95.8898215569978,2.72257398337613,-0.1025,0.993598258855157,0.0474999999999999,8.57941727273049,0.596707217244203,21,1
67,B4_K03_I03-08-09,Branch4,PowerREV,3,3,3/8/9,90/315/360,1,4,Location4,1,,68.5786455787831,2.00576193490982,0.365,0.930349396732217,0.0349999999999999,5.28280556058732,0.431828950063371,21,0.879464285714286
68,B4_K03_I04-05-06,Branch4,PowerREV,3,3,4/5/6,135/180/225,1,1,Location1,1,,123.369693636057,-9.49723446851704,-0.5425,0.823692145161042,-0.165,12.6011288158325,0.268611105411172,20,0.6953125
68,B4_K03_I04-05-06,Branch4,PowerREV,3,3,4/5/6,135/180/225,1,2,Location2,1,,89.5702118073498,1.00272732679461,0.0075,0.999818733571241,0.0174999999999999,37.7006252780815,0.359581222194323,21,0.613095238095238
68,B4_K03_I04-05-06,Branch4,PowerREV,3,3,4/5/6,135/180/225,1,3,Location3,1,,96.6146176499496,3.29632543912624,-0.115,0.991699929414135,0.0574999999999999,9.49445942794444,0.387366182506873,21,1
68,B4_K03_I04-05-06,Branch4,PowerREV,3,3,4/5/6,135/180/225,1,4,Location4,1,,69.9683888154689,0.859468924835817,0.3425,0.939398078558818,0.0149999999999999,4.35185679902968,0.287017235962814,21,0.763392857142857
69,B4_K03_I04-05-07,Branch4,PowerREV,3,3,4/5/7,135/180/270,1,1,Location1,1,,123.496642748428,-9.06181695393534,-0.545,0.823510018153999,-0.1575,12.5028602851684,0.383659360701082,20,0.7375
69,B4_K03_I04-05-07,Branch4,PowerREV,3,3,4/5/7,135/180/270,1,2,Location2,1,,88.1362478266208,-2.14909562686401,0.0324999999999999,0.998767991077007,-0.0374999999999999,38.9295921283901,0.187625938168405,20,0.6984375
69,B4_K03_I04-05-07,Branch4,PowerREV,3,3,4/5/7,135/180/270,1,3,Location3,1,,96.1789800816229,2.86598398259886,-0.1075,0.992947002613936,0.0499999999999999,8.88268478086384,0.60235789386113,21,1
69,B4_K03_I04-05-07,Branch4,PowerREV,3,3,4/5/7,135/180/270,1,4,Location4,1,,68.888118034059,1.86244079953198,0.36,0.932386052019227,0.0324999999999999,5.14658169849668,0.373620927066188,21,0.849702380952381
70,B4_K03_I04-05-08,Branch4,PowerREV,3,3,4/5/8,135/180/315,1,1,Location1,1,,122.732288276249,-8.33727918890569,-0.535,0.832316045742241,-0.145,11.5010806809875,0.423525746236422,20,0.7984375
70,B4_K03_I04-05-08,Branch4,PowerREV,3,3,4/5/8,135/180/315,1,2,Location2,1,,144.752342935036,-7.32515065184004,-0.81,0.572401738292259,-0.1275,18.1761950652247,0.1478833630211,20,0.74375
70,B4_K03_I04-05-08,Branch4,PowerREV,3,3,4/5/8,135/180/315,1,3,Location3,1,,96.0326374522384,2.43580428350657,-0.105,0.993563661775128,0.0424999999999999,8.4741818022773,0.65926999336017,21,1
70,B4_K03_I04-05-08,Branch4,PowerREV,3,3,4/5/8,135/180/315,1,4,Location4,1,,69.0398116405854,2.00576193490982,0.3575,0.933257065336234,0.0349999999999999,5.29968523915861,0.461040774589781,20,0.9109375
71,B4_K03_I04-05-09,Branch4,PowerREV,3,3,4/5/9,135/180/360,1,1,Location1,1,,122.803648507146,-9.06181695393534,-0.535,0.830041414629415,-0.1575,11.9007118142778,0.364633790075287,20,0.8
71,B4_K03_I04-05-09,Branch4,PowerREV,3,3,4/5/9,135/180/360,1,2,Location2,1,,144.667606204673,-5.16360709084638,-0.8125,0.575972004527998,-0.09,17.6967826774194,0.165125546420056,19,0.78125
71,B4_K03_I04-05-09,Branch4,PowerREV,3,3,4/5/9,135/180/360,1,3,Location3,1,,95.8884891043574,2.43580428350657,-0.1025,0.993824682728297,0.0424999999999999,8.37227853953572,0.671602602147972,21,1
71,B4_K03_I04-05-09,Branch4,PowerREV,3,3,4/5/9,135/180/360,1,4,Location4,1,,69.1844914046883,2.57918105164837,0.355,0.93378262995196,0.0449999999999999,5.88365929324616,0.433736368277946,21,0.891369047619048
72,B4_K03_I04-06-07,Branch4,PowerREV,3,3,4/6/7,135/225/270,1,1,Location1,1,,123.209516881648,-7.90320773348458,-0.5425,0.828726432545747,-0.1375,11.7481091017961,0.41300625467279,21,0.739583333333333
72,B4_K03_I04-06-07,Branch4,PowerREV,3,3,4/6/7,135/225/270,1,2,Location2,1,,143.23750026705,-5.45131981241778,-0.7975,0.595792539396055,-0.095,16.3278820484403,0.178175124646645,21,0.703869047619048
72,B4_K03_I04-06-07,Branch4,PowerREV,3,3,4/6/7,135/225/270,1,3,Location3,1,,96.1797769929752,3.00941195419142,-0.1075,0.992817959144575,0.0524999999999999,8.98680407390903,0.596514722851818,21,1
72,B4_K03_I04-06-07,Branch4,PowerREV,3,3,4/6/7,135/225/270,1,4,Location4,1,,68.886249246736,2.00576193490982,0.36,0.93229555399562,0.0349999999999999,5.28961108043064,0.400089226447184,21,0.84077380952381
73,B4_K03_I04-06-08,Branch4,PowerREV,3,3,4/6/8,135/225/315,1,1,Location1,1,,122.760068603945,-8.62692655867863,-0.535,0.831429491899343,-0.15,11.6564565259031,0.505333727006089,21,0.845238095238095
73,B4_K03_I04-06-08,Branch4,PowerREV,3,3,4/6/8,135/225/315,1,2,Location2,1,,143.684684393117,-5.16360709084638,-0.8025,0.589825185966147,-0.09,16.7263201816587,0.213337811787123,21,0.828869047619048
73,B4_K03_I04-06-08,Branch4,PowerREV,3,3,4/6/8,135/225/315,1,3,Location3,1,,95.8884891043574,2.43580428350657,-0.1025,0.993824682728297,0.0424999999999999,8.37227853953572,0.716417883554402,21,1
73,B4_K03_I04-06-08,Branch4,PowerREV,3,3,4/6/8,135/225/315,1,4,Location4,1,,68.7305039444115,2.14909562686402,0.3625,0.931229026609459,0.0374999999999999,5.42723130629462,0.504655643557217,21,0.9375
74,B4_K03_I04-06-09,Branch4,PowerREV,3,3,4/6/9,135/225/360,1,1,Location1,1,,123.022585491893,-9.49723446851704,-0.5375,0.826963572353704,-0.165,12.3046281920336,0.51045827480853,21,0.888392857142857
74,B4_K03_I04-06-09,Branch4,PowerREV,3,3,4/6/9,135/225/360,1,2,Location2,1,,144.537752560941,-4.01398721805631,-0.8125,0.5787432505006,-0.07,17.4573866123367,0.242111373978919,21,0.863095238095238
74,B4_K03_I04-06-09,Branch4,PowerREV,3,3,4/6/9,135/225/360,1,3,Location3,1,,95.8891367114247,2.57918105164837,-0.1025,0.993714622011773,0.0449999999999999,8.47525337559886,0.747422846034502,21,1
74,B4_K03_I04-06-09,Branch4,PowerREV,3,3,4/6/9,135/225/360,1,4,Location4,1,,68.8842414768822,2.14909562686402,0.36,0.932198342628864,0.0374999999999999,5.43266212399906,0.570215340723917,21,0.94047619047619
75,B4_K03_I04-07-08,Branch4,PowerREV,3,3,4/7/8,135/270/315,1,1,Location1,1,,123.164701258421,-9.2068962213459,-0.54,0.826317130404544,-0.16,12.2827869729163,0.458871245623253,21,0.797619047619048
75,B4_K03_I04-07-08,Branch4,PowerREV,3,3,4/7/8,135/270/315,1,2,Location2,1,,142.815760388573,-5.88314987298444,-0.7925,0.601196723211296,-0.1025,15.9886280922679,0.180061636571068,21,0.764880952380952
75,B4_K03_I04-07-08,Branch4,PowerREV,3,3,4/7/8,135/270/315,1,3,Location3,1,,95.8873054608897,2.14909562686401,-0.1025,0.994025905095033,0.0374999999999999,8.17006937695647,0.669853675368152,21,1
75,B4_K03_I04-07-08,Branch4,PowerREV,3,3,4/7/8,135/270/315,1,4,Location4,1,,69.1819672474852,2.72257398337613,0.355,0.933658797420128,0.0474999999999999,6.02615802759429,0.474142948297632,21,0.885416666666667
76,B4_K03_I04-07-09,Branch4,PowerREV,3,3,4/7/9,135/270/360,1,1,Location1,1,,123.228289783094,-9.78781905671397,-0.54,0.824317899842045,-0.17,12.6274334821224,0.549544609634395,21,0.886904761904762
76,B4_K03_I04-07-09,Branch4,PowerREV,3,3,4/7/9,135/270/360,1,2,Location2,1,,143.702623124417,-5.3074466746303,-0.8025,0.589438291935636,-0.0925,16.7641002986764,0.263940620647387,21,0.858630952380952
76,B4_K03_I04-07-09,Branch4,PowerREV,3,3,4/7/9,135/270/360,1,3,Location3,1,,95.8884891043574,2.43580428350657,-0.1025,0.993824682728297,0.0424999999999999,8.37227853953572,0.760686385908151,21,1
76,B4_K03_I04-07-09,Branch4,PowerREV,3,3,4/7/9,135/270/360,1,4,Location4,1,,68.8820946055149,2.29244277595588,0.36,0.932094415818484,0.0399999999999999,5.5757351756046,0.598228766421912,21,0.938988095238095
77,B4_K03_I04-08-09,Branch4,PowerREV,3,3,4/8/9,135/315/360,1,1,Location1,1,,123.038508373149,-9.64249546379557,-0.5375,0.826460827867843,-0.1675,12.3922485773178,0.468315039933925,21,0.813988095238095
77,B4_K03_I04-08-09,Branch4,PowerREV,3,3,4/8/9,135/315/360,1,2,Location2,1,,142.616645013239,-4.15759167720182,-0.7925,0.605547273133981,-0.0725,15.5571604849367,0.176832573279741,21,0.754464285714286
77,B4_K03_I04-08-09,Branch4,PowerREV,3,3,4/8/9,135/315/360,1,3,Location3,1,,95.7456777709434,2.72257398337613,-0.1,0.993852982085379,0.0474999999999999,8.48121196197503,0.661982052590521,21,1
77,B4_K03_I04-08-09,Branch4,PowerREV,3,3,4/8/9,135/315/360,1,4,Location4,1,,68.888118034059,1.86244079953198,0.36,0.932386052019227,0.0324999999999999,5.14658169849668,0.484307114535403,21,0.895833333333333
78,B4_K03_I05-06-07,Branch4,PowerREV,3,3,5/6/7,180/225/270,1,1,Location1,1,,122.430252305309,-8.7718331196937,-0.53,0.834172494152139,-0.1525,11.4374435351036,0.278572761265201,21,0.6875
78,B4_K03_I05-06-07,Branch4,PowerREV,3,3,5/6/7,180/225/270,1,2,Location2,1,,89.4269878853301,-0.716215896194941,0.01,0.99987186679094,-0.0125,37.7048232395907,0.368747322540154,21,0.604166666666667
78,B4_K03_I05-06-07,Branch4,PowerREV,3,3,5/6/7,180/225/270,1,3,Location3,1,,96.3267604341826,3.43981276751519,-0.11,0.992118944481961,0.0599999999999999,9.40203834845522,0.403307760773926,21,1
78,B4_K03_I05-06-07,Branch4,PowerREV,3,3,5/6/7,180/225/270,1,4,Location4,1,,69.5013696373079,1.86244079953198,0.35,0.936185745458667,0.0324999999999999,5.21510209373707,0.255917667459375,21,0.757440476190476
79,B4_K03_I05-06-08,Branch4,PowerREV,3,3,5/6/8,180/225/315,1,1,Location1,1,,122.616561332612,-8.91679625299095,-0.5325,0.83211702902897,-0.155,11.6687104629037,0.362975242356463,21,0.761904761904762
79,B4_K03_I05-06-08,Branch4,PowerREV,3,3,5/6/8,180/225/315,1,2,Location2,1,,90,-2.72257398337613,0,0.998871237948115,-0.0474999999999999,37.0551746492676,0.158787306341688,20,0.703125
79,B4_K03_I05-06-08,Branch4,PowerREV,3,3,5/6/8,180/225/315,1,3,Location3,1,,95.8891367114247,2.57918105164837,-0.1025,0.993714622011773,0.0449999999999999,8.47525337559886,0.606675119456671,21,1
79,B4_K03_I05-06-08,Branch4,PowerREV,3,3,5/6/8,180/225/315,1,4,Location4,1,,68.8914390956087,1.57583259975216,0.36,0.932546915709875,0.0274999999999999,4.86058692263444,0.379658974447889,20,0.8796875
80,B4_K03_I05-06-09,Branch4,PowerREV,3,3,5/6/9,180/225/360,1,1,Location1,1,,123.134482124988,-8.91679625299095,-0.54,0.827269605388715,-0.155,12.1187243657965,0.374618951481487,21,0.796130952380952
80,B4_K03_I05-06-09,Branch4,PowerREV,3,3,5/6/9,180/225/360,1,2,Location2,1,,143.346417198589,-4.30122230467036,-0.8,0.595294044989533,-0.075,16.2946229961618,0.168544968876371,19,0.761513157894737
80,B4_K03_I05-06-09,Branch4,PowerREV,3,3,5/6/9,180/225/360,1,3,Location3,1,,95.7456777709434,2.72257398337613,-0.1,0.993852982085379,0.0474999999999999,8.48121196197503,0.667979021766466,21,1
80,B4_K03_I05-06-09,Branch4,PowerREV,3,3,5/6/9,180/225/360,1,4,Location4,1,,69.0433816711824,1.71913132087781,0.3575,0.933431170467325,0.0299999999999999,5.01433039477221,0.436781090671622,20,0.9125
81,B4_K03_I05-07-08,Branch4,PowerREV,3,3,5/7/8,180/270/315,1,1,Location1,1,,122.833986348658,-9.35203505756315,-0.535,0.82907704708308,-0.1625,12.0707025089191,0.407195697188044,21,0.775297619047619
81,B4_K03_I05-07-08,Branch4,PowerREV,3,3,5/7/8,180/270/315,1,2,Location2,1,,142.286350712099,-5.45131981241778,-0.7875,0.608948889480882,-0.095,15.3935568066408,0.142583465759481,21,0.736607142857143
81,B4_K03_I05-07-08,Branch4,PowerREV,3,3,5/7/8,180/270/315,1,3,Location3,1,,95.8873054608897,2.14909562686402,-0.1025,0.994025905095033,0.0374999999999999,8.17006937695647,0.629675791217554,21,1
81,B4_K03_I05-07-08,Branch4,PowerREV,3,3,5/7/8,180/270/315,1,4,Location4,1,,69.3424098758504,2.29244277595588,0.3525,0.934956549792556,0.0399999999999999,5.6165691875335,0.40274977487237,21,0.870535714285714
82,B4_K03_I05-07-09,Branch4,PowerREV,3,3,5/7/9,180/270/360,1,1,Location1,1,,123.244849645839,-9.93320626438465,-0.54,0.823798367320548,-0.1725,12.7168980215992,0.505226369045568,21,0.857142857142857
82,B4_K03_I05-07-09,Branch4,PowerREV,3,3,5/7/9,180/270/360,1,2,Location2,1,,143.587720428338,-4.30122230467036,-0.8025,0.591919546898056,-0.075,16.5343249680969,0.252290204634129,21,0.839285714285714
82,B4_K03_I05-07-09,Branch4,PowerREV,3,3,5/7/9,180/270/360,1,3,Location3,1,,95.8891367114247,2.57918105164837,-0.1025,0.993714622011773,0.0449999999999999,8.47525337559886,0.744213161590492,21,1
82,B4_K03_I05-07-09,Branch4,PowerREV,3,3,5/7/9,180/270/360,1,4,Location4,1,,68.8898479495434,1.71913132087781,0.36,0.932469838654313,0.0299999999999999,5.00357370735474,0.559584445983919,21,0.919642857142857
83,B4_K03_I05-08-09,Branch4,PowerREV,3,3,5/8/9,180/315/360,1,1,Location1,1,,123.022585491893,-9.49723446851704,-0.5375,0.826963572353704,-0.165,12.3046281920336,0.436491514503661,21,0.818452380952381
83,B4_K03_I05-08-09,Branch4,PowerREV,3,3,5/8/9,180/315/360,1,2,Location2,1,,143.877027170779,-4.73228037895821,-0.805,0.587510638201556,-0.0825,16.8636420220125,0.18454731829025,21,0.761904761904762
83,B4_K03_I05-08-09,Branch4,PowerREV,3,3,5/8/9,180/315/360,1,3,Location3,1,,95.8898215569978,2.72257398337613,-0.1025,0.993598258855157,0.0474999999999999,8.57941727273049,0.654567979308371,21,1
83,B4_K03_I05-08-09,Branch4,PowerREV,3,3,5/8/9,180/315/360,1,4,Location4,1,,69.0464010394974,1.4325437375665,0.3575,0.933578464833032,0.0249999999999999,4.72912490366468,0.473995577484206,21,0.883928571428571
84,B4_K03_I06-07-08,Branch4,PowerREV,3,3,6/7/8,225/270/315,1,1,Location1,1,,123.322879147788,-9.06181695393534,-0.5425,0.825159075572704,-0.1575,12.3510261601459,0.28480433403002,20,0.7078125
84,B4_K03_I06-07-08,Branch4,PowerREV,3,3,6/7/8,225/270/315,1,2,Location2,1,,90.2865374049315,-1.14599199838859,-0.005,0.999787477417076,-0.0199999999999999,36.8223868410796,0.242156692877905,21,0.662202380952381
84,B4_K03_I06-07-08,Branch4,PowerREV,3,3,6/7/8,225/270/315,1,3,Location3,1,,95.599178314498,2.14909562686402,-0.0975,0.994528782891677,0.0374999999999999,7.96515160977409,0.4576304088794,21,1
84,B4_K03_I06-07-08,Branch4,PowerREV,3,3,6/7/8,225/270/315,1,4,Location4,1,,69.9596988938397,1.86244079953198,0.3425,0.938955536753472,0.0324999999999999,5.31212284274081,0.297826665406089,21,0.769345238095238
85,B4_K03_I06-07-09,Branch4,PowerREV,3,3,6/7/9,225/270/360,1,1,Location1,1,,123.353824520559,-9.35203505756315,-0.5425,0.824188995316002,-0.1625,12.5163864490616,0.367636868674208,21,0.77827380952381
85,B4_K03_I06-07-09,Branch4,PowerREV,3,3,6/7/9,225/270/360,1,2,Location2,1,,90.5732253629386,-1.71913132087781,-0.01,0.999499874937461,-0.0299999999999999,36.5099338697492,0.180897117251193,21,0.744047619047619
85,B4_K03_I06-07-09,Branch4,PowerREV,3,3,6/7/9,225/270/360,1,3,Location3,1,,95.8891367114247,2.57918105164837,-0.1025,0.993714622011773,0.0449999999999999,8.47525337559886,0.629172764249372,21,1
85,B4_K03_I06-07-09,Branch4,PowerREV,3,3,6/7/9,225/270/360,1,4,Location4,1,,69.3482897668617,1.86244079953198,0.3525,0.935247293500495,0.0324999999999999,5.19130792057805,0.415368889953383,21,0.845238095238095
86,B4_K03_I06-08-09,Branch4,PowerREV,3,3,6/8/9,225/315/360,1,1,Location1,1,,122.788865975171,-8.91679625299095,-0.535,0.830511890342336,-0.155,11.8178365547027,0.400607871851322,21,0.776785714285714
86,B4_K03_I06-08-09,Branch4,PowerREV,3,3,6/8/9,225/315/360,1,2,Location2,1,,89.1405283891097,0.143239597990885,0.0149999999999999,0.999884368314657,0.0025,38.0512360240919,0.153631988115393,21,0.75
86,B4_K03_I06-08-09,Branch4,PowerREV,3,3,6/8/9,225/315/360,1,3,Location3,1,,95.7450098001448,2.57918105164837,-0.1,0.993969315421759,0.0449999999999999,8.37584758814221,0.594205568205813,21,1
86,B4_K03_I06-08-09,Branch4,PowerREV,3,3,6/8/9,225/315/360,1,4,Location4,1,,68.8898479495434,1.71913132087781,0.36,0.932469838654313,0.0299999999999999,5.00357370735474,0.40651116157787,21,0.875
87,B4_K03_I07-08-09,Branch4,PowerREV,3,3,7/8/9,270/315/360,1,1,Location1,1,,122.375419600328,-8.19253640609033,-0.53,0.835938843456864,-0.1425,11.1203686265937,0.25796424927388,21,0.733630952380952
87,B4_K03_I07-08-09,Branch4,PowerREV,3,3,7/8/9,270/315/360,1,2,Location2,1,,90.2864944164393,-0.572967344857153,-0.005,0.999937498046753,-0.01,36.8561698502662,0.333649589547788,21,0.668154761904762
87,B4_K03_I07-08-09,Branch4,PowerREV,3,3,7/8/9,270/315/360,1,3,Location3,1,,95.7427007780202,2.00576193490982,-0.1,0.994371660899485,0.0349999999999999,7.96655478515079,0.415790367898471,21,1
87,B4_K03_I07-08-09,Branch4,PowerREV,3,3,7/8/9,270/315/360,1,4,Location4,1,,69.0398116405854,2.00576193490982,0.3575,0.933257065336234,0.0349999999999999,5.29968523915861,0.276649613204299,21,0.764880952380952
88,B4_K04_I01-02-03-04,Branch4,PowerREV,4,4,1/2/3/4,0/45/90/135,1,1,Location1,1,,123.105301826682,-8.62692655867863,-0.54,0.828190799272728,-0.15,11.9604297177835,0.459976782311157,21,0.808035714285714
88,B4_K04_I01-02-03-04,Branch4,PowerREV,4,4,1/2/3/4,0/45/90/135,1,2,Location2,1,,142.630549482155,-4.30122230467036,-0.7925,0.60524271990665,-0.075,15.5837095390994,0.181295623896394,21,0.78422619047619
88,B4_K04_I01-02-03-04,Branch4,PowerREV,4,4,1/2/3/4,0/45/90/135,1,3,Location3,1,,95.743782785421,2.29244277595588,-0.1,0.994183081730925,0.0399999999999999,8.16867893876482,0.65817571382733,21,1
88,B4_K04_I01-02-03-04,Branch4,PowerREV,4,4,1/2/3/4,0/45/90/135,1,4,Location4,1,,69.3482897668617,1.86244079953198,0.3525,0.935247293500495,0.0324999999999999,5.19130792057805,0.465796622672592,21,0.904761904761905
89,B4_K04_I01-02-03-05,Branch4,PowerREV,4,4,1/2/3/5,0/45/90/180,1,1,Location1,1,,122.803648507146,-9.06181695393534,-0.535,0.830041414629415,-0.1575,11.9007118142778,0.516115209108951,21,0.876488095238095
89,B4_K04_I01-02-03-05,Branch4,PowerREV,4,4,1/2/3/5,0/45/90/180,1,2,Location2,1,,144.074512704815,-4.30122230467036,-0.8075,0.585080122718248,-0.075,17.0179834126298,0.214956383141825,21,0.861607142857143
89,B4_K04_I01-02-03-05,Branch4,PowerREV,4,4,1/2/3/5,0/45/90/180,1,3,Location3,1,,95.8884891043574,2.43580428350657,-0.1025,0.993824682728297,0.0424999999999999,8.37227853953572,0.718806690322698,21,1
89,B4_K04_I01-02-03-05,Branch4,PowerREV,4,4,1/2/3/5,0/45/90/180,1,4,Location4,1,,69.1997531762053,1.4325437375665,0.355,0.934531968420557,0.0249999999999999,4.74554550752062,0.563367367465573,21,0.938988095238095
90,B4_K04_I01-02-03-06,Branch4,PowerREV,4,4,1/2/3/6,0/45/90/225,1,1,Location1,1,,122.774339673063,-8.7718331196937,-0.535,0.830974578431856,-0.1525,11.736409343889,0.551752518076159,21,0.875
90,B4_K04_I01-02-03-06,Branch4,PowerREV,4,4,1/2/3/6,0/45/90/225,1,2,Location2,1,,144.089679147494,-4.44488001787759,-0.8075,0.584754221874456,-0.0775,17.0456405468795,0.251258590767243,21,0.87797619047619
90,B4_K04_I01-02-03-06,Branch4,PowerREV,4,4,1/2/3/6,0/45/90/225,1,3,Location3,1,,95.8884891043574,2.43580428350657,-0.1025,0.993824682728297,0.0424999999999999,8.37227853953572,0.739300936502205,21,1
90,B4_K04_I01-02-03-06,Branch4,PowerREV,4,4,1/2/3/6,0/45/90/225,1,4,Location4,1,,69.0416655384098,1.86244079953198,0.3575,0.933347470131033,0.0324999999999999,5.15698973655785,0.580881266515705,21,0.950892857142857
91,B4_K04_I01-02-03-07,Branch4,PowerREV,4,4,1/2/3/7,0/45/90/270,1,1,Location1,1,,123.038508373149,-9.64249546379557,-0.5375,0.826460827867843,-0.1675,12.3922485773178,0.537452262823446,21,0.860119047619048
91,B4_K04_I01-02-03-07,Branch4,PowerREV,4,4,1/2/3/7,0/45/90/270,1,2,Location2,1,,143.268206674754,-3.43981276751519,-0.8,0.596992462263972,-0.0599999999999999,16.162680597313,0.245332739322828,21,0.834821428571429
91,B4_K04_I01-02-03-07,Branch4,PowerREV,4,4,1/2/3/7,0/45/90/270,1,3,Location3,1,,95.8884891043574,2.43580428350657,-0.1025,0.993824682728297,0.0424999999999999,8.37227853953572,0.733409810878071,21,1
91,B4_K04_I01-02-03-07,Branch4,PowerREV,4,4,1/2/3/7,0/45/90/270,1,4,Location4,1,,69.0398116405854,2.00576193490982,0.3575,0.933257065336234,0.0349999999999999,5.29968523915861,0.566561458389967,21,0.927083333333333
92,B4_K04_I01-02-03-08,Branch4,PowerREV,4,4,1/2/3/8,0/45/90/315,1,1,Location1,1,,123.006924797102,-9.35203505756315,-0.5375,0.827458458171768,-0.1625,12.2183531178971,0.444737214626027,21,0.834821428571429
92,B4_K04_I01-02-03-08,Branch4,PowerREV,4,4,1/2/3/8,0/45/90/315,1,2,Location2,1,,142.749395579964,-2.86598398259886,-0.795,0.604545283663681,-0.0499999999999999,15.6331112018997,0.184294890278979,21,0.742559523809524
92,B4_K04_I01-02-03-08,Branch4,PowerREV,4,4,1/2/3/8,0/45/90/315,1,3,Location3,1,,96.0340027623943,2.72257398337613,-0.105,0.993337178404191,0.0474999999999999,8.67892896291791,0.652931805851432,21,1
92,B4_K04_I01-02-03-08,Branch4,PowerREV,4,4,1/2/3/8,0/45/90/315,1,4,Location4,1,,68.888118034059,1.86244079953198,0.36,0.932386052019227,0.0324999999999999,5.14658169849668,0.427742505734049,21,0.889880952380952
93,B4_K04_I01-02-03-09,Branch4,PowerREV,4,3,1/2/3/9,0/45/90/360,1,1,Location1,1,,122.961505062079,-8.91679625299095,-0.5375,0.828896103260234,-0.155,11.9678463979394,0.32115699949311,21,0.723214285714286
93,B4_K04_I01-02-03-09,Branch4,PowerREV,4,3,1/2/3/9,0/45/90/360,1,2,Location2,1,,90.2864800912409,0,-0.005,0.999987499921874,0,36.8975315181638,0.363321985172416,21,0.666666666666667
93,B4_K04_I01-02-03-09,Branch4,PowerREV,4,3,1/2/3/9,0/45/90/360,1,3,Location3,1,,96.0326374522384,2.43580428350657,-0.105,0.993563661775128,0.0424999999999999,8.4741818022773,0.452144610675823,21,1
93,B4_K04_I01-02-03-09,Branch4,PowerREV,4,3,1/2/3/9,0/45/90/360,1,4,Location4,1,,68.5766056644925,2.14909562686402,0.365,0.930251981991976,0.0374999999999999,5.4261500645981,0.260098278344523,21,0.77827380952381
94,B4_K04_I01-02-04-05,Branch4,PowerREV,4,4,1/2/4/5,0/45/135/180,1,1,Location1,1,,122.760068603945,-8.62692655867863,-0.535,0.831429491899343,-0.15,11.6564565259031,0.47488252640371,21,0.837797619047619
94,B4_K04_I01-02-04-05,Branch4,PowerREV,4,4,1/2/4/5,0/45/135/180,1,2,Location2,1,,144.686205604532,-5.3074466746303,-0.8125,0.57557579865731,-0.0925,17.7339517751164,0.20060901288014,21,0.824404761904762
94,B4_K04_I01-02-04-05,Branch4,PowerREV,4,4,1/2/4/5,0/45/135/180,1,3,Location3,1,,95.8891367114247,2.57918105164837,-0.1025,0.993714622011773,0.0449999999999999,8.47525337559886,0.705951382501169,21,1
94,B4_K04_I01-02-04-05,Branch4,PowerREV,4,4,1/2/4/5,0/45/135/180,1,4,Location4,1,,69.1950555895429,1.86244079953198,0.355,0.934301209460846,0.0324999999999999,5.17191604257268,0.498794547501504,21,0.924107142857143
95,B4_K04_I01-02-04-06,Branch4,PowerREV,4,4,1/2/4/6,0/45/135/225,1,1,Location1,1,,122.976385638365,-9.06181695393534,-0.5375,0.828424709916357,-0.1575,12.0499372541413,0.527385100705483,21,0.892857142857143
95,B4_K04_I01-02-04-06,Branch4,PowerREV,4,4,1/2/4/6,0/45/135/225,1,2,Location2,1,,144.290996908913,-4.01398721805631,-0.81,0.582237065120385,-0.07,17.2117675054175,0.268166991350973,21,0.882440476190476
95,B4_K04_I01-02-04-06,Branch4,PowerREV,4,4,1/2/4/6,0/45/135/225,1,3,Location3,1,,95.8891367114247,2.57918105164837,-0.1025,0.993714622011773,0.0449999999999999,8.47525337559886,0.754207748408113,21,1
95,B4_K04_I01-02-04-06,Branch4,PowerREV,4,4,1/2/4/6,0/45/135/225,1,4,Location4,1,,69.0416655384098,1.86244079953198,0.3575,0.933347470131033,0.0324999999999999,5.15698973655785,0.586919132813958,21,0.943452380952381
96,B4_K04_I01-02-04-07,Branch4,PowerREV,4,4,1/2/4/7,0/45/135/270,1,1,Location1,1,,123.038508373149,-9.64249546379557,-0.5375,0.826460827867843,-0.1675,12.3922485773178,0.581249122922771,21,0.897321428571429
96,B4_K04_I01-02-04-07,Branch4,PowerREV,4,4,1/2/4/7,0/45/135/270,1,2,Location2,1,,144.105357839724,-4.58856573578583,-0.8075,0.584417444982608,-0.08,17.0749451329039,0.294629193635088,21,0.901785714285714
96,B4_K04_I01-02-04-07,Branch4,PowerREV,4,4,1/2/4/7,0/45/135/270,1,3,Location3,1,,95.8884891043574,2.43580428350657,-0.1025,0.993824682728297,0.0424999999999999,8.37227853953572,0.767355965140722,21,1
96,B4_K04_I01-02-04-07,Branch4,PowerREV,4,4,1/2/4/7,0/45/135/270,1,4,Location4,1,,69.1932165354548,2.00576193490982,0.355,0.934210896960638,0.0349999999999999,5.3141587849017,0.604722764989703,21,0.947916666666667
97,B4_K04_I01-02-04-08,Branch4,PowerREV,4,4,1/2/4/8,0/45/135/315,1,1,Location1,1,,122.661384084008,-9.35203505756315,-0.5325,0.83068495833258,-0.1625,11.9239842376393,0.532570196460597,21,0.889880952380952
97,B4_K04_I01-02-04-08,Branch4,PowerREV,4,4,1/2/4/8,0/45/135/315,1,2,Location2,1,,143.877027170779,-4.73228037895821,-0.805,0.587510638201556,-0.0825,16.8636420220125,0.223624833232655,21,0.848214285714286
97,B4_K04_I01-02-04-08,Branch4,PowerREV,4,4,1/2/4/8,0/45/135/315,1,3,Location3,1,,95.8884891043574,2.43580428350657,-0.1025,0.993824682728297,0.0424999999999999,8.37227853953572,0.730261384523424,21,1
97,B4_K04_I01-02-04-08,Branch4,PowerREV,4,4,1/2/4/8,0/45/135/315,1,4,Location4,1,,69.0433816711824,1.71913132087781,0.3575,0.933431170467325,0.0299999999999999,5.01433039477221,0.556777113748355,21,0.941964285714286
98,B4_K04_I01-02-04-09,Branch4,PowerREV,4,3,1/2/4/9,0/45/135/360,1,1,Location1,1,,122.932516788384,-8.62692655867863,-0.5375,0.829815491540138,-0.15,11.8080257390159,0.437308657123941,21,0.803571428571429
98,B4_K04_I01-02-04-09,Branch4,PowerREV,4,3,1/2/4/9,0/45/135/360,1,2,Location2,1,,143.815884384282,-4.15759167720182,-0.805,0.588828285665694,-0.0725,16.749356783422,0.180967274300765,21,0.757440476190476
98,B4_K04_I01-02-04-09,Branch4,PowerREV,4,3,1/2/4/9,0/45/135/360,1,3,Location3,1,,95.8884891043574,2.43580428350657,-0.1025,0.993824682728297,0.0424999999999999,8.37227853953572,0.623504959197056,21,1
98,B4_K04_I01-02-04-09,Branch4,PowerREV,4,3,1/2/4/9,0/45/135/360,1,4,Location4,1,,69.6588812860236,1.4325437375665,0.3475,0.937346654125356,0.0249999999999999,4.82358532975894,0.410352263873806,21,0.87797619047619
99,B4_K04_I01-02-05-06,Branch4,PowerREV,4,4,1/2/5/6,0/45/180/225,1,1,Location1,1,,123.119762630789,-8.7718331196937,-0.54,0.827734105857672,-0.1525,12.0388436036874,0.456911698167518,21,0.84077380952381
99,B4_K04_I01-02-05-06,Branch4,PowerREV,4,4,1/2/5/6,0/45/180/225,1,2,Location2,1,,144.74552499546,-3.58332169847197,-0.815,0.576080506526649,-0.0625,17.6416909465352,0.246813247142057,21,0.808035714285714
99,B4_K04_I01-02-05-06,Branch4,PowerREV,4,4,1/2/5/6,0/45/180/225,1,3,Location3,1,,95.8891367114247,2.57918105164837,-0.1025,0.993714622011773,0.0449999999999999,8.47525337559886,0.72017842665684,21,1
99,B4_K04_I01-02-05-06,Branch4,PowerREV,4,4,1/2/5/6,0/45/180/225,1,4,Location4,1,,69.0449601404304,1.57583259975216,0.3575,0.933508168148517,0.0274999999999999,4.87170832758958,0.517648529074759,21,0.928571428571429
100,B4_K04_I01-02-05-07,Branch4,PowerREV,4,4,1/2/5/7,0/45/180/270,1,1,Location1,1,,123.038508373149,-9.64249546379557,-0.5375,0.826460827867843,-0.1675,12.3922485773178,0.559900371494364,21,0.894345238095238
100,B4_K04_I01-02-05-07,Branch4,PowerREV,4,4,1/2/5/7,0/45/180/270,1,2,Location2,1,,143.775333058311,-3.72685314248215,-0.805,0.589703315235721,-0.0649999999999999,16.6811555791471,0.270248392443044,21,0.873511904761905
100,B4_K04_I01-02-05-07,Branch4,PowerREV,4,4,1/2/5/7,0/45/180/270,1,3,Location3,1,,95.8891367114247,2.57918105164837,-0.1025,0.993714622011773,0.0449999999999999,8.47525337559886,0.757747492830132,21,1
100,B4_K04_I01-02-05-07,Branch4,PowerREV,4,4,1/2/5/7,0/45/180/270,1,4,Location4,1,,69.0449601404304,1.57583259975216,0.3575,0.933508168148517,0.0274999999999999,4.87170832758958,0.588590592726603,21,0.949404761904762
101,B4_K04_I01-02-05-08,Branch4,PowerREV,4,4,1/2/5/8,0/45/180/315,1,1,Location1,1,,122.803648507146,-9.06181695393534,-0.535,0.830041414629415,-0.1575,11.9007118142778,0.554240921427692,21,0.901785714285714
101,B4_K04_I01-02-05-08,Branch4,PowerREV,4,4,1/2/5/8,0/45/180/315,1,2,Location2,1,,144.614981300417,-4.73228037895821,-0.8125,0.577094013138241,-0.0825,17.5948805268461,0.242909945107729,21,0.882440476190476
101,B4_K04_I01-02-05-08,Branch4,PowerREV,4,4,1/2/5/8,0/45/180/315,1,3,Location3,1,,95.8884891043574,2.43580428350657,-0.1025,0.993824682728297,0.0424999999999999,8.37227853953572,0.734492384711255,21,1
101,B4_K04_I01-02-05-08,Branch4,PowerREV,4,4,1/2/5/8,0/45/180/315,1,4,Location4,1,,69.048870459636,1.14599199838859,0.3575,0.933698961121838,0.0199999999999999,4.44408097795437,0.584943903948246,21,0.953869047619048
102,B4_K04_I01-02-05-09,Branch4,PowerREV,4,3,1/2/5/9,0/45/180/360,1,1,Location1,1,,122.932516788384,-8.62692655867863,-0.5375,0.829815491540138,-0.15,11.8080257390159,0.43803687879217,21,0.833333333333333
102,B4_K04_I01-02-05-09,Branch4,PowerREV,4,3,1/2/5/9,0/45/180/360,1,2,Location2,1,,142.39452091169,-4.30122230467036,-0.79,0.608502259650693,-0.075,15.3493864924928,0.206232382926416,21,0.785714285714286
102,B4_K04_I01-02-05-09,Branch4,PowerREV,4,3,1/2/5/9,0/45/180/360,1,3,Location3,1,,95.8884891043574,2.43580428350657,-0.1025,0.993824682728297,0.0424999999999999,8.37227853953572,0.667047682890776,21,1
102,B4_K04_I01-02-05-09,Branch4,PowerREV,4,3,1/2/5/9,0/45/180/360,1,4,Location4,1,,69.5072639432084,1.28926383628796,0.35,0.936479444515468,0.0224999999999999,4.65239342878381,0.462135164511133,21,0.904761904761905
103,B4_K04_I01-02-06-07,Branch4,PowerREV,4,4,1/2/6/7,0/45/225/270,1,1,Location1,1,,123.022585491893,-9.49723446851704,-0.5375,0.826963572353704,-0.165,12.3046281920336,0.493801808098085,21,0.839285714285714
103,B4_K04_I01-02-06-07,Branch4,PowerREV,4,4,1/2/6/7,0/45/225/270,1,2,Location2,1,,144.059857083325,-4.15759167720182,-0.8075,0.585395165678706,-0.0725,16.9919786918736,0.214774695021131,20,0.828125
103,B4_K04_I01-02-06-07,Branch4,PowerREV,4,4,1/2/6/7,0/45/225/270,1,3,Location3,1,,95.8884891043574,2.43580428350657,-0.1025,0.993824682728297,0.0424999999999999,8.37227853953572,0.706003812183058,21,1
103,B4_K04_I01-02-06-07,Branch4,PowerREV,4,4,1/2/6/7,0/45/225/270,1,4,Location4,1,,69.0378198679816,2.14909562686402,0.3575,0.933159954134338,0.0374999999999999,5.44241601050701,0.513102523889752,21,0.913690476190476
104,B4_K04_I01-02-06-08,Branch4,PowerREV,4,4,1/2/6/8,0/45/225/315,1,1,Location1,1,,122.616561332612,-8.91679625299095,-0.5325,0.83211702902897,-0.155,11.6687104629037,0.551447289557568,21,0.883928571428571
104,B4_K04_I01-02-06-08,Branch4,PowerREV,4,4,1/2/6/8,0/45/225/315,1,2,Location2,1,,144.476542092099,-5.59522743552786,-0.81,0.578267887747539,-0.0975,17.5686047297924,0.252241834356371,21,0.858630952380952
104,B4_K04_I01-02-06-08,Branch4,PowerREV,4,4,1/2/6/8,0/45/225/315,1,3,Location3,1,,95.8884891043574,2.43580428350657,-0.1025,0.993824682728297,0.0424999999999999,8.37227853953572,0.716271171425942,21,1
104,B4_K04_I01-02-06-08,Branch4,PowerREV,4,4,1/2/6/8,0/45/225/315,1,4,Location4,1,,69.1950555895429,1.86244079953198,0.355,0.934301209460846,0.0324999999999999,5.17191604257268,0.550885738234059,21,0.946428571428571
105,B4_K04_I01-02-06-09,Branch4,PowerREV,4,3,1/2/6/9,0/45/225/360,1,1,Location1,1,,122.760068603945,-8.62692655867863,-0.535,0.831429491899343,-0.15,11.6564565259031,0.472521330672183,21,0.852678571428571
105,B4_K04_I01-02-06-09,Branch4,PowerREV,4,3,1/2/6/9,0/45/225/360,1,2,Location2,1,,144.771993827458,-3.87040801131097,-0.815,0.575516072755575,-0.0674999999999999,17.6819467078145,0.226545214197037,20,0.78125
105,B4_K04_I01-02-06-09,Branch4,PowerREV,4,3,1/2/6/9,0/45/225/360,1,3,Location3,1,,95.7443781502486,2.43580428350657,-0.1,0.99407934793959,0.0424999999999999,8.27165546653221,0.674752780427057,21,1
105,B4_K04_I01-02-06-09,Branch4,PowerREV,4,3,1/2/6/9,0/45/225/360,1,4,Location4,1,,69.1950555895429,1.86244079953198,0.355,0.934301209460846,0.0324999999999999,5.17191604257268,0.487029568265682,21,0.900297619047619
106,B4_K04_I01-02-07-08,Branch4,PowerREV,4,4,1/2/7/8,0/45/270/315,1,1,Location1,1,,122.803648507146,-9.06181695393534,-0.535,0.830041414629415,-0.1575,11.9007118142778,0.440523110894146,21,0.839285714285714
106,B4_K04_I01-02-07-08,Branch4,PowerREV,4,4,1/2/7/8,0/45/270/315,1,2,Location2,1,,143.91065596465,-5.01980013167812,-0.805,0.58678680114672,-0.0875,16.9306973648369,0.188322729512921,21,0.739583333333333
106,B4_K04_I01-02-07-08,Branch4,PowerREV,4,4,1/2/7/8,0/45/270/315,1,3,Location3,1,,95.7432236719061,2.14909562686401,-0.1,0.994280518767214,0.0374999999999999,8.06696308877139,0.647929281708804,21,1
106,B4_K04_I01-02-07-08,Branch4,PowerREV,4,4,1/2/7/8,0/45/270/315,1,4,Location4,1,,69.3482897668617,1.86244079953198,0.3525,0.935247293500495,0.0324999999999999,5.19130792057805,0.432280599197969,21,0.891369047619048
107,B4_K04_I01-02-07-09,Branch4,PowerREV,4,3,1/2/7/9,0/45/270/360,1,1,Location1,1,,122.976385638365,-9.06181695393534,-0.5375,0.828424709916357,-0.1575,12.0499372541413,0.440742716922295,21,0.827380952380952
107,B4_K04_I01-02-07-09,Branch4,PowerREV,4,3,1/2/7/9,0/45/270/360,1,2,Location2,1,,143.618019979014,-4.58856573578583,-0.8025,0.591264534705067,-0.08,16.5916732698491,0.229325921488661,21,0.72172619047619
107,B4_K04_I01-02-07-09,Branch4,PowerREV,4,3,1/2/7/9,0/45/270/360,1,3,Location3,1,,95.743782785421,2.29244277595588,-0.1,0.994183081730925,0.0399999999999999,8.16867893876482,0.641345965822887,21,1
107,B4_K04_I01-02-07-09,Branch4,PowerREV,4,3,1/2/7/9,0/45/270/360,1,4,Location4,1,,69.6505736941013,2.14909562686401,0.3475,0.936929826614566,0.0374999999999999,5.52379292677837,0.459931120275934,21,0.87202380952381
108,B4_K04_I01-02-08-09,Branch4,PowerREV,4,3,1/2/8/9,0/45/315/360,1,1,Location1,1,,122.504467112459,-9.49723446851704,-0.53,0.831790237980706,-0.165,11.8669047856171,0.338815653247168,21,0.773809523809524
108,B4_K04_I01-02-08-09,Branch4,PowerREV,4,3,1/2/8/9,0/45/315/360,1,2,Location2,1,,90.7162517115414,0.572967344857153,-0.0124999999999999,0.99987186679094,0.01,36.518555501819,0.217562800761424,21,0.619047619047619
108,B4_K04_I01-02-08-09,Branch4,PowerREV,4,3,1/2/8/9,0/45/315/360,1,3,Location3,1,,95.6003036498376,2.43580428350657,-0.0975,0.994327662292466,0.0424999999999999,8.17235725119697,0.476301759838966,21,1
108,B4_K04_I01-02-08-09,Branch4,PowerREV,4,3,1/2/8/9,0/45/315/360,1,4,Location4,1,,68.8773830407359,2.57918105164837,0.36,0.931866406734356,0.0449999999999999,5.86194901210171,0.341498765915586,21,0.788690476190476
109,B4_K04_I01-03-04-05,Branch4,PowerREV,4,4,1/3/4/5,0/90/135/180,1,1,Location1,1,,122.646186963569,-9.2068962213459,-0.5325,0.831170108942809,-0.16,11.8374867342012,0.481823771424021,21,0.858630952380952
109,B4_K04_I01-03-04-05,Branch4,PowerREV,4,4,1/3/4/5,0/90/135/180,1,2,Location2,1,,144.765940450403,-5.88314987298444,-0.8125,0.573879342719356,-0.1025,17.8984686134469,0.216399078984039,21,0.839285714285714
109,B4_K04_I01-03-04-05,Branch4,PowerREV,4,4,1/3/4/5,0/90/135/180,1,3,Location3,1,,95.8878786990507,2.29244277595588,-0.1025,0.993928443098395,0.0399999999999999,8.27053568153326,0.723828945618246,21,1
109,B4_K04_I01-03-04-05,Branch4,PowerREV,4,4,1/3/4/5,0/90/135/180,1,4,Location4,1,,69.1983238133349,1.57583259975216,0.355,0.934461743465189,0.0274999999999999,4.8876061952048,0.553369687468264,21,0.933035714285714
110,B4_K04_I01-03-04-06,Branch4,PowerREV,4,4,1/3/4/6,0/90/135/225,1,1,Location1,1,,122.661384084008,-9.35203505756315,-0.5325,0.83068495833258,-0.1625,11.9239842376393,0.545852122618298,21,0.880952380952381
110,B4_K04_I01-03-04-06,Branch4,PowerREV,4,4,1/3/4/6,0/90/135/225,1,2,Location2,1,,143.618019979014,-4.58856573578583,-0.8025,0.591264534705067,-0.08,16.5916732698491,0.268764016072441,21,0.894345238095238
110,B4_K04_I01-03-04-06,Branch4,PowerREV,4,4,1/3/4/6,0/90/135/225,1,3,Location3,1,,95.8884891043574,2.43580428350657,-0.1025,0.993824682728297,0.0424999999999999,8.37227853953572,0.754461293336491,21,1
110,B4_K04_I01-03-04-06,Branch4,PowerREV,4,4,1/3/4/6,0/90/135/225,1,4,Location4,1,,68.888118034059,1.86244079953198,0.36,0.932386052019227,0.0324999999999999,5.14658169849668,0.599357378639889,21,0.947916666666667
111,B4_K04_I01-03-04-07,Branch4,PowerREV,4,4,1/3/4/7,0/90/135/270,1,1,Location1,1,,122.833986348658,-9.35203505756315,-0.535,0.82907704708308,-0.1625,12.0707025089191,0.556838352791032,21,0.869047619047619
111,B4_K04_I01-03-04-07,Branch4,PowerREV,4,4,1/3/4/7,0/90/135/270,1,2,Location2,1,,143.667256322953,-5.01980013167812,-0.8025,0.590201236867562,-0.0875,16.6901805169901,0.277839613872598,21,0.898809523809524
111,B4_K04_I01-03-04-07,Branch4,PowerREV,4,4,1/3/4/7,0/90/135/270,1,3,Location3,1,,95.8878786990507,2.29244277595588,-0.1025,0.993928443098395,0.0399999999999999,8.27053568153326,0.761601852731103,21,1
111,B4_K04_I01-03-04-07,Branch4,PowerREV,4,4,1/3/4/7,0/90/135/270,1,4,Location4,1,,69.0378198679816,2.14909562686401,0.3575,0.933159954134338,0.0374999999999999,5.44241601050701,0.608215263912375,21,0.946428571428571
112,B4_K04_I01-03-04-08,Branch4,PowerREV,4,4,1/3/4/8,0/90/135/315,1,1,Location1,1,,122.258700801601,-8.7718331196937,-0.5275,0.835755646107162,-0.1525,11.2893023749291,0.487628817114819,21,0.851190476190476
112,B4_K04_I01-03-04-08,Branch4,PowerREV,4,4,1/3/4/8,0/90/135/315,1,2,Location2,1,,143.361184830953,-4.44488001787759,-0.8,0.594973738916265,-0.0775,16.3225615992363,0.196726825322366,21,0.816964285714286
112,B4_K04_I01-03-04-08,Branch4,PowerREV,4,4,1/3/4/8,0/90/135/315,1,3,Location3,1,,95.743782785421,2.29244277595588,-0.1,0.994183081730925,0.0399999999999999,8.16867893876482,0.715170850465238,21,1
112,B4_K04_I01-03-04-08,Branch4,PowerREV,4,4,1/3/4/8,0/90/135/315,1,4,Location4,1,,69.0464010394974,1.4325437375665,0.3575,0.933578464833032,0.0249999999999999,4.72912490366468,0.536371410043034,21,0.915178571428571
113,B4_K04_I01-03-04-09,Branch4,PowerREV,4,3,1/3/4/9,0/90/135/360,1,1,Location1,1,,122.616561332612,-8.91679625299095,-0.5325,0.83211702902897,-0.155,11.6687104629037,0.392238814372232,21,0.78422619047619
113,B4_K04_I01-03-04-09,Branch4,PowerREV,4,3,1/3/4/9,0/90/135/360,1,2,Location2,1,,90.1432436267829,0.429722375059592,-0.0025,0.999968749511704,0.0075,37.0761903434265,0.18186254537028,21,0.742559523809524
113,B4_K04_I01-03-04-09,Branch4,PowerREV,4,3,1/3/4/9,0/90/135/360,1,3,Location3,1,,95.5986686202143,2.00576193490982,-0.0975,0.994619902274231,0.0349999999999999,7.86346138546979,0.621786399190472,21,1
113,B4_K04_I01-03-04-09,Branch4,PowerREV,4,3,1/3/4/9,0/90/135/360,1,4,Location4,1,,69.3553794942862,1.14599199838859,0.3525,0.935598070754745,0.0199999999999999,4.48433137556481,0.410310875972076,21,0.880952380952381
114,B4_K04_I01-03-05-06,Branch4,PowerREV,4,4,1/3/5/6,0/90/180/225,1,1,Location1,1,,122.616561332612,-8.91679625299095,-0.5325,0.83211702902897,-0.155,11.6687104629037,0.52827120678896,21,0.869047619047619
114,B4_K04_I01-03-05-06,Branch4,PowerREV,4,4,1/3/5/6,0/90/180/225,1,2,Location2,1,,143.392216961646,-4.73228037895821,-0.8,0.594301060069726,-0.0825,16.3834900282326,0.236804908029795,21,0.883928571428571
114,B4_K04_I01-03-05-06,Branch4,PowerREV,4,4,1/3/5/6,0/90/180/225,1,3,Location3,1,,95.8884891043574,2.43580428350657,-0.1025,0.993824682728297,0.0424999999999999,8.37227853953572,0.747021054864597,21,1
114,B4_K04_I01-03-05-06,Branch4,PowerREV,4,4,1/3/5/6,0/90/180/225,1,4,Location4,1,,69.0433816711824,1.71913132087781,0.3575,0.933431170467325,0.0299999999999999,5.01433039477221,0.592461397836531,21,0.946428571428571
115,B4_K04_I01-03-05-07,Branch4,PowerREV,4,4,1/3/5/7,0/90/180/270,1,1,Location1,1,,122.833986348658,-9.35203505756315,-0.535,0.82907704708308,-0.1625,12.0707025089191,0.564026500372909,21,0.885416666666667
115,B4_K04_I01-03-05-07,Branch4,PowerREV,4,4,1/3/5/7,0/90/180/270,1,2,Location2,1,,143.633925674789,-4.73228037895821,-0.8025,0.590920891490561,-0.0825,16.6228504728193,0.283095386619442,21,0.900297619047619
115,B4_K04_I01-03-05-07,Branch4,PowerREV,4,4,1/3/5/7,0/90/180/270,1,3,Location3,1,,95.8884891043574,2.43580428350657,-0.1025,0.993824682728297,0.0424999999999999,8.37227853953572,0.76471830763091,21,1
115,B4_K04_I01-03-05-07,Branch4,PowerREV,4,4,1/3/5/7,0/90/180/270,1,4,Location4,1,,68.8914390956087,1.57583259975216,0.36,0.932546915709875,0.0274999999999999,4.86058692263444,0.639657715032081,21,0.955357142857143
116,B4_K04_I01-03-05-08,Branch4,PowerREV,4,4,1/3/5/8,0/90/180/315,1,1,Location1,1,,122.788865975171,-8.91679625299095,-0.535,0.830511890342336,-0.155,11.8178365547027,0.537388221125212,21,0.892857142857143
116,B4_K04_I01-03-05-08,Branch4,PowerREV,4,4,1/3/5/8,0/90/180/315,1,2,Location2,1,,144.290669953685,-6.0271665601311,-0.8075,0.58044702600668,-0.105,17.4572876298657,0.241409673361881,21,0.886904761904762
116,B4_K04_I01-03-05-08,Branch4,PowerREV,4,4,1/3/5/8,0/90/180/315,1,3,Location3,1,,95.8878786990507,2.29244277595588,-0.1025,0.993928443098395,0.0399999999999999,8.27053568153326,0.745368766395202,21,1
116,B4_K04_I01-03-05-08,Branch4,PowerREV,4,4,1/3/5/8,0/90/180/315,1,4,Location4,1,,69.0464010394974,1.4325437375665,0.3575,0.933578464833032,0.0249999999999999,4.72912490366468,0.610518003102158,21,0.949404761904762
117,B4_K04_I01-03-05-09,Branch4,PowerREV,4,3,1/3/5/9,0/90/180/360,1,1,Location1,1,,122.774339673063,-8.7718331196937,-0.535,0.830974578431856,-0.1525,11.736409343889,0.512664372615176,21,0.875
117,B4_K04_I01-03-05-09,Branch4,PowerREV,4,3,1/3/5/9,0/90/180/360,1,2,Location2,1,,143.984091730089,-5.59522743552786,-0.805,0.585208296250147,-0.0975,17.0843810761806,0.215722969668454,21,0.855654761904762
117,B4_K04_I01-03-05-09,Branch4,PowerREV,4,3,1/3/5/9,0/90/180/360,1,3,Location3,1,,95.743782785421,2.29244277595588,-0.1,0.994183081730925,0.0399999999999999,8.16867893876482,0.721055628678793,21,1
117,B4_K04_I01-03-05-09,Branch4,PowerREV,4,3,1/3/5/9,0/90/180/360,1,4,Location4,1,,69.3529495545383,1.4325437375665,0.3525,0.935477819084985,0.0249999999999999,4.76681732944342,0.575237423308275,21,0.9375
118,B4_K04_I01-03-06-07,Branch4,PowerREV,4,4,1/3/6/7,0/90/225/270,1,1,Location1,1,,122.661384084008,-9.35203505756315,-0.5325,0.83068495833258,-0.1625,11.9239842376393,0.572217629792873,21,0.879464285714286
118,B4_K04_I01-03-06-07,Branch4,PowerREV,4,4,1/3/6/7,0/90/225/270,1,2,Location2,1,,143.346417198589,-4.30122230467036,-0.8,0.595294044989533,-0.075,16.2946229961618,0.278689375975598,21,0.898809523809524
118,B4_K04_I01-03-06-07,Branch4,PowerREV,4,4,1/3/6/7,0/90/225/270,1,3,Location3,1,,95.8884891043574,2.43580428350657,-0.1025,0.993824682728297,0.0424999999999999,8.37227853953572,0.754338450856899,21,1
118,B4_K04_I01-03-06-07,Branch4,PowerREV,4,4,1/3/6/7,0/90/225/270,1,4,Location4,1,,68.888118034059,1.86244079953198,0.36,0.932386052019227,0.0324999999999999,5.14658169849668,0.61767635000078,21,0.944940476190476
119,B4_K04_I01-03-06-08,Branch4,PowerREV,4,4,1/3/6/8,0/90/225/315,1,1,Location1,1,,122.616561332612,-8.91679625299095,-0.5325,0.83211702902897,-0.155,11.6687104629037,0.575984034442111,21,0.885416666666667
119,B4_K04_I01-03-06-08,Branch4,PowerREV,4,4,1/3/6/8,0/90/225/315,1,2,Location2,1,,143.877027170779,-4.73228037895821,-0.805,0.587510638201556,-0.0825,16.8636420220125,0.258238437637133,21,0.916666666666667
119,B4_K04_I01-03-06-08,Branch4,PowerREV,4,4,1/3/6/8,0/90/225/315,1,3,Location3,1,,95.8884891043574,2.43580428350657,-0.1025,0.993824682728297,0.0424999999999999,8.37227853953572,0.751405625557638,21,1
119,B4_K04_I01-03-06-08,Branch4,PowerREV,4,4,1/3/6/8,0/90/225/315,1,4,Location4,1,,69.0433816711824,1.71913132087781,0.3575,0.933431170467325,0.0299999999999999,5.01433039477221,0.603141517725959,21,0.956845238095238
120,B4_K04_I01-03-06-09,Branch4,PowerREV,4,3,1/3/6/9,0/90/225/360,1,1,Location1,1,,122.616561332612,-8.91679625299095,-0.5325,0.83211702902897,-0.155,11.6687104629037,0.556024388334243,21,0.883928571428571
120,B4_K04_I01-03-06-09,Branch4,PowerREV,4,3,1/3/6/9,0/90/225/360,1,2,Location2,1,,143.618019979014,-4.58856573578583,-0.8025,0.591264534705067,-0.08,16.5916732698491,0.258834990077613,21,0.898809523809524
120,B4_K04_I01-03-06-09,Branch4,PowerREV,4,3,1/3/6/9,0/90/225/360,1,3,Location3,1,,95.8884891043574,2.43580428350657,-0.1025,0.993824682728297,0.0424999999999999,8.37227853953572,0.747674765820403,21,1
120,B4_K04_I01-03-06-09,Branch4,PowerREV,4,3,1/3/6/9,0/90/225/360,1,4,Location4,1,,69.0433816711824,1.71913132087781,0.3575,0.933431170467325,0.0299999999999999,5.01433039477221,0.609174424521402,21,0.959821428571429
121,B4_K04_I01-03-07-08,Branch4,PowerREV,4,4,1/3/7/8,0/90/270/315,1,1,Location1,1,,122.849543753022,-9.49723446851704,-0.535,0.82858312799622,-0.165,12.1577667257075,0.5304140723639,21,0.857142857142857
121,B4_K04_I01-03-07-08,Branch4,PowerREV,4,4,1/3/7/8,0/90/270/315,1,2,Location2,1,,144.089679147494,-4.44488001787759,-0.8075,0.584754221874456,-0.0775,17.0456405468795,0.238273955918269,21,0.839285714285714
121,B4_K04_I01-03-07-08,Branch4,PowerREV,4,4,1/3/7/8,0/90/270/315,1,3,Location3,1,,95.8878786990507,2.29244277595588,-0.1025,0.993928443098395,0.0399999999999999,8.27053568153326,0.732159978001219,21,1
121,B4_K04_I01-03-07-08,Branch4,PowerREV,4,4,1/3/7/8,0/90/270/315,1,4,Location4,1,,69.1932165354548,2.00576193490982,0.355,0.934210896960638,0.0349999999999999,5.3141587849017,0.563573254341995,21,0.922619047619048
122,B4_K04_I01-03-07-09,Branch4,PowerREV,4,3,1/3/7/9,0/90/270/360,1,1,Location1,1,,123.006924797102,-9.35203505756315,-0.5375,0.827458458171768,-0.1625,12.2183531178971,0.563205974186658,21,0.875
122,B4_K04_I01-03-07-09,Branch4,PowerREV,4,3,1/3/7/9,0/90/270/360,1,2,Location2,1,,143.618019979014,-4.58856573578583,-0.8025,0.591264534705067,-0.08,16.5916732698491,0.269719650359666,21,0.860119047619048
122,B4_K04_I01-03-07-09,Branch4,PowerREV,4,3,1/3/7/9,0/90/270/360,1,3,Location3,1,,95.8878786990507,2.29244277595588,-0.1025,0.993928443098395,0.0399999999999999,8.27053568153326,0.747790535182013,21,1
122,B4_K04_I01-03-07-09,Branch4,PowerREV,4,3,1/3/7/9,0/90/270/360,1,4,Location4,1,,69.0416655384098,1.86244079953198,0.3575,0.933347470131033,0.0324999999999999,5.15698973655785,0.610347968167282,21,0.94047619047619
123,B4_K04_I01-03-08-09,Branch4,PowerREV,4,3,1/3/8/9,0/90/315/360,1,1,Location1,1,,122.317174110565,-9.35203505756315,-0.5275,0.833868994506931,-0.1625,11.633414849412,0.451238719220444,21,0.830357142857143
123,B4_K04_I01-03-08-09,Branch4,PowerREV,4,3,1/3/8/9,0/90/315/360,1,2,Location2,1,,142.39452091169,-4.30122230467036,-0.79,0.608502259650693,-0.075,15.3493864924928,0.172245287512505,21,0.711309523809524
123,B4_K04_I01-03-08-09,Branch4,PowerREV,4,3,1/3/8/9,0/90/315/360,1,3,Location3,1,,95.8891367114247,2.57918105164837,-0.1025,0.993714622011773,0.0449999999999999,8.47525337559886,0.638222150732364,21,1
123,B4_K04_I01-03-08-09,Branch4,PowerREV,4,3,1/3/8/9,0/90/315/360,1,4,Location4,1,,68.8898479495434,1.71913132087781,0.36,0.932469838654313,0.0299999999999999,5.00357370735474,0.471765142276805,21,0.894345238095238
124,B4_K04_I01-04-05-06,Branch4,PowerREV,4,4,1/4/5/6,0/135/180/225,1,1,Location1,1,,123.022585491893,-9.49723446851704,-0.5375,0.826963572353704,-0.165,12.3046281920336,0.506910267411093,21,0.879464285714286
124,B4_K04_I01-04-05-06,Branch4,PowerREV,4,4,1/4/5/6,0/135/180/225,1,2,Location2,1,,144.074512704815,-4.30122230467036,-0.8075,0.585080122718248,-0.075,17.0179834126298,0.219795322858398,21,0.860119047619048
124,B4_K04_I01-04-05-06,Branch4,PowerREV,4,4,1/4/5/6,0/135/180/225,1,3,Location3,1,,95.8891367114247,2.57918105164837,-0.1025,0.993714622011773,0.0449999999999999,8.47525337559886,0.74623641599811,21,1
124,B4_K04_I01-04-05-06,Branch4,PowerREV,4,4,1/4/5/6,0/135/180/225,1,4,Location4,1,,69.0416655384098,1.86244079953198,0.3575,0.933347470131033,0.0324999999999999,5.15698973655785,0.543390464579945,21,0.94047619047619
125,B4_K04_I01-04-05-07,Branch4,PowerREV,4,4,1/4/5/7,0/135/180/270,1,1,Location1,1,,123.054694549299,-9.78781905671397,-0.5375,0.825950210363797,-0.17,12.481190090667,0.557833924048842,21,0.875
125,B4_K04_I01-04-05-07,Branch4,PowerREV,4,4,1/4/5/7,0/135/180/270,1,2,Location2,1,,143.618019979014,-4.58856573578583,-0.8025,0.591264534705067,-0.08,16.5916732698491,0.262363765707497,21,0.876488095238095
125,B4_K04_I01-04-05-07,Branch4,PowerREV,4,4,1/4/5/7,0/135/180/270,1,3,Location3,1,,95.8884891043574,2.43580428350657,-0.1025,0.993824682728297,0.0424999999999999,8.37227853953572,0.763192925727663,21,1
125,B4_K04_I01-04-05-07,Branch4,PowerREV,4,4,1/4/5/7,0/135/180/270,1,4,Location4,1,,69.0398116405854,2.00576193490982,0.3575,0.933257065336234,0.0349999999999999,5.29968523915861,0.590991500603102,21,0.943452380952381
126,B4_K04_I01-04-05-08,Branch4,PowerREV,4,4,1/4/5/8,0/135/180/315,1,1,Location1,1,,122.788865975171,-8.91679625299095,-0.535,0.830511890342336,-0.155,11.8178365547027,0.485072629497799,21,0.848214285714286
126,B4_K04_I01-04-05-08,Branch4,PowerREV,4,4,1/4/5/8,0/135/180/315,1,2,Location2,1,,144.334048877424,-6.31531556935738,-0.8075,0.579520275745379,-0.11,17.5528776169362,0.202131841148218,21,0.80952380952381
126,B4_K04_I01-04-05-08,Branch4,PowerREV,4,4,1/4/5/8,0/135/180/315,1,3,Location3,1,,95.8884891043574,2.43580428350657,-0.1025,0.993824682728297,0.0424999999999999,8.37227853953572,0.716734409366771,21,1
126,B4_K04_I01-04-05-08,Branch4,PowerREV,4,4,1/4/5/8,0/135/180/315,1,4,Location4,1,,69.0449601404304,1.57583259975216,0.3575,0.933508168148517,0.0274999999999999,4.87170832758958,0.526874326830763,21,0.921130952380952
127,B4_K04_I01-04-05-09,Branch4,PowerREV,4,3,1/4/5/9,0/135/180/360,1,1,Location1,1,,122.616561332612,-8.91679625299095,-0.5325,0.83211702902897,-0.155,11.6687104629037,0.368597321941211,20,0.803125
127,B4_K04_I01-04-05-09,Branch4,PowerREV,4,3,1/4/5/9,0/135/180/360,1,2,Location2,1,,144.334048877424,-6.31531556935738,-0.8075,0.579520275745379,-0.11,17.5528776169362,0.157603746286604,19,0.799342105263158
127,B4_K04_I01-04-05-09,Branch4,PowerREV,4,3,1/4/5/9,0/135/180/360,1,3,Location3,1,,95.8884891043574,2.43580428350657,-0.1025,0.993824682728297,0.0424999999999999,8.37227853953572,0.675614289614485,21,1
127,B4_K04_I01-04-05-09,Branch4,PowerREV,4,3,1/4/5/9,0/135/180/360,1,4,Location4,1,,69.1844914046883,2.57918105164837,0.355,0.93378262995196,0.0449999999999999,5.88365929324616,0.441269467717226,21,0.892857142857143
128,B4_K04_I01-04-06-07,Branch4,PowerREV,4,4,1/4/6/7,0/135/225/270,1,1,Location1,1,,123.022585491893,-9.49723446851704,-0.5375,0.826963572353704,-0.165,12.3046281920336,0.570048478872686,21,0.901785714285714
128,B4_K04_I01-04-06-07,Branch4,PowerREV,4,4,1/4/6/7,0/135/225/270,1,2,Location2,1,,143.650337278282,-4.87602486961296,-0.8025,0.590566465353393,-0.085,16.6556883643547,0.274624604957581,21,0.894345238095238
128,B4_K04_I01-04-06-07,Branch4,PowerREV,4,4,1/4/6/7,0/135/225/270,1,3,Location3,1,,95.8884891043574,2.43580428350657,-0.1025,0.993824682728297,0.0424999999999999,8.37227853953572,0.76615383492327,21,1
128,B4_K04_I01-04-06-07,Branch4,PowerREV,4,4,1/4/6/7,0/135/225/270,1,4,Location4,1,,68.8842414768822,2.14909562686402,0.36,0.932198342628864,0.0374999999999999,5.43266212399906,0.593049848940959,21,0.953869047619048
129,B4_K04_I01-04-06-08,Branch4,PowerREV,4,4,1/4/6/8,0/135/225/315,1,1,Location1,1,,122.991525201423,-9.2068962213459,-0.5375,0.827945499414062,-0.16,12.1334478650566,0.547423892712673,21,0.892857142857143
129,B4_K04_I01-04-06-08,Branch4,PowerREV,4,4,1/4/6/8,0/135/225/315,1,2,Location2,1,,144.210273733587,-5.45131981241778,-0.8075,0.582167286954532,-0.095,17.2850512570873,0.248220501734198,21,0.897321428571429
129,B4_K04_I01-04-06-08,Branch4,PowerREV,4,4,1/4/6/8,0/135/225/315,1,3,Location3,1,,95.8884891043574,2.43580428350657,-0.1025,0.993824682728297,0.0424999999999999,8.37227853953572,0.7514891657077,21,1
129,B4_K04_I01-04-06-08,Branch4,PowerREV,4,4,1/4/6/8,0/135/225/315,1,4,Location4,1,,68.8898479495434,1.71913132087781,0.36,0.932469838654313,0.0299999999999999,5.00357370735474,0.579352113698991,21,0.950892857142857
130,B4_K04_I01-04-06-09,Branch4,PowerREV,4,3,1/4/6/9,0/135/225/360,1,1,Location1,1,,123.038508373149,-9.64249546379557,-0.5375,0.826460827867843,-0.1675,12.3922485773178,0.523883718691606,21,0.898809523809524
130,B4_K04_I01-04-06-09,Branch4,PowerREV,4,3,1/4/6/9,0/135/225/360,1,2,Location2,1,,144.36752471413,-4.73228037895821,-0.81,0.58059775232083,-0.0825,17.3496282848731,0.248833034365915,21,0.888392857142857
130,B4_K04_I01-04-06-09,Branch4,PowerREV,4,3,1/4/6/9,0/135/225/360,1,3,Location3,1,,95.8891367114247,2.57918105164837,-0.1025,0.993714622011773,0.0449999999999999,8.47525337559886,0.752226502347524,21,1
130,B4_K04_I01-04-06-09,Branch4,PowerREV,4,3,1/4/6/9,0/135/225/360,1,4,Location4,1,,68.886249246736,2.00576193490982,0.36,0.93229555399562,0.0349999999999999,5.28961108043064,0.570486316841406,21,0.949404761904762
131,B4_K04_I01-04-07-08,Branch4,PowerREV,4,4,1/4/7/8,0/135/270/315,1,1,Location1,1,,122.914388667973,-10.0786581077877,-0.535,0.826528886367561,-0.175,12.5192343637893,0.558467723139208,21,0.875
131,B4_K04_I01-04-07-08,Branch4,PowerREV,4,4,1/4/7/8,0/135/270/315,1,2,Location2,1,,143.442529225153,-5.16360709084638,-0.8,0.593211597998556,-0.09,16.4874154723043,0.257711436202704,21,0.87797619047619
131,B4_K04_I01-04-07-08,Branch4,PowerREV,4,4,1/4/7/8,0/135/270/315,1,3,Location3,1,,95.8878786990507,2.29244277595588,-0.1025,0.993928443098395,0.0399999999999999,8.27053568153326,0.754544463576461,21,1
131,B4_K04_I01-04-07-08,Branch4,PowerREV,4,4,1/4/7/8,0/135/270/315,1,4,Location4,1,,69.1912407109243,2.14909562686401,0.355,0.934113884919821,0.0374999999999999,5.45645652402962,0.581812288477759,21,0.94047619047619
132,B4_K04_I01-04-07-09,Branch4,PowerREV,4,3,1/4/7/9,0/135/270/360,1,1,Location1,1,,123.038508373149,-9.64249546379557,-0.5375,0.826460827867843,-0.1675,12.3922485773178,0.573087012811248,21,0.888392857142857
132,B4_K04_I01-04-07-09,Branch4,PowerREV,4,3,1/4/7/9,0/135/270/360,1,2,Location2,1,,144.19148864784,-5.3074466746303,-0.8075,0.58256973831465,-0.0925,17.2459838141404,0.280141902336581,21,0.879464285714286
132,B4_K04_I01-04-07-09,Branch4,PowerREV,4,3,1/4/7/9,0/135/270/360,1,3,Location3,1,,95.8884891043574,2.43580428350657,-0.1025,0.993824682728297,0.0424999999999999,8.37227853953572,0.769585178404218,21,1
132,B4_K04_I01-04-07-09,Branch4,PowerREV,4,3,1/4/7/9,0/135/270/360,1,4,Location4,1,,69.0378198679816,2.14909562686402,0.3575,0.933159954134338,0.0374999999999999,5.44241601050701,0.623051352884012,21,0.943452380952381
133,B4_K04_I01-04-08-09,Branch4,PowerREV,4,3,1/4/8/9,0/135/315/360,1,1,Location1,1,,122.708525313957,-9.78781905671397,-0.5325,0.829182579411797,-0.17,12.1916022852097,0.49682845630291,21,0.837797619047619
133,B4_K04_I01-04-08-09,Branch4,PowerREV,4,3,1/4/8/9,0/135/315/360,1,2,Location2,1,,143.095148035491,-6.17122147831452,-0.795,0.5970081657733,-0.1075,16.3169689673149,0.194113911091818,21,0.77827380952381
133,B4_K04_I01-04-08-09,Branch4,PowerREV,4,3,1/4/8/9,0/135/315/360,1,3,Location3,1,,95.8891367114247,2.57918105164837,-0.1025,0.993714622011773,0.0449999999999999,8.47525337559886,0.688118354145661,21,1
133,B4_K04_I01-04-08-09,Branch4,PowerREV,4,3,1/4/8/9,0/135/315/360,1,4,Location4,1,,69.0433816711824,1.71913132087781,0.3575,0.933431170467325,0.0299999999999999,5.01433039477221,0.513702565591692,21,0.916666666666667
134,B4_K04_I01-05-06-07,Branch4,PowerREV,4,4,1/5/6/7,0/180/225/270,1,1,Location1,1,,123.087861326773,-10.0786581077877,-0.5375,0.824905297594821,-0.175,12.6629414924487,0.515304682851814,21,0.864583333333333
134,B4_K04_I01-05-06-07,Branch4,PowerREV,4,4,1/5/6/7,0/180/225/270,1,2,Location2,1,,143.028940344795,-3.43981276751519,-0.7975,0.600328035327353,-0.0599999999999999,15.9240137824801,0.236976763887693,21,0.84672619047619
134,B4_K04_I01-05-06-07,Branch4,PowerREV,4,4,1/5/6/7,0/180/225/270,1,3,Location3,1,,95.8891367114247,2.57918105164837,-0.1025,0.993714622011773,0.0449999999999999,8.47525337559886,0.745962452473093,21,1
134,B4_K04_I01-05-06-07,Branch4,PowerREV,4,4,1/5/6/7,0/180/225/270,1,4,Location4,1,,69.0433816711824,1.71913132087781,0.3575,0.933431170467325,0.0299999999999999,5.01433039477221,0.514209108652386,21,0.927083333333333
135,B4_K04_I01-05-06-08,Branch4,PowerREV,4,4,1/5/6/8,0/180/225/315,1,1,Location1,1,,122.818688285915,-9.2068962213459,-0.535,0.829563138043151,-0.16,11.9850090552187,0.481634818027884,21,0.851190476190476
135,B4_K04_I01-05-06-08,Branch4,PowerREV,4,4,1/5/6/8,0/180/225/315,1,2,Location2,1,,143.392216961646,-4.73228037895821,-0.8,0.594301060069726,-0.0825,16.3834900282326,0.202968740370336,21,0.821428571428571
135,B4_K04_I01-05-06-08,Branch4,PowerREV,4,4,1/5/6/8,0/180/225/315,1,3,Location3,1,,95.8891367114247,2.57918105164837,-0.1025,0.993714622011773,0.0449999999999999,8.47525337559886,0.709887963283914,21,1
135,B4_K04_I01-05-06-08,Branch4,PowerREV,4,4,1/5/6/8,0/180/225/315,1,4,Location4,1,,69.1967579819565,1.71913132087781,0.355,0.934384824363067,0.0299999999999999,5.02973085550508,0.477102627657029,21,0.924107142857143
136,B4_K04_I01-05-06-09,Branch4,PowerREV,4,3,1/5/6/9,0/180/225/360,1,1,Location1,1,,123.164701258421,-9.2068962213459,-0.54,0.826317130404544,-0.16,12.2827869729163,0.37584580010676,21,0.802083333333333
136,B4_K04_I01-05-06-09,Branch4,PowerREV,4,3,1/5/6/9,0/180/225/360,1,2,Location2,1,,143.184622636003,-5.01980013167812,-0.7975,0.596940114249327,-0.0875,16.2134648706187,0.176706259185598,18,0.793402777777778
136,B4_K04_I01-05-06-09,Branch4,PowerREV,4,3,1/5/6/9,0/180/225/360,1,3,Location3,1,,95.7456777709434,2.72257398337613,-0.1,0.993852982085379,0.0474999999999999,8.48121196197503,0.67057103630134,21,1
136,B4_K04_I01-05-06-09,Branch4,PowerREV,4,3,1/5/6/9,0/180/225/360,1,4,Location4,1,,69.0433816711824,1.71913132087781,0.3575,0.933431170467325,0.0299999999999999,5.01433039477221,0.437198528012435,20,0.9078125
137,B4_K04_I01-05-07-08,Branch4,PowerREV,4,4,1/5/7/8,0/180/270/315,1,1,Location1,1,,123.054694549299,-9.78781905671397,-0.5375,0.825950210363797,-0.17,12.481190090667,0.535189282714778,21,0.876488095238095
137,B4_K04_I01-05-07-08,Branch4,PowerREV,4,4,1/5/7/8,0/180/270/315,1,2,Location2,1,,143.602618707897,-4.44488001787759,-0.8025,0.591597413787451,-0.0775,16.5621628506824,0.254390118392898,21,0.858630952380952
137,B4_K04_I01-05-07-08,Branch4,PowerREV,4,4,1/5/7/8,0/180/270/315,1,3,Location3,1,,95.8884891043574,2.43580428350657,-0.1025,0.993824682728297,0.0424999999999999,8.37227853953572,0.741468759260062,21,1
137,B4_K04_I01-05-07-08,Branch4,PowerREV,4,4,1/5/7/8,0/180/270/315,1,4,Location4,1,,69.1983238133349,1.57583259975216,0.355,0.934461743465189,0.0274999999999999,4.8876061952048,0.531651339643214,21,0.93452380952381
138,B4_K04_I01-05-07-09,Branch4,PowerREV,4,3,1/5/7/9,0/180/270/360,1,1,Location1,1,,123.071145150082,-9.93320626438465,-0.5375,0.825431705230663,-0.1725,12.5714288909792,0.52191634380548,21,0.875
138,B4_K04_I01-05-07-09,Branch4,PowerREV,4,3,1/5/7/9,0/180/270/360,1,2,Location2,1,,144.018941621924,-3.72685314248215,-0.8075,0.586275319282673,-0.0649999999999999,16.9239235534271,0.252379194356496,21,0.87202380952381
138,B4_K04_I01-05-07-09,Branch4,PowerREV,4,3,1/5/7/9,0/180/270/360,1,3,Location3,1,,95.8891367114247,2.57918105164837,-0.1025,0.993714622011773,0.0449999999999999,8.47525337559886,0.751427644028997,21,1
138,B4_K04_I01-05-07-09,Branch4,PowerREV,4,3,1/5/7/9,0/180/270/360,1,4,Location4,1,,69.0449601404304,1.57583259975216,0.3575,0.933508168148517,0.0274999999999999,4.87170832758958,0.566807070309005,21,0.922619047619048
139,B4_K04_I01-05-08-09,Branch4,PowerREV,4,3,1/5/8/9,0/180/315/360,1,1,Location1,1,,122.833986348658,-9.35203505756315,-0.535,0.82907704708308,-0.1625,12.0707025089191,0.472182013984918,21,0.855654761904762
139,B4_K04_I01-05-08-09,Branch4,PowerREV,4,3,1/5/8/9,0/180/315/360,1,2,Location2,1,,143.759520421787,-5.73917047726678,-0.8025,0.588212334110736,-0.1,16.887208347339,0.191259425138104,21,0.779761904761905
139,B4_K04_I01-05-08-09,Branch4,PowerREV,4,3,1/5/8/9,0/180/315/360,1,3,Location3,1,,95.8891367114247,2.57918105164837,-0.1025,0.993714622011773,0.0449999999999999,8.47525337559886,0.676904222473395,21,1
139,B4_K04_I01-05-08-09,Branch4,PowerREV,4,3,1/5/8/9,0/180/315/360,1,4,Location4,1,,69.2010461549985,1.28926383628796,0.355,0.934595500738154,0.0224999999999999,4.60355278519852,0.498483388413612,21,0.913690476190476
140,B4_K04_I01-06-07-08,Branch4,PowerREV,4,4,1/6/7/8,0/225/270/315,1,1,Location1,1,,122.849543753022,-9.49723446851704,-0.535,0.82858312799622,-0.165,12.1577667257075,0.455671345995263,21,0.793154761904762
140,B4_K04_I01-06-07-08,Branch4,PowerREV,4,4,1/6/7/8,0/225/270/315,1,2,Location2,1,,142.57782402325,-3.72685314248215,-0.7925,0.606398177767711,-0.0649999999999999,15.4879780082232,0.180973314432468,21,0.773809523809524
140,B4_K04_I01-06-07-08,Branch4,PowerREV,4,4,1/6/7/8,0/225/270/315,1,3,Location3,1,,95.8878786990507,2.29244277595588,-0.1025,0.993928443098395,0.0399999999999999,8.27053568153326,0.658593263042174,21,1
140,B4_K04_I01-06-07-08,Branch4,PowerREV,4,4,1/6/7/8,0/225/270/315,1,4,Location4,1,,69.3424098758504,2.29244277595588,0.3525,0.934956549792556,0.0399999999999999,5.6165691875335,0.449330426635287,21,0.882440476190476
141,B4_K04_I01-06-07-09,Branch4,PowerREV,4,3,1/6/7/9,0/225/270/360,1,1,Location1,1,,123.211996141485,-9.64249546379557,-0.54,0.824829527841966,-0.1675,12.5392666515639,0.38419820124114,21,0.782738095238095
141,B4_K04_I01-06-07-09,Branch4,PowerREV,4,3,1/6/7/9,0/225/270/360,1,2,Location2,1,,90.7162517115414,-0.572967344857153,-0.0124999999999999,0.99987186679094,-0.01,36.4273659761083,0.194834770297537,21,0.75297619047619
141,B4_K04_I01-06-07-09,Branch4,PowerREV,4,3,1/6/7/9,0/225/270/360,1,3,Location3,1,,95.8884891043574,2.43580428350657,-0.1025,0.993824682728297,0.0424999999999999,8.37227853953572,0.634475198854337,21,1
141,B4_K04_I01-06-07-09,Branch4,PowerREV,4,3,1/6/7/9,0/225/270/360,1,4,Location4,1,,69.3464655112991,2.00576193490982,0.3525,0.935157072368059,0.0349999999999999,5.33298253465879,0.412464902765044,21,0.852678571428571
142,B4_K04_I01-06-08-09,Branch4,PowerREV,4,3,1/6/8/9,0/225/315/360,1,1,Location1,1,,122.616561332612,-8.91679625299095,-0.5325,0.83211702902897,-0.155,11.6687104629037,0.436040657252762,21,0.80952380952381
142,B4_K04_I01-06-08-09,Branch4,PowerREV,4,3,1/6/8/9,0/225/315/360,1,2,Location2,1,,89.4270165392192,-0.429722375059592,0.01,0.999921871948004,-0.0075,37.7232452298982,0.179011158441237,21,0.776785714285714
142,B4_K04_I01-06-08-09,Branch4,PowerREV,4,3,1/6/8/9,0/225/315/360,1,3,Location3,1,,95.7443781502486,2.43580428350657,-0.1,0.99407934793959,0.0424999999999999,8.27165546653221,0.615912285820972,21,1
142,B4_K04_I01-06-08-09,Branch4,PowerREV,4,3,1/6/8/9,0/225/315/360,1,4,Location4,1,,69.1983238133349,1.57583259975216,0.355,0.934461743465189,0.0274999999999999,4.8876061952048,0.438541487898959,21,0.885416666666667
143,B4_K04_I01-07-08-09,Branch4,PowerREV,4,3,1/7/8/9,0/270/315/360,1,1,Location1,1,,122.204229902081,-8.19253640609033,-0.5275,0.837518656508618,-0.1425,10.9689295931527,0.272915729288673,21,0.751488095238095
143,B4_K04_I01-07-08-09,Branch4,PowerREV,4,3,1/7/8/9,0/270/315/360,1,2,Location2,1,,90.2864944164393,-0.572967344857153,-0.005,0.999937498046753,-0.01,36.8561698502662,0.361088025090134,21,0.68452380952381
143,B4_K04_I01-07-08-09,Branch4,PowerREV,4,3,1/7/8/9,0/270/315/360,1,3,Location3,1,,95.7417635327327,1.71913132087781,-0.1,0.994535067255047,0.0299999999999999,7.76985744236544,0.424948417349161,21,1
143,B4_K04_I01-07-08-09,Branch4,PowerREV,4,3,1/7/8/9,0/270/315/360,1,4,Location4,1,,69.4955373017906,2.29244277595588,0.35,0.935895293288731,0.0399999999999999,5.63841616718822,0.297980432222321,21,0.788690476190476
144,B4_K04_I02-03-04-05,Branch4,PowerREV,4,4,2/3/4/5,45/90/135/180,1,1,Location1,1,,122.416168779998,-8.62692655867863,-0.53,0.834625664594613,-0.15,11.3558831209777,0.431854135787697,21,0.8125
144,B4_K04_I02-03-04-05,Branch4,PowerREV,4,4,2/3/4/5,45/90/135/180,1,2,Location2,1,,144.290669953685,-6.0271665601311,-0.8075,0.58044702600668,-0.105,17.4572876298657,0.173044754908118,21,0.75
144,B4_K04_I02-03-04-05,Branch4,PowerREV,4,4,2/3/4/5,45/90/135/180,1,3,Location3,1,,95.8884891043574,2.43580428350657,-0.1025,0.993824682728297,0.0424999999999999,8.37227853953572,0.674262242162545,21,1
144,B4_K04_I02-03-04-05,Branch4,PowerREV,4,4,2/3/4/5,45/90/135/180,1,4,Location4,1,,69.1912407109243,2.14909562686402,0.355,0.934113884919821,0.0374999999999999,5.45645652402962,0.488535157014116,21,0.864583333333333
145,B4_K04_I02-03-04-06,Branch4,PowerREV,4,4,2/3/4/6,45/90/135/225,1,1,Location1,1,,122.991525201423,-9.2068962213459,-0.5375,0.827945499414062,-0.16,12.1334478650566,0.515011357727058,21,0.863095238095238
145,B4_K04_I02-03-04-06,Branch4,PowerREV,4,4,2/3/4/6,45/90/135/225,1,2,Location2,1,,144.018941621924,-3.72685314248215,-0.8075,0.586275319282673,-0.0649999999999999,16.9239235534271,0.222194914910823,21,0.842261904761905
145,B4_K04_I02-03-04-06,Branch4,PowerREV,4,4,2/3/4/6,45/90/135/225,1,3,Location3,1,,95.8891367114247,2.57918105164837,-0.1025,0.993714622011773,0.0449999999999999,8.47525337559886,0.738507104689931,21,1
145,B4_K04_I02-03-04-06,Branch4,PowerREV,4,4,2/3/4/6,45/90/135/225,1,4,Location4,1,,68.8898479495434,1.71913132087781,0.36,0.932469838654313,0.0299999999999999,5.00357370735474,0.545505582083571,21,0.938988095238095
146,B4_K04_I02-03-04-07,Branch4,PowerREV,4,4,2/3/4/7,45/90/135/270,1,1,Location1,1,,123.038508373149,-9.64249546379557,-0.5375,0.826460827867843,-0.1675,12.3922485773178,0.539379122504382,21,0.885416666666667
146,B4_K04_I02-03-04-07,Branch4,PowerREV,4,4,2/3/4/7,45/90/135/270,1,2,Location2,1,,143.587720428338,-4.30122230467036,-0.8025,0.591919546898056,-0.075,16.5343249680969,0.2672985659605,21,0.880952380952381
146,B4_K04_I02-03-04-07,Branch4,PowerREV,4,4,2/3/4/7,45/90/135/270,1,3,Location3,1,,95.8884891043574,2.43580428350657,-0.1025,0.993824682728297,0.0424999999999999,8.37227853953572,0.758572897804933,21,1
146,B4_K04_I02-03-04-07,Branch4,PowerREV,4,4,2/3/4/7,45/90/135/270,1,4,Location4,1,,68.888118034059,1.86244079953198,0.36,0.932386052019227,0.0324999999999999,5.14658169849668,0.605161791563084,21,0.94047619047619
147,B4_K04_I02-03-04-08,Branch4,PowerREV,4,4,2/3/4/8,45/90/135/315,1,1,Location1,1,,122.818688285915,-9.2068962213459,-0.535,0.829563138043151,-0.16,11.9850090552187,0.518855561097702,21,0.873511904761905
147,B4_K04_I02-03-04-08,Branch4,PowerREV,4,4,2/3/4/8,45/90/135/315,1,2,Location2,1,,144.19148864784,-5.3074466746303,-0.8075,0.58256973831465,-0.0925,17.2459838141404,0.233805541444381,21,0.860119047619048
147,B4_K04_I02-03-04-08,Branch4,PowerREV,4,4,2/3/4/8,45/90/135/315,1,3,Location3,1,,95.8884891043574,2.43580428350657,-0.1025,0.993824682728297,0.0424999999999999,8.37227853953572,0.732598053876533,21,1
147,B4_K04_I02-03-04-08,Branch4,PowerREV,4,4,2/3/4/8,45/90/135/315,1,4,Location4,1,,69.0433816711824,1.71913132087781,0.3575,0.933431170467325,0.0299999999999999,5.01433039477221,0.556821543072015,21,0.94047619047619
148,B4_K04_I02-03-04-09,Branch4,PowerREV,4,4,2/3/4/9,45/90/135/360,1,1,Location1,1,,122.991525201423,-9.2068962213459,-0.5375,0.827945499414062,-0.16,12.1334478650566,0.43783934362902,21,0.821428571428571
148,B4_K04_I02-03-04-09,Branch4,PowerREV,4,4,2/3/4/9,45/90/135/360,1,2,Location2,1,,143.602618707897,-4.44488001787759,-0.8025,0.591597413787451,-0.0775,16.5621628506824,0.190708444535792,21,0.77827380952381
148,B4_K04_I02-03-04-09,Branch4,PowerREV,4,4,2/3/4/9,45/90/135/360,1,3,Location3,1,,95.7427007780202,2.00576193490982,-0.1,0.994371660899485,0.0349999999999999,7.96655478515079,0.647007312584156,21,1
148,B4_K04_I02-03-04-09,Branch4,PowerREV,4,4,2/3/4/9,45/90/135/360,1,4,Location4,1,,69.5059917400466,1.4325437375665,0.35,0.936416040016402,0.0249999999999999,4.79286114478638,0.464661897937935,21,0.90625
149,B4_K04_I02-03-05-06,Branch4,PowerREV,4,4,2/3/5/6,45/90/180/225,1,1,Location1,1,,122.904552418512,-8.33727918890569,-0.5375,0.830703767898039,-0.145,11.6541918220719,0.471861608616372,21,0.828869047619048
149,B4_K04_I02-03-05-06,Branch4,PowerREV,4,4,2/3/5/6,45/90/180/225,1,2,Location2,1,,142.423534790406,-4.58856573578583,-0.79,0.607865116617165,-0.08,15.4079563263687,0.204139207687032,21,0.791666666666667
149,B4_K04_I02-03-05-06,Branch4,PowerREV,4,4,2/3/5/6,45/90/180/225,1,3,Location3,1,,95.8891367114247,2.57918105164837,-0.1025,0.993714622011773,0.0449999999999999,8.47525337559886,0.708415052133804,21,1
149,B4_K04_I02-03-05-06,Branch4,PowerREV,4,4,2/3/5/6,45/90/180/225,1,4,Location4,1,,68.8928915664191,1.4325437375665,0.36,0.932617284849471,0.0249999999999999,4.71762125934191,0.500556471609584,21,0.913690476190476
150,B4_K04_I02-03-05-07,Branch4,PowerREV,4,4,2/3/5/7,45/90/180/270,1,1,Location1,1,,122.865361577332,-9.64249546379557,-0.535,0.828081366775029,-0.1675,12.2461765930869,0.552380084063507,21,0.895833333333333
150,B4_K04_I02-03-05-07,Branch4,PowerREV,4,4,2/3/5/7,45/90/180/270,1,2,Location2,1,,143.667256322953,-5.01980013167812,-0.8025,0.590201236867562,-0.0875,16.6901805169901,0.261571613801609,21,0.883928571428571
150,B4_K04_I02-03-05-07,Branch4,PowerREV,4,4,2/3/5/7,45/90/180/270,1,3,Location3,1,,95.8891367114247,2.57918105164837,-0.1025,0.993714622011773,0.0449999999999999,8.47525337559886,0.758385092351119,21,1
150,B4_K04_I02-03-05-07,Branch4,PowerREV,4,4,2/3/5/7,45/90/180/270,1,4,Location4,1,,69.0477044535588,1.28926383628796,0.3575,0.933642062034482,0.0224999999999999,4.58658178583189,0.631572417577859,21,0.9375
151,B4_K04_I02-03-05-08,Branch4,PowerREV,4,4,2/3/5/8,45/90/180/315,1,1,Location1,1,,122.961505062079,-8.91679625299095,-0.5375,0.828896103260234,-0.155,11.9678463979394,0.55387029066679,21,0.901785714285714
151,B4_K04_I02-03-05-08,Branch4,PowerREV,4,4,2/3/5/8,45/90/180/315,1,2,Location2,1,,144.023926568542,-5.88314987298444,-0.805,0.58435327499724,-0.1025,17.170894312726,0.268618871417602,21,0.900297619047619
151,B4_K04_I02-03-05-08,Branch4,PowerREV,4,4,2/3/5/8,45/90/180/315,1,3,Location3,1,,95.8884891043574,2.43580428350657,-0.1025,0.993824682728297,0.0424999999999999,8.37227853953572,0.747782112998853,21,1
151,B4_K04_I02-03-05-08,Branch4,PowerREV,4,4,2/3/5/8,45/90/180/315,1,4,Location4,1,,69.0464010394974,1.4325437375665,0.3575,0.933578464833032,0.0249999999999999,4.72912490366468,0.622665310624697,21,0.958333333333333
152,B4_K04_I02-03-05-09,Branch4,PowerREV,4,4,2/3/5/9,45/90/180/360,1,1,Location1,1,,122.946882447149,-8.7718331196937,-0.5375,0.829359692775095,-0.1525,11.8872006812737,0.518162505240287,21,0.867559523809524
152,B4_K04_I02-03-05-09,Branch4,PowerREV,4,4,2/3/5/9,45/90/180/360,1,2,Location2,1,,143.964956262321,-5.45131981241778,-0.805,0.585619330282053,-0.095,17.0435309927201,0.21681111263379,21,0.848214285714286
152,B4_K04_I02-03-05-09,Branch4,PowerREV,4,4,2/3/5/9,45/90/180/360,1,3,Location3,1,,95.8878786990507,2.29244277595588,-0.1025,0.993928443098395,0.0399999999999999,8.27053568153326,0.715276303085158,21,1
152,B4_K04_I02-03-05-09,Branch4,PowerREV,4,4,2/3/5/9,45/90/180/360,1,4,Location4,1,,69.1997531762053,1.4325437375665,0.355,0.934531968420557,0.0249999999999999,4.74554550752062,0.577362877649471,21,0.93452380952381
153,B4_K04_I02-03-06-07,Branch4,PowerREV,4,4,2/3/6/7,45/90/225/270,1,1,Location1,1,,122.602130784972,-8.7718331196937,-0.5325,0.83257882509706,-0.1525,11.5864848977824,0.498334988902545,21,0.84077380952381
153,B4_K04_I02-03-06-07,Branch4,PowerREV,4,4,2/3/6/7,45/90/225/270,1,2,Location2,1,,142.053708476459,-3.00941195419142,-0.7875,0.614074506880069,-0.0524999999999999,14.9395316562929,0.233907137439568,21,0.834821428571429
153,B4_K04_I02-03-06-07,Branch4,PowerREV,4,4,2/3/6/7,45/90/225/270,1,3,Location3,1,,96.033301028903,2.57918105164837,-0.105,0.993453572141144,0.0449999999999999,8.57595304950169,0.734462654110629,21,1
153,B4_K04_I02-03-06-07,Branch4,PowerREV,4,4,2/3/6/7,45/90/225/270,1,4,Location4,1,,68.8914390956087,1.57583259975216,0.36,0.932546915709875,0.0274999999999999,4.86058692263444,0.548736424752058,21,0.918154761904762
154,B4_K04_I02-03-06-08,Branch4,PowerREV,4,4,2/3/6/8,45/90/225/315,1,1,Location1,1,,122.616561332612,-8.91679625299095,-0.5325,0.83211702902897,-0.155,11.6687104629037,0.566146575564388,21,0.894345238095238
154,B4_K04_I02-03-06-08,Branch4,PowerREV,4,4,2/3/6/8,45/90/225/315,1,2,Location2,1,,143.167998700187,-4.87602486961296,-0.7975,0.597301222165165,-0.085,16.1786599018825,0.264238452612854,21,0.901785714285714
154,B4_K04_I02-03-06-08,Branch4,PowerREV,4,4,2/3/6/8,45/90/225/315,1,3,Location3,1,,95.8884891043574,2.43580428350657,-0.1025,0.993824682728297,0.0424999999999999,8.37227853953572,0.746074601640312,21,1
154,B4_K04_I02-03-06-08,Branch4,PowerREV,4,4,2/3/6/8,45/90/225/315,1,4,Location4,1,,68.8914390956087,1.57583259975216,0.36,0.932546915709875,0.0274999999999999,4.86058692263444,0.60732967226888,21,0.952380952380952
155,B4_K04_I02-03-06-09,Branch4,PowerREV,4,4,2/3/6/9,45/90/225/360,1,1,Location1,1,,122.788865975171,-8.91679625299095,-0.535,0.830511890342336,-0.155,11.8178365547027,0.545063635133342,21,0.87797619047619
155,B4_K04_I02-03-06-09,Branch4,PowerREV,4,4,2/3/6/9,45/90/225/360,1,2,Location2,1,,143.893585517872,-4.87602486961296,-0.805,0.587154153523587,-0.085,16.8963485690724,0.258651443593798,21,0.876488095238095
155,B4_K04_I02-03-06-09,Branch4,PowerREV,4,4,2/3/6/9,45/90/225/360,1,3,Location3,1,,95.8884891043574,2.43580428350657,-0.1025,0.993824682728297,0.0424999999999999,8.37227853953572,0.739581326997559,21,1
155,B4_K04_I02-03-06-09,Branch4,PowerREV,4,4,2/3/6/9,45/90/225/360,1,4,Location4,1,,69.0433816711824,1.71913132087781,0.3575,0.933431170467325,0.0299999999999999,5.01433039477221,0.605091900493205,21,0.958333333333333
156,B4_K04_I02-03-07-08,Branch4,PowerREV,4,4,2/3/7/8,45/90/270/315,1,1,Location1,1,,122.991525201423,-9.2068962213459,-0.5375,0.827945499414062,-0.16,12.1334478650566,0.511741052822128,21,0.834821428571429
156,B4_K04_I02-03-07-08,Branch4,PowerREV,4,4,2/3/7/8,45/90/270/315,1,2,Location2,1,,143.201746477251,-5.16360709084638,-0.7975,0.596568311260328,-0.09,16.2499420461766,0.217676621720368,21,0.811011904761905
156,B4_K04_I02-03-07-08,Branch4,PowerREV,4,4,2/3/7/8,45/90/270/315,1,3,Location3,1,,95.8878786990507,2.29244277595588,-0.1025,0.993928443098395,0.0399999999999999,8.27053568153326,0.71038737091693,21,1
156,B4_K04_I02-03-07-08,Branch4,PowerREV,4,4,2/3/7/8,45/90/270/315,1,4,Location4,1,,69.0378198679816,2.14909562686401,0.3575,0.933159954134338,0.0374999999999999,5.44241601050701,0.522145086758201,21,0.912202380952381
157,B4_K04_I02-03-07-09,Branch4,PowerREV,4,4,2/3/7/9,45/90/270/360,1,1,Location1,1,,123.022585491893,-9.49723446851704,-0.5375,0.826963572353704,-0.165,12.3046281920336,0.55189640536021,21,0.869047619047619
157,B4_K04_I02-03-07-09,Branch4,PowerREV,4,4,2/3/7/9,45/90/270/360,1,2,Location2,1,,142.39452091169,-4.30122230467036,-0.79,0.608502259650693,-0.075,15.3493864924928,0.252914299068997,21,0.84077380952381
157,B4_K04_I02-03-07-09,Branch4,PowerREV,4,4,2/3/7/9,45/90/270/360,1,3,Location3,1,,95.8884891043574,2.43580428350657,-0.1025,0.993824682728297,0.0424999999999999,8.37227853953572,0.736254294265189,21,1
157,B4_K04_I02-03-07-09,Branch4,PowerREV,4,4,2/3/7/9,45/90/270/360,1,4,Location4,1,,69.1932165354548,2.00576193490982,0.355,0.934210896960638,0.0349999999999999,5.3141587849017,0.591337300143375,21,0.928571428571429
158,B4_K04_I02-03-08-09,Branch4,PowerREV,4,4,2/3/8/9,45/90/315/360,1,1,Location1,1,,122.833986348658,-9.35203505756315,-0.535,0.82907704708308,-0.1625,12.0707025089191,0.461070800974,21,0.842261904761905
158,B4_K04_I02-03-08-09,Branch4,PowerREV,4,4,2/3/8/9,45/90/315/360,1,2,Location2,1,,142.053708476459,-3.00941195419142,-0.7875,0.614074506880069,-0.0524999999999999,14.9395316562929,0.182954210086068,21,0.75
158,B4_K04_I02-03-08-09,Branch4,PowerREV,4,4,2/3/8/9,45/90/315/360,1,3,Location3,1,,95.8898215569978,2.72257398337613,-0.1025,0.993598258855157,0.0474999999999999,8.57941727273049,0.654533519784851,21,1
158,B4_K04_I02-03-08-09,Branch4,PowerREV,4,4,2/3/8/9,45/90/315/360,1,4,Location4,1,,68.886249246736,2.00576193490982,0.36,0.93229555399562,0.0349999999999999,5.28961108043064,0.474269874751188,21,0.898809523809524
159,B4_K04_I02-04-05-06,Branch4,PowerREV,4,4,2/4/5/6,45/135/180/225,1,1,Location1,1,,122.991525201423,-9.2068962213459,-0.5375,0.827945499414062,-0.16,12.1334478650566,0.472530582056285,21,0.863095238095238
159,B4_K04_I02-04-05-06,Branch4,PowerREV,4,4,2/4/5/6,45/135/180/225,1,2,Location2,1,,144.018941621924,-3.72685314248215,-0.8075,0.586275319282673,-0.0649999999999999,16.9239235534271,0.227867966651904,21,0.84375
159,B4_K04_I02-04-05-06,Branch4,PowerREV,4,4,2/4/5/6,45/135/180/225,1,3,Location3,1,,95.8891367114247,2.57918105164837,-0.1025,0.993714622011773,0.0449999999999999,8.47525337559886,0.735959020157098,21,1
159,B4_K04_I02-04-05-06,Branch4,PowerREV,4,4,2/4/5/6,45/135/180/225,1,4,Location4,1,,69.0416655384098,1.86244079953198,0.3575,0.933347470131033,0.0324999999999999,5.15698973655785,0.524984987813525,21,0.941964285714286
160,B4_K04_I02-04-05-07,Branch4,PowerREV,4,4,2/4/5/7,45/135/180/270,1,1,Location1,1,,123.006924797102,-9.35203505756315,-0.5375,0.827458458171768,-0.1625,12.2183531178971,0.529409421784908,21,0.907738095238095
160,B4_K04_I02-04-05-07,Branch4,PowerREV,4,4,2/4/5/7,45/135/180/270,1,2,Location2,1,,143.860979365318,-4.58856573578583,-0.805,0.587856274951625,-0.08,16.8325838898585,0.300028693680771,21,0.886904761904762
160,B4_K04_I02-04-05-07,Branch4,PowerREV,4,4,2/4/5/7,45/135/180/270,1,3,Location3,1,,95.8891367114247,2.57918105164837,-0.1025,0.993714622011773,0.0449999999999999,8.47525337559886,0.765047026258716,21,1
160,B4_K04_I02-04-05-07,Branch4,PowerREV,4,4,2/4/5/7,45/135/180/270,1,4,Location4,1,,68.888118034059,1.86244079953198,0.36,0.932386052019227,0.0324999999999999,5.14658169849668,0.616937522914994,21,0.943452380952381
161,B4_K04_I02-04-05-08,Branch4,PowerREV,4,4,2/4/5/8,45/135/180/315,1,1,Location1,1,,122.818688285915,-9.2068962213459,-0.535,0.829563138043151,-0.16,11.9850090552187,0.544549918241207,21,0.901785714285714
161,B4_K04_I02-04-05-08,Branch4,PowerREV,4,4,2/4/5/8,45/135/180/315,1,2,Location2,1,,144.517106138545,-5.88314987298444,-0.81,0.577402589187129,-0.1025,17.654363989048,0.263714229942848,21,0.894345238095238
161,B4_K04_I02-04-05-08,Branch4,PowerREV,4,4,2/4/5/8,45/135/180/315,1,3,Location3,1,,95.8884891043574,2.43580428350657,-0.1025,0.993824682728297,0.0424999999999999,8.37227853953572,0.743796187218942,21,1
161,B4_K04_I02-04-05-08,Branch4,PowerREV,4,4,2/4/5/8,45/135/180/315,1,4,Location4,1,,69.0449601404304,1.57583259975216,0.3575,0.933508168148517,0.0274999999999999,4.87170832758958,0.593977823508239,21,0.953869047619048
162,B4_K04_I02-04-05-09,Branch4,PowerREV,4,4,2/4/5/9,45/135/180/360,1,1,Location1,1,,122.774339673063,-8.7718331196937,-0.535,0.830974578431856,-0.1525,11.736409343889,0.450377155389172,21,0.837797619047619
162,B4_K04_I02-04-05-09,Branch4,PowerREV,4,4,2/4/5/9,45/135/180/360,1,2,Location2,1,,144.686205604532,-5.3074466746303,-0.8125,0.57557579865731,-0.0925,17.7339517751164,0.202744820178011,21,0.827380952380952
162,B4_K04_I02-04-05-09,Branch4,PowerREV,4,4,2/4/5/9,45/135/180/360,1,3,Location3,1,,95.8884891043574,2.43580428350657,-0.1025,0.993824682728297,0.0424999999999999,8.37227853953572,0.704667700961594,21,1
162,B4_K04_I02-04-05-09,Branch4,PowerREV,4,4,2/4/5/9,45/135/180/360,1,4,Location4,1,,69.3482897668617,1.86244079953198,0.3525,0.935247293500495,0.0324999999999999,5.19130792057805,0.503661229971166,21,0.919642857142857
163,B4_K04_I02-04-06-07,Branch4,PowerREV,4,4,2/4/6/7,45/135/225/270,1,1,Location1,1,,122.976385638365,-9.06181695393534,-0.5375,0.828424709916357,-0.1575,12.0499372541413,0.52584224416852,21,0.897321428571429
163,B4_K04_I02-04-06-07,Branch4,PowerREV,4,4,2/4/6/7,45/135/225/270,1,2,Location2,1,,143.762819669394,-3.58332169847197,-0.805,0.58997351635476,-0.0624999999999999,16.6617809351726,0.275171141244952,21,0.895833333333333
163,B4_K04_I02-04-06-07,Branch4,PowerREV,4,4,2/4/6/7,45/135/225/270,1,3,Location3,1,,95.8891367114247,2.57918105164837,-0.1025,0.993714622011773,0.0449999999999999,8.47525337559886,0.764534691687377,21,1
163,B4_K04_I02-04-06-07,Branch4,PowerREV,4,4,2/4/6/7,45/135/225/270,1,4,Location4,1,,68.7325277612918,2.00576193490982,0.3625,0.931326339152931,0.0349999999999999,5.28397515678961,0.597515333285892,21,0.941964285714286
164,B4_K04_I02-04-06-08,Branch4,PowerREV,4,4,2/4/6/8,45/135/225/315,1,1,Location1,1,,122.788865975171,-8.91679625299095,-0.535,0.830511890342336,-0.155,11.8178365547027,0.54991614049869,21,0.894345238095238
164,B4_K04_I02-04-06-08,Branch4,PowerREV,4,4,2/4/6/8,45/135/225/315,1,2,Location2,1,,143.516705083057,-5.73917047726678,-0.8,0.591607978309961,-0.1,16.6490755972377,0.31081929945339,21,0.921130952380952
164,B4_K04_I02-04-06-08,Branch4,PowerREV,4,4,2/4/6/8,45/135/225/315,1,3,Location3,1,,95.8884891043574,2.43580428350657,-0.1025,0.993824682728297,0.0424999999999999,8.37227853953572,0.757922815924001,21,1
164,B4_K04_I02-04-06-08,Branch4,PowerREV,4,4,2/4/6/8,45/135/225/315,1,4,Location4,1,,68.8898479495434,1.71913132087781,0.36,0.932469838654313,0.0299999999999999,5.00357370735474,0.609791062827681,21,0.959821428571429
165,B4_K04_I02-04-06-09,Branch4,PowerREV,4,4,2/4/6/9,45/135/225/360,1,1,Location1,1,,122.818688285915,-9.2068962213459,-0.535,0.829563138043151,-0.16,11.9850090552187,0.517435481409588,21,0.897321428571429
165,B4_K04_I02-04-06-09,Branch4,PowerREV,4,4,2/4/6/9,45/135/225/360,1,2,Location2,1,,144.351185087967,-4.58856573578583,-0.81,0.580947501931112,-0.08,17.3187853411725,0.269356082318394,21,0.895833333333333
165,B4_K04_I02-04-06-09,Branch4,PowerREV,4,4,2/4/6/9,45/135/225/360,1,3,Location3,1,,95.8884891043574,2.43580428350657,-0.1025,0.993824682728297,0.0424999999999999,8.37227853953572,0.755513065283522,21,1
165,B4_K04_I02-04-06-09,Branch4,PowerREV,4,4,2/4/6/9,45/135/225/360,1,4,Location4,1,,69.0398116405854,2.00576193490982,0.3575,0.933257065336234,0.0349999999999999,5.29968523915861,0.602431339503294,21,0.953869047619048
166,B4_K04_I02-04-07-08,Branch4,PowerREV,4,4,2/4/7/8,45/135/270/315,1,1,Location1,1,,123.006924797102,-9.35203505756315,-0.5375,0.827458458171768,-0.1625,12.2183531178971,0.56412783778259,21,0.891369047619048
166,B4_K04_I02-04-07-08,Branch4,PowerREV,4,4,2/4/7/8,45/135/270/315,1,2,Location2,1,,144.210273733587,-5.45131981241778,-0.8075,0.582167286954532,-0.095,17.2850512570873,0.288105551316238,21,0.889880952380952
166,B4_K04_I02-04-07-08,Branch4,PowerREV,4,4,2/4/7/8,45/135/270/315,1,3,Location3,1,,95.8884891043574,2.43580428350657,-0.1025,0.993824682728297,0.0424999999999999,8.37227853953572,0.758043308171584,21,1
166,B4_K04_I02-04-07-08,Branch4,PowerREV,4,4,2/4/7/8,45/135/270/315,1,4,Location4,1,,69.0398116405854,2.00576193490982,0.3575,0.933257065336234,0.0349999999999999,5.29968523915861,0.606501525551443,21,0.944940476190476
167,B4_K04_I02-04-07-09,Branch4,PowerREV,4,4,2/4/7/9,45/135/270/360,1,1,Location1,1,,122.991525201423,-9.2068962213459,-0.5375,0.827945499414062,-0.16,12.1334478650566,0.553141288316317,21,0.895833333333333
167,B4_K04_I02-04-07-09,Branch4,PowerREV,4,4,2/4/7/9,45/135/270/360,1,2,Location2,1,,144.121550261089,-4.73228037895821,-0.8075,0.584069773229192,-0.0825,17.1058918822708,0.291756271955133,21,0.900297619047619
167,B4_K04_I02-04-07-09,Branch4,PowerREV,4,4,2/4/7/9,45/135/270/360,1,3,Location3,1,,95.8884891043574,2.43580428350657,-0.1025,0.993824682728297,0.0424999999999999,8.37227853953572,0.770149082567084,21,1
167,B4_K04_I02-04-07-09,Branch4,PowerREV,4,4,2/4/7/9,45/135/270/360,1,4,Location4,1,,69.0398116405854,2.00576193490982,0.3575,0.933257065336234,0.0349999999999999,5.29968523915861,0.624487606021429,21,0.953869047619048
168,B4_K04_I02-04-08-09,Branch4,PowerREV,4,4,2/4/8/9,45/135/315/360,1,1,Location1,1,,122.849543753022,-9.49723446851704,-0.535,0.82858312799622,-0.165,12.1577667257075,0.54250852758245,21,0.888392857142857
168,B4_K04_I02-04-08-09,Branch4,PowerREV,4,4,2/4/8/9,45/135/315/360,1,2,Location2,1,,143.702623124417,-5.3074466746303,-0.8025,0.589438291935636,-0.0925,16.7641002986764,0.237228673337227,21,0.854166666666667
168,B4_K04_I02-04-08-09,Branch4,PowerREV,4,4,2/4/8/9,45/135/315/360,1,3,Location3,1,,95.8891367114247,2.57918105164837,-0.1025,0.993714622011773,0.0449999999999999,8.47525337559886,0.732542184387126,21,1
168,B4_K04_I02-04-08-09,Branch4,PowerREV,4,4,2/4/8/9,45/135/315/360,1,4,Location4,1,,69.0416655384098,1.86244079953198,0.3575,0.933347470131033,0.0324999999999999,5.15698973655785,0.569571034878005,21,0.944940476190476
169,B4_K04_I02-05-06-07,Branch4,PowerREV,4,4,2/5/6/7,45/180/225/270,1,1,Location1,1,,123.054694549299,-9.78781905671397,-0.5375,0.825950210363797,-0.17,12.481190090667,0.522238684587881,21,0.880952380952381
169,B4_K04_I02-05-06-07,Branch4,PowerREV,4,4,2/5/6/7,45/180/225/270,1,2,Location2,1,,143.788347493531,-3.87040801131097,-0.805,0.589422386748247,-0.0674999999999999,16.7022123210132,0.263627817496046,21,0.866071428571429
169,B4_K04_I02-05-06-07,Branch4,PowerREV,4,4,2/5/6/7,45/180/225/270,1,3,Location3,1,,95.8891367114247,2.57918105164837,-0.1025,0.993714622011773,0.0449999999999999,8.47525337559886,0.752996825556099,21,1
169,B4_K04_I02-05-06-07,Branch4,PowerREV,4,4,2/5/6/7,45/180/225/270,1,4,Location4,1,,69.0464010394974,1.4325437375665,0.3575,0.933578464833032,0.0249999999999999,4.72912490366468,0.58442925512649,21,0.93452380952381
170,B4_K04_I02-05-06-08,Branch4,PowerREV,4,4,2/5/6/8,45/180/225/315,1,1,Location1,1,,122.774339673063,-8.7718331196937,-0.535,0.830974578431856,-0.1525,11.736409343889,0.553453963452101,21,0.90922619047619
170,B4_K04_I02-05-06-08,Branch4,PowerREV,4,4,2/5/6/8,45/180/225/315,1,2,Location2,1,,143.376450948356,-4.58856573578583,-0.8,0.59464274989274,-0.08,16.3521859430315,0.303678035805042,21,0.901785714285714
170,B4_K04_I02-05-06-08,Branch4,PowerREV,4,4,2/5/6/8,45/180/225/315,1,3,Location3,1,,95.8884891043574,2.43580428350657,-0.1025,0.993824682728297,0.0424999999999999,8.37227853953572,0.746646405109608,21,1
170,B4_K04_I02-05-06-08,Branch4,PowerREV,4,4,2/5/6/8,45/180/225/315,1,4,Location4,1,,69.0464010394974,1.4325437375665,0.3575,0.933578464833032,0.0249999999999999,4.72912490366468,0.589371272684252,21,0.959821428571429
171,B4_K04_I02-05-06-09,Branch4,PowerREV,4,4,2/5/6/9,45/180/225/360,1,1,Location1,1,,122.961505062079,-8.91679625299095,-0.5375,0.828896103260234,-0.155,11.9678463979394,0.467229260802321,21,0.863095238095238
171,B4_K04_I02-05-06-09,Branch4,PowerREV,4,4,2/5/6/9,45/180/225/360,1,2,Location2,1,,143.893585517872,-4.87602486961296,-0.805,0.587154153523587,-0.085,16.8963485690724,0.2378509654524,21,0.816964285714286
171,B4_K04_I02-05-06-09,Branch4,PowerREV,4,4,2/5/6/9,45/180/225/360,1,3,Location3,1,,95.8891367114247,2.57918105164837,-0.1025,0.993714622011773,0.0449999999999999,8.47525337559886,0.716906590188605,21,1
171,B4_K04_I02-05-06-09,Branch4,PowerREV,4,4,2/5/6/9,45/180/225/360,1,4,Location4,1,,69.0477044535588,1.28926383628796,0.3575,0.933642062034482,0.0224999999999999,4.58658178583189,0.536028534072082,21,0.927083333333333
172,B4_K04_I02-05-07-08,Branch4,PowerREV,4,4,2/5/7/8,45/180/270/315,1,1,Location1,1,,123.18020298625,-9.35203505756315,-0.54,0.825829128815398,-0.1625,12.3669196298846,0.579420690534448,21,0.913690476190476
172,B4_K04_I02-05-07-08,Branch4,PowerREV,4,4,2/5/7/8,45/180/270/315,1,2,Location2,1,,144.401765776608,-5.01980013167812,-0.81,0.579865286079448,-0.0875,17.4161838195214,0.299110858652114,21,0.901785714285714
172,B4_K04_I02-05-07-08,Branch4,PowerREV,4,4,2/5/7/8,45/180/270/315,1,3,Location3,1,,95.8884891043574,2.43580428350657,-0.1025,0.993824682728297,0.0424999999999999,8.37227853953572,0.756640288604196,21,1
172,B4_K04_I02-05-07-08,Branch4,PowerREV,4,4,2/5/7/8,45/180/270/315,1,4,Location4,1,,69.0449601404304,1.57583259975216,0.3575,0.933508168148517,0.0274999999999999,4.87170832758958,0.603498603374677,21,0.955357142857143
173,B4_K04_I02-05-07-09,Branch4,PowerREV,4,4,2/5/7/9,45/180/270/360,1,1,Location1,1,,123.195967581782,-9.49723446851704,-0.54,0.82533326602046,-0.165,12.452420828803,0.572126151263967,21,0.90625
173,B4_K04_I02-05-07-09,Branch4,PowerREV,4,4,2/5/7/9,45/180/270/360,1,2,Location2,1,,143.376450948356,-4.58856573578583,-0.8,0.59464274989274,-0.08,16.3521859430315,0.275770231685853,21,0.888392857142857
173,B4_K04_I02-05-07-09,Branch4,PowerREV,4,4,2/5/7/9,45/180/270/360,1,3,Location3,1,,95.8891367114247,2.57918105164837,-0.1025,0.993714622011773,0.0449999999999999,8.47525337559886,0.75805517235904,21,1
173,B4_K04_I02-05-07-09,Branch4,PowerREV,4,4,2/5/7/9,45/180/270/360,1,4,Location4,1,,69.0464010394974,1.4325437375665,0.3575,0.933578464833032,0.0249999999999999,4.72912490366468,0.607483595081952,21,0.949404761904762
174,B4_K04_I02-05-08-09,Branch4,PowerREV,4,4,2/5/8/9,45/180/315/360,1,1,Location1,1,,122.976385638365,-9.06181695393534,-0.5375,0.828424709916357,-0.1575,12.0499372541413,0.561407453978541,21,0.904761904761905
174,B4_K04_I02-05-08-09,Branch4,PowerREV,4,4,2/5/8/9,45/180/315/360,1,2,Location2,1,,143.928240120886,-5.16360709084638,-0.805,0.586408560646926,-0.09,16.9666819329403,0.242640525736416,21,0.897321428571429
174,B4_K04_I02-05-08-09,Branch4,PowerREV,4,4,2/5/8/9,45/180/315/360,1,3,Location3,1,,95.8891367114247,2.57918105164837,-0.1025,0.993714622011773,0.0449999999999999,8.47525337559886,0.735490448662992,21,1
174,B4_K04_I02-05-08-09,Branch4,PowerREV,4,4,2/5/8/9,45/180/315/360,1,4,Location4,1,,69.0477044535588,1.28926383628796,0.3575,0.933642062034482,0.0224999999999999,4.58658178583189,0.587143036677636,21,0.956845238095238
175,B4_K04_I02-06-07-08,Branch4,PowerREV,4,4,2/6/7/8,45/225/270/315,1,1,Location1,1,,122.976385638365,-9.06181695393534,-0.5375,0.828424709916357,-0.1575,12.0499372541413,0.530253566307931,21,0.861607142857143
175,B4_K04_I02-06-07-08,Branch4,PowerREV,4,4,2/6/7/8,45/225/270/315,1,2,Location2,1,,142.928853288617,-4.87602486961296,-0.795,0.60062467481781,-0.085,15.9422404607864,0.237998148889125,21,0.848214285714286
175,B4_K04_I02-06-07-08,Branch4,PowerREV,4,4,2/6/7/8,45/225/270/315,1,3,Location3,1,,95.8884891043574,2.43580428350657,-0.1025,0.993824682728297,0.0424999999999999,8.37227853953572,0.719721663512563,21,1
175,B4_K04_I02-06-07-08,Branch4,PowerREV,4,4,2/6/7/8,45/225/270/315,1,4,Location4,1,,69.1950555895429,1.86244079953198,0.355,0.934301209460846,0.0324999999999999,5.17191604257268,0.547965396434184,21,0.9375
176,B4_K04_I02-06-07-09,Branch4,PowerREV,4,4,2/6/7/9,45/225/270/360,1,1,Location1,1,,122.849543753022,-9.49723446851704,-0.535,0.82858312799622,-0.165,12.1577667257075,0.467929525364865,21,0.845238095238095
176,B4_K04_I02-06-07-09,Branch4,PowerREV,4,4,2/6/7/9,45/225/270/360,1,2,Location2,1,,143.151873134237,-4.73228037895821,-0.7975,0.597651654394096,-0.0825,16.1455344685618,0.200300814038245,21,0.802083333333333
176,B4_K04_I02-06-07-09,Branch4,PowerREV,4,4,2/6/7/9,45/225/270/360,1,3,Location3,1,,95.8884891043574,2.43580428350657,-0.1025,0.993824682728297,0.0424999999999999,8.37227853953572,0.707187246472402,21,1
176,B4_K04_I02-06-07-09,Branch4,PowerREV,4,4,2/6/7/9,45/225/270/360,1,4,Location4,1,,69.3464655112991,2.00576193490982,0.3525,0.935157072368059,0.0349999999999999,5.33298253465879,0.51123831176115,21,0.907738095238095
177,B4_K04_I02-06-08-09,Branch4,PowerREV,4,4,2/6/8/9,45/225/315/360,1,1,Location1,1,,122.788865975171,-8.91679625299095,-0.535,0.830511890342336,-0.155,11.8178365547027,0.547936031942734,21,0.87202380952381
177,B4_K04_I02-06-08-09,Branch4,PowerREV,4,4,2/6/8/9,45/225/315/360,1,2,Location2,1,,143.946339648551,-5.3074466746303,-0.805,0.58601941094131,-0.0925,17.0042954972734,0.249509674566383,21,0.864583333333333
177,B4_K04_I02-06-08-09,Branch4,PowerREV,4,4,2/6/8/9,45/225/315/360,1,3,Location3,1,,95.7443781502486,2.43580428350657,-0.1,0.99407934793959,0.0424999999999999,8.27165546653221,0.719477762033318,21,1
177,B4_K04_I02-06-08-09,Branch4,PowerREV,4,4,2/6/8/9,45/225/315/360,1,4,Location4,1,,69.1950555895429,1.86244079953198,0.355,0.934301209460846,0.0324999999999999,5.17191604257268,0.569887895222268,21,0.947916666666667
178,B4_K04_I02-07-08-09,Branch4,PowerREV,4,4,2/7/8/9,45/270/315/360,1,1,Location1,1,,122.803648507146,-9.06181695393534,-0.535,0.830041414629415,-0.1575,11.9007118142778,0.454970149714515,21,0.831845238095238
178,B4_K04_I02-07-08-09,Branch4,PowerREV,4,4,2/7/8/9,45/270/315/360,1,2,Location2,1,,143.53652704558,-5.88314987298444,-0.8,0.591179964139516,-0.1025,16.6935613466929,0.201080516912765,21,0.75
178,B4_K04_I02-07-08-09,Branch4,PowerREV,4,4,2/7/8/9,45/270/315/360,1,3,Location3,1,,95.7432236719061,2.14909562686402,-0.1,0.994280518767214,0.0374999999999999,8.06696308877139,0.653402051320756,21,1
178,B4_K04_I02-07-08-09,Branch4,PowerREV,4,4,2/7/8/9,45/270/315/360,1,4,Location4,1,,69.3482897668617,1.86244079953198,0.3525,0.935247293500495,0.0324999999999999,5.19130792057805,0.465932572012975,21,0.883928571428571
179,B4_K04_I03-04-05-06,Branch4,PowerREV,4,4,3/4/5/6,90/135/180/225,1,1,Location1,1,,122.976385638365,-9.06181695393534,-0.5375,0.828424709916357,-0.1575,12.0499372541413,0.400369949903053,21,0.785714285714286
179,B4_K04_I03-04-05-06,Branch4,PowerREV,4,4,3/4/5/6,90/135/180/225,1,2,Location2,1,,144.006316011505,-3.58332169847197,-0.8075,0.586547099558083,-0.0624999999999999,16.9045712843612,0.159548397664059,21,0.742559523809524
179,B4_K04_I03-04-05-06,Branch4,PowerREV,4,4,3/4/5/6,90/135/180/225,1,3,Location3,1,,95.8891367114247,2.57918105164837,-0.1025,0.993714622011773,0.0449999999999999,8.47525337559886,0.662025684471616,21,1
179,B4_K04_I03-04-05-06,Branch4,PowerREV,4,4,3/4/5/6,90/135/180/225,1,4,Location4,1,,69.0477044535588,1.28926383628796,0.3575,0.933642062034482,0.0224999999999999,4.58658178583189,0.457824309168921,21,0.87797619047619
180,B4_K04_I03-04-05-07,Branch4,PowerREV,4,4,3/4/5/7,90/135/180/270,1,1,Location1,1,,122.961505062079,-8.91679625299095,-0.5375,0.828896103260234,-0.155,11.9678463979394,0.515552042875978,21,0.831845238095238
180,B4_K04_I03-04-05-07,Branch4,PowerREV,4,4,3/4/5/7,90/135/180/270,1,2,Location2,1,,143.877027170779,-4.73228037895821,-0.805,0.587510638201556,-0.0825,16.8636420220125,0.225706417620241,21,0.825892857142857
180,B4_K04_I03-04-05-07,Branch4,PowerREV,4,4,3/4/5/7,90/135/180/270,1,3,Location3,1,,95.8884891043574,2.43580428350657,-0.1025,0.993824682728297,0.0424999999999999,8.37227853953572,0.732679148047698,21,1
180,B4_K04_I03-04-05-07,Branch4,PowerREV,4,4,3/4/5/7,90/135/180/270,1,4,Location4,1,,68.8942054478987,1.28926383628796,0.36,0.932680947591404,0.0224999999999999,4.57467674719183,0.559786826179271,21,0.922619047619048
181,B4_K04_I03-04-05-08,Branch4,PowerREV,4,4,3/4/5/8,90/135/180/315,1,1,Location1,1,,122.932516788384,-8.62692655867863,-0.5375,0.829815491540138,-0.15,11.8080257390159,0.517418594540828,21,0.875
181,B4_K04_I03-04-05-08,Branch4,PowerREV,4,4,3/4/5/8,90/135/180/315,1,2,Location2,1,,143.577717473771,-6.17122147831452,-0.8,0.590291241676513,-0.1075,16.7873571953055,0.203431770778475,21,0.883928571428571
181,B4_K04_I03-04-05-08,Branch4,PowerREV,4,4,3/4/5/8,90/135/180/315,1,3,Location3,1,,95.8878786990507,2.29244277595588,-0.1025,0.993928443098395,0.0399999999999999,8.27053568153326,0.735654031506221,21,1
181,B4_K04_I03-04-05-08,Branch4,PowerREV,4,4,3/4/5/8,90/135/180/315,1,4,Location4,1,,69.0449601404304,1.57583259975216,0.3575,0.933508168148517,0.0274999999999999,4.87170832758958,0.607458277349131,21,0.931547619047619
182,B4_K04_I03-04-05-09,Branch4,PowerREV,4,4,3/4/5/9,90/135/180/360,1,1,Location1,1,,122.803648507146,-9.06181695393534,-0.535,0.830041414629415,-0.1575,11.9007118142778,0.489428937219641,21,0.858630952380952
182,B4_K04_I03-04-05-09,Branch4,PowerREV,4,4,3/4/5/9,90/135/180/360,1,2,Location2,1,,144.312092653047,-6.17122147831452,-0.8075,0.579989224037826,-0.1075,17.5043000280774,0.21281272379984,21,0.842261904761905
182,B4_K04_I03-04-05-09,Branch4,PowerREV,4,4,3/4/5/9,90/135/180/360,1,3,Location3,1,,95.743782785421,2.29244277595588,-0.1,0.994183081730925,0.0399999999999999,8.16867893876482,0.723288134727864,21,1
182,B4_K04_I03-04-05-09,Branch4,PowerREV,4,4,3/4/5/9,90/135/180/360,1,4,Location4,1,,69.1967579819565,1.71913132087781,0.355,0.934384824363067,0.0299999999999999,5.02973085550508,0.565101913837277,21,0.931547619047619
183,B4_K04_I03-04-06-07,Branch4,PowerREV,4,4,3/4/6/7,90/135/225/270,1,1,Location1,1,,122.932516788384,-8.62692655867863,-0.5375,0.829815491540137,-0.15,11.8080257390159,0.514119003285005,21,0.811011904761905
183,B4_K04_I03-04-06-07,Branch4,PowerREV,4,4,3/4/6/7,90/135/225/270,1,2,Location2,1,,144.787218188963,-6.0271665601311,-0.8125,0.573427196773924,-0.105,17.9435236827404,0.218559585328177,21,0.824404761904762
183,B4_K04_I03-04-06-07,Branch4,PowerREV,4,4,3/4/6/7,90/135/225/270,1,3,Location3,1,,95.8884891043574,2.43580428350657,-0.1025,0.993824682728297,0.0424999999999999,8.37227853953572,0.715470849564502,21,1
183,B4_K04_I03-04-06-07,Branch4,PowerREV,4,4,3/4/6/7,90/135/225/270,1,4,Location4,1,,68.8898479495434,1.71913132087781,0.36,0.932469838654313,0.0299999999999999,5.00357370735474,0.518491396373299,21,0.913690476190476
184,B4_K04_I03-04-06-08,Branch4,PowerREV,4,4,3/4/6/8,90/135/225/315,1,1,Location1,1,,122.402336111978,-8.48207557796812,-0.53,0.835071104756954,-0.1475,11.2758315164623,0.523523179547261,21,0.87202380952381
184,B4_K04_I03-04-06-08,Branch4,PowerREV,4,4,3/4/6/8,90/135/225/315,1,2,Location2,1,,143.800037601132,-6.0271665601311,-0.8025,0.587340403854528,-0.105,16.9773402860204,0.260669705288102,21,0.901785714285714
184,B4_K04_I03-04-06-08,Branch4,PowerREV,4,4,3/4/6/8,90/135/225/315,1,3,Location3,1,,95.8878786990507,2.29244277595588,-0.1025,0.993928443098395,0.0399999999999999,8.27053568153326,0.743927378686929,21,1
184,B4_K04_I03-04-06-08,Branch4,PowerREV,4,4,3/4/6/8,90/135/225/315,1,4,Location4,1,,69.0433816711824,1.71913132087781,0.3575,0.933431170467325,0.0299999999999999,5.01433039477221,0.599649424709705,21,0.944940476190476
185,B4_K04_I03-04-06-09,Branch4,PowerREV,4,4,3/4/6/9,90/135/225/360,1,1,Location1,1,,122.976385638365,-9.06181695393534,-0.5375,0.828424709916357,-0.1575,12.0499372541413,0.542572085815798,21,0.886904761904762
185,B4_K04_I03-04-06-09,Branch4,PowerREV,4,4,3/4/6/9,90/135/225/360,1,2,Location2,1,,144.155482468375,-5.01980013167812,-0.8075,0.583341666607144,-0.0875,17.1726891370545,0.276511925559416,21,0.900297619047619
185,B4_K04_I03-04-06-09,Branch4,PowerREV,4,4,3/4/6/9,90/135/225/360,1,3,Location3,1,,95.7443781502486,2.43580428350657,-0.1,0.99407934793959,0.0424999999999999,8.27165546653221,0.757538331274118,21,1
185,B4_K04_I03-04-06-09,Branch4,PowerREV,4,4,3/4/6/9,90/135/225/360,1,4,Location4,1,,69.0433816711824,1.71913132087781,0.3575,0.933431170467325,0.0299999999999999,5.01433039477221,0.61463428732713,21,0.953869047619048
186,B4_K04_I03-04-07-08,Branch4,PowerREV,4,4,3/4/7/8,90/135/270/315,1,1,Location1,1,,122.818688285915,-9.2068962213459,-0.535,0.829563138043151,-0.16,11.9850090552187,0.513044498910939,21,0.8125
186,B4_K04_I03-04-07-08,Branch4,PowerREV,4,4,3/4/7/8,90/135/270/315,1,2,Location2,1,,144.457056843998,-5.45131981241778,-0.81,0.578683851511341,-0.095,17.5281018704375,0.20882169354576,21,0.837797619047619
186,B4_K04_I03-04-07-08,Branch4,PowerREV,4,4,3/4/7/8,90/135/270/315,1,3,Location3,1,,95.7432236719061,2.14909562686401,-0.1,0.994280518767214,0.0374999999999999,8.06696308877139,0.727797856998224,21,1
186,B4_K04_I03-04-07-08,Branch4,PowerREV,4,4,3/4/7/8,90/135/270/315,1,4,Location4,1,,69.1950555895429,1.86244079953198,0.355,0.934301209460846,0.0324999999999999,5.17191604257268,0.549901723360475,21,0.901785714285714
187,B4_K04_I03-04-07-09,Branch4,PowerREV,4,4,3/4/7/9,90/135/270/360,1,1,Location1,1,,123.006924797102,-9.35203505756315,-0.5375,0.827458458171768,-0.1625,12.2183531178971,0.55725429570167,21,0.888392857142857
187,B4_K04_I03-04-07-09,Branch4,PowerREV,4,4,3/4/7/9,90/135/270/360,1,2,Location2,1,,143.893585517872,-4.87602486961296,-0.805,0.587154153523587,-0.085,16.8963485690724,0.274032145481945,21,0.900297619047619
187,B4_K04_I03-04-07-09,Branch4,PowerREV,4,4,3/4/7/9,90/135/270/360,1,3,Location3,1,,95.7443781502486,2.43580428350657,-0.1,0.99407934793959,0.0424999999999999,8.27165546653221,0.767538674573702,21,1
187,B4_K04_I03-04-07-09,Branch4,PowerREV,4,4,3/4/7/9,90/135/270/360,1,4,Location4,1,,68.888118034059,1.86244079953198,0.36,0.932386052019227,0.0324999999999999,5.14658169849668,0.621614372301606,21,0.938988095238095
188,B4_K04_I03-04-08-09,Branch4,PowerREV,4,4,3/4/8/9,90/135/315/360,1,1,Location1,1,,122.45917579122,-9.06181695393534,-0.53,0.83324291176103,-0.1575,11.6049786057078,0.473282385687475,21,0.845238095238095
188,B4_K04_I03-04-08-09,Branch4,PowerREV,4,4,3/4/8/9,90/135/315/360,1,2,Location2,1,,144.003747873508,-5.73917047726678,-0.805,0.584786285748905,-0.1,17.1268381378503,0.202067318048759,21,0.816964285714286
188,B4_K04_I03-04-08-09,Branch4,PowerREV,4,4,3/4/8/9,90/135/315/360,1,3,Location3,1,,95.7443781502486,2.43580428350657,-0.1,0.99407934793959,0.0424999999999999,8.27165546653221,0.722148082802782,21,1
188,B4_K04_I03-04-08-09,Branch4,PowerREV,4,4,3/4/8/9,90/135/315/360,1,4,Location4,1,,69.0464010394974,1.4325437375665,0.3575,0.933578464833032,0.0249999999999999,4.72912490366468,0.545364056665309,21,0.910714285714286
189,B4_K04_I03-05-06-07,Branch4,PowerREV,4,4,3/5/6/7,90/180/225/270,1,1,Location1,1,,122.646186963569,-9.2068962213459,-0.5325,0.831170108942809,-0.16,11.8374867342012,0.506322921442189,21,0.834821428571429
189,B4_K04_I03-05-06-07,Branch4,PowerREV,4,4,3/5/6/7,90/180/225/270,1,2,Location2,1,,143.106472035412,-4.30122230467036,-0.7975,0.598639081584221,-0.075,16.0563034102923,0.235013893399136,21,0.834821428571429
189,B4_K04_I03-05-06-07,Branch4,PowerREV,4,4,3/5/6/7,90/180/225/270,1,3,Location3,1,,95.8891367114247,2.57918105164837,-0.1025,0.993714622011773,0.0449999999999999,8.47525337559886,0.730114292640119,21,1
189,B4_K04_I03-05-06-07,Branch4,PowerREV,4,4,3/5/6/7,90/180/225/270,1,4,Location4,1,,69.048870459636,1.14599199838859,0.3575,0.933698961121838,0.0199999999999999,4.44408097795437,0.546494905685445,21,0.924107142857143
190,B4_K04_I03-05-06-08,Branch4,PowerREV,4,4,3/5/6/8,90/180/225/315,1,1,Location1,1,,122.602130784972,-8.7718331196937,-0.5325,0.83257882509706,-0.1525,11.5864848977824,0.550998822522389,21,0.882440476190476
190,B4_K04_I03-05-06-08,Branch4,PowerREV,4,4,3/5/6/8,90/180/225/315,1,2,Location2,1,,142.912867169627,-4.73228037895821,-0.795,0.600973169118223,-0.0825,15.908958525554,0.259511092199255,21,0.912202380952381
190,B4_K04_I03-05-06-08,Branch4,PowerREV,4,4,3/5/6/8,90/180/225/315,1,3,Location3,1,,95.8878786990507,2.29244277595588,-0.1025,0.993928443098395,0.0399999999999999,8.27053568153326,0.749046765454014,21,1
190,B4_K04_I03-05-06-08,Branch4,PowerREV,4,4,3/5/6/8,90/180/225/315,1,4,Location4,1,,69.0449601404304,1.57583259975216,0.3575,0.933508168148517,0.0274999999999999,4.87170832758958,0.598317291208353,21,0.947916666666667
191,B4_K04_I03-05-06-09,Branch4,PowerREV,4,4,3/5/6/9,90/180/225/360,1,1,Location1,1,,122.774339673063,-8.7718331196937,-0.535,0.830974578431856,-0.1525,11.736409343889,0.539140329286114,21,0.87797619047619
191,B4_K04_I03-05-06-09,Branch4,PowerREV,4,4,3/5/6/9,90/180/225/360,1,2,Location2,1,,143.460309919962,-5.3074466746303,-0.8,0.592826914031406,-0.0925,16.5253715850573,0.256195327055357,21,0.886904761904762
191,B4_K04_I03-05-06-09,Branch4,PowerREV,4,4,3/5/6/9,90/180/225/360,1,3,Location3,1,,95.7443781502486,2.43580428350657,-0.1,0.99407934793959,0.0424999999999999,8.27165546653221,0.747544762025059,21,1
191,B4_K04_I03-05-06-09,Branch4,PowerREV,4,4,3/5/6/9,90/180/225/360,1,4,Location4,1,,69.0464010394974,1.4325437375665,0.3575,0.933578464833032,0.0249999999999999,4.72912490366468,0.605480498252721,21,0.950892857142857
192,B4_K04_I03-05-07-08,Branch4,PowerREV,4,4,3/5/7/8,90/180/270/315,1,1,Location1,1,,122.833986348658,-9.35203505756315,-0.535,0.82907704708308,-0.1625,12.0707025089191,0.556696191949157,21,0.870535714285714
192,B4_K04_I03-05-07-08,Branch4,PowerREV,4,4,3/5/7/8,90/180/270/315,1,2,Location2,1,,143.201746477251,-5.16360709084638,-0.7975,0.596568311260328,-0.09,16.2499420461766,0.242527394375226,21,0.897321428571429
192,B4_K04_I03-05-07-08,Branch4,PowerREV,4,4,3/5/7/8,90/180/270/315,1,3,Location3,1,,95.8878786990507,2.29244277595588,-0.1025,0.993928443098395,0.0399999999999999,8.27053568153326,0.751458524387148,21,1
192,B4_K04_I03-05-07-08,Branch4,PowerREV,4,4,3/5/7/8,90/180/270/315,1,4,Location4,1,,69.0433816711824,1.71913132087781,0.3575,0.933431170467325,0.0299999999999999,5.01433039477221,0.614312608940549,21,0.941964285714286
193,B4_K04_I03-05-07-09,Branch4,PowerREV,4,4,3/5/7/9,90/180/270/360,1,1,Location1,1,,122.991525201423,-9.2068962213459,-0.5375,0.827945499414062,-0.16,12.1334478650566,0.570901964901176,21,0.895833333333333
193,B4_K04_I03-05-07-09,Branch4,PowerREV,4,4,3/5/7/9,90/180/270/360,1,2,Location2,1,,143.49739611047,-5.59522743552786,-0.8,0.592025126155976,-0.0975,16.6062097525257,0.297833978960127,21,0.910714285714286
193,B4_K04_I03-05-07-09,Branch4,PowerREV,4,4,3/5/7/9,90/180/270/360,1,3,Location3,1,,95.8884891043574,2.43580428350657,-0.1025,0.993824682728297,0.0424999999999999,8.37227853953572,0.766820538554996,21,1
193,B4_K04_I03-05-07-09,Branch4,PowerREV,4,4,3/5/7/9,90/180/270/360,1,4,Location4,1,,69.0464010394974,1.4325437375665,0.3575,0.933578464833032,0.0249999999999999,4.72912490366468,0.648774677550638,21,0.946428571428571
194,B4_K04_I03-05-08-09,Branch4,PowerREV,4,4,3/5/8/9,90/180/315/360,1,1,Location1,1,,122.788865975171,-8.91679625299095,-0.535,0.830511890342336,-0.155,11.8178365547027,0.547690820208283,21,0.895833333333333
194,B4_K04_I03-05-08-09,Branch4,PowerREV,4,4,3/5/8/9,90/180/315/360,1,2,Location2,1,,144.065859392353,-6.17122147831452,-0.805,0.583454154154377,-0.1075,17.2637713364793,0.24687394977895,21,0.891369047619048
194,B4_K04_I03-05-08-09,Branch4,PowerREV,4,4,3/5/8/9,90/180/315/360,1,3,Location3,1,,95.8884891043574,2.43580428350657,-0.1025,0.993824682728297,0.0424999999999999,8.37227853953572,0.747613757493754,21,1
194,B4_K04_I03-05-08-09,Branch4,PowerREV,4,4,3/5/8/9,90/180/315/360,1,4,Location4,1,,69.0464010394974,1.4325437375665,0.3575,0.933578464833032,0.0249999999999999,4.72912490366468,0.611440977281025,21,0.955357142857143
195,B4_K04_I03-06-07-08,Branch4,PowerREV,4,4,3/6/7/8,90/225/270/315,1,1,Location1,1,,122.602130784972,-8.7718331196937,-0.5325,0.83257882509706,-0.1525,11.5864848977824,0.543552448679629,21,0.870535714285714
195,B4_K04_I03-06-07-08,Branch4,PowerREV,4,4,3/6/7/8,90/225/270/315,1,2,Location2,1,,142.724190067531,-5.16360709084638,-0.7925,0.603194620334101,-0.09,15.7791909495489,0.230969099365079,21,0.885416666666667
195,B4_K04_I03-06-07-08,Branch4,PowerREV,4,4,3/6/7/8,90/225/270/315,1,3,Location3,1,,95.8878786990507,2.29244277595588,-0.1025,0.993928443098395,0.0399999999999999,8.27053568153326,0.738223928978926,21,1
195,B4_K04_I03-06-07-08,Branch4,PowerREV,4,4,3/6/7/8,90/225/270/315,1,4,Location4,1,,69.0433816711824,1.71913132087781,0.3575,0.933431170467325,0.0299999999999999,5.01433039477221,0.587181306343331,21,0.9375
196,B4_K04_I03-06-07-09,Branch4,PowerREV,4,4,3/6/7/9,90/225/270/360,1,1,Location1,1,,122.803648507146,-9.06181695393534,-0.535,0.830041414629415,-0.1575,11.9007118142778,0.569666006344113,21,0.879464285714286
196,B4_K04_I03-06-07-09,Branch4,PowerREV,4,4,3/6/7/9,90/225/270/360,1,2,Location2,1,,143.361184830953,-4.44488001787759,-0.8,0.594973738916265,-0.0775,16.3225615992363,0.267300251167798,21,0.897321428571429
196,B4_K04_I03-06-07-09,Branch4,PowerREV,4,4,3/6/7/9,90/225/270/360,1,3,Location3,1,,95.8884891043574,2.43580428350657,-0.1025,0.993824682728297,0.0424999999999999,8.37227853953572,0.75786468924893,21,1
196,B4_K04_I03-06-07-09,Branch4,PowerREV,4,4,3/6/7/9,90/225/270/360,1,4,Location4,1,,69.0433816711824,1.71913132087781,0.3575,0.933431170467325,0.0299999999999999,5.01433039477221,0.624602139997547,21,0.952380952380952
197,B4_K04_I03-06-08-09,Branch4,PowerREV,4,4,3/6/8/9,90/225/315/360,1,1,Location1,1,,122.602130784972,-8.7718331196937,-0.5325,0.83257882509706,-0.1525,11.5864848977824,0.56614179473803,21,0.891369047619048
197,B4_K04_I03-06-08-09,Branch4,PowerREV,4,4,3/6/8/9,90/225/315/360,1,2,Location2,1,,143.460309919962,-5.3074466746303,-0.8,0.592826914031406,-0.0925,16.5253715850573,0.271788835094918,21,0.907738095238095
197,B4_K04_I03-06-08-09,Branch4,PowerREV,4,4,3/6/8/9,90/225/315/360,1,3,Location3,1,,95.7443781502486,2.43580428350657,-0.1,0.99407934793959,0.0424999999999999,8.27165546653221,0.755489787085069,21,1
197,B4_K04_I03-06-08-09,Branch4,PowerREV,4,4,3/6/8/9,90/225/315/360,1,4,Location4,1,,68.8914390956087,1.57583259975216,0.36,0.932546915709875,0.0274999999999999,4.86058692263444,0.617426542888252,21,0.953869047619048
198,B4_K04_I03-07-08-09,Branch4,PowerREV,4,4,3/7/8/9,90/270/315/360,1,1,Location1,1,,122.833986348658,-9.35203505756315,-0.535,0.82907704708308,-0.1625,12.0707025089191,0.535040446079857,21,0.857142857142857
198,B4_K04_I03-07-08-09,Branch4,PowerREV,4,4,3/7/8/9,90/270/315/360,1,2,Location2,1,,143.442529225153,-5.16360709084638,-0.8,0.593211597998556,-0.09,16.4874154723043,0.26319047381366,21,0.849702380952381
198,B4_K04_I03-07-08-09,Branch4,PowerREV,4,4,3/7/8/9,90/270/315/360,1,3,Location3,1,,95.743782785421,2.29244277595588,-0.1,0.994183081730925,0.0399999999999999,8.16867893876482,0.73926405266231,21,1
198,B4_K04_I03-07-08-09,Branch4,PowerREV,4,4,3/7/8/9,90/270/315/360,1,4,Location4,1,,69.0416655384098,1.86244079953198,0.3575,0.933347470131033,0.0324999999999999,5.15698973655785,0.595328301279114,21,0.922619047619048
199,B4_K04_I04-05-06-07,Branch4,PowerREV,4,4,4/5/6/7,135/180/225/270,1,1,Location1,1,,123.369693636057,-9.49723446851704,-0.5425,0.823692145161042,-0.165,12.6011288158325,0.406105363094253,21,0.769345238095238
199,B4_K04_I04-05-06-07,Branch4,PowerREV,4,4,4/5/6/7,135/180/225/270,1,2,Location2,1,,144.045710905464,-4.01398721805631,-0.8075,0.585699368276934,-0.07,16.9676310112027,0.188199294137253,21,0.733630952380952
199,B4_K04_I04-05-06-07,Branch4,PowerREV,4,4,4/5/6/7,135/180/225/270,1,3,Location3,1,,96.1797769929752,3.00941195419142,-0.1075,0.992817959144575,0.0524999999999999,8.98680407390903,0.651357981825931,21,1
199,B4_K04_I04-05-06-07,Branch4,PowerREV,4,4,4/5/6/7,135/180/225/270,1,4,Location4,1,,68.7377590878043,1.57583259975216,0.3625,0.931577962384255,0.0274999999999999,4.85428968866833,0.424758195132546,21,0.875
200,B4_K04_I04-05-06-08,Branch4,PowerREV,4,4,4/5/6/8,135/180/225/315,1,1,Location1,1,,122.760068603945,-8.62692655867863,-0.535,0.831429491899343,-0.15,11.6564565259031,0.497326490398431,21,0.857142857142857
200,B4_K04_I04-05-06-08,Branch4,PowerREV,4,4,4/5/6/8,135/180/225/315,1,2,Location2,1,,143.376450948356,-4.58856573578583,-0.8,0.59464274989274,-0.08,16.3521859430315,0.221236211122064,21,0.822916666666667
200,B4_K04_I04-05-06-08,Branch4,PowerREV,4,4,4/5/6/8,135/180/225/315,1,3,Location3,1,,95.8884891043574,2.43580428350657,-0.1025,0.993824682728297,0.0424999999999999,8.37227853953572,0.72723972344683,21,1
200,B4_K04_I04-05-06-08,Branch4,PowerREV,4,4,4/5/6/8,135/180/225/315,1,4,Location4,1,,68.7325277612918,2.00576193490982,0.3625,0.931326339152931,0.0349999999999999,5.28397515678961,0.515339712993619,21,0.94047619047619
201,B4_K04_I04-05-06-09,Branch4,PowerREV,4,4,4/5/6/9,135/180/225/360,1,1,Location1,1,,123.195967581782,-9.49723446851704,-0.54,0.82533326602046,-0.165,12.452420828803,0.497755246665176,21,0.891369047619048
201,B4_K04_I04-05-06-09,Branch4,PowerREV,4,4,4/5/6/9,135/180/225/360,1,2,Location2,1,,144.290996908913,-4.01398721805631,-0.81,0.582237065120385,-0.07,17.2117675054175,0.235957690464209,21,0.867559523809524
201,B4_K04_I04-05-06-09,Branch4,PowerREV,4,4,4/5/6/9,135/180/225/360,1,3,Location3,1,,95.8891367114247,2.57918105164837,-0.1025,0.993714622011773,0.0449999999999999,8.47525337559886,0.749395386557005,21,1
201,B4_K04_I04-05-06-09,Branch4,PowerREV,4,4,4/5/6/9,135/180/225/360,1,4,Location4,1,,68.886249246736,2.00576193490982,0.36,0.93229555399562,0.0349999999999999,5.28961108043064,0.571448765053627,21,0.943452380952381
202,B4_K04_I04-05-07-08,Branch4,PowerREV,4,4,4/5/7/8,135/180/270/315,1,1,Location1,1,,123.195967581782,-9.49723446851704,-0.54,0.82533326602046,-0.165,12.452420828803,0.546533906298701,21,0.813988095238095
202,B4_K04_I04-05-07-08,Branch4,PowerREV,4,4,4/5/7/8,135/180/270/315,1,2,Location2,1,,143.556863867975,-6.0271665601311,-0.8,0.590741060025456,-0.105,16.7396582213533,0.221567398439416,21,0.790178571428571
202,B4_K04_I04-05-07-08,Branch4,PowerREV,4,4,4/5/7/8,135/180/270/315,1,3,Location3,1,,95.8878786990507,2.29244277595588,-0.1025,0.993928443098395,0.0399999999999999,8.27053568153326,0.721474608596025,21,1
202,B4_K04_I04-05-07-08,Branch4,PowerREV,4,4,4/5/7/8,135/180/270/315,1,4,Location4,1,,69.0398116405854,2.00576193490982,0.3575,0.933257065336234,0.0349999999999999,5.29968523915861,0.54006456622758,21,0.90327380952381
203,B4_K04_I04-05-07-09,Branch4,PowerREV,4,4,4/5/7/9,135/180/270/360,1,1,Location1,1,,123.385828504795,-9.64249546379557,-0.5425,0.823187402721883,-0.1675,12.6872147945604,0.571898296830594,21,0.883928571428571
203,B4_K04_I04-05-07-09,Branch4,PowerREV,4,4,4/5/7/9,135/180/270/360,1,2,Location2,1,,143.376450948356,-4.58856573578583,-0.8,0.59464274989274,-0.08,16.3521859430315,0.276355266140949,21,0.882440476190476
203,B4_K04_I04-05-07-09,Branch4,PowerREV,4,4,4/5/7/9,135/180/270/360,1,3,Location3,1,,95.8891367114247,2.57918105164837,-0.1025,0.993714622011773,0.0449999999999999,8.47525337559886,0.767298577609523,21,1
203,B4_K04_I04-05-07-09,Branch4,PowerREV,4,4,4/5/7/9,135/180/270/360,1,4,Location4,1,,68.886249246736,2.00576193490982,0.36,0.93229555399562,0.0349999999999999,5.28961108043064,0.625764758733267,21,0.941964285714286
204,B4_K04_I04-05-08-09,Branch4,PowerREV,4,4,4/5/8/9,135/180/315/360,1,1,Location1,1,,123.134482124988,-8.91679625299095,-0.54,0.827269605388715,-0.155,12.1187243657965,0.509350995639046,21,0.860119047619048
204,B4_K04_I04-05-08-09,Branch4,PowerREV,4,4,4/5/8/9,135/180/315/360,1,2,Location2,1,,143.53652704558,-5.88314987298444,-0.8,0.591179964139516,-0.1025,16.6935613466929,0.223879779072441,21,0.827380952380952
204,B4_K04_I04-05-08-09,Branch4,PowerREV,4,4,4/5/8/9,135/180/315/360,1,3,Location3,1,,95.8891367114247,2.57918105164837,-0.1025,0.993714622011773,0.0449999999999999,8.47525337559886,0.719540428154507,21,1
204,B4_K04_I04-05-08-09,Branch4,PowerREV,4,4,4/5/8/9,135/180/315/360,1,4,Location4,1,,69.0398116405854,2.00576193490982,0.3575,0.933257065336234,0.0349999999999999,5.29968523915861,0.530952678916869,21,0.927083333333333
205,B4_K04_I04-06-07-08,Branch4,PowerREV,4,4,4/6/7/8,135/225/270/315,1,1,Location1,1,,122.961505062079,-8.91679625299095,-0.5375,0.828896103260234,-0.155,11.9678463979394,0.517729247923318,21,0.851190476190476
205,B4_K04_I04-06-07-08,Branch4,PowerREV,4,4,4/6/7/8,135/225/270/315,1,2,Location2,1,,143.650337278282,-4.87602486961296,-0.8025,0.590566465353393,-0.085,16.6556883643547,0.219129176152221,21,0.834821428571429
205,B4_K04_I04-06-07-08,Branch4,PowerREV,4,4,4/6/7/8,135/225/270/315,1,3,Location3,1,,95.8884891043574,2.43580428350657,-0.1025,0.993824682728297,0.0424999999999999,8.37227853953572,0.732609712120472,21,1
205,B4_K04_I04-06-07-08,Branch4,PowerREV,4,4,4/6/7/8,135/225/270/315,1,4,Location4,1,,68.8820946055149,2.29244277595588,0.36,0.932094415818484,0.0399999999999999,5.5757351756046,0.522229429895161,21,0.943452380952381
206,B4_K04_I04-06-07-09,Branch4,PowerREV,4,4,4/6/7/9,135/225/270/360,1,1,Location1,1,,123.022585491893,-9.49723446851704,-0.5375,0.826963572353704,-0.165,12.3046281920336,0.572918006084239,21,0.904761904761905
206,B4_K04_I04-06-07-09,Branch4,PowerREV,4,4,4/6/7/9,135/225/270/360,1,2,Location2,1,,144.089679147494,-4.44488001787759,-0.8075,0.584754221874456,-0.0775,17.0456405468795,0.277752893132372,21,0.886904761904762
206,B4_K04_I04-06-07-09,Branch4,PowerREV,4,4,4/6/7/9,135/225/270/360,1,3,Location3,1,,95.8891367114247,2.57918105164837,-0.1025,0.993714622011773,0.0449999999999999,8.47525337559886,0.771511362032002,21,1
206,B4_K04_I04-06-07-09,Branch4,PowerREV,4,4,4/6/7/9,135/225/270/360,1,4,Location4,1,,68.7305039444115,2.14909562686402,0.3625,0.931229026609459,0.0374999999999999,5.42723130629462,0.603848739904441,21,0.946428571428571
207,B4_K04_I04-06-08-09,Branch4,PowerREV,4,4,4/6/8/9,135/225/315/360,1,1,Location1,1,,123.006924797102,-9.35203505756315,-0.5375,0.827458458171768,-0.1625,12.2183531178971,0.546766398816423,21,0.891369047619048
207,B4_K04_I04-06-08-09,Branch4,PowerREV,4,4,4/6/8/9,135/225/315/360,1,2,Location2,1,,143.618019979014,-4.58856573578583,-0.8025,0.591264534705067,-0.08,16.5916732698491,0.278011195566409,21,0.90327380952381
207,B4_K04_I04-06-08-09,Branch4,PowerREV,4,4,4/6/8/9,135/225/315/360,1,3,Location3,1,,95.8891367114247,2.57918105164837,-0.1025,0.993714622011773,0.0449999999999999,8.47525337559886,0.756504560055784,21,1
207,B4_K04_I04-06-08-09,Branch4,PowerREV,4,4,4/6/8/9,135/225/315/360,1,4,Location4,1,,68.7325277612918,2.00576193490982,0.3625,0.931326339152931,0.0349999999999999,5.28397515678961,0.587613596153817,21,0.949404761904762
208,B4_K04_I04-07-08-09,Branch4,PowerREV,4,4,4/7/8/9,135/270/315/360,1,1,Location1,1,,123.228289783094,-9.78781905671397,-0.54,0.824317899842045,-0.17,12.6274334821224,0.561494410803028,21,0.876488095238095
208,B4_K04_I04-07-08-09,Branch4,PowerREV,4,4,4/7/8/9,135/270/315/360,1,2,Location2,1,,143.478598310913,-5.45131981241778,-0.8,0.592431430631427,-0.095,16.5649723325997,0.285817598028278,21,0.888392857142857
208,B4_K04_I04-07-08-09,Branch4,PowerREV,4,4,4/7/8/9,135/270/315/360,1,3,Location3,1,,95.7443781502486,2.43580428350657,-0.1,0.99407934793959,0.0424999999999999,8.27165546653221,0.762457540956054,21,1
208,B4_K04_I04-07-08-09,Branch4,PowerREV,4,4,4/7/8/9,135/270/315/360,1,4,Location4,1,,68.8820946055149,2.29244277595588,0.36,0.932094415818484,0.0399999999999999,5.5757351756046,0.60780239132945,21,0.938988095238095
209,B4_K04_I05-06-07-08,Branch4,PowerREV,4,4,5/6/7/8,180/225/270/315,1,1,Location1,1,,122.803648507146,-9.06181695393534,-0.535,0.830041414629415,-0.1575,11.9007118142778,0.416233983487441,21,0.800595238095238
209,B4_K04_I05-06-07-08,Branch4,PowerREV,4,4,5/6/7/8,180/225/270/315,1,2,Location2,1,,143.460309919962,-5.3074466746303,-0.8,0.592826914031406,-0.0925,16.5253715850573,0.158682163877636,21,0.745535714285714
209,B4_K04_I05-06-07-08,Branch4,PowerREV,4,4,5/6/7/8,180/225/270/315,1,3,Location3,1,,95.8884891043574,2.43580428350657,-0.1025,0.993824682728297,0.0424999999999999,8.37227853953572,0.673834746376423,21,1
209,B4_K04_I05-06-07-08,Branch4,PowerREV,4,4,5/6/7/8,180/225/270/315,1,4,Location4,1,,69.3499784607586,1.71913132087781,0.3525,0.935330823826522,0.0299999999999999,5.04971850057036,0.436433694853182,21,0.863095238095238
210,B4_K04_I05-06-07-09,Branch4,PowerREV,4,4,5/6/7/9,180/225/270/360,1,1,Location1,1,,123.071145150082,-9.93320626438465,-0.5375,0.825431705230663,-0.1725,12.5714288909792,0.506368804239031,21,0.860119047619048
210,B4_K04_I05-06-07-09,Branch4,PowerREV,4,4,5/6/7/9,180/225/270/360,1,2,Location2,1,,142.840296290863,-4.01398721805631,-0.795,0.602557051240793,-0.07,15.7681825817878,0.237898622579174,21,0.84077380952381
210,B4_K04_I05-06-07-09,Branch4,PowerREV,4,4,5/6/7/9,180/225/270/360,1,3,Location3,1,,95.8898215569978,2.72257398337613,-0.1025,0.993598258855157,0.0474999999999999,8.57941727273049,0.752068410834866,21,1
210,B4_K04_I05-06-07-09,Branch4,PowerREV,4,4,5/6/7/9,180/225/270/360,1,4,Location4,1,,68.8914390956087,1.57583259975216,0.36,0.932546915709875,0.0274999999999999,4.86058692263444,0.559498518435142,21,0.928571428571429
211,B4_K04_I05-06-08-09,Branch4,PowerREV,4,4,5/6/8/9,180/225/315/360,1,1,Location1,1,,123.18020298625,-9.35203505756315,-0.54,0.825829128815398,-0.1625,12.3669196298846,0.459145180396465,21,0.875
211,B4_K04_I05-06-08-09,Branch4,PowerREV,4,4,5/6/8/9,180/225/315/360,1,2,Location2,1,,143.618019979014,-4.58856573578583,-0.8025,0.591264534705067,-0.08,16.5916732698491,0.225049008651251,21,0.821428571428571
211,B4_K04_I05-06-08-09,Branch4,PowerREV,4,4,5/6/8/9,180/225/315/360,1,3,Location3,1,,95.7456777709434,2.72257398337613,-0.1,0.993852982085379,0.0474999999999999,8.48121196197503,0.717385086638649,21,1
211,B4_K04_I05-06-08-09,Branch4,PowerREV,4,4,5/6/8/9,180/225/315/360,1,4,Location4,1,,68.8898479495434,1.71913132087781,0.36,0.932469838654313,0.0299999999999999,5.00357370735474,0.503038378282344,21,0.922619047619048
212,B4_K04_I05-07-08-09,Branch4,PowerREV,4,4,5/7/8/9,180/270/315/360,1,1,Location1,1,,123.211996141485,-9.64249546379557,-0.54,0.824829527841966,-0.1675,12.5392666515639,0.527756668591229,21,0.867559523809524
212,B4_K04_I05-07-08-09,Branch4,PowerREV,4,4,5/7/8/9,180/270/315/360,1,2,Location2,1,,143.392216961646,-4.73228037895821,-0.8,0.594301060069726,-0.0825,16.3834900282326,0.266386790386951,21,0.854166666666667
212,B4_K04_I05-07-08-09,Branch4,PowerREV,4,4,5/7/8/9,180/270/315/360,1,3,Location3,1,,95.8891367114247,2.57918105164837,-0.1025,0.993714622011773,0.0449999999999999,8.47525337559886,0.748288407781427,21,1
212,B4_K04_I05-07-08-09,Branch4,PowerREV,4,4,5/7/8/9,180/270/315/360,1,4,Location4,1,,68.8898479495434,1.71913132087781,0.36,0.932469838654313,0.0299999999999999,5.00357370735474,0.571319903093314,21,0.925595238095238
213,B4_K04_I06-07-08-09,Branch4,PowerREV,4,4,6/7/8/9,225/270/315/360,1,1,Location1,1,,123.211996141485,-9.64249546379557,-0.54,0.824829527841966,-0.1675,12.5392666515639,0.429691267816978,21,0.800595238095238
213,B4_K04_I06-07-08-09,Branch4,PowerREV,4,4,6/7/8/9,225/270/315/360,1,2,Location2,1,,143.893585517872,-4.87602486961296,-0.805,0.587154153523587,-0.085,16.8963485690724,0.192290987925151,20,0.803125
213,B4_K04_I06-07-08-09,Branch4,PowerREV,4,4,6/7/8/9,225/270/315/360,1,3,Location3,1,,95.8891367114247,2.57918105164837,-0.1025,0.993714622011773,0.0449999999999999,8.47525337559886,0.661188945406697,21,1
213,B4_K04_I06-07-08-09,Branch4,PowerREV,4,4,6/7/8/9,225/270/315/360,1,4,Location4,1,,69.1932165354548,2.00576193490982,0.355,0.934210896960638,0.0349999999999999,5.3141587849017,0.464789706165014,21,0.883928571428571
214,B4_K05_I01-02-03-04-05,Branch4,PowerREV,5,5,1/2/3/4/5,0/45/90/135/180,1,1,Location1,1,,122.788865975171,-8.91679625299095,-0.535,0.830511890342336,-0.155,11.8178365547027,0.522998347873451,21,0.876488095238095
214,B4_K05_I01-02-03-04-05,Branch4,PowerREV,5,5,1/2/3/4/5,0/45/90/135/180,1,2,Location2,1,,144.419670485424,-5.16360709084638,-0.81,0.579482527778017,-0.09,17.4518847754714,0.232616522837406,21,0.863095238095238
214,B4_K05_I01-02-03-04-05,Branch4,PowerREV,5,5,1/2/3/4/5,0/45/90/135/180,1,3,Location3,1,,95.8884891043574,2.43580428350657,-0.1025,0.993824682728297,0.0424999999999999,8.37227853953572,0.730164921406569,21,1
214,B4_K05_I01-02-03-04-05,Branch4,PowerREV,5,5,1/2/3/4/5,0/45/90/135/180,1,4,Location4,1,,69.1983238133349,1.57583259975216,0.355,0.934461743465189,0.0274999999999999,4.8876061952048,0.585270470354897,21,0.938988095238095
215,B4_K05_I01-02-03-04-06,Branch4,PowerREV,5,5,1/2/3/4/6,0/45/90/135/225,1,1,Location1,1,,122.788865975171,-8.91679625299095,-0.535,0.830511890342336,-0.155,11.8178365547027,0.561389664137329,21,0.891369047619048
215,B4_K05_I01-02-03-04-06,Branch4,PowerREV,5,5,1/2/3/4/6,0/45/90/135/225,1,2,Location2,1,,143.830409402884,-4.30122230467036,-0.805,0.588515080520457,-0.075,16.7754359241675,0.301119658500514,21,0.900297619047619
215,B4_K05_I01-02-03-04-06,Branch4,PowerREV,5,5,1/2/3/4/6,0/45/90/135/225,1,3,Location3,1,,95.8884891043574,2.43580428350657,-0.1025,0.993824682728297,0.0424999999999999,8.37227853953572,0.760791871499573,21,1
215,B4_K05_I01-02-03-04-06,Branch4,PowerREV,5,5,1/2/3/4/6,0/45/90/135/225,1,4,Location4,1,,68.888118034059,1.86244079953198,0.36,0.932386052019227,0.0324999999999999,5.14658169849668,0.615726271855302,21,0.953869047619048
216,B4_K05_I01-02-03-04-07,Branch4,PowerREV,5,5,1/2/3/4/7,0/45/90/135/270,1,1,Location1,1,,122.849543753022,-9.49723446851704,-0.535,0.82858312799622,-0.165,12.1577667257075,0.583930828883297,21,0.900297619047619
216,B4_K05_I01-02-03-04-07,Branch4,PowerREV,5,5,1/2/3/4/7,0/45/90/135/270,1,2,Location2,1,,143.650337278282,-4.87602486961296,-0.8025,0.590566465353393,-0.085,16.6556883643547,0.316696925161478,21,0.921130952380952
216,B4_K05_I01-02-03-04-07,Branch4,PowerREV,5,5,1/2/3/4/7,0/45/90/135/270,1,3,Location3,1,,95.8884891043574,2.43580428350657,-0.1025,0.993824682728297,0.0424999999999999,8.37227853953572,0.77069583061111,21,1
216,B4_K05_I01-02-03-04-07,Branch4,PowerREV,5,5,1/2/3/4/7,0/45/90/135/270,1,4,Location4,1,,69.0398116405854,2.00576193490982,0.3575,0.933257065336234,0.0349999999999999,5.29968523915861,0.635724450613127,21,0.956845238095238
217,B4_K05_I01-02-03-04-08,Branch4,PowerREV,5,5,1/2/3/4/8,0/45/90/135/315,1,1,Location1,1,,122.818688285915,-9.2068962213459,-0.535,0.829563138043151,-0.16,11.9850090552187,0.539131974532154,21,0.891369047619048
217,B4_K05_I01-02-03-04-08,Branch4,PowerREV,5,5,1/2/3/4/8,0/45/90/135/315,1,2,Location2,1,,143.392216961646,-4.73228037895821,-0.8,0.594301060069726,-0.0825,16.3834900282326,0.227346009391082,21,0.87797619047619
217,B4_K05_I01-02-03-04-08,Branch4,PowerREV,5,5,1/2/3/4/8,0/45/90/135/315,1,3,Location3,1,,95.8884891043574,2.43580428350657,-0.1025,0.993824682728297,0.0424999999999999,8.37227853953572,0.740022881615825,21,1
217,B4_K05_I01-02-03-04-08,Branch4,PowerREV,5,5,1/2/3/4/8,0/45/90/135/315,1,4,Location4,1,,69.0449601404304,1.57583259975216,0.3575,0.933508168148517,0.0274999999999999,4.87170832758958,0.578346436019529,21,0.941964285714286
218,B4_K05_I01-02-03-04-09,Branch4,PowerREV,5,4,1/2/3/4/9,0/45/90/135/360,1,1,Location1,1,,122.976385638365,-9.06181695393534,-0.5375,0.828424709916357,-0.1575,12.0499372541413,0.481789270736567,21,0.828869047619048
218,B4_K05_I01-02-03-04-09,Branch4,PowerREV,5,4,1/2/3/4/9,0/45/90/135/360,1,2,Location2,1,,143.587720428338,-4.30122230467036,-0.8025,0.591919546898056,-0.075,16.5343249680969,0.211655608617403,21,0.81547619047619
218,B4_K05_I01-02-03-04-09,Branch4,PowerREV,5,4,1/2/3/4/9,0/45/90/135/360,1,3,Location3,1,,95.743782785421,2.29244277595588,-0.1,0.994183081730925,0.0399999999999999,8.16867893876482,0.668025674063878,21,1
218,B4_K05_I01-02-03-04-09,Branch4,PowerREV,5,4,1/2/3/4/9,0/45/90/135/360,1,4,Location4,1,,69.5030446740261,1.71913132087781,0.35,0.936269192059634,0.0299999999999999,5.07422529180985,0.477500776843438,21,0.921130952380952
219,B4_K05_I01-02-03-05-06,Branch4,PowerREV,5,5,1/2/3/5/6,0/45/90/180/225,1,1,Location1,1,,122.774339673063,-8.7718331196937,-0.535,0.830974578431856,-0.1525,11.736409343889,0.554137158374571,21,0.880952380952381
219,B4_K05_I01-02-03-05-06,Branch4,PowerREV,5,5,1/2/3/5/6,0/45/90/180/225,1,2,Location2,1,,143.667256322953,-5.01980013167812,-0.8025,0.590201236867562,-0.0875,16.6901805169901,0.279387495925813,21,0.895833333333333
219,B4_K05_I01-02-03-05-06,Branch4,PowerREV,5,5,1/2/3/5/6,0/45/90/180/225,1,3,Location3,1,,95.8884891043574,2.43580428350657,-0.1025,0.993824682728297,0.0424999999999999,8.37227853953572,0.751149640432393,21,1
219,B4_K05_I01-02-03-05-06,Branch4,PowerREV,5,5,1/2/3/5/6,0/45/90/180/225,1,4,Location4,1,,69.0449601404304,1.57583259975216,0.3575,0.933508168148517,0.0274999999999999,4.87170832758958,0.596377047650288,21,0.961309523809524
220,B4_K05_I01-02-03-05-07,Branch4,PowerREV,5,5,1/2/3/5/7,0/45/90/180/270,1,1,Location1,1,,122.849543753022,-9.49723446851704,-0.535,0.82858312799622,-0.165,12.1577667257075,0.586503200446381,21,0.910714285714286
220,B4_K05_I01-02-03-05-07,Branch4,PowerREV,5,5,1/2/3/5/7,0/45/90/180/270,1,2,Location2,1,,143.618019979014,-4.58856573578583,-0.8025,0.591264534705067,-0.08,16.5916732698491,0.30571917386715,21,0.918154761904762
220,B4_K05_I01-02-03-05-07,Branch4,PowerREV,5,5,1/2/3/5/7,0/45/90/180/270,1,3,Location3,1,,95.8884891043574,2.43580428350657,-0.1025,0.993824682728297,0.0424999999999999,8.37227853953572,0.76923505694583,21,1
220,B4_K05_I01-02-03-05-07,Branch4,PowerREV,5,5,1/2/3/5/7,0/45/90/180/270,1,4,Location4,1,,68.8928915664191,1.4325437375665,0.36,0.932617284849471,0.0249999999999999,4.71762125934191,0.643835354328652,21,0.96577380952381
221,B4_K05_I01-02-03-05-08,Branch4,PowerREV,5,5,1/2/3/5/8,0/45/90/180/315,1,1,Location1,1,,122.946882447149,-8.7718331196937,-0.5375,0.829359692775095,-0.1525,11.8872006812737,0.569537913074955,21,0.915178571428571
221,B4_K05_I01-02-03-05-08,Branch4,PowerREV,5,5,1/2/3/5/8,0/45/90/180/315,1,2,Location2,1,,144.745202323194,-5.73917047726678,-0.8125,0.574320250383007,-0.1,17.8549768088025,0.281713008347667,21,0.912202380952381
221,B4_K05_I01-02-03-05-08,Branch4,PowerREV,5,5,1/2/3/5/8,0/45/90/180/315,1,3,Location3,1,,95.8884891043574,2.43580428350657,-0.1025,0.993824682728297,0.0424999999999999,8.37227853953572,0.753183899979361,21,1
221,B4_K05_I01-02-03-05-08,Branch4,PowerREV,5,5,1/2/3/5/8,0/45/90/180/315,1,4,Location4,1,,69.0477044535588,1.28926383628796,0.3575,0.933642062034482,0.0224999999999999,4.58658178583189,0.628830678848022,21,0.962797619047619
222,B4_K05_I01-02-03-05-09,Branch4,PowerREV,5,4,1/2/3/5/9,0/45/90/180/360,1,1,Location1,1,,122.961505062079,-8.91679625299095,-0.5375,0.828896103260234,-0.155,11.9678463979394,0.534346863463826,21,0.879464285714286
222,B4_K05_I01-02-03-05-09,Branch4,PowerREV,5,4,1/2/3/5/9,0/45/90/180/360,1,2,Location2,1,,144.249416881992,-5.73917047726678,-0.8075,0.581329295666406,-0.1,17.3679911078123,0.25112130444924,21,0.886904761904762
222,B4_K05_I01-02-03-05-09,Branch4,PowerREV,5,4,1/2/3/5/9,0/45/90/180/360,1,3,Location3,1,,95.8878786990507,2.29244277595588,-0.1025,0.993928443098395,0.0399999999999999,8.27053568153326,0.727865270125974,21,1
222,B4_K05_I01-02-03-05-09,Branch4,PowerREV,5,4,1/2/3/5/9,0/45/90/180/360,1,4,Location4,1,,69.1997531762053,1.4325437375665,0.355,0.934531968420557,0.0249999999999999,4.74554550752062,0.60361498784366,21,0.946428571428571
223,B4_K05_I01-02-03-06-07,Branch4,PowerREV,5,5,1/2/3/6/7,0/45/90/225/270,1,1,Location1,1,,122.833986348658,-9.35203505756315,-0.535,0.82907704708308,-0.1625,12.0707025089191,0.583955072824159,21,0.892857142857143
223,B4_K05_I01-02-03-06-07,Branch4,PowerREV,5,5,1/2/3/6/7,0/45/90/225/270,1,2,Location2,1,,143.305091831897,-3.87040801131097,-0.8,0.596191034820216,-0.0674999999999999,16.2209760781084,0.294888846338738,21,0.912202380952381
223,B4_K05_I01-02-03-06-07,Branch4,PowerREV,5,5,1/2/3/6/7,0/45/90/225/270,1,3,Location3,1,,95.8884891043574,2.43580428350657,-0.1025,0.993824682728297,0.0424999999999999,8.37227853953572,0.758979549786405,21,1
223,B4_K05_I01-02-03-06-07,Branch4,PowerREV,5,5,1/2/3/6/7,0/45/90/225/270,1,4,Location4,1,,68.888118034059,1.86244079953198,0.36,0.932386052019227,0.0324999999999999,5.14658169849668,0.620450378029019,21,0.955357142857143
224,B4_K05_I01-02-03-06-08,Branch4,PowerREV,5,5,1/2/3/6/8,0/45/90/225/315,1,1,Location1,1,,122.774339673063,-8.7718331196937,-0.535,0.830974578431856,-0.1525,11.736409343889,0.585813975944532,21,0.898809523809524
224,B4_K05_I01-02-03-06-08,Branch4,PowerREV,5,5,1/2/3/6/8,0/45/90/225/315,1,2,Location2,1,,143.877027170779,-4.73228037895821,-0.805,0.587510638201556,-0.0825,16.8636420220125,0.293645519597488,21,0.925595238095238
224,B4_K05_I01-02-03-06-08,Branch4,PowerREV,5,5,1/2/3/6/8,0/45/90/225/315,1,3,Location3,1,,95.8884891043574,2.43580428350657,-0.1025,0.993824682728297,0.0424999999999999,8.37227853953572,0.756257295737537,21,1
224,B4_K05_I01-02-03-06-08,Branch4,PowerREV,5,5,1/2/3/6/8,0/45/90/225/315,1,4,Location4,1,,69.0433816711824,1.71913132087781,0.3575,0.933431170467325,0.0299999999999999,5.01433039477221,0.621329651539947,21,0.967261904761905
225,B4_K05_I01-02-03-06-09,Branch4,PowerREV,5,4,1/2/3/6/9,0/45/90/225/360,1,1,Location1,1,,122.788865975171,-8.91679625299095,-0.535,0.830511890342336,-0.155,11.8178365547027,0.568569608861722,21,0.886904761904762
225,B4_K05_I01-02-03-06-09,Branch4,PowerREV,5,4,1/2/3/6/9,0/45/90/225/360,1,2,Location2,1,,143.877027170779,-4.73228037895821,-0.805,0.587510638201556,-0.0825,16.8636420220125,0.284811052674027,21,0.894345238095238
225,B4_K05_I01-02-03-06-09,Branch4,PowerREV,5,4,1/2/3/6/9,0/45/90/225/360,1,3,Location3,1,,95.8884891043574,2.43580428350657,-0.1025,0.993824682728297,0.0424999999999999,8.37227853953572,0.74981743870123,21,1
225,B4_K05_I01-02-03-06-09,Branch4,PowerREV,5,4,1/2/3/6/9,0/45/90/225/360,1,4,Location4,1,,69.0433816711824,1.71913132087781,0.3575,0.933431170467325,0.0299999999999999,5.01433039477221,0.613966573360089,21,0.962797619047619
226,B4_K05_I01-02-03-07-08,Branch4,PowerREV,5,5,1/2/3/7/8,0/45/90/270/315,1,1,Location1,1,,123.006924797102,-9.35203505756315,-0.5375,0.827458458171768,-0.1625,12.2183531178971,0.550739787347031,21,0.870535714285714
226,B4_K05_I01-02-03-07-08,Branch4,PowerREV,5,5,1/2/3/7/8,0/45/90/270/315,1,2,Location2,1,,143.633925674789,-4.73228037895821,-0.8025,0.590920891490561,-0.0825,16.6228504728193,0.263981738768308,21,0.84672619047619
226,B4_K05_I01-02-03-07-08,Branch4,PowerREV,5,5,1/2/3/7/8,0/45/90/270/315,1,3,Location3,1,,95.8878786990507,2.29244277595588,-0.1025,0.993928443098395,0.0399999999999999,8.27053568153326,0.739235003221629,21,1
226,B4_K05_I01-02-03-07-08,Branch4,PowerREV,5,5,1/2/3/7/8,0/45/90/270/315,1,4,Location4,1,,69.1912407109243,2.14909562686402,0.355,0.934113884919821,0.0374999999999999,5.45645652402962,0.567043456909544,21,0.931547619047619
227,B4_K05_I01-02-03-07-09,Branch4,PowerREV,5,4,1/2/3/7/9,0/45/90/270/360,1,1,Location1,1,,123.038508373149,-9.64249546379557,-0.5375,0.826460827867843,-0.1675,12.3922485773178,0.568818122902013,21,0.873511904761905
227,B4_K05_I01-02-03-07-09,Branch4,PowerREV,5,4,1/2/3/7/9,0/45/90/270/360,1,2,Location2,1,,143.602618707897,-4.44488001787759,-0.8025,0.591597413787451,-0.0775,16.5621628506824,0.283038049770555,21,0.866071428571429
227,B4_K05_I01-02-03-07-09,Branch4,PowerREV,5,4,1/2/3/7/9,0/45/90/270/360,1,3,Location3,1,,95.8884891043574,2.43580428350657,-0.1025,0.993824682728297,0.0424999999999999,8.37227853953572,0.748732770959875,21,1
227,B4_K05_I01-02-03-07-09,Branch4,PowerREV,5,4,1/2/3/7/9,0/45/90/270/360,1,4,Location4,1,,69.0398116405854,2.00576193490982,0.3575,0.933257065336234,0.0349999999999999,5.29968523915861,0.60930160772367,21,0.947916666666667
228,B4_K05_I01-02-03-08-09,Branch4,PowerREV,5,4,1/2/3/8/9,0/45/90/315/360,1,1,Location1,1,,122.849543753022,-9.49723446851704,-0.535,0.82858312799622,-0.165,12.1577667257075,0.467103329478174,21,0.842261904761905
228,B4_K05_I01-02-03-08-09,Branch4,PowerREV,5,4,1/2/3/8/9,0/45/90/315/360,1,2,Location2,1,,142.297569648495,-3.15285880404642,-0.79,0.610634915477325,-0.0549999999999999,15.1855416437121,0.196233589057589,21,0.758928571428571
228,B4_K05_I01-02-03-08-09,Branch4,PowerREV,5,4,1/2/3/8/9,0/45/90/315/360,1,3,Location3,1,,95.8898215569978,2.72257398337613,-0.1025,0.993598258855157,0.0474999999999999,8.57941727273049,0.668534989759043,21,1
228,B4_K05_I01-02-03-08-09,Branch4,PowerREV,5,4,1/2/3/8/9,0/45/90/315/360,1,4,Location4,1,,69.0416655384098,1.86244079953198,0.3575,0.933347470131033,0.0324999999999999,5.15698973655785,0.490720013512688,21,0.898809523809524
229,B4_K05_I01-02-04-05-06,Branch4,PowerREV,5,5,1/2/4/5/6,0/45/135/180/225,1,1,Location1,1,,122.803648507146,-9.06181695393534,-0.535,0.830041414629415,-0.1575,11.9007118142778,0.526976227359271,21,0.895833333333333
229,B4_K05_I01-02-04-05-06,Branch4,PowerREV,5,5,1/2/4/5/6,0/45/135/180/225,1,2,Location2,1,,144.074512704815,-4.30122230467036,-0.8075,0.585080122718248,-0.075,17.0179834126298,0.276267262316657,21,0.900297619047619
229,B4_K05_I01-02-04-05-06,Branch4,PowerREV,5,5,1/2/4/5/6,0/45/135/180/225,1,3,Location3,1,,95.8891367114247,2.57918105164837,-0.1025,0.993714622011773,0.0449999999999999,8.47525337559886,0.756639398671626,21,1
229,B4_K05_I01-02-04-05-06,Branch4,PowerREV,5,5,1/2/4/5/6,0/45/135/180/225,1,4,Location4,1,,69.0416655384098,1.86244079953198,0.3575,0.933347470131033,0.0324999999999999,5.15698973655785,0.5844129098241,21,0.953869047619048
230,B4_K05_I01-02-04-05-07,Branch4,PowerREV,5,5,1/2/4/5/7,0/45/135/180/270,1,1,Location1,1,,123.022585491893,-9.49723446851704,-0.5375,0.826963572353704,-0.165,12.3046281920336,0.592906040465818,21,0.918154761904762
230,B4_K05_I01-02-04-05-07,Branch4,PowerREV,5,5,1/2/4/5/7,0/45/135/180/270,1,2,Location2,1,,143.877027170779,-4.73228037895821,-0.805,0.587510638201556,-0.0825,16.8636420220125,0.31827786713172,21,0.916666666666667
230,B4_K05_I01-02-04-05-07,Branch4,PowerREV,5,5,1/2/4/5/7,0/45/135/180/270,1,3,Location3,1,,95.8884891043574,2.43580428350657,-0.1025,0.993824682728297,0.0424999999999999,8.37227853953572,0.773429253451143,21,1
230,B4_K05_I01-02-04-05-07,Branch4,PowerREV,5,5,1/2/4/5/7,0/45/135/180/270,1,4,Location4,1,,68.8898479495434,1.71913132087781,0.36,0.932469838654313,0.0299999999999999,5.00357370735474,0.630471644010008,21,0.959821428571429
231,B4_K05_I01-02-04-05-08,Branch4,PowerREV,5,5,1/2/4/5/8,0/45/135/180/315,1,1,Location1,1,,122.976385638365,-9.06181695393534,-0.5375,0.828424709916357,-0.1575,12.0499372541413,0.562500235936182,21,0.910714285714286
231,B4_K05_I01-02-04-05-08,Branch4,PowerREV,5,5,1/2/4/5/8,0/45/135/180/315,1,2,Location2,1,,144.725001777928,-5.59522743552786,-0.8125,0.574749945628532,-0.0975,17.8130554594283,0.274232204417863,21,0.912202380952381
231,B4_K05_I01-02-04-05-08,Branch4,PowerREV,5,5,1/2/4/5/8,0/45/135/180/315,1,3,Location3,1,,95.8884891043574,2.43580428350657,-0.1025,0.993824682728297,0.0424999999999999,8.37227853953572,0.748653975325276,21,1
231,B4_K05_I01-02-04-05-08,Branch4,PowerREV,5,5,1/2/4/5/8,0/45/135/180/315,1,4,Location4,1,,69.0449601404304,1.57583259975216,0.3575,0.933508168148517,0.0274999999999999,4.87170832758958,0.600976927814373,21,0.962797619047619
232,B4_K05_I01-02-04-05-09,Branch4,PowerREV,5,4,1/2/4/5/9,0/45/135/180/360,1,1,Location1,1,,122.961505062079,-8.91679625299095,-0.5375,0.828896103260234,-0.155,11.9678463979394,0.47569732772003,21,0.854166666666667
232,B4_K05_I01-02-04-05-09,Branch4,PowerREV,5,4,1/2/4/5/9,0/45/135/180/360,1,2,Location2,1,,145.206517922665,-5.45131981241778,-0.8175,0.568039391239727,-0.095,18.2667287588154,0.212890996004762,21,0.84375
232,B4_K05_I01-02-04-05-09,Branch4,PowerREV,5,4,1/2/4/5/9,0/45/135/180/360,1,3,Location3,1,,95.8884891043574,2.43580428350657,-0.1025,0.993824682728297,0.0424999999999999,8.37227853953572,0.714280113613244,21,1
232,B4_K05_I01-02-04-05-09,Branch4,PowerREV,5,4,1/2/4/5/9,0/45/135/180/360,1,4,Location4,1,,69.3499784607586,1.71913132087781,0.3525,0.935330823826522,0.0299999999999999,5.04971850057036,0.526871064783438,21,0.9375
233,B4_K05_I01-02-04-06-07,Branch4,PowerREV,5,5,1/2/4/6/7,0/45/135/225/270,1,1,Location1,1,,123.006924797102,-9.35203505756315,-0.5375,0.827458458171768,-0.1625,12.2183531178971,0.600308208902754,21,0.910714285714286
233,B4_K05_I01-02-04-06-07,Branch4,PowerREV,5,5,1/2/4/6/7,0/45/135/225/270,1,2,Location2,1,,143.587720428338,-4.30122230467036,-0.8025,0.591919546898056,-0.075,16.5343249680969,0.324849030250682,21,0.927083333333333
233,B4_K05_I01-02-04-06-07,Branch4,PowerREV,5,5,1/2/4/6/7,0/45/135/225/270,1,3,Location3,1,,95.8884891043574,2.43580428350657,-0.1025,0.993824682728297,0.0424999999999999,8.37227853953572,0.774482117024669,21,1
233,B4_K05_I01-02-04-06-07,Branch4,PowerREV,5,5,1/2/4/6/7,0/45/135/225/270,1,4,Location4,1,,68.888118034059,1.86244079953198,0.36,0.932386052019227,0.0324999999999999,5.14658169849668,0.617010589127635,21,0.961309523809524
234,B4_K05_I01-02-04-06-08,Branch4,PowerREV,5,5,1/2/4/6/8,0/45/135/225/315,1,1,Location1,1,,122.818688285915,-9.2068962213459,-0.535,0.829563138043151,-0.16,11.9850090552187,0.584979609116004,21,0.924107142857143
234,B4_K05_I01-02-04-06-08,Branch4,PowerREV,5,5,1/2/4/6/8,0/45/135/225/315,1,2,Location2,1,,143.893585517872,-4.87602486961296,-0.805,0.587154153523587,-0.085,16.8963485690724,0.332585765259977,21,0.925595238095238
234,B4_K05_I01-02-04-06-08,Branch4,PowerREV,5,5,1/2/4/6/8,0/45/135/225/315,1,3,Location3,1,,95.8884891043574,2.43580428350657,-0.1025,0.993824682728297,0.0424999999999999,8.37227853953572,0.764028669348249,21,1
234,B4_K05_I01-02-04-06-08,Branch4,PowerREV,5,5,1/2/4/6/8,0/45/135/225/315,1,4,Location4,1,,69.0433816711824,1.71913132087781,0.3575,0.933431170467325,0.0299999999999999,5.01433039477221,0.616331397540917,21,0.970238095238095
235,B4_K05_I01-02-04-06-09,Branch4,PowerREV,5,4,1/2/4/6/9,0/45/135/225/360,1,1,Location1,1,,122.991525201423,-9.2068962213459,-0.5375,0.827945499414062,-0.16,12.1334478650566,0.551227791658792,21,0.901785714285714
235,B4_K05_I01-02-04-06-09,Branch4,PowerREV,5,4,1/2/4/6/9,0/45/135/225/360,1,2,Location2,1,,144.582525669319,-4.44488001787759,-0.8125,0.577786725358068,-0.0775,17.5350065044706,0.291147734586531,21,0.907738095238095
235,B4_K05_I01-02-04-06-09,Branch4,PowerREV,5,4,1/2/4/6/9,0/45/135/225/360,1,3,Location3,1,,95.8891367114247,2.57918105164837,-0.1025,0.993714622011773,0.0449999999999999,8.47525337559886,0.759284101434857,21,1
235,B4_K05_I01-02-04-06-09,Branch4,PowerREV,5,4,1/2/4/6/9,0/45/135/225/360,1,4,Location4,1,,69.0416655384098,1.86244079953198,0.3575,0.933347470131033,0.0324999999999999,5.15698973655785,0.599072354449723,21,0.953869047619048
236,B4_K05_I01-02-04-07-08,Branch4,PowerREV,5,5,1/2/4/7/8,0/45/135/270/315,1,1,Location1,1,,122.865361577332,-9.64249546379557,-0.535,0.828081366775029,-0.1675,12.2461765930869,0.582643114479709,21,0.916666666666667
236,B4_K05_I01-02-04-07-08,Branch4,PowerREV,5,5,1/2/4/7/8,0/45/135/270/315,1,2,Location2,1,,143.946339648551,-5.3074466746303,-0.805,0.58601941094131,-0.0925,17.0042954972734,0.308741735456424,21,0.916666666666667
236,B4_K05_I01-02-04-07-08,Branch4,PowerREV,5,5,1/2/4/7/8,0/45/135/270/315,1,3,Location3,1,,95.8884891043574,2.43580428350657,-0.1025,0.993824682728297,0.0424999999999999,8.37227853953572,0.767878984312393,21,1
236,B4_K05_I01-02-04-07-08,Branch4,PowerREV,5,5,1/2/4/7/8,0/45/135/270/315,1,4,Location4,1,,69.0398116405854,2.00576193490982,0.3575,0.933257065336234,0.0349999999999999,5.29968523915861,0.623049770484564,21,0.953869047619048
237,B4_K05_I01-02-04-07-09,Branch4,PowerREV,5,4,1/2/4/7/9,0/45/135/270/360,1,1,Location1,1,,123.022585491893,-9.49723446851704,-0.5375,0.826963572353704,-0.165,12.3046281920336,0.595676339792295,21,0.912202380952381
237,B4_K05_I01-02-04-07-09,Branch4,PowerREV,5,4,1/2/4/7/9,0/45/135/270/360,1,2,Location2,1,,144.105357839724,-4.58856573578583,-0.8075,0.584417444982608,-0.08,17.0749451329039,0.302391113950835,21,0.90625
237,B4_K05_I01-02-04-07-09,Branch4,PowerREV,5,4,1/2/4/7/9,0/45/135/270/360,1,3,Location3,1,,95.8884891043574,2.43580428350657,-0.1025,0.993824682728297,0.0424999999999999,8.37227853953572,0.772934411502856,21,1
237,B4_K05_I01-02-04-07-09,Branch4,PowerREV,5,4,1/2/4/7/9,0/45/135/270/360,1,4,Location4,1,,69.0398116405854,2.00576193490982,0.3575,0.933257065336234,0.0349999999999999,5.29968523915861,0.635454452522944,21,0.953869047619048
238,B4_K05_I01-02-04-08-09,Branch4,PowerREV,5,4,1/2/4/8/9,0/45/135/315/360,1,1,Location1,1,,122.849543753022,-9.49723446851704,-0.535,0.82858312799622,-0.165,12.1577667257075,0.554026685223971,21,0.892857142857143
238,B4_K05_I01-02-04-08-09,Branch4,PowerREV,5,4,1/2/4/8/9,0/45/135/315/360,1,2,Location2,1,,143.702623124417,-5.3074466746303,-0.8025,0.589438291935636,-0.0925,16.7641002986764,0.230309244415095,21,0.861607142857143
238,B4_K05_I01-02-04-08-09,Branch4,PowerREV,5,4,1/2/4/8/9,0/45/135/315/360,1,3,Location3,1,,95.8891367114247,2.57918105164837,-0.1025,0.993714622011773,0.0449999999999999,8.47525337559886,0.734879424115814,21,1
238,B4_K05_I01-02-04-08-09,Branch4,PowerREV,5,4,1/2/4/8/9,0/45/135/315/360,1,4,Location4,1,,69.1967579819565,1.71913132087781,0.355,0.934384824363067,0.0299999999999999,5.02973085550508,0.57046127202525,21,0.944940476190476
239,B4_K05_I01-02-05-06-07,Branch4,PowerREV,5,5,1/2/5/6/7,0/45/180/225/270,1,1,Location1,1,,123.038508373149,-9.64249546379557,-0.5375,0.826460827867843,-0.1675,12.3922485773178,0.55974024447831,21,0.894345238095238
239,B4_K05_I01-02-05-06-07,Branch4,PowerREV,5,5,1/2/5/6/7,0/45/180/225/270,1,2,Location2,1,,143.801864183205,-4.01398721805631,-0.805,0.589130715546219,-0.07,16.7249474249939,0.282996724013612,21,0.892857142857143
239,B4_K05_I01-02-05-06-07,Branch4,PowerREV,5,5,1/2/5/6/7,0/45/180/225/270,1,3,Location3,1,,95.8891367114247,2.57918105164837,-0.1025,0.993714622011773,0.0449999999999999,8.47525337559886,0.762413742540407,21,1
239,B4_K05_I01-02-05-06-07,Branch4,PowerREV,5,5,1/2/5/6/7,0/45/180/225/270,1,4,Location4,1,,69.0464010394974,1.4325437375665,0.3575,0.933578464833032,0.0249999999999999,4.72912490366468,0.597751701985275,21,0.955357142857143
240,B4_K05_I01-02-05-06-08,Branch4,PowerREV,5,5,1/2/5/6/8,0/45/180/225/315,1,1,Location1,1,,122.788865975171,-8.91679625299095,-0.535,0.830511890342336,-0.155,11.8178365547027,0.568282206258574,21,0.915178571428571
240,B4_K05_I01-02-05-06-08,Branch4,PowerREV,5,5,1/2/5/6/8,0/45/180/225/315,1,2,Location2,1,,144.089679147494,-4.44488001787759,-0.8075,0.584754221874456,-0.0775,17.0456405468795,0.293653463969524,21,0.910714285714286
240,B4_K05_I01-02-05-06-08,Branch4,PowerREV,5,5,1/2/5/6/8,0/45/180/225/315,1,3,Location3,1,,95.8891367114247,2.57918105164837,-0.1025,0.993714622011773,0.0449999999999999,8.47525337559886,0.751601668955989,21,1
240,B4_K05_I01-02-05-06-08,Branch4,PowerREV,5,5,1/2/5/6/8,0/45/180/225/315,1,4,Location4,1,,69.0477044535588,1.28926383628796,0.3575,0.933642062034482,0.0224999999999999,4.58658178583189,0.606316561425213,21,0.961309523809524
241,B4_K05_I01-02-05-06-09,Branch4,PowerREV,5,4,1/2/5/6/9,0/45/180/225/360,1,1,Location1,1,,122.961505062079,-8.91679625299095,-0.5375,0.828896103260234,-0.155,11.9678463979394,0.493233204576324,21,0.87202380952381
241,B4_K05_I01-02-05-06-09,Branch4,PowerREV,5,4,1/2/5/6/9,0/45/180/225/360,1,2,Location2,1,,144.649536842118,-5.01980013167812,-0.8125,0.576357094169925,-0.0875,17.6612104898374,0.263848541818049,21,0.851190476190476
241,B4_K05_I01-02-05-06-09,Branch4,PowerREV,5,4,1/2/5/6/9,0/45/180/225/360,1,3,Location3,1,,95.8891367114247,2.57918105164837,-0.1025,0.993714622011773,0.0449999999999999,8.47525337559886,0.728094008179982,21,1
241,B4_K05_I01-02-05-06-09,Branch4,PowerREV,5,4,1/2/5/6/9,0/45/180/225/360,1,4,Location4,1,,69.0449601404304,1.57583259975216,0.3575,0.933508168148517,0.0274999999999999,4.87170832758958,0.539387998401566,21,0.933035714285714
242,B4_K05_I01-02-05-07-08,Branch4,PowerREV,5,5,1/2/5/7/8,0/45/180/270/315,1,1,Location1,1,,123.022585491893,-9.49723446851704,-0.5375,0.826963572353704,-0.165,12.3046281920336,0.589890823590083,21,0.910714285714286
242,B4_K05_I01-02-05-07-08,Branch4,PowerREV,5,5,1/2/5/7/8,0/45/180/270/315,1,2,Location2,1,,144.121550261089,-4.73228037895821,-0.8075,0.584069773229192,-0.0825,17.1058918822708,0.298724677802574,21,0.90625
242,B4_K05_I01-02-05-07-08,Branch4,PowerREV,5,5,1/2/5/7/8,0/45/180/270/315,1,3,Location3,1,,95.8884891043574,2.43580428350657,-0.1025,0.993824682728297,0.0424999999999999,8.37227853953572,0.76289721976972,21,1
242,B4_K05_I01-02-05-07-08,Branch4,PowerREV,5,5,1/2/5/7/8,0/45/180/270/315,1,4,Location4,1,,69.0464010394974,1.4325437375665,0.3575,0.933578464833032,0.0249999999999999,4.72912490366468,0.622161218488513,21,0.956845238095238
243,B4_K05_I01-02-05-07-09,Branch4,PowerREV,5,4,1/2/5/7/9,0/45/180/270/360,1,1,Location1,1,,123.211996141485,-9.64249546379557,-0.54,0.824829527841966,-0.1675,12.5392666515639,0.586822265299394,21,0.90625
243,B4_K05_I01-02-05-07-09,Branch4,PowerREV,5,4,1/2/5/7/9,0/45/180/270/360,1,2,Location2,1,,143.587720428338,-4.30122230467036,-0.8025,0.591919546898056,-0.075,16.5343249680969,0.285680389761481,21,0.897321428571429
243,B4_K05_I01-02-05-07-09,Branch4,PowerREV,5,4,1/2/5/7/9,0/45/180/270/360,1,3,Location3,1,,95.8884891043574,2.43580428350657,-0.1025,0.993824682728297,0.0424999999999999,8.37227853953572,0.761214131707288,21,1
243,B4_K05_I01-02-05-07-09,Branch4,PowerREV,5,4,1/2/5/7/9,0/45/180/270/360,1,4,Location4,1,,69.0464010394974,1.4325437375665,0.3575,0.933578464833032,0.0249999999999999,4.72912490366468,0.603212412301428,21,0.955357142857143
244,B4_K05_I01-02-05-08-09,Branch4,PowerREV,5,4,1/2/5/8/9,0/45/180/315/360,1,1,Location1,1,,122.976385638365,-9.06181695393534,-0.5375,0.828424709916357,-0.1575,12.0499372541413,0.568194275116461,21,0.900297619047619
244,B4_K05_I01-02-05-08-09,Branch4,PowerREV,5,4,1/2/5/8/9,0/45/180/315/360,1,2,Location2,1,,144.63199577099,-4.87602486961296,-0.8125,0.576731089850374,-0.085,17.627241200127,0.24416888565676,21,0.892857142857143
244,B4_K05_I01-02-05-08-09,Branch4,PowerREV,5,4,1/2/5/8/9,0/45/180/315/360,1,3,Location3,1,,95.8884891043574,2.43580428350657,-0.1025,0.993824682728297,0.0424999999999999,8.37227853953572,0.737117679708258,21,1
244,B4_K05_I01-02-05-08-09,Branch4,PowerREV,5,4,1/2/5/8/9,0/45/180/315/360,1,4,Location4,1,,69.0477044535588,1.28926383628796,0.3575,0.933642062034482,0.0224999999999999,4.58658178583189,0.592879591212756,21,0.959821428571429
245,B4_K05_I01-02-06-07-08,Branch4,PowerREV,5,5,1/2/6/7/8,0/45/225/270/315,1,1,Location1,1,,122.818688285915,-9.2068962213459,-0.535,0.829563138043151,-0.16,11.9850090552187,0.560300384181068,21,0.867559523809524
245,B4_K05_I01-02-06-07-08,Branch4,PowerREV,5,5,1/2/6/7/8,0/45/225/270/315,1,2,Location2,1,,143.702623124417,-5.3074466746303,-0.8025,0.589438291935636,-0.0925,16.7641002986764,0.247882135242531,21,0.864583333333333
245,B4_K05_I01-02-06-07-08,Branch4,PowerREV,5,5,1/2/6/7/8,0/45/225/270/315,1,3,Location3,1,,95.8884891043574,2.43580428350657,-0.1025,0.993824682728297,0.0424999999999999,8.37227853953572,0.729312978925474,21,1
245,B4_K05_I01-02-06-07-08,Branch4,PowerREV,5,5,1/2/6/7/8,0/45/225/270/315,1,4,Location4,1,,69.1932165354548,2.00576193490982,0.355,0.934210896960638,0.0349999999999999,5.3141587849017,0.569668637119248,21,0.944940476190476
246,B4_K05_I01-02-06-07-09,Branch4,PowerREV,5,4,1/2/6/7/9,0/45/225/270/360,1,1,Location1,1,,123.006924797102,-9.35203505756315,-0.5375,0.827458458171768,-0.1625,12.2183531178971,0.520402760095619,21,0.854166666666667
246,B4_K05_I01-02-06-07-09,Branch4,PowerREV,5,4,1/2/6/7/9,0/45/225/270/360,1,2,Location2,1,,143.830409402884,-4.30122230467036,-0.805,0.588515080520457,-0.075,16.7754359241675,0.232223606140322,21,0.808035714285714
246,B4_K05_I01-02-06-07-09,Branch4,PowerREV,5,4,1/2/6/7/9,0/45/225/270/360,1,3,Location3,1,,95.8884891043574,2.43580428350657,-0.1025,0.993824682728297,0.0424999999999999,8.37227853953572,0.717434334368693,21,1
246,B4_K05_I01-02-06-07-09,Branch4,PowerREV,5,4,1/2/6/7/9,0/45/225/270/360,1,4,Location4,1,,69.1950555895429,1.86244079953198,0.355,0.934301209460846,0.0324999999999999,5.17191604257268,0.53497355005583,21,0.928571428571429
247,B4_K05_I01-02-06-08-09,Branch4,PowerREV,5,4,1/2/6/8/9,0/45/225/315/360,1,1,Location1,1,,122.616561332612,-8.91679625299095,-0.5325,0.83211702902897,-0.155,11.6687104629037,0.555152998392744,21,0.886904761904762
247,B4_K05_I01-02-06-08-09,Branch4,PowerREV,5,4,1/2/6/8/9,0/45/225/315/360,1,2,Location2,1,,144.438100250682,-5.3074466746303,-0.81,0.5790887237721,-0.0925,17.4891929624876,0.263079526920672,21,0.861607142857143
247,B4_K05_I01-02-06-08-09,Branch4,PowerREV,5,4,1/2/6/8/9,0/45/225/315/360,1,3,Location3,1,,95.8884891043574,2.43580428350657,-0.1025,0.993824682728297,0.0424999999999999,8.37227853953572,0.722310883306541,21,1
247,B4_K05_I01-02-06-08-09,Branch4,PowerREV,5,4,1/2/6/8/9,0/45/225/315/360,1,4,Location4,1,,69.1950555895429,1.86244079953198,0.355,0.934301209460846,0.0324999999999999,5.17191604257268,0.567343711192639,21,0.949404761904762
248,B4_K05_I01-02-07-08-09,Branch4,PowerREV,5,4,1/2/7/8/9,0/45/270/315/360,1,1,Location1,1,,122.991525201423,-9.2068962213459,-0.5375,0.827945499414062,-0.16,12.1334478650566,0.47031386982491,21,0.84672619047619
248,B4_K05_I01-02-07-08-09,Branch4,PowerREV,5,4,1/2/7/8/9,0/45/270/315/360,1,2,Location2,1,,144.517106138545,-5.88314987298444,-0.81,0.577402589187129,-0.1025,17.654363989048,0.208480699445198,21,0.767857142857143
248,B4_K05_I01-02-07-08-09,Branch4,PowerREV,5,4,1/2/7/8/9,0/45/270/315/360,1,3,Location3,1,,95.7432236719061,2.14909562686402,-0.1,0.994280518767214,0.0374999999999999,8.06696308877139,0.669411484206036,21,1
248,B4_K05_I01-02-07-08-09,Branch4,PowerREV,5,4,1/2/7/8/9,0/45/270/315/360,1,4,Location4,1,,69.3482897668617,1.86244079953198,0.3525,0.935247293500495,0.0324999999999999,5.19130792057805,0.472816327350435,21,0.895833333333333
249,B4_K05_I01-03-04-05-06,Branch4,PowerREV,5,5,1/3/4/5/6,0/90/135/180/225,1,1,Location1,1,,122.646186963569,-9.2068962213459,-0.5325,0.831170108942809,-0.16,11.8374867342012,0.544973490954165,21,0.886904761904762
249,B4_K05_I01-03-04-05-06,Branch4,PowerREV,5,5,1/3/4/5/6,0/90/135/180/225,1,2,Location2,1,,143.684684393117,-5.16360709084638,-0.8025,0.589825185966147,-0.09,16.7263201816587,0.272998989294049,21,0.90327380952381
249,B4_K05_I01-03-04-05-06,Branch4,PowerREV,5,5,1/3/4/5/6,0/90/135/180/225,1,3,Location3,1,,95.8884891043574,2.43580428350657,-0.1025,0.993824682728297,0.0424999999999999,8.37227853953572,0.758206044857121,21,1
249,B4_K05_I01-03-04-05-06,Branch4,PowerREV,5,5,1/3/4/5/6,0/90/135/180/225,1,4,Location4,1,,69.0416655384098,1.86244079953198,0.3575,0.933347470131033,0.0324999999999999,5.15698973655785,0.603811770039492,21,0.950892857142857
250,B4_K05_I01-03-04-05-07,Branch4,PowerREV,5,5,1/3/4/5/7,0/90/135/180/270,1,1,Location1,1,,122.849543753022,-9.49723446851704,-0.535,0.82858312799622,-0.165,12.1577667257075,0.577210957100269,21,0.897321428571429
250,B4_K05_I01-03-04-05-07,Branch4,PowerREV,5,5,1/3/4/5/7,0/90/135/180/270,1,2,Location2,1,,143.442529225153,-5.16360709084638,-0.8,0.593211597998556,-0.09,16.4874154723043,0.281822785647493,21,0.918154761904762
250,B4_K05_I01-03-04-05-07,Branch4,PowerREV,5,5,1/3/4/5/7,0/90/135/180/270,1,3,Location3,1,,95.8884891043574,2.43580428350657,-0.1025,0.993824682728297,0.0424999999999999,8.37227853953572,0.771238624933775,21,1
250,B4_K05_I01-03-04-05-07,Branch4,PowerREV,5,5,1/3/4/5/7,0/90/135/180/270,1,4,Location4,1,,68.8898479495434,1.71913132087781,0.36,0.932469838654313,0.0299999999999999,5.00357370735474,0.645614756767094,21,0.953869047619048
251,B4_K05_I01-03-04-05-08,Branch4,PowerREV,5,5,1/3/4/5/8,0/90/135/180/315,1,1,Location1,1,,122.818688285915,-9.2068962213459,-0.535,0.829563138043151,-0.16,11.9850090552187,0.541389908132379,21,0.898809523809524
251,B4_K05_I01-03-04-05-08,Branch4,PowerREV,5,5,1/3/4/5/8,0/90/135/180/315,1,2,Location2,1,,144.312092653047,-6.17122147831452,-0.8075,0.579989224037826,-0.1075,17.5043000280774,0.255688680230645,21,0.901785714285714
251,B4_K05_I01-03-04-05-08,Branch4,PowerREV,5,5,1/3/4/5/8,0/90/135/180/315,1,3,Location3,1,,95.8878786990507,2.29244277595588,-0.1025,0.993928443098395,0.0399999999999999,8.27053568153326,0.750295554866078,21,1
251,B4_K05_I01-03-04-05-08,Branch4,PowerREV,5,5,1/3/4/5/8,0/90/135/180/315,1,4,Location4,1,,69.0449601404304,1.57583259975216,0.3575,0.933508168148517,0.0274999999999999,4.87170832758958,0.613950090935695,21,0.952380952380952
252,B4_K05_I01-03-04-05-09,Branch4,PowerREV,5,4,1/3/4/5/9,0/90/135/180/360,1,1,Location1,1,,122.631246389304,-9.06181695393534,-0.5325,0.831647461368097,-0.1575,11.7523866633935,0.502078201224146,21,0.873511904761905
252,B4_K05_I01-03-04-05-09,Branch4,PowerREV,5,4,1/3/4/5/9,0/90/135/180/360,1,2,Location2,1,,144.604664718901,-6.45944977735508,-0.81,0.57553779198242,-0.1125,17.8446857009606,0.228540330647955,21,0.864583333333333
252,B4_K05_I01-03-04-05-09,Branch4,PowerREV,5,4,1/3/4/5/9,0/90/135/180/360,1,3,Location3,1,,95.8878786990507,2.29244277595588,-0.1025,0.993928443098395,0.0399999999999999,8.27053568153326,0.730878767781588,21,1
252,B4_K05_I01-03-04-05-09,Branch4,PowerREV,5,4,1/3/4/5/9,0/90/135/180/360,1,4,Location4,1,,69.1967579819565,1.71913132087781,0.355,0.934384824363067,0.0299999999999999,5.02973085550508,0.581209576255895,21,0.938988095238095
253,B4_K05_I01-03-04-06-07,Branch4,PowerREV,5,5,1/3/4/6/7,0/90/135/225/270,1,1,Location1,1,,122.833986348658,-9.35203505756315,-0.535,0.82907704708308,-0.1625,12.0707025089191,0.599218612544612,21,0.901785714285714
253,B4_K05_I01-03-04-06-07,Branch4,PowerREV,5,5,1/3/4/6/7,0/90/135/225/270,1,2,Location2,1,,143.633925674789,-4.73228037895821,-0.8025,0.590920891490561,-0.0825,16.6228504728193,0.29831735531964,21,0.925595238095238
253,B4_K05_I01-03-04-06-07,Branch4,PowerREV,5,5,1/3/4/6/7,0/90/135/225/270,1,3,Location3,1,,95.8884891043574,2.43580428350657,-0.1025,0.993824682728297,0.0424999999999999,8.37227853953572,0.771301072976039,21,1
253,B4_K05_I01-03-04-06-07,Branch4,PowerREV,5,5,1/3/4/6/7,0/90/135/225/270,1,4,Location4,1,,68.888118034059,1.86244079953198,0.36,0.932386052019227,0.0324999999999999,5.14658169849668,0.635115631500816,21,0.955357142857143
254,B4_K05_I01-03-04-06-08,Branch4,PowerREV,5,5,1/3/4/6/8,0/90/135/225/315,1,1,Location1,1,,122.803648507146,-9.06181695393534,-0.535,0.830041414629415,-0.1575,11.9007118142778,0.582488757859492,21,0.90327380952381
254,B4_K05_I01-03-04-06-08,Branch4,PowerREV,5,5,1/3/4/6/8,0/90/135/225/315,1,2,Location2,1,,143.667256322953,-5.01980013167812,-0.8025,0.590201236867562,-0.0875,16.6901805169901,0.289484721013541,21,0.93452380952381
254,B4_K05_I01-03-04-06-08,Branch4,PowerREV,5,5,1/3/4/6/8,0/90/135/225/315,1,3,Location3,1,,95.8884891043574,2.43580428350657,-0.1025,0.993824682728297,0.0424999999999999,8.37227853953572,0.763169839295996,21,1
254,B4_K05_I01-03-04-06-08,Branch4,PowerREV,5,5,1/3/4/6/8,0/90/135/225/315,1,4,Location4,1,,69.0449601404304,1.57583259975216,0.3575,0.933508168148517,0.0274999999999999,4.87170832758958,0.617549288954237,21,0.959821428571429
255,B4_K05_I01-03-04-06-09,Branch4,PowerREV,5,4,1/3/4/6/9,0/90/135/225/360,1,1,Location1,1,,122.991525201423,-9.2068962213459,-0.5375,0.827945499414062,-0.16,12.1334478650566,0.562867838423095,21,0.898809523809524
255,B4_K05_I01-03-04-06-09,Branch4,PowerREV,5,4,1/3/4/6/9,0/90/135/225/360,1,2,Location2,1,,143.376450948356,-4.58856573578583,-0.8,0.59464274989274,-0.08,16.3521859430315,0.291602289006014,21,0.918154761904762
255,B4_K05_I01-03-04-06-09,Branch4,PowerREV,5,4,1/3/4/6/9,0/90/135/225/360,1,3,Location3,1,,95.7443781502486,2.43580428350657,-0.1,0.99407934793959,0.0424999999999999,8.27165546653221,0.763419534109835,21,1
255,B4_K05_I01-03-04-06-09,Branch4,PowerREV,5,4,1/3/4/6/9,0/90/135/225/360,1,4,Location4,1,,69.0416655384098,1.86244079953198,0.3575,0.933347470131033,0.0324999999999999,5.15698973655785,0.626922416709105,21,0.961309523809524
256,B4_K05_I01-03-04-07-08,Branch4,PowerREV,5,5,1/3/4/7/8,0/90/135/270/315,1,1,Location1,1,,122.849543753022,-9.49723446851704,-0.535,0.82858312799622,-0.165,12.1577667257075,0.558840965547332,21,0.880952380952381
256,B4_K05_I01-03-04-07-08,Branch4,PowerREV,5,5,1/3/4/7/8,0/90/135/270/315,1,2,Location2,1,,143.946339648551,-5.3074466746303,-0.805,0.58601941094131,-0.0925,17.0042954972734,0.285263869740316,21,0.921130952380952
256,B4_K05_I01-03-04-07-08,Branch4,PowerREV,5,5,1/3/4/7/8,0/90/135/270/315,1,3,Location3,1,,95.8878786990507,2.29244277595588,-0.1025,0.993928443098395,0.0399999999999999,8.27053568153326,0.763406427454179,21,1
256,B4_K05_I01-03-04-07-08,Branch4,PowerREV,5,5,1/3/4/7/8,0/90/135/270/315,1,4,Location4,1,,69.0416655384098,1.86244079953198,0.3575,0.933347470131033,0.0324999999999999,5.15698973655785,0.614573679861001,21,0.949404761904762
257,B4_K05_I01-03-04-07-09,Branch4,PowerREV,5,4,1/3/4/7/9,0/90/135/270/360,1,1,Location1,1,,123.022585491893,-9.49723446851704,-0.5375,0.826963572353704,-0.165,12.3046281920336,0.584865702317099,21,0.898809523809524
257,B4_K05_I01-03-04-07-09,Branch4,PowerREV,5,4,1/3/4/7/9,0/90/135/270/360,1,2,Location2,1,,143.928240120886,-5.16360709084638,-0.805,0.586408560646926,-0.09,16.9666819329403,0.302250298664414,21,0.924107142857143
257,B4_K05_I01-03-04-07-09,Branch4,PowerREV,5,4,1/3/4/7/9,0/90/135/270/360,1,3,Location3,1,,95.743782785421,2.29244277595588,-0.1,0.994183081730925,0.0399999999999999,8.16867893876482,0.774370560309203,21,1
257,B4_K05_I01-03-04-07-09,Branch4,PowerREV,5,4,1/3/4/7/9,0/90/135/270/360,1,4,Location4,1,,69.0416655384098,1.86244079953198,0.3575,0.933347470131033,0.0324999999999999,5.15698973655785,0.647585227586423,21,0.949404761904762
258,B4_K05_I01-03-04-08-09,Branch4,PowerREV,5,4,1/3/4/8/9,0/90/135/315/360,1,1,Location1,1,,122.504467112459,-9.49723446851704,-0.53,0.831790237980706,-0.165,11.8669047856171,0.513267622121737,21,0.866071428571429
258,B4_K05_I01-03-04-08-09,Branch4,PowerREV,5,4,1/3/4/8/9,0/90/135/315/360,1,2,Location2,1,,143.946339648551,-5.3074466746303,-0.805,0.58601941094131,-0.0925,17.0042954972734,0.219915881308911,21,0.828869047619048
258,B4_K05_I01-03-04-08-09,Branch4,PowerREV,5,4,1/3/4/8/9,0/90/135/315/360,1,3,Location3,1,,95.7443781502486,2.43580428350657,-0.1,0.99407934793959,0.0424999999999999,8.27165546653221,0.729143600035515,21,1
258,B4_K05_I01-03-04-08-09,Branch4,PowerREV,5,4,1/3/4/8/9,0/90/135/315/360,1,4,Location4,1,,69.1983238133349,1.57583259975216,0.355,0.934461743465189,0.0274999999999999,4.8876061952048,0.558570437030594,21,0.919642857142857
259,B4_K05_I01-03-05-06-07,Branch4,PowerREV,5,5,1/3/5/6/7,0/90/180/225/270,1,1,Location1,1,,122.676838799508,-9.49723446851704,-0.5325,0.830191995866017,-0.165,12.0118530834737,0.578591214892461,21,0.897321428571429
259,B4_K05_I01-03-05-06-07,Branch4,PowerREV,5,5,1/3/5/6/7,0/90/180/225/270,1,2,Location2,1,,143.650337278282,-4.87602486961296,-0.8025,0.590566465353393,-0.085,16.6556883643547,0.291957027515292,21,0.927083333333333
259,B4_K05_I01-03-05-06-07,Branch4,PowerREV,5,5,1/3/5/6/7,0/90/180/225/270,1,3,Location3,1,,95.8884891043574,2.43580428350657,-0.1025,0.993824682728297,0.0424999999999999,8.37227853953572,0.769430895584388,21,1
259,B4_K05_I01-03-05-06-07,Branch4,PowerREV,5,5,1/3/5/6/7,0/90/180/225/270,1,4,Location4,1,,68.8898479495434,1.71913132087781,0.36,0.932469838654313,0.0299999999999999,5.00357370735474,0.632175610205868,21,0.959821428571429
260,B4_K05_I01-03-05-06-08,Branch4,PowerREV,5,5,1/3/5/6/8,0/90/180/225/315,1,1,Location1,1,,122.616561332612,-8.91679625299095,-0.5325,0.83211702902897,-0.155,11.6687104629037,0.56980517149877,21,0.895833333333333
260,B4_K05_I01-03-05-06-08,Branch4,PowerREV,5,5,1/3/5/6/8,0/90/180/225/315,1,2,Location2,1,,143.946339648551,-5.3074466746303,-0.805,0.58601941094131,-0.0925,17.0042954972734,0.290434495803891,21,0.936011904761905
260,B4_K05_I01-03-05-06-08,Branch4,PowerREV,5,5,1/3/5/6/8,0/90/180/225/315,1,3,Location3,1,,95.8884891043574,2.43580428350657,-0.1025,0.993824682728297,0.0424999999999999,8.37227853953572,0.76228097161236,21,1
260,B4_K05_I01-03-05-06-08,Branch4,PowerREV,5,5,1/3/5/6/8,0/90/180/225/315,1,4,Location4,1,,69.0449601404304,1.57583259975216,0.3575,0.933508168148517,0.0274999999999999,4.87170832758958,0.630112901135832,21,0.964285714285714
261,B4_K05_I01-03-05-06-09,Branch4,PowerREV,5,4,1/3/5/6/9,0/90/180/225/360,1,1,Location1,1,,122.774339673063,-8.7718331196937,-0.535,0.830974578431856,-0.1525,11.736409343889,0.550927282409533,21,0.897321428571429
261,B4_K05_I01-03-05-06-09,Branch4,PowerREV,5,4,1/3/5/6/9,0/90/180/225/360,1,2,Location2,1,,143.702623124417,-5.3074466746303,-0.8025,0.589438291935636,-0.0925,16.7641002986764,0.280602498433169,21,0.901785714285714
261,B4_K05_I01-03-05-06-09,Branch4,PowerREV,5,4,1/3/5/6/9,0/90/180/225/360,1,3,Location3,1,,95.8884891043574,2.43580428350657,-0.1025,0.993824682728297,0.0424999999999999,8.37227853953572,0.755658842929964,21,1
261,B4_K05_I01-03-05-06-09,Branch4,PowerREV,5,4,1/3/5/6/9,0/90/180/225/360,1,4,Location4,1,,69.0464010394974,1.4325437375665,0.3575,0.933578464833032,0.0249999999999999,4.72912490366468,0.625890426740578,21,0.958333333333333
262,B4_K05_I01-03-05-07-08,Branch4,PowerREV,5,5,1/3/5/7/8,0/90/180/270/315,1,1,Location1,1,,122.818688285915,-9.2068962213459,-0.535,0.829563138043151,-0.16,11.9850090552187,0.583192030286219,21,0.897321428571429
262,B4_K05_I01-03-05-07-08,Branch4,PowerREV,5,5,1/3/5/7/8,0/90/180/270/315,1,2,Location2,1,,143.928240120886,-5.16360709084638,-0.805,0.586408560646926,-0.09,16.9666819329403,0.289261065241189,21,0.919642857142857
262,B4_K05_I01-03-05-07-08,Branch4,PowerREV,5,5,1/3/5/7/8,0/90/180/270/315,1,3,Location3,1,,95.8878786990507,2.29244277595588,-0.1025,0.993928443098395,0.0399999999999999,8.27053568153326,0.768683272473339,21,1
262,B4_K05_I01-03-05-07-08,Branch4,PowerREV,5,5,1/3/5/7/8,0/90/180/270/315,1,4,Location4,1,,68.8914390956087,1.57583259975216,0.36,0.932546915709875,0.0274999999999999,4.86058692263444,0.651097136711183,21,0.958333333333333
263,B4_K05_I01-03-05-07-09,Branch4,PowerREV,5,4,1/3/5/7/9,0/90/180/270/360,1,1,Location1,1,,123.006924797102,-9.35203505756315,-0.5375,0.827458458171768,-0.1625,12.2183531178971,0.595099285226233,21,0.90327380952381
263,B4_K05_I01-03-05-07-09,Branch4,PowerREV,5,4,1/3/5/7/9,0/90/180/270/360,1,2,Location2,1,,143.928240120886,-5.16360709084638,-0.805,0.586408560646926,-0.09,16.9666819329403,0.295730951846074,21,0.922619047619048
263,B4_K05_I01-03-05-07-09,Branch4,PowerREV,5,4,1/3/5/7/9,0/90/180/270/360,1,3,Location3,1,,95.8884891043574,2.43580428350657,-0.1025,0.993824682728297,0.0424999999999999,8.37227853953572,0.772823403963477,21,1
263,B4_K05_I01-03-05-07-09,Branch4,PowerREV,5,4,1/3/5/7/9,0/90/180/270/360,1,4,Location4,1,,68.8914390956087,1.57583259975216,0.36,0.932546915709875,0.0274999999999999,4.86058692263444,0.652705760264583,21,0.959821428571429
264,B4_K05_I01-03-05-08-09,Branch4,PowerREV,5,4,1/3/5/8/9,0/90/180/315/360,1,1,Location1,1,,122.803648507146,-9.06181695393534,-0.535,0.830041414629415,-0.1575,11.9007118142778,0.555976102257783,21,0.90625
264,B4_K05_I01-03-05-08-09,Branch4,PowerREV,5,4,1/3/5/8/9,0/90/180/315/360,1,2,Location2,1,,144.538188871098,-6.0271665601311,-0.81,0.576953204341565,-0.105,17.6996056457791,0.247836073139005,21,0.892857142857143
264,B4_K05_I01-03-05-08-09,Branch4,PowerREV,5,4,1/3/5/8/9,0/90/180/315/360,1,3,Location3,1,,95.8884891043574,2.43580428350657,-0.1025,0.993824682728297,0.0424999999999999,8.37227853953572,0.750937581826712,21,1
264,B4_K05_I01-03-05-08-09,Branch4,PowerREV,5,4,1/3/5/8/9,0/90/180/315/360,1,4,Location4,1,,69.0477044535588,1.28926383628796,0.3575,0.933642062034482,0.0224999999999999,4.58658178583189,0.621253456892907,21,0.959821428571429
265,B4_K05_I01-03-06-07-08,Branch4,PowerREV,5,5,1/3/6/7/8,0/90/225/270/315,1,1,Location1,1,,122.631246389304,-9.06181695393534,-0.5325,0.831647461368097,-0.1575,11.7523866633935,0.603337902613658,21,0.888392857142857
265,B4_K05_I01-03-06-07-08,Branch4,PowerREV,5,5,1/3/6/7/8,0/90/225/270/315,1,2,Location2,1,,143.392216961646,-4.73228037895821,-0.8,0.594301060069726,-0.0825,16.3834900282326,0.276864977846993,21,0.925595238095238
265,B4_K05_I01-03-06-07-08,Branch4,PowerREV,5,5,1/3/6/7/8,0/90/225/270/315,1,3,Location3,1,,95.8878786990507,2.29244277595588,-0.1025,0.993928443098395,0.0399999999999999,8.27053568153326,0.762039325823559,21,1
265,B4_K05_I01-03-06-07-08,Branch4,PowerREV,5,5,1/3/6/7/8,0/90/225/270/315,1,4,Location4,1,,69.0433816711824,1.71913132087781,0.3575,0.933431170467325,0.0299999999999999,5.01433039477221,0.627942078435832,21,0.953869047619048
266,B4_K05_I01-03-06-07-09,Branch4,PowerREV,5,4,1/3/6/7/9,0/90/225/270/360,1,1,Location1,1,,122.833986348658,-9.35203505756315,-0.535,0.82907704708308,-0.1625,12.0707025089191,0.599072943834551,21,0.894345238095238
266,B4_K05_I01-03-06-07-09,Branch4,PowerREV,5,4,1/3/6/7/9,0/90/225/270/360,1,2,Location2,1,,143.587720428338,-4.30122230467036,-0.8025,0.591919546898056,-0.075,16.5343249680969,0.295828277376912,21,0.921130952380952
266,B4_K05_I01-03-06-07-09,Branch4,PowerREV,5,4,1/3/6/7/9,0/90/225/270/360,1,3,Location3,1,,95.8884891043574,2.43580428350657,-0.1025,0.993824682728297,0.0424999999999999,8.37227853953572,0.766773399320011,21,1
266,B4_K05_I01-03-06-07-09,Branch4,PowerREV,5,4,1/3/6/7/9,0/90/225/270/360,1,4,Location4,1,,68.8898479495434,1.71913132087781,0.36,0.932469838654313,0.0299999999999999,5.00357370735474,0.641289735842833,21,0.959821428571429
267,B4_K05_I01-03-06-08-09,Branch4,PowerREV,5,4,1/3/6/8/9,0/90/225/315/360,1,1,Location1,1,,122.631246389304,-9.06181695393534,-0.5325,0.831647461368097,-0.1575,11.7523866633935,0.585077260674814,21,0.900297619047619
267,B4_K05_I01-03-06-08-09,Branch4,PowerREV,5,4,1/3/6/8/9,0/90/225/315/360,1,2,Location2,1,,144.138257942844,-4.87602486961296,-0.8075,0.58371118714652,-0.085,17.1384751886569,0.288812242325772,21,0.924107142857143
267,B4_K05_I01-03-06-08-09,Branch4,PowerREV,5,4,1/3/6/8/9,0/90/225/315/360,1,3,Location3,1,,95.8884891043574,2.43580428350657,-0.1025,0.993824682728297,0.0424999999999999,8.37227853953572,0.759627671351106,21,1
267,B4_K05_I01-03-06-08-09,Branch4,PowerREV,5,4,1/3/6/8/9,0/90/225/315/360,1,4,Location4,1,,69.0449601404304,1.57583259975216,0.3575,0.933508168148517,0.0274999999999999,4.87170832758958,0.631068463747959,21,0.958333333333333
268,B4_K05_I01-03-07-08-09,Branch4,PowerREV,5,4,1/3/7/8/9,0/90/270/315/360,1,1,Location1,1,,123.006924797102,-9.35203505756315,-0.5375,0.827458458171768,-0.1625,12.2183531178971,0.564075318756427,21,0.880952380952381
268,B4_K05_I01-03-07-08-09,Branch4,PowerREV,5,4,1/3/7/8/9,0/90/270/315/360,1,2,Location2,1,,143.946339648551,-5.3074466746303,-0.805,0.58601941094131,-0.0925,17.0042954972734,0.276288633952245,21,0.869047619047619
268,B4_K05_I01-03-07-08-09,Branch4,PowerREV,5,4,1/3/7/8/9,0/90/270/315/360,1,3,Location3,1,,95.8878786990507,2.29244277595588,-0.1025,0.993928443098395,0.0399999999999999,8.27053568153326,0.750792380114056,21,1
268,B4_K05_I01-03-07-08-09,Branch4,PowerREV,5,4,1/3/7/8/9,0/90/270/315/360,1,4,Location4,1,,69.0416655384098,1.86244079953198,0.3575,0.933347470131033,0.0324999999999999,5.15698973655785,0.61888779116362,21,0.943452380952381
269,B4_K05_I01-04-05-06-07,Branch4,PowerREV,5,5,1/4/5/6/7,0/135/180/225/270,1,1,Location1,1,,123.195967581782,-9.49723446851704,-0.54,0.82533326602046,-0.165,12.452420828803,0.569287056489352,21,0.913690476190476
269,B4_K05_I01-04-05-06-07,Branch4,PowerREV,5,5,1/4/5/6/7,0/135/180/225/270,1,2,Location2,1,,143.877027170779,-4.73228037895821,-0.805,0.587510638201556,-0.0825,16.8636420220125,0.259745843095049,21,0.897321428571429
269,B4_K05_I01-04-05-06-07,Branch4,PowerREV,5,5,1/4/5/6/7,0/135/180/225/270,1,3,Location3,1,,95.8884891043574,2.43580428350657,-0.1025,0.993824682728297,0.0424999999999999,8.37227853953572,0.77029298902838,21,1
269,B4_K05_I01-04-05-06-07,Branch4,PowerREV,5,5,1/4/5/6/7,0/135/180/225/270,1,4,Location4,1,,68.886249246736,2.00576193490982,0.36,0.93229555399562,0.0349999999999999,5.28961108043064,0.601024319763958,21,0.959821428571429
270,B4_K05_I01-04-05-06-08,Branch4,PowerREV,5,5,1/4/5/6/8,0/135/180/225/315,1,1,Location1,1,,122.991525201423,-9.2068962213459,-0.5375,0.827945499414062,-0.16,12.1334478650566,0.568107861856888,21,0.90327380952381
270,B4_K05_I01-04-05-06-08,Branch4,PowerREV,5,5,1/4/5/6/8,0/135/180/225/315,1,2,Location2,1,,143.684684393117,-5.16360709084638,-0.8025,0.589825185966147,-0.09,16.7263201816587,0.26235633319413,21,0.897321428571429
270,B4_K05_I01-04-05-06-08,Branch4,PowerREV,5,5,1/4/5/6/8,0/135/180/225/315,1,3,Location3,1,,95.8884891043574,2.43580428350657,-0.1025,0.993824682728297,0.0424999999999999,8.37227853953572,0.755354011931961,21,1
270,B4_K05_I01-04-05-06-08,Branch4,PowerREV,5,5,1/4/5/6/8,0/135/180/225/315,1,4,Location4,1,,68.8898479495434,1.71913132087781,0.36,0.932469838654313,0.0299999999999999,5.00357370735474,0.590663657799416,21,0.961309523809524
271,B4_K05_I01-04-05-06-09,Branch4,PowerREV,5,4,1/4/5/6/9,0/135/180/225/360,1,1,Location1,1,,123.195967581782,-9.49723446851704,-0.54,0.82533326602046,-0.165,12.452420828803,0.51417978160678,21,0.898809523809524
271,B4_K05_I01-04-05-06-09,Branch4,PowerREV,5,4,1/4/5/6/9,0/135/180/225/360,1,2,Location2,1,,144.582525669319,-4.44488001787759,-0.8125,0.577786725358068,-0.0775,17.5350065044706,0.248559693719449,21,0.885416666666667
271,B4_K05_I01-04-05-06-09,Branch4,PowerREV,5,4,1/4/5/6/9,0/135/180/225/360,1,3,Location3,1,,95.8891367114247,2.57918105164837,-0.1025,0.993714622011773,0.0449999999999999,8.47525337559886,0.75408504353232,21,1
271,B4_K05_I01-04-05-06-09,Branch4,PowerREV,5,4,1/4/5/6/9,0/135/180/225/360,1,4,Location4,1,,68.8898479495434,1.71913132087781,0.36,0.932469838654313,0.0299999999999999,5.00357370735474,0.575853254129535,21,0.949404761904762
272,B4_K05_I01-04-05-07-08,Branch4,PowerREV,5,5,1/4/5/7/8,0/135/180/270/315,1,1,Location1,1,,123.038508373149,-9.64249546379557,-0.5375,0.826460827867843,-0.1675,12.3922485773178,0.565488600381473,21,0.885416666666667
272,B4_K05_I01-04-05-07-08,Branch4,PowerREV,5,5,1/4/5/7/8,0/135/180/270/315,1,2,Location2,1,,143.442529225153,-5.16360709084638,-0.8,0.593211597998556,-0.09,16.4874154723043,0.280764965363386,21,0.885416666666667
272,B4_K05_I01-04-05-07-08,Branch4,PowerREV,5,5,1/4/5/7/8,0/135/180/270/315,1,3,Location3,1,,95.8884891043574,2.43580428350657,-0.1025,0.993824682728297,0.0424999999999999,8.37227853953572,0.764488692288913,21,1
272,B4_K05_I01-04-05-07-08,Branch4,PowerREV,5,5,1/4/5/7/8,0/135/180/270/315,1,4,Location4,1,,69.0416655384098,1.86244079953198,0.3575,0.933347470131033,0.0324999999999999,5.15698973655785,0.611057470946853,21,0.949404761904762
273,B4_K05_I01-04-05-07-09,Branch4,PowerREV,5,4,1/4/5/7/9,0/135/180/270/360,1,1,Location1,1,,123.228289783094,-9.78781905671397,-0.54,0.824317899842045,-0.17,12.6274334821224,0.579292816445793,21,0.891369047619048
273,B4_K05_I01-04-05-07-09,Branch4,PowerREV,5,4,1/4/5/7/9,0/135/180/270/360,1,2,Location2,1,,143.893585517872,-4.87602486961296,-0.805,0.587154153523587,-0.085,16.8963485690724,0.296610240043247,21,0.888392857142857
273,B4_K05_I01-04-05-07-09,Branch4,PowerREV,5,4,1/4/5/7/9,0/135/180/270/360,1,3,Location3,1,,95.8884891043574,2.43580428350657,-0.1025,0.993824682728297,0.0424999999999999,8.37227853953572,0.774432359157934,21,1
273,B4_K05_I01-04-05-07-09,Branch4,PowerREV,5,4,1/4/5/7/9,0/135/180/270/360,1,4,Location4,1,,68.888118034059,1.86244079953198,0.36,0.932386052019227,0.0324999999999999,5.14658169849668,0.641257085362969,21,0.952380952380952
274,B4_K05_I01-04-05-08-09,Branch4,PowerREV,5,4,1/4/5/8/9,0/135/180/315/360,1,1,Location1,1,,123.022585491893,-9.49723446851704,-0.5375,0.826963572353704,-0.165,12.3046281920336,0.526644526055004,21,0.866071428571429
274,B4_K05_I01-04-05-08-09,Branch4,PowerREV,5,4,1/4/5/8/9,0/135/180/315/360,1,2,Location2,1,,144.787218188963,-6.0271665601311,-0.8125,0.573427196773924,-0.105,17.9435236827404,0.231820377081891,21,0.842261904761905
274,B4_K05_I01-04-05-08-09,Branch4,PowerREV,5,4,1/4/5/8/9,0/135/180/315/360,1,3,Location3,1,,95.8891367114247,2.57918105164837,-0.1025,0.993714622011773,0.0449999999999999,8.47525337559886,0.728585873342943,21,1
274,B4_K05_I01-04-05-08-09,Branch4,PowerREV,5,4,1/4/5/8/9,0/135/180/315/360,1,4,Location4,1,,69.0433816711824,1.71913132087781,0.3575,0.933431170467325,0.0299999999999999,5.01433039477221,0.559632698859454,21,0.943452380952381
275,B4_K05_I01-04-06-07-08,Branch4,PowerREV,5,5,1/4/6/7/8,0/135/225/270/315,1,1,Location1,1,,123.022585491893,-9.49723446851704,-0.5375,0.826963572353704,-0.165,12.3046281920336,0.588096918138439,21,0.90327380952381
275,B4_K05_I01-04-06-07-08,Branch4,PowerREV,5,5,1/4/6/7/8,0/135/225/270/315,1,2,Location2,1,,143.702623124417,-5.3074466746303,-0.8025,0.589438291935636,-0.0925,16.7641002986764,0.27390448964844,21,0.915178571428571
275,B4_K05_I01-04-06-07-08,Branch4,PowerREV,5,5,1/4/6/7/8,0/135/225/270/315,1,3,Location3,1,,95.8884891043574,2.43580428350657,-0.1025,0.993824682728297,0.0424999999999999,8.37227853953572,0.768346480386036,21,1
275,B4_K05_I01-04-06-07-08,Branch4,PowerREV,5,5,1/4/6/7/8,0/135/225/270/315,1,4,Location4,1,,68.886249246736,2.00576193490982,0.36,0.93229555399562,0.0349999999999999,5.28961108043064,0.606626042425743,21,0.956845238095238
276,B4_K05_I01-04-06-07-09,Branch4,PowerREV,5,4,1/4/6/7/9,0/135/225/270/360,1,1,Location1,1,,123.038508373149,-9.64249546379557,-0.5375,0.826460827867843,-0.1675,12.3922485773178,0.598066569506802,21,0.912202380952381
276,B4_K05_I01-04-06-07-09,Branch4,PowerREV,5,4,1/4/6/7/9,0/135/225/270/360,1,2,Location2,1,,143.633925674789,-4.73228037895821,-0.8025,0.590920891490561,-0.0825,16.6228504728193,0.299241014364311,21,0.907738095238095
276,B4_K05_I01-04-06-07-09,Branch4,PowerREV,5,4,1/4/6/7/9,0/135/225/270/360,1,3,Location3,1,,95.8884891043574,2.43580428350657,-0.1025,0.993824682728297,0.0424999999999999,8.37227853953572,0.777655485167702,21,1
276,B4_K05_I01-04-06-07-09,Branch4,PowerREV,5,4,1/4/6/7/9,0/135/225/270/360,1,4,Location4,1,,68.886249246736,2.00576193490982,0.36,0.93229555399562,0.0349999999999999,5.28961108043064,0.632784775734655,21,0.956845238095238
277,B4_K05_I01-04-06-08-09,Branch4,PowerREV,5,4,1/4/6/8/9,0/135/225/315/360,1,1,Location1,1,,123.022585491893,-9.49723446851704,-0.5375,0.826963572353704,-0.165,12.3046281920336,0.575518591210149,21,0.90625
277,B4_K05_I01-04-06-08-09,Branch4,PowerREV,5,4,1/4/6/8/9,0/135/225/315/360,1,2,Location2,1,,143.667256322953,-5.01980013167812,-0.8025,0.590201236867562,-0.0875,16.6901805169901,0.278822375080926,21,0.910714285714286
277,B4_K05_I01-04-06-08-09,Branch4,PowerREV,5,4,1/4/6/8/9,0/135/225/315/360,1,3,Location3,1,,95.8891367114247,2.57918105164837,-0.1025,0.993714622011773,0.0449999999999999,8.47525337559886,0.760799748524167,21,1
277,B4_K05_I01-04-06-08-09,Branch4,PowerREV,5,4,1/4/6/8/9,0/135/225/315/360,1,4,Location4,1,,68.888118034059,1.86244079953198,0.36,0.932386052019227,0.0324999999999999,5.14658169849668,0.602395641859318,21,0.958333333333333
278,B4_K05_I01-04-07-08-09,Branch4,PowerREV,5,4,1/4/7/8/9,0/135/270/315/360,1,1,Location1,1,,123.054694549299,-9.78781905671397,-0.5375,0.825950210363797,-0.17,12.481190090667,0.591407850510835,21,0.888392857142857
278,B4_K05_I01-04-07-08-09,Branch4,PowerREV,5,4,1/4/7/8/9,0/135/270/315/360,1,2,Location2,1,,143.478598310913,-5.45131981241778,-0.8,0.592431430631427,-0.095,16.5649723325997,0.303520102664871,21,0.901785714285714
278,B4_K05_I01-04-07-08-09,Branch4,PowerREV,5,4,1/4/7/8/9,0/135/270/315/360,1,3,Location3,1,,95.8884891043574,2.43580428350657,-0.1025,0.993824682728297,0.0424999999999999,8.37227853953572,0.76982806422249,21,1
278,B4_K05_I01-04-07-08-09,Branch4,PowerREV,5,4,1/4/7/8/9,0/135/270/315/360,1,4,Location4,1,,69.0378198679816,2.14909562686401,0.3575,0.933159954134338,0.0374999999999999,5.44241601050701,0.629373360215828,21,0.946428571428571
279,B4_K05_I01-05-06-07-08,Branch4,PowerREV,5,5,1/5/6/7/8,0/180/225/270/315,1,1,Location1,1,,123.054694549299,-9.78781905671397,-0.5375,0.825950210363797,-0.17,12.4811900906669,0.538316175172309,21,0.883928571428571
279,B4_K05_I01-05-06-07-08,Branch4,PowerREV,5,5,1/5/6/7/8,0/180/225/270/315,1,2,Location2,1,,143.361184830953,-4.44488001787759,-0.8,0.594973738916265,-0.0775,16.3225615992363,0.254782443870695,21,0.873511904761905
279,B4_K05_I01-05-06-07-08,Branch4,PowerREV,5,5,1/5/6/7/8,0/180/225/270/315,1,3,Location3,1,,95.8884891043574,2.43580428350657,-0.1025,0.993824682728297,0.0424999999999999,8.37227853953572,0.7494653880865,21,1
279,B4_K05_I01-05-06-07-08,Branch4,PowerREV,5,5,1/5/6/7/8,0/180/225/270/315,1,4,Location4,1,,69.1967579819565,1.71913132087781,0.355,0.934384824363067,0.0299999999999999,5.02973085550508,0.53094750613272,21,0.94047619047619
280,B4_K05_I01-05-06-07-09,Branch4,PowerREV,5,4,1/5/6/7/9,0/180/225/270/360,1,1,Location1,1,,123.071145150082,-9.93320626438465,-0.5375,0.825431705230663,-0.1725,12.5714288909792,0.529456014150022,21,0.883928571428571
280,B4_K05_I01-05-06-07-09,Branch4,PowerREV,5,4,1/5/6/7/9,0/180/225/270/360,1,2,Location2,1,,143.052829768696,-3.72685314248215,-0.7975,0.599807260709638,-0.0649999999999999,15.9612235330173,0.262841746028025,21,0.864583333333333
280,B4_K05_I01-05-06-07-09,Branch4,PowerREV,5,4,1/5/6/7/9,0/180/225/270/360,1,3,Location3,1,,95.8891367114247,2.57918105164837,-0.1025,0.993714622011773,0.0449999999999999,8.47525337559886,0.757539673776767,21,1
280,B4_K05_I01-05-06-07-09,Branch4,PowerREV,5,4,1/5/6/7/9,0/180/225/270/360,1,4,Location4,1,,69.0433816711824,1.71913132087781,0.3575,0.933431170467325,0.0299999999999999,5.01433039477221,0.561791691936946,21,0.94047619047619
281,B4_K05_I01-05-06-08-09,Branch4,PowerREV,5,4,1/5/6/8/9,0/180/225/315/360,1,1,Location1,1,,122.991525201423,-9.2068962213459,-0.5375,0.827945499414062,-0.16,12.1334478650566,0.503601845402294,21,0.87797619047619
281,B4_K05_I01-05-06-08-09,Branch4,PowerREV,5,4,1/5/6/8/9,0/180/225/315/360,1,2,Location2,1,,144.537752560941,-4.01398721805631,-0.8125,0.5787432505006,-0.07,17.4573866123367,0.227623735793807,21,0.84375
281,B4_K05_I01-05-06-08-09,Branch4,PowerREV,5,4,1/5/6/8/9,0/180/225/315/360,1,3,Location3,1,,95.8891367114247,2.57918105164837,-0.1025,0.993714622011773,0.0449999999999999,8.47525337559886,0.724835496004209,21,1
281,B4_K05_I01-05-06-08-09,Branch4,PowerREV,5,4,1/5/6/8/9,0/180/225/315/360,1,4,Location4,1,,69.0449601404304,1.57583259975216,0.3575,0.933508168148517,0.0274999999999999,4.87170832758958,0.53271425753215,21,0.922619047619048
282,B4_K05_I01-05-07-08-09,Branch4,PowerREV,5,4,1/5/7/8/9,0/180/270/315/360,1,1,Location1,1,,123.054694549299,-9.78781905671397,-0.5375,0.825950210363797,-0.17,12.481190090667,0.548742001512986,21,0.886904761904762
282,B4_K05_I01-05-07-08-09,Branch4,PowerREV,5,4,1/5/7/8/9,0/180/270/315/360,1,2,Location2,1,,143.877027170779,-4.73228037895821,-0.805,0.587510638201556,-0.0825,16.8636420220125,0.275514768915828,21,0.891369047619048
282,B4_K05_I01-05-07-08-09,Branch4,PowerREV,5,4,1/5/7/8/9,0/180/270/315/360,1,3,Location3,1,,95.8891367114247,2.57918105164837,-0.1025,0.993714622011773,0.0449999999999999,8.47525337559886,0.7557766253336,21,1
282,B4_K05_I01-05-07-08-09,Branch4,PowerREV,5,4,1/5/7/8/9,0/180/270/315/360,1,4,Location4,1,,68.8914390956087,1.57583259975216,0.36,0.932546915709875,0.0274999999999999,4.86058692263444,0.586031441479453,21,0.946428571428571
283,B4_K05_I01-06-07-08-09,Branch4,PowerREV,5,4,1/6/7/8/9,0/225/270/315/360,1,1,Location1,1,,123.071145150082,-9.93320626438465,-0.5375,0.825431705230663,-0.1725,12.5714288909792,0.473915590410562,21,0.816964285714286
283,B4_K05_I01-06-07-08-09,Branch4,PowerREV,5,4,1/6/7/8/9,0/225/270/315/360,1,2,Location2,1,,143.13624445179,-4.58856573578583,-0.7975,0.597991429704473,-0.08,16.1140955535098,0.20142624908203,21,0.793154761904762
283,B4_K05_I01-06-07-08-09,Branch4,PowerREV,5,4,1/6/7/8/9,0/225/270/315/360,1,3,Location3,1,,95.8884891043574,2.43580428350657,-0.1025,0.993824682728297,0.0424999999999999,8.37227853953572,0.674642625020452,21,1
283,B4_K05_I01-06-07-08-09,Branch4,PowerREV,5,4,1/6/7/8/9,0/225/270/315/360,1,4,Location4,1,,69.0398116405854,2.00576193490982,0.3575,0.933257065336234,0.0349999999999999,5.29968523915861,0.476140397488306,21,0.891369047619048
284,B4_K05_I02-03-04-05-06,Branch4,PowerREV,5,5,2/3/4/5/6,45/90/135/180/225,1,1,Location1,1,,122.976385638365,-9.06181695393534,-0.5375,0.828424709916357,-0.1575,12.0499372541413,0.516897652687165,21,0.873511904761905
284,B4_K05_I02-03-04-05-06,Branch4,PowerREV,5,5,2/3/4/5/6,45/90/135/180/225,1,2,Location2,1,,144.059857083325,-4.15759167720182,-0.8075,0.585395165678706,-0.0725,16.9919786918736,0.223183154599595,21,0.84672619047619
284,B4_K05_I02-03-04-05-06,Branch4,PowerREV,5,5,2/3/4/5/6,45/90/135/180/225,1,3,Location3,1,,95.8891367114247,2.57918105164837,-0.1025,0.993714622011773,0.0449999999999999,8.47525337559886,0.74125132340891,21,1
284,B4_K05_I02-03-04-05-06,Branch4,PowerREV,5,5,2/3/4/5/6,45/90/135/180/225,1,4,Location4,1,,69.0433816711824,1.71913132087781,0.3575,0.933431170467325,0.0299999999999999,5.01433039477221,0.54614101570624,21,0.946428571428571
285,B4_K05_I02-03-04-05-07,Branch4,PowerREV,5,5,2/3/4/5/7,45/90/135/180/270,1,1,Location1,1,,122.833986348658,-9.35203505756315,-0.535,0.82907704708308,-0.1625,12.0707025089191,0.5683655373737,21,0.907738095238095
285,B4_K05_I02-03-04-05-07,Branch4,PowerREV,5,5,2/3/4/5/7,45/90/135/180/270,1,2,Location2,1,,143.946339648551,-5.3074466746303,-0.805,0.58601941094131,-0.0925,17.0042954972734,0.287471441461343,21,0.900297619047619
285,B4_K05_I02-03-04-05-07,Branch4,PowerREV,5,5,2/3/4/5/7,45/90/135/180/270,1,3,Location3,1,,95.8884891043574,2.43580428350657,-0.1025,0.993824682728297,0.0424999999999999,8.37227853953572,0.768973757555543,21,1
285,B4_K05_I02-03-04-05-07,Branch4,PowerREV,5,5,2/3/4/5/7,45/90/135/180/270,1,4,Location4,1,,69.0433816711824,1.71913132087781,0.3575,0.933431170467325,0.0299999999999999,5.01433039477221,0.644132113483524,21,0.949404761904762
286,B4_K05_I02-03-04-05-08,Branch4,PowerREV,5,5,2/3/4/5/8,45/90/135/180/315,1,1,Location1,1,,122.976385638365,-9.06181695393534,-0.5375,0.828424709916357,-0.1575,12.0499372541413,0.567142074096377,21,0.912202380952381
286,B4_K05_I02-03-04-05-08,Branch4,PowerREV,5,5,2/3/4/5/8,45/90/135/180/315,1,2,Location2,1,,144.044629746046,-6.0271665601311,-0.805,0.583909239522719,-0.105,17.2165414923097,0.280653729277616,21,0.915178571428571
286,B4_K05_I02-03-04-05-08,Branch4,PowerREV,5,5,2/3/4/5/8,45/90/135/180/315,1,3,Location3,1,,95.8884891043574,2.43580428350657,-0.1025,0.993824682728297,0.0424999999999999,8.37227853953572,0.754055865712297,21,1
286,B4_K05_I02-03-04-05-08,Branch4,PowerREV,5,5,2/3/4/5/8,45/90/135/180/315,1,4,Location4,1,,69.0464010394974,1.4325437375665,0.3575,0.933578464833032,0.0249999999999999,4.72912490366468,0.633166687810485,21,0.955357142857143
287,B4_K05_I02-03-04-05-09,Branch4,PowerREV,5,5,2/3/4/5/9,45/90/135/180/360,1,1,Location1,1,,122.946882447149,-8.7718331196937,-0.5375,0.829359692775095,-0.1525,11.8872006812738,0.519583777054296,21,0.869047619047619
287,B4_K05_I02-03-04-05-09,Branch4,PowerREV,5,5,2/3/4/5/9,45/90/135/180/360,1,2,Location2,1,,144.457056843998,-5.45131981241778,-0.81,0.578683851511341,-0.095,17.5281018704375,0.231670811884047,21,0.851190476190476
287,B4_K05_I02-03-04-05-09,Branch4,PowerREV,5,5,2/3/4/5/9,45/90/135/180/360,1,3,Location3,1,,95.8878786990507,2.29244277595588,-0.1025,0.993928443098395,0.0399999999999999,8.27053568153326,0.728115240321572,21,1
287,B4_K05_I02-03-04-05-09,Branch4,PowerREV,5,5,2/3/4/5/9,45/90/135/180/360,1,4,Location4,1,,69.1967579819565,1.71913132087781,0.355,0.934384824363067,0.0299999999999999,5.02973085550508,0.582081992776478,21,0.941964285714286
288,B4_K05_I02-03-04-06-07,Branch4,PowerREV,5,5,2/3/4/6/7,45/90/135/225/270,1,1,Location1,1,,122.818688285915,-9.2068962213459,-0.535,0.829563138043151,-0.16,11.9850090552187,0.548359135165022,21,0.889880952380952
288,B4_K05_I02-03-04-06-07,Branch4,PowerREV,5,5,2/3/4/6/7,45/90/135/225/270,1,2,Location2,1,,143.762819669394,-3.58332169847197,-0.805,0.58997351635476,-0.0625,16.6617809351726,0.286455405861275,21,0.910714285714286
288,B4_K05_I02-03-04-06-07,Branch4,PowerREV,5,5,2/3/4/6/7,45/90/135/225/270,1,3,Location3,1,,95.8884891043574,2.43580428350657,-0.1025,0.993824682728297,0.0424999999999999,8.37227853953572,0.76759194384542,21,1
288,B4_K05_I02-03-04-06-07,Branch4,PowerREV,5,5,2/3/4/6/7,45/90/135/225/270,1,4,Location4,1,,68.886249246736,2.00576193490982,0.36,0.93229555399562,0.0349999999999999,5.28961108043064,0.608389136679001,21,0.949404761904762
289,B4_K05_I02-03-04-06-08,Branch4,PowerREV,5,5,2/3/4/6/8,45/90/135/225/315,1,1,Location1,1,,122.788865975171,-8.91679625299095,-0.535,0.830511890342336,-0.155,11.8178365547027,0.572100115972214,21,0.901785714285714
289,B4_K05_I02-03-04-06-08,Branch4,PowerREV,5,5,2/3/4/6/8,45/90/135/225/315,1,2,Location2,1,,143.49739611047,-5.59522743552786,-0.8,0.592025126155976,-0.0975,16.6062097525257,0.321580227401664,21,0.944940476190476
289,B4_K05_I02-03-04-06-08,Branch4,PowerREV,5,5,2/3/4/6/8,45/90/135/225/315,1,3,Location3,1,,95.8884891043574,2.43580428350657,-0.1025,0.993824682728297,0.0424999999999999,8.37227853953572,0.76306131253617,21,1
289,B4_K05_I02-03-04-06-08,Branch4,PowerREV,5,5,2/3/4/6/8,45/90/135/225/315,1,4,Location4,1,,68.8914390956087,1.57583259975216,0.36,0.932546915709875,0.0274999999999999,4.86058692263444,0.625578797382039,21,0.959821428571429
290,B4_K05_I02-03-04-06-09,Branch4,PowerREV,5,5,2/3/4/6/9,45/90/135/225/360,1,1,Location1,1,,122.803648507146,-9.06181695393534,-0.535,0.830041414629415,-0.1575,11.9007118142778,0.552345143069406,21,0.900297619047619
290,B4_K05_I02-03-04-06-09,Branch4,PowerREV,5,5,2/3/4/6/9,45/90/135/225/360,1,2,Location2,1,,144.105357839724,-4.58856573578583,-0.8075,0.584417444982608,-0.08,17.0749451329039,0.28906329158685,21,0.907738095238095
290,B4_K05_I02-03-04-06-09,Branch4,PowerREV,5,5,2/3/4/6/9,45/90/135/225/360,1,3,Location3,1,,95.8884891043574,2.43580428350657,-0.1025,0.993824682728297,0.0424999999999999,8.37227853953572,0.761787532629793,21,1
290,B4_K05_I02-03-04-06-09,Branch4,PowerREV,5,5,2/3/4/6/9,45/90/135/225/360,1,4,Location4,1,,69.0433816711824,1.71913132087781,0.3575,0.933431170467325,0.0299999999999999,5.01433039477221,0.627226609423272,21,0.961309523809524
291,B4_K05_I02-03-04-07-08,Branch4,PowerREV,5,5,2/3/4/7/8,45/90/135/270/315,1,1,Location1,1,,122.818688285915,-9.2068962213459,-0.535,0.829563138043151,-0.16,11.9850090552187,0.569628163960228,21,0.895833333333333
291,B4_K05_I02-03-04-07-08,Branch4,PowerREV,5,5,2/3/4/7/8,45/90/135/270/315,1,2,Location2,1,,143.946339648551,-5.3074466746303,-0.805,0.58601941094131,-0.0925,17.0042954972734,0.293571294380954,21,0.907738095238095
291,B4_K05_I02-03-04-07-08,Branch4,PowerREV,5,5,2/3/4/7/8,45/90/135/270/315,1,3,Location3,1,,95.8878786990507,2.29244277595588,-0.1025,0.993928443098395,0.0399999999999999,8.27053568153326,0.761985244767742,21,1
291,B4_K05_I02-03-04-07-08,Branch4,PowerREV,5,5,2/3/4/7/8,45/90/135/270/315,1,4,Location4,1,,69.0416655384098,1.86244079953198,0.3575,0.933347470131033,0.0324999999999999,5.15698973655785,0.620898100479061,21,0.950892857142857
292,B4_K05_I02-03-04-07-09,Branch4,PowerREV,5,5,2/3/4/7/9,45/90/135/270/360,1,1,Location1,1,,123.022585491893,-9.49723446851704,-0.5375,0.826963572353704,-0.165,12.3046281920336,0.570607316542291,21,0.907738095238095
292,B4_K05_I02-03-04-07-09,Branch4,PowerREV,5,5,2/3/4/7/9,45/90/135/270/360,1,2,Location2,1,,143.650337278282,-4.87602486961296,-0.8025,0.590566465353393,-0.085,16.6556883643547,0.311808185497741,21,0.910714285714286
292,B4_K05_I02-03-04-07-09,Branch4,PowerREV,5,5,2/3/4/7/9,45/90/135/270/360,1,3,Location3,1,,95.8884891043574,2.43580428350657,-0.1025,0.993824682728297,0.0424999999999999,8.37227853953572,0.773335242452717,21,1
292,B4_K05_I02-03-04-07-09,Branch4,PowerREV,5,5,2/3/4/7/9,45/90/135/270/360,1,4,Location4,1,,69.0433816711824,1.71913132087781,0.3575,0.933431170467325,0.0299999999999999,5.01433039477221,0.644814482979166,21,0.958333333333333
293,B4_K05_I02-03-04-08-09,Branch4,PowerREV,5,5,2/3/4/8/9,45/90/135/315/360,1,1,Location1,1,,122.818688285915,-9.2068962213459,-0.535,0.829563138043151,-0.16,11.9850090552187,0.528067841955313,21,0.886904761904762
293,B4_K05_I02-03-04-08-09,Branch4,PowerREV,5,5,2/3/4/8/9,45/90/135/315/360,1,2,Location2,1,,143.721074204305,-5.45131981241778,-0.8025,0.589040533410053,-0.095,16.8035135090549,0.247437814469801,21,0.875
293,B4_K05_I02-03-04-08-09,Branch4,PowerREV,5,5,2/3/4/8/9,45/90/135/315/360,1,3,Location3,1,,95.8884891043574,2.43580428350657,-0.1025,0.993824682728297,0.0424999999999999,8.37227853953572,0.742149872298481,21,1
293,B4_K05_I02-03-04-08-09,Branch4,PowerREV,5,5,2/3/4/8/9,45/90/135/315/360,1,4,Location4,1,,69.0433816711824,1.71913132087781,0.3575,0.933431170467325,0.0299999999999999,5.01433039477221,0.598876445337077,21,0.94047619047619
294,B4_K05_I02-03-05-06-07,Branch4,PowerREV,5,5,2/3/5/6/7,45/90/180/225/270,1,1,Location1,1,,122.865361577332,-9.64249546379557,-0.535,0.828081366775029,-0.1675,12.2461765930869,0.5552959984194,21,0.90327380952381
294,B4_K05_I02-03-05-06-07,Branch4,PowerREV,5,5,2/3/5/6/7,45/90/180/225/270,1,2,Location2,1,,143.332146689146,-4.15759167720182,-0.8,0.5956036853479,-0.0725,16.2683757672907,0.271748937924575,21,0.898809523809524
294,B4_K05_I02-03-05-06-07,Branch4,PowerREV,5,5,2/3/5/6/7,45/90/180/225/270,1,3,Location3,1,,95.8891367114247,2.57918105164837,-0.1025,0.993714622011773,0.0449999999999999,8.47525337559886,0.763068242725216,21,1
294,B4_K05_I02-03-05-06-07,Branch4,PowerREV,5,5,2/3/5/6/7,45/90/180/225/270,1,4,Location4,1,,69.0464010394974,1.4325437375665,0.3575,0.933578464833032,0.0249999999999999,4.72912490366468,0.621848515129886,21,0.950892857142857
295,B4_K05_I02-03-05-06-08,Branch4,PowerREV,5,5,2/3/5/6/8,45/90/180/225/315,1,1,Location1,1,,122.774339673063,-8.7718331196937,-0.535,0.830974578431856,-0.1525,11.736409343889,0.57690338850396,21,0.907738095238095
295,B4_K05_I02-03-05-06-08,Branch4,PowerREV,5,5,2/3/5/6/8,45/90/180/225/315,1,2,Location2,1,,143.721074204305,-5.45131981241778,-0.8025,0.589040533410053,-0.095,16.8035135090549,0.321954191523736,21,0.9375
295,B4_K05_I02-03-05-06-08,Branch4,PowerREV,5,5,2/3/5/6/8,45/90/180/225/315,1,3,Location3,1,,95.8884891043574,2.43580428350657,-0.1025,0.993824682728297,0.0424999999999999,8.37227853953572,0.761088740497262,21,1
295,B4_K05_I02-03-05-06-08,Branch4,PowerREV,5,5,2/3/5/6/8,45/90/180/225/315,1,4,Location4,1,,69.0449601404304,1.57583259975216,0.3575,0.933508168148517,0.0274999999999999,4.87170832758958,0.637198055839426,21,0.962797619047619
296,B4_K05_I02-03-05-06-09,Branch4,PowerREV,5,5,2/3/5/6/9,45/90/180/225/360,1,1,Location1,1,,122.946882447149,-8.7718331196937,-0.5375,0.829359692775095,-0.1525,11.8872006812737,0.55773406529627,21,0.894345238095238
296,B4_K05_I02-03-05-06-09,Branch4,PowerREV,5,5,2/3/5/6/9,45/90/180/225/360,1,2,Location2,1,,143.893585517872,-4.87602486961296,-0.805,0.587154153523587,-0.085,16.8963485690724,0.28164622422387,21,0.897321428571429
296,B4_K05_I02-03-05-06-09,Branch4,PowerREV,5,5,2/3/5/6/9,45/90/180/225/360,1,3,Location3,1,,95.8884891043574,2.43580428350657,-0.1025,0.993824682728297,0.0424999999999999,8.37227853953572,0.750201382221083,21,1
296,B4_K05_I02-03-05-06-09,Branch4,PowerREV,5,5,2/3/5/6/9,45/90/180/225/360,1,4,Location4,1,,68.8928915664191,1.4325437375665,0.36,0.932617284849471,0.0249999999999999,4.71762125934191,0.624305128442388,21,0.962797619047619
297,B4_K05_I02-03-05-07-08,Branch4,PowerREV,5,5,2/3/5/7/8,45/90/180/270/315,1,1,Location1,1,,122.833986348658,-9.35203505756315,-0.535,0.82907704708308,-0.1625,12.0707025089191,0.593377100225301,21,0.912202380952381
297,B4_K05_I02-03-05-07-08,Branch4,PowerREV,5,5,2/3/5/7/8,45/90/180/270/315,1,2,Location2,1,,143.684684393117,-5.16360709084638,-0.8025,0.589825185966147,-0.09,16.7263201816587,0.314805299580618,21,0.925595238095238
297,B4_K05_I02-03-05-07-08,Branch4,PowerREV,5,5,2/3/5/7/8,45/90/180/270/315,1,3,Location3,1,,95.8884891043574,2.43580428350657,-0.1025,0.993824682728297,0.0424999999999999,8.37227853953572,0.766073670541436,21,1
297,B4_K05_I02-03-05-07-08,Branch4,PowerREV,5,5,2/3/5/7/8,45/90/180/270/315,1,4,Location4,1,,69.0449601404304,1.57583259975216,0.3575,0.933508168148517,0.0274999999999999,4.87170832758958,0.641942890290137,21,0.962797619047619
298,B4_K05_I02-03-05-07-09,Branch4,PowerREV,5,5,2/3/5/7/9,45/90/180/270/360,1,1,Location1,1,,123.006924797102,-9.35203505756315,-0.5375,0.827458458171768,-0.1625,12.2183531178971,0.606875001286514,21,0.922619047619048
298,B4_K05_I02-03-05-07-09,Branch4,PowerREV,5,5,2/3/5/7/9,45/90/180/270/360,1,2,Location2,1,,144.173225473675,-5.16360709084638,-0.8075,0.582961190818051,-0.09,17.2085275133344,0.312148883836637,21,0.921130952380952
298,B4_K05_I02-03-05-07-09,Branch4,PowerREV,5,5,2/3/5/7/9,45/90/180/270/360,1,3,Location3,1,,95.8884891043574,2.43580428350657,-0.1025,0.993824682728297,0.0424999999999999,8.37227853953572,0.769844381989842,21,1
298,B4_K05_I02-03-05-07-09,Branch4,PowerREV,5,5,2/3/5/7/9,45/90/180/270/360,1,4,Location4,1,,68.8914390956087,1.57583259975216,0.36,0.932546915709875,0.0274999999999999,4.86058692263444,0.656642542550169,21,0.961309523809524
299,B4_K05_I02-03-05-08-09,Branch4,PowerREV,5,5,2/3/5/8/9,45/90/180/315/360,1,1,Location1,1,,122.961505062079,-8.91679625299095,-0.5375,0.828896103260234,-0.155,11.9678463979394,0.581936551710214,21,0.921130952380952
299,B4_K05_I02-03-05-08-09,Branch4,PowerREV,5,5,2/3/5/8/9,45/90/180/315/360,1,2,Location2,1,,144.290669953685,-6.0271665601311,-0.8075,0.58044702600668,-0.105,17.4572876298657,0.285268753369862,21,0.907738095238095
299,B4_K05_I02-03-05-08-09,Branch4,PowerREV,5,5,2/3/5/8/9,45/90/180/315/360,1,3,Location3,1,,95.8884891043574,2.43580428350657,-0.1025,0.993824682728297,0.0424999999999999,8.37227853953572,0.754172389667891,21,1
299,B4_K05_I02-03-05-08-09,Branch4,PowerREV,5,5,2/3/5/8/9,45/90/180/315/360,1,4,Location4,1,,69.0464010394974,1.4325437375665,0.3575,0.933578464833032,0.0249999999999999,4.72912490366468,0.636171991520773,21,0.96577380952381
300,B4_K05_I02-03-06-07-08,Branch4,PowerREV,5,5,2/3/6/7/8,45/90/225/270/315,1,1,Location1,1,,122.646186963569,-9.2068962213459,-0.5325,0.831170108942809,-0.16,11.8374867342012,0.582835750094549,21,0.894345238095238
300,B4_K05_I02-03-06-07-08,Branch4,PowerREV,5,5,2/3/6/7/8,45/90/225/270/315,1,2,Location2,1,,143.151873134237,-4.73228037895821,-0.7975,0.597651654394096,-0.0825,16.1455344685618,0.268453306695728,21,0.910714285714286
300,B4_K05_I02-03-06-07-08,Branch4,PowerREV,5,5,2/3/6/7/8,45/90/225/270/315,1,3,Location3,1,,95.8884891043574,2.43580428350657,-0.1025,0.993824682728297,0.0424999999999999,8.37227853953572,0.75506203084951,21,1
300,B4_K05_I02-03-06-07-08,Branch4,PowerREV,5,5,2/3/6/7/8,45/90/225/270/315,1,4,Location4,1,,68.8898479495434,1.71913132087781,0.36,0.932469838654313,0.0299999999999999,5.00357370735474,0.617099645605315,21,0.946428571428571
301,B4_K05_I02-03-06-07-09,Branch4,PowerREV,5,5,2/3/6/7/9,45/90/225/270/360,1,1,Location1,1,,122.833986348658,-9.35203505756315,-0.535,0.82907704708308,-0.1625,12.0707025089191,0.583841131886741,21,0.891369047619048
301,B4_K05_I02-03-06-07-09,Branch4,PowerREV,5,5,2/3/6/7/9,45/90/225/270/360,1,2,Location2,1,,143.318371988854,-4.01398721805631,-0.8,0.595902676617583,-0.07,16.2438251703859,0.281087097665803,21,0.901785714285714
301,B4_K05_I02-03-06-07-09,Branch4,PowerREV,5,5,2/3/6/7/9,45/90/225/270/360,1,3,Location3,1,,95.8884891043574,2.43580428350657,-0.1025,0.993824682728297,0.0424999999999999,8.37227853953572,0.761034614889456,21,1
301,B4_K05_I02-03-06-07-09,Branch4,PowerREV,5,5,2/3/6/7/9,45/90/225/270/360,1,4,Location4,1,,69.0433816711824,1.71913132087781,0.3575,0.933431170467325,0.0299999999999999,5.01433039477221,0.635528386999303,21,0.958333333333333
302,B4_K05_I02-03-06-08-09,Branch4,PowerREV,5,5,2/3/6/8/9,45/90/225/315/360,1,1,Location1,1,,122.788865975171,-8.91679625299095,-0.535,0.830511890342336,-0.155,11.8178365547027,0.587140512560638,21,0.907738095238095
302,B4_K05_I02-03-06-08-09,Branch4,PowerREV,5,5,2/3/6/8/9,45/90/225/315/360,1,2,Location2,1,,143.684684393117,-5.16360709084638,-0.8025,0.589825185966147,-0.09,16.7263201816587,0.295629346502974,21,0.922619047619048
302,B4_K05_I02-03-06-08-09,Branch4,PowerREV,5,5,2/3/6/8/9,45/90/225/315/360,1,3,Location3,1,,95.8884891043574,2.43580428350657,-0.1025,0.993824682728297,0.0424999999999999,8.37227853953572,0.75903253677794,21,1
302,B4_K05_I02-03-06-08-09,Branch4,PowerREV,5,5,2/3/6/8/9,45/90/225/315/360,1,4,Location4,1,,68.8914390956087,1.57583259975216,0.36,0.932546915709875,0.0274999999999999,4.86058692263444,0.637909749716454,21,0.96577380952381
303,B4_K05_I02-03-07-08-09,Branch4,PowerREV,5,5,2/3/7/8/9,45/90/270/315/360,1,1,Location1,1,,123.006924797102,-9.35203505756315,-0.5375,0.827458458171768,-0.1625,12.2183531178971,0.560775778957513,21,0.879464285714286
303,B4_K05_I02-03-07-08-09,Branch4,PowerREV,5,5,2/3/7/8/9,45/90/270/315/360,1,2,Location2,1,,143.376450948356,-4.58856573578583,-0.8,0.59464274989274,-0.08,16.3521859430315,0.271696844626828,21,0.852678571428571
303,B4_K05_I02-03-07-08-09,Branch4,PowerREV,5,5,2/3/7/8/9,45/90/270/315/360,1,3,Location3,1,,95.8884891043574,2.43580428350657,-0.1025,0.993824682728297,0.0424999999999999,8.37227853953572,0.743939049693374,21,1
303,B4_K05_I02-03-07-08-09,Branch4,PowerREV,5,5,2/3/7/8/9,45/90/270/315/360,1,4,Location4,1,,69.1932165354548,2.00576193490982,0.355,0.934210896960638,0.0349999999999999,5.3141587849017,0.611041528450901,21,0.933035714285714
304,B4_K05_I02-04-05-06-07,Branch4,PowerREV,5,5,2/4/5/6/7,45/135/180/225/270,1,1,Location1,1,,123.006924797102,-9.35203505756315,-0.5375,0.827458458171768,-0.1625,12.2183531178971,0.527604253436901,21,0.90327380952381
304,B4_K05_I02-04-05-06-07,Branch4,PowerREV,5,5,2/4/5/6/7,45/135/180/225/270,1,2,Location2,1,,143.305091831897,-3.87040801131097,-0.8,0.596191034820216,-0.0674999999999999,16.2209760781084,0.302226598356591,21,0.90922619047619
304,B4_K05_I02-04-05-06-07,Branch4,PowerREV,5,5,2/4/5/6/7,45/135/180/225/270,1,3,Location3,1,,95.8891367114247,2.57918105164837,-0.1025,0.993714622011773,0.0449999999999999,8.47525337559886,0.769973536354222,21,1
304,B4_K05_I02-04-05-06-07,Branch4,PowerREV,5,5,2/4/5/6/7,45/135/180/225/270,1,4,Location4,1,,68.888118034059,1.86244079953198,0.36,0.932386052019227,0.0324999999999999,5.14658169849668,0.630623536450453,21,0.950892857142857
305,B4_K05_I02-04-05-06-08,Branch4,PowerREV,5,5,2/4/5/6/8,45/135/180/225/315,1,1,Location1,1,,122.803648507146,-9.06181695393534,-0.535,0.830041414629415,-0.1575,11.9007118142778,0.5814812817624,21,0.918154761904762
305,B4_K05_I02-04-05-06-08,Branch4,PowerREV,5,5,2/4/5/6/8,45/135/180/225/315,1,2,Location2,1,,143.702623124417,-5.3074466746303,-0.8025,0.589438291935636,-0.0925,16.7641002986764,0.345342196180095,21,0.930059523809524
305,B4_K05_I02-04-05-06-08,Branch4,PowerREV,5,5,2/4/5/6/8,45/135/180/225/315,1,3,Location3,1,,95.8884891043574,2.43580428350657,-0.1025,0.993824682728297,0.0424999999999999,8.37227853953572,0.762314382905449,21,1
305,B4_K05_I02-04-05-06-08,Branch4,PowerREV,5,5,2/4/5/6/8,45/135/180/225/315,1,4,Location4,1,,68.8898479495434,1.71913132087781,0.36,0.932469838654313,0.0299999999999999,5.00357370735474,0.623023888525061,21,0.96577380952381
306,B4_K05_I02-04-05-06-09,Branch4,PowerREV,5,5,2/4/5/6/9,45/135/180/225/360,1,1,Location1,1,,122.976385638365,-9.06181695393534,-0.5375,0.828424709916357,-0.1575,12.0499372541413,0.516096731382807,21,0.90922619047619
306,B4_K05_I02-04-05-06-09,Branch4,PowerREV,5,5,2/4/5/6/9,45/135/180/225/360,1,2,Location2,1,,144.290996908913,-4.01398721805631,-0.81,0.582237065120385,-0.07,17.2117675054175,0.27479968173976,21,0.900297619047619
306,B4_K05_I02-04-05-06-09,Branch4,PowerREV,5,5,2/4/5/6/9,45/135/180/225/360,1,3,Location3,1,,95.8891367114247,2.57918105164837,-0.1025,0.993714622011773,0.0449999999999999,8.47525337559886,0.757085483358924,21,1
306,B4_K05_I02-04-05-06-09,Branch4,PowerREV,5,5,2/4/5/6/9,45/135/180/225/360,1,4,Location4,1,,68.8898479495434,1.71913132087781,0.36,0.932469838654313,0.0299999999999999,5.00357370735474,0.611834117232115,21,0.962797619047619
307,B4_K05_I02-04-05-07-08,Branch4,PowerREV,5,5,2/4/5/7/8,45/135/180/270/315,1,1,Location1,1,,123.022585491893,-9.49723446851704,-0.5375,0.826963572353704,-0.165,12.3046281920336,0.595873817005561,21,0.918154761904762
307,B4_K05_I02-04-05-07-08,Branch4,PowerREV,5,5,2/4/5/7/8,45/135/180/270/315,1,2,Location2,1,,144.138257942844,-4.87602486961296,-0.8075,0.58371118714652,-0.085,17.1384751886569,0.323574615210068,21,0.915178571428571
307,B4_K05_I02-04-05-07-08,Branch4,PowerREV,5,5,2/4/5/7/8,45/135/180/270/315,1,3,Location3,1,,95.8884891043574,2.43580428350657,-0.1025,0.993824682728297,0.0424999999999999,8.37227853953572,0.768074970954204,21,1
307,B4_K05_I02-04-05-07-08,Branch4,PowerREV,5,5,2/4/5/7/8,45/135/180/270/315,1,4,Location4,1,,69.0433816711824,1.71913132087781,0.3575,0.933431170467325,0.0299999999999999,5.01433039477221,0.638730193561664,21,0.953869047619048
308,B4_K05_I02-04-05-07-09,Branch4,PowerREV,5,5,2/4/5/7/9,45/135/180/270/360,1,1,Location1,1,,123.195967581782,-9.49723446851704,-0.54,0.82533326602046,-0.165,12.452420828803,0.597497210968585,21,0.913690476190476
308,B4_K05_I02-04-05-07-09,Branch4,PowerREV,5,5,2/4/5/7/9,45/135/180/270/360,1,2,Location2,1,,143.650337278282,-4.87602486961296,-0.8025,0.590566465353393,-0.085,16.6556883643547,0.312188029036281,21,0.919642857142857
308,B4_K05_I02-04-05-07-09,Branch4,PowerREV,5,5,2/4/5/7/9,45/135/180/270/360,1,3,Location3,1,,95.8884891043574,2.43580428350657,-0.1025,0.993824682728297,0.0424999999999999,8.37227853953572,0.774741883396912,21,1
308,B4_K05_I02-04-05-07-09,Branch4,PowerREV,5,5,2/4/5/7/9,45/135/180/270/360,1,4,Location4,1,,68.888118034059,1.86244079953198,0.36,0.932386052019227,0.0324999999999999,5.14658169849668,0.65182227318073,21,0.959821428571429
309,B4_K05_I02-04-05-08-09,Branch4,PowerREV,5,5,2/4/5/8/9,45/135/180/315/360,1,1,Location1,1,,122.991525201423,-9.2068962213459,-0.5375,0.827945499414062,-0.16,12.1334478650566,0.570638196047234,21,0.915178571428571
309,B4_K05_I02-04-05-08-09,Branch4,PowerREV,5,5,2/4/5/8/9,45/135/180/315/360,1,2,Location2,1,,144.290669953685,-6.0271665601311,-0.8075,0.58044702600668,-0.105,17.4572876298657,0.270183389158511,21,0.907738095238095
309,B4_K05_I02-04-05-08-09,Branch4,PowerREV,5,5,2/4/5/8/9,45/135/180/315/360,1,3,Location3,1,,95.8884891043574,2.43580428350657,-0.1025,0.993824682728297,0.0424999999999999,8.37227853953572,0.750005409165539,21,1
309,B4_K05_I02-04-05-08-09,Branch4,PowerREV,5,5,2/4/5/8/9,45/135/180/315/360,1,4,Location4,1,,69.0433816711824,1.71913132087781,0.3575,0.933431170467325,0.0299999999999999,5.01433039477221,0.606787984993421,21,0.962797619047619
310,B4_K05_I02-04-06-07-08,Branch4,PowerREV,5,5,2/4/6/7/8,45/135/225/270/315,1,1,Location1,1,,122.818688285915,-9.2068962213459,-0.535,0.829563138043151,-0.16,11.9850090552187,0.582208963434004,21,0.90922619047619
310,B4_K05_I02-04-06-07-08,Branch4,PowerREV,5,5,2/4/6/7/8,45/135/225/270/315,1,2,Location2,1,,143.684684393117,-5.16360709084638,-0.8025,0.589825185966147,-0.09,16.7263201816587,0.33114531921324,21,0.925595238095238
310,B4_K05_I02-04-06-07-08,Branch4,PowerREV,5,5,2/4/6/7/8,45/135/225/270/315,1,3,Location3,1,,95.8884891043574,2.43580428350657,-0.1025,0.993824682728297,0.0424999999999999,8.37227853953572,0.768749961559777,21,1
310,B4_K05_I02-04-06-07-08,Branch4,PowerREV,5,5,2/4/6/7/8,45/135/225/270/315,1,4,Location4,1,,68.888118034059,1.86244079953198,0.36,0.932386052019227,0.0324999999999999,5.14658169849668,0.63416153343629,21,0.959821428571429
311,B4_K05_I02-04-06-07-09,Branch4,PowerREV,5,5,2/4/6/7/9,45/135/225/270/360,1,1,Location1,1,,122.991525201423,-9.2068962213459,-0.5375,0.827945499414062,-0.16,12.1334478650566,0.570199913377464,21,0.922619047619048
311,B4_K05_I02-04-06-07-09,Branch4,PowerREV,5,5,2/4/6/7/9,45/135/225/270/360,1,2,Location2,1,,143.830409402884,-4.30122230467036,-0.805,0.588515080520457,-0.075,16.7754359241675,0.32165054311335,21,0.919642857142857
311,B4_K05_I02-04-06-07-09,Branch4,PowerREV,5,5,2/4/6/7/9,45/135/225/270/360,1,3,Location3,1,,95.8884891043574,2.43580428350657,-0.1025,0.993824682728297,0.0424999999999999,8.37227853953572,0.776985104598015,21,1
311,B4_K05_I02-04-06-07-09,Branch4,PowerREV,5,5,2/4/6/7/9,45/135/225/270/360,1,4,Location4,1,,68.888118034059,1.86244079953198,0.36,0.932386052019227,0.0324999999999999,5.14658169849668,0.648070781837068,21,0.959821428571429
312,B4_K05_I02-04-06-08-09,Branch4,PowerREV,5,5,2/4/6/8/9,45/135/225/315/360,1,1,Location1,1,,122.976385638365,-9.06181695393534,-0.5375,0.828424709916357,-0.1575,12.0499372541413,0.590240355181611,21,0.90922619047619
312,B4_K05_I02-04-06-08-09,Branch4,PowerREV,5,5,2/4/6/8/9,45/135/225/315/360,1,2,Location2,1,,143.928240120886,-5.16360709084638,-0.805,0.586408560646926,-0.09,16.9666819329403,0.334362638094258,21,0.930059523809524
312,B4_K05_I02-04-06-08-09,Branch4,PowerREV,5,5,2/4/6/8/9,45/135/225/315/360,1,3,Location3,1,,95.8884891043574,2.43580428350657,-0.1025,0.993824682728297,0.0424999999999999,8.37227853953572,0.766640013672943,21,1
312,B4_K05_I02-04-06-08-09,Branch4,PowerREV,5,5,2/4/6/8/9,45/135/225/315/360,1,4,Location4,1,,68.888118034059,1.86244079953198,0.36,0.932386052019227,0.0324999999999999,5.14658169849668,0.637245942530276,21,0.970238095238095
313,B4_K05_I02-04-07-08-09,Branch4,PowerREV,5,5,2/4/7/8/9,45/135/270/315/360,1,1,Location1,1,,123.022585491893,-9.49723446851704,-0.5375,0.826963572353704,-0.165,12.3046281920336,0.599508433451628,21,0.90922619047619
313,B4_K05_I02-04-07-08-09,Branch4,PowerREV,5,5,2/4/7/8/9,45/135/270/315/360,1,2,Location2,1,,143.946339648551,-5.3074466746303,-0.805,0.58601941094131,-0.0925,17.0042954972734,0.310369143197273,21,0.916666666666667
313,B4_K05_I02-04-07-08-09,Branch4,PowerREV,5,5,2/4/7/8/9,45/135/270/315/360,1,3,Location3,1,,95.8884891043574,2.43580428350657,-0.1025,0.993824682728297,0.0424999999999999,8.37227853953572,0.771602409032237,21,1
313,B4_K05_I02-04-07-08-09,Branch4,PowerREV,5,5,2/4/7/8/9,45/135/270/315/360,1,4,Location4,1,,69.0398116405854,2.00576193490982,0.3575,0.933257065336234,0.0349999999999999,5.29968523915861,0.644563575429884,21,0.959821428571429
314,B4_K05_I02-05-06-07-08,Branch4,PowerREV,5,5,2/5/6/7/8,45/180/225/270/315,1,1,Location1,1,,123.164701258421,-9.2068962213459,-0.54,0.826317130404544,-0.16,12.2827869729163,0.583561736774981,21,0.922619047619048
314,B4_K05_I02-05-06-07-08,Branch4,PowerREV,5,5,2/5/6/7/8,45/180/225/270/315,1,2,Location2,1,,143.860979365318,-4.58856573578583,-0.805,0.587856274951625,-0.08,16.8325838898585,0.323918744787819,21,0.907738095238095
314,B4_K05_I02-05-06-07-08,Branch4,PowerREV,5,5,2/5/6/7/8,45/180/225/270/315,1,3,Location3,1,,95.8884891043574,2.43580428350657,-0.1025,0.993824682728297,0.0424999999999999,8.37227853953572,0.762386377765783,21,1
314,B4_K05_I02-05-06-07-08,Branch4,PowerREV,5,5,2/5/6/7/8,45/180/225/270/315,1,4,Location4,1,,69.0449601404304,1.57583259975216,0.3575,0.933508168148517,0.0274999999999999,4.87170832758958,0.607662695492589,21,0.959821428571429
315,B4_K05_I02-05-06-07-09,Branch4,PowerREV,5,5,2/5/6/7/9,45/180/225/270/360,1,1,Location1,1,,123.022585491893,-9.49723446851704,-0.5375,0.826963572353704,-0.165,12.3046281920336,0.574100911542562,21,0.912202380952381
315,B4_K05_I02-05-06-07-09,Branch4,PowerREV,5,5,2/5/6/7/9,45/180/225/270/360,1,2,Location2,1,,143.092325570974,-4.15759167720182,-0.7975,0.598946992646261,-0.0725,16.0299623147197,0.284190141242015,21,0.900297619047619
315,B4_K05_I02-05-06-07-09,Branch4,PowerREV,5,5,2/5/6/7/9,45/180/225/270/360,1,3,Location3,1,,95.8891367114247,2.57918105164837,-0.1025,0.993714622011773,0.0449999999999999,8.47525337559886,0.763005166179812,21,1
315,B4_K05_I02-05-06-07-09,Branch4,PowerREV,5,5,2/5/6/7/9,45/180/225/270/360,1,4,Location4,1,,68.8914390956087,1.57583259975216,0.36,0.932546915709875,0.0274999999999999,4.86058692263444,0.612184277909193,21,0.947916666666667
316,B4_K05_I02-05-06-08-09,Branch4,PowerREV,5,5,2/5/6/8/9,45/180/225/315/360,1,1,Location1,1,,122.976385638365,-9.06181695393534,-0.5375,0.828424709916357,-0.1575,12.0499372541413,0.577822972556605,21,0.922619047619048
316,B4_K05_I02-05-06-08-09,Branch4,PowerREV,5,5,2/5/6/8/9,45/180/225/315/360,1,2,Location2,1,,143.633925674789,-4.73228037895821,-0.8025,0.590920891490561,-0.0825,16.6228504728193,0.289751448937437,21,0.913690476190476
316,B4_K05_I02-05-06-08-09,Branch4,PowerREV,5,5,2/5/6/8/9,45/180/225/315/360,1,3,Location3,1,,95.8891367114247,2.57918105164837,-0.1025,0.993714622011773,0.0449999999999999,8.47525337559886,0.753137556223502,21,1
316,B4_K05_I02-05-06-08-09,Branch4,PowerREV,5,5,2/5/6/8/9,45/180/225/315/360,1,4,Location4,1,,68.8942054478987,1.28926383628796,0.36,0.932680947591404,0.0224999999999999,4.57467674719183,0.619018994358044,21,0.967261904761905
317,B4_K05_I02-05-07-08-09,Branch4,PowerREV,5,5,2/5/7/8/9,45/180/270/315/360,1,1,Location1,1,,123.18020298625,-9.35203505756315,-0.54,0.825829128815398,-0.1625,12.3669196298846,0.602681161562911,21,0.924107142857143
317,B4_K05_I02-05-07-08-09,Branch4,PowerREV,5,5,2/5/7/8/9,45/180/270/315/360,1,2,Location2,1,,143.893585517872,-4.87602486961296,-0.805,0.587154153523587,-0.085,16.8963485690724,0.30321604869675,21,0.910714285714286
317,B4_K05_I02-05-07-08-09,Branch4,PowerREV,5,5,2/5/7/8/9,45/180/270/315/360,1,3,Location3,1,,95.8884891043574,2.43580428350657,-0.1025,0.993824682728297,0.0424999999999999,8.37227853953572,0.764526746960381,21,1
317,B4_K05_I02-05-07-08-09,Branch4,PowerREV,5,5,2/5/7/8/9,45/180/270/315/360,1,4,Location4,1,,68.8928915664191,1.4325437375665,0.36,0.932617284849471,0.0249999999999999,4.71762125934191,0.643197034409055,21,0.962797619047619
318,B4_K05_I02-06-07-08-09,Branch4,PowerREV,5,5,2/6/7/8/9,45/225/270/315/360,1,1,Location1,1,,122.818688285915,-9.2068962213459,-0.535,0.829563138043151,-0.16,11.9850090552187,0.567921182832907,21,0.873511904761905
318,B4_K05_I02-06-07-08-09,Branch4,PowerREV,5,5,2/6/7/8/9,45/225/270/315/360,1,2,Location2,1,,143.478598310913,-5.45131981241778,-0.8,0.592431430631427,-0.095,16.5649723325997,0.249334831341292,21,0.866071428571429
318,B4_K05_I02-06-07-08-09,Branch4,PowerREV,5,5,2/6/7/8/9,45/225/270/315/360,1,3,Location3,1,,95.8884891043574,2.43580428350657,-0.1025,0.993824682728297,0.0424999999999999,8.37227853953572,0.732433744113159,21,1
318,B4_K05_I02-06-07-08-09,Branch4,PowerREV,5,5,2/6/7/8/9,45/225/270/315/360,1,4,Location4,1,,69.0416655384098,1.86244079953198,0.3575,0.933347470131033,0.0324999999999999,5.15698973655785,0.580832960872347,21,0.944940476190476
319,B4_K05_I03-04-05-06-07,Branch4,PowerREV,5,5,3/4/5/6/7,90/135/180/225/270,1,1,Location1,1,,122.760068603945,-8.62692655867863,-0.535,0.831429491899343,-0.15,11.6564565259031,0.50964628809338,21,0.836309523809524
319,B4_K05_I03-04-05-06-07,Branch4,PowerREV,5,5,3/4/5/6/7,90/135/180/225/270,1,2,Location2,1,,143.877027170779,-4.73228037895821,-0.805,0.587510638201556,-0.0825,16.8636420220125,0.261747650350113,21,0.84077380952381
319,B4_K05_I03-04-05-06-07,Branch4,PowerREV,5,5,3/4/5/6/7,90/135/180/225/270,1,3,Location3,1,,95.8891367114247,2.57918105164837,-0.1025,0.993714622011773,0.0449999999999999,8.47525337559886,0.738841127379628,21,1
319,B4_K05_I03-04-05-06-07,Branch4,PowerREV,5,5,3/4/5/6/7,90/135/180/225/270,1,4,Location4,1,,68.8914390956087,1.57583259975216,0.36,0.932546915709875,0.0274999999999999,4.86058692263444,0.578746442819145,21,0.927083333333333
320,B4_K05_I03-04-05-06-08,Branch4,PowerREV,5,5,3/4/5/6/8,90/135/180/225/315,1,1,Location1,1,,122.616561332612,-8.91679625299095,-0.5325,0.83211702902897,-0.155,11.6687104629037,0.557244538264789,21,0.888392857142857
320,B4_K05_I03-04-05-06-08,Branch4,PowerREV,5,5,3/4/5/6/8,90/135/180/225/315,1,2,Location2,1,,143.23750026705,-5.45131981241778,-0.7975,0.595792539396055,-0.095,16.3278820484403,0.259679044736586,21,0.931547619047619
320,B4_K05_I03-04-05-06-08,Branch4,PowerREV,5,5,3/4/5/6/8,90/135/180/225/315,1,3,Location3,1,,95.8878786990507,2.29244277595588,-0.1025,0.993928443098395,0.0399999999999999,8.27053568153326,0.754159337867999,21,1
320,B4_K05_I03-04-05-06-08,Branch4,PowerREV,5,5,3/4/5/6/8,90/135/180/225/315,1,4,Location4,1,,69.0433816711824,1.71913132087781,0.3575,0.933431170467325,0.0299999999999999,5.01433039477221,0.612939077966861,21,0.949404761904762
321,B4_K05_I03-04-05-06-09,Branch4,PowerREV,5,5,3/4/5/6/9,90/135/180/225/360,1,1,Location1,1,,122.976385638365,-9.06181695393534,-0.5375,0.828424709916357,-0.1575,12.0499372541413,0.548649757084012,21,0.900297619047619
321,B4_K05_I03-04-05-06-09,Branch4,PowerREV,5,5,3/4/5/6/9,90/135/180/225/360,1,2,Location2,1,,143.91065596465,-5.01980013167812,-0.805,0.58678680114672,-0.0875,16.9306973648369,0.280752566102026,21,0.913690476190476
321,B4_K05_I03-04-05-06-09,Branch4,PowerREV,5,5,3/4/5/6/9,90/135/180/225/360,1,3,Location3,1,,95.7443781502486,2.43580428350657,-0.1,0.99407934793959,0.0424999999999999,8.27165546653221,0.759989543645333,21,1
321,B4_K05_I03-04-05-06-09,Branch4,PowerREV,5,5,3/4/5/6/9,90/135/180/225/360,1,4,Location4,1,,68.8914390956087,1.57583259975216,0.36,0.932546915709875,0.0274999999999999,4.86058692263444,0.626849476802664,21,0.955357142857143
322,B4_K05_I03-04-05-07-08,Branch4,PowerREV,5,5,3/4/5/7/8,90/135/180/270/315,1,1,Location1,1,,123.006924797102,-9.35203505756315,-0.5375,0.827458458171768,-0.1625,12.2183531178971,0.548336245336846,21,0.87797619047619
322,B4_K05_I03-04-05-07-08,Branch4,PowerREV,5,5,3/4/5/7/8,90/135/180/270/315,1,2,Location2,1,,143.460309919962,-5.3074466746303,-0.8,0.592826914031406,-0.0925,16.5253715850573,0.255299982255861,21,0.901785714285714
322,B4_K05_I03-04-05-07-08,Branch4,PowerREV,5,5,3/4/5/7/8,90/135/180/270/315,1,3,Location3,1,,95.8878786990507,2.29244277595588,-0.1025,0.993928443098395,0.0399999999999999,8.27053568153326,0.756193096385976,21,1
322,B4_K05_I03-04-05-07-08,Branch4,PowerREV,5,5,3/4/5/7/8,90/135/180/270/315,1,4,Location4,1,,69.0433816711824,1.71913132087781,0.3575,0.933431170467325,0.0299999999999999,5.01433039477221,0.623628592879991,21,0.94047619047619
323,B4_K05_I03-04-05-07-09,Branch4,PowerREV,5,5,3/4/5/7/9,90/135/180/270/360,1,1,Location1,1,,123.006924797102,-9.35203505756315,-0.5375,0.827458458171768,-0.1625,12.2183531178971,0.580655181353238,21,0.912202380952381
323,B4_K05_I03-04-05-07-09,Branch4,PowerREV,5,5,3/4/5/7/9,90/135/180/270/360,1,2,Location2,1,,143.702623124417,-5.3074466746303,-0.8025,0.589438291935636,-0.0925,16.7641002986764,0.305925936435474,21,0.90922619047619
323,B4_K05_I03-04-05-07-09,Branch4,PowerREV,5,5,3/4/5/7/9,90/135/180/270/360,1,3,Location3,1,,95.8884891043574,2.43580428350657,-0.1025,0.993824682728297,0.0424999999999999,8.37227853953572,0.773990755781979,21,1
323,B4_K05_I03-04-05-07-09,Branch4,PowerREV,5,5,3/4/5/7/9,90/135/180/270/360,1,4,Location4,1,,69.0433816711824,1.71913132087781,0.3575,0.933431170467325,0.0299999999999999,5.01433039477221,0.6418906673429,21,0.949404761904762
324,B4_K05_I03-04-05-08-09,Branch4,PowerREV,5,5,3/4/5/8/9,90/135/180/315/360,1,1,Location1,1,,122.803648507146,-9.06181695393534,-0.535,0.830041414629415,-0.1575,11.9007118142778,0.546285993196256,21,0.901785714285714
324,B4_K05_I03-04-05-08-09,Branch4,PowerREV,5,5,3/4/5/8/9,90/135/180/315/360,1,2,Location2,1,,143.887347402776,-6.6036250487339,-0.8025,0.585464559132318,-0.115,17.1766381175903,0.265212166645267,21,0.907738095238095
324,B4_K05_I03-04-05-08-09,Branch4,PowerREV,5,5,3/4/5/8/9,90/135/180/315/360,1,3,Location3,1,,95.8884891043574,2.43580428350657,-0.1025,0.993824682728297,0.0424999999999999,8.37227853953572,0.752818339932597,21,1
324,B4_K05_I03-04-05-08-09,Branch4,PowerREV,5,5,3/4/5/8/9,90/135/180/315/360,1,4,Location4,1,,69.0449601404304,1.57583259975216,0.3575,0.933508168148517,0.0274999999999999,4.87170832758958,0.618231163681248,21,0.952380952380952
325,B4_K05_I03-04-06-07-08,Branch4,PowerREV,5,5,3/4/6/7/8,90/135/225/270/315,1,1,Location1,1,,122.416168779998,-8.62692655867863,-0.53,0.834625664594613,-0.15,11.3558831209777,0.527535018775343,21,0.883928571428571
325,B4_K05_I03-04-06-07-08,Branch4,PowerREV,5,5,3/4/6/7/8,90/135/225/270/315,1,2,Location2,1,,143.49739611047,-5.59522743552786,-0.8,0.592025126155976,-0.0975,16.6062097525257,0.269617595398307,21,0.912202380952381
325,B4_K05_I03-04-06-07-08,Branch4,PowerREV,5,5,3/4/6/7/8,90/135/225/270/315,1,3,Location3,1,,95.8878786990507,2.29244277595588,-0.1025,0.993928443098395,0.0399999999999999,8.27053568153326,0.753404518599836,21,1
325,B4_K05_I03-04-06-07-08,Branch4,PowerREV,5,5,3/4/6/7/8,90/135/225/270/315,1,4,Location4,1,,68.8914390956087,1.57583259975216,0.36,0.932546915709875,0.0274999999999999,4.86058692263444,0.614636570601965,21,0.943452380952381
326,B4_K05_I03-04-06-07-09,Branch4,PowerREV,5,5,3/4/6/7/9,90/135/225/270/360,1,1,Location1,1,,123.006924797102,-9.35203505756315,-0.5375,0.827458458171768,-0.1625,12.2183531178971,0.584048261027152,21,0.910714285714286
326,B4_K05_I03-04-06-07-09,Branch4,PowerREV,5,5,3/4/6/7/9,90/135/225/270/360,1,2,Location2,1,,143.361184830953,-4.44488001787759,-0.8,0.594973738916265,-0.0775,16.3225615992363,0.308508690202767,21,0.913690476190476
326,B4_K05_I03-04-06-07-09,Branch4,PowerREV,5,5,3/4/6/7/9,90/135/225/270/360,1,3,Location3,1,,95.7443781502486,2.43580428350657,-0.1,0.99407934793959,0.0424999999999999,8.27165546653221,0.775620461000945,21,1
326,B4_K05_I03-04-06-07-09,Branch4,PowerREV,5,5,3/4/6/7/9,90/135/225/270/360,1,4,Location4,1,,68.888118034059,1.86244079953198,0.36,0.932386052019227,0.0324999999999999,5.14658169849668,0.637709407839839,21,0.952380952380952
327,B4_K05_I03-04-06-08-09,Branch4,PowerREV,5,5,3/4/6/8/9,90/135/225/315/360,1,1,Location1,1,,122.991525201423,-9.2068962213459,-0.5375,0.827945499414062,-0.16,12.1334478650566,0.572942514221413,21,0.90922619047619
327,B4_K05_I03-04-06-08-09,Branch4,PowerREV,5,5,3/4/6/8/9,90/135/225/315/360,1,2,Location2,1,,143.946339648551,-5.3074466746303,-0.805,0.58601941094131,-0.0925,17.0042954972734,0.311856176289592,21,0.933035714285714
327,B4_K05_I03-04-06-08-09,Branch4,PowerREV,5,5,3/4/6/8/9,90/135/225/315/360,1,3,Location3,1,,95.7443781502486,2.43580428350657,-0.1,0.99407934793959,0.0424999999999999,8.27165546653221,0.767401020907901,21,1
327,B4_K05_I03-04-06-08-09,Branch4,PowerREV,5,5,3/4/6/8/9,90/135/225/315/360,1,4,Location4,1,,68.8898479495434,1.71913132087781,0.36,0.932469838654313,0.0299999999999999,5.00357370735474,0.636889635422828,21,0.958333333333333
328,B4_K05_I03-04-07-08-09,Branch4,PowerREV,5,5,3/4/7/8/9,90/135/270/315/360,1,1,Location1,1,,123.038508373149,-9.64249546379557,-0.5375,0.826460827867843,-0.1675,12.3922485773178,0.566117531990608,21,0.889880952380952
328,B4_K05_I03-04-07-08-09,Branch4,PowerREV,5,5,3/4/7/8/9,90/135/270/315/360,1,2,Location2,1,,144.023926568542,-5.88314987298444,-0.805,0.58435327499724,-0.1025,17.170894312726,0.293877480849378,21,0.918154761904762
328,B4_K05_I03-04-07-08-09,Branch4,PowerREV,5,5,3/4/7/8/9,90/135/270/315/360,1,3,Location3,1,,95.743782785421,2.29244277595588,-0.1,0.994183081730925,0.0399999999999999,8.16867893876482,0.770377654364852,21,1
328,B4_K05_I03-04-07-08-09,Branch4,PowerREV,5,5,3/4/7/8/9,90/135/270/315/360,1,4,Location4,1,,69.0416655384098,1.86244079953198,0.3575,0.933347470131033,0.0324999999999999,5.15698973655785,0.624859588608579,21,0.946428571428571
329,B4_K05_I03-05-06-07-08,Branch4,PowerREV,5,5,3/5/6/7/8,90/180/225/270/315,1,1,Location1,1,,122.818688285915,-9.2068962213459,-0.535,0.829563138043151,-0.16,11.9850090552187,0.570530140002725,21,0.895833333333333
329,B4_K05_I03-05-06-07-08,Branch4,PowerREV,5,5,3/5/6/7/8,90/180/225/270/315,1,2,Location2,1,,142.928853288617,-4.87602486961296,-0.795,0.60062467481781,-0.085,15.9422404607864,0.282340045862504,21,0.924107142857143
329,B4_K05_I03-05-06-07-08,Branch4,PowerREV,5,5,3/5/6/7/8,90/180/225/270/315,1,3,Location3,1,,95.8878786990507,2.29244277595588,-0.1025,0.993928443098395,0.0399999999999999,8.27053568153326,0.759542709521878,21,1
329,B4_K05_I03-05-06-07-08,Branch4,PowerREV,5,5,3/5/6/7/8,90/180/225/270/315,1,4,Location4,1,,69.0433816711824,1.71913132087781,0.3575,0.933431170467325,0.0299999999999999,5.01433039477221,0.621344859359457,21,0.944940476190476
330,B4_K05_I03-05-06-07-09,Branch4,PowerREV,5,5,3/5/6/7/9,90/180/225/270/360,1,1,Location1,1,,122.991525201423,-9.2068962213459,-0.5375,0.827945499414062,-0.16,12.1334478650566,0.589562832356865,21,0.90922619047619
330,B4_K05_I03-05-06-07-09,Branch4,PowerREV,5,5,3/5/6/7/9,90/180/225/270/360,1,2,Location2,1,,143.408484330824,-4.87602486961296,-0.8,0.59394865097919,-0.085,16.4164675000547,0.307358456685706,21,0.924107142857143
330,B4_K05_I03-05-06-07-09,Branch4,PowerREV,5,5,3/5/6/7/9,90/180/225/270/360,1,3,Location3,1,,95.8884891043574,2.43580428350657,-0.1025,0.993824682728297,0.0424999999999999,8.37227853953572,0.771703222039534,21,1
330,B4_K05_I03-05-06-07-09,Branch4,PowerREV,5,5,3/5/6/7/9,90/180/225/270/360,1,4,Location4,1,,68.8914390956087,1.57583259975216,0.36,0.932546915709875,0.0274999999999999,4.86058692263444,0.6384353442195,21,0.958333333333333
331,B4_K05_I03-05-06-08-09,Branch4,PowerREV,5,5,3/5/6/8/9,90/180/225/315/360,1,1,Location1,1,,122.961505062079,-8.91679625299095,-0.5375,0.828896103260234,-0.155,11.9678463979394,0.568296271033371,21,0.901785714285714
331,B4_K05_I03-05-06-08-09,Branch4,PowerREV,5,5,3/5/6/8/9,90/180/225/315/360,1,2,Location2,1,,143.740039372557,-5.59522743552786,-0.8025,0.588631888364876,-0.0975,16.8445521661108,0.311470046678082,21,0.924107142857143
331,B4_K05_I03-05-06-08-09,Branch4,PowerREV,5,5,3/5/6/8/9,90/180/225/315/360,1,3,Location3,1,,95.8884891043574,2.43580428350657,-0.1025,0.993824682728297,0.0424999999999999,8.37227853953572,0.765004051061133,21,1
331,B4_K05_I03-05-06-08-09,Branch4,PowerREV,5,5,3/5/6/8/9,90/180/225/315/360,1,4,Location4,1,,68.8928915664191,1.4325437375665,0.36,0.932617284849471,0.0249999999999999,4.71762125934191,0.638385999055725,21,0.967261904761905
332,B4_K05_I03-05-07-08-09,Branch4,PowerREV,5,5,3/5/7/8/9,90/180/270/315/360,1,1,Location1,1,,122.976385638365,-9.06181695393534,-0.5375,0.828424709916357,-0.1575,12.0499372541413,0.589025178353651,21,0.90922619047619
332,B4_K05_I03-05-07-08-09,Branch4,PowerREV,5,5,3/5/7/8/9,90/180/270/315/360,1,2,Location2,1,,143.49739611047,-5.59522743552786,-0.8,0.592025126155976,-0.0975,16.6062097525257,0.303001598481834,21,0.928571428571429
332,B4_K05_I03-05-07-08-09,Branch4,PowerREV,5,5,3/5/7/8/9,90/180/270/315/360,1,3,Location3,1,,95.8884891043574,2.43580428350657,-0.1025,0.993824682728297,0.0424999999999999,8.37227853953572,0.771800921090673,21,1
332,B4_K05_I03-05-07-08-09,Branch4,PowerREV,5,5,3/5/7/8/9,90/180/270/315/360,1,4,Location4,1,,68.8914390956087,1.57583259975216,0.36,0.932546915709875,0.0274999999999999,4.86058692263444,0.644404678661438,21,0.961309523809524
333,B4_K05_I03-06-07-08-09,Branch4,PowerREV,5,5,3/6/7/8/9,90/225/270/315/360,1,1,Location1,1,,122.616561332612,-8.91679625299095,-0.5325,0.83211702902897,-0.155,11.6687104629037,0.589034582181583,21,0.898809523809524
333,B4_K05_I03-06-07-08-09,Branch4,PowerREV,5,5,3/6/7/8/9,90/225/270/315/360,1,2,Location2,1,,143.184622636003,-5.01980013167812,-0.7975,0.596940114249327,-0.0875,16.2134648706187,0.283749611130036,21,0.931547619047619
333,B4_K05_I03-06-07-08-09,Branch4,PowerREV,5,5,3/6/7/8/9,90/225/270/315/360,1,3,Location3,1,,95.8884891043574,2.43580428350657,-0.1025,0.993824682728297,0.0424999999999999,8.37227853953572,0.766518450382347,21,1
333,B4_K05_I03-06-07-08-09,Branch4,PowerREV,5,5,3/6/7/8/9,90/225/270/315/360,1,4,Location4,1,,68.8898479495434,1.71913132087781,0.36,0.932469838654313,0.0299999999999999,5.00357370735474,0.634832038613605,21,0.955357142857143
334,B4_K05_I04-05-06-07-08,Branch4,PowerREV,5,5,4/5/6/7/8,135/180/225/270/315,1,1,Location1,1,,122.774339673063,-8.7718331196937,-0.535,0.830974578431856,-0.1525,11.736409343889,0.481986032597219,21,0.863095238095238
334,B4_K05_I04-05-06-07-08,Branch4,PowerREV,5,5,4/5/6/7/8,135/180/225/270/315,1,2,Location2,1,,142.945333359452,-5.01980013167812,-0.795,0.600265566228815,-0.0875,15.9772152108966,0.250426583242273,21,0.831845238095238
334,B4_K05_I04-05-06-07-08,Branch4,PowerREV,5,5,4/5/6/7/8,135/180/225/270/315,1,3,Location3,1,,95.8884891043574,2.43580428350657,-0.1025,0.993824682728297,0.0424999999999999,8.37227853953572,0.742791798467569,21,1
334,B4_K05_I04-05-06-07-08,Branch4,PowerREV,5,5,4/5/6/7/8,135/180/225/270/315,1,4,Location4,1,,68.886249246736,2.00576193490982,0.36,0.93229555399562,0.0349999999999999,5.28961108043064,0.554258546204887,21,0.94047619047619
335,B4_K05_I04-05-06-07-09,Branch4,PowerREV,5,5,4/5/6/7/9,135/180/225/270/360,1,1,Location1,1,,123.211996141485,-9.64249546379557,-0.54,0.824829527841966,-0.1675,12.5392666515639,0.586361898395345,21,0.916666666666667
335,B4_K05_I04-05-06-07-09,Branch4,PowerREV,5,5,4/5/6/7/9,135/180/225/270/360,1,2,Location2,1,,143.318371988854,-4.01398721805631,-0.8,0.595902676617583,-0.07,16.2438251703859,0.293907285111918,21,0.90625
335,B4_K05_I04-05-06-07-09,Branch4,PowerREV,5,5,4/5/6/7/9,135/180/225/270/360,1,3,Location3,1,,95.8891367114247,2.57918105164837,-0.1025,0.993714622011773,0.0449999999999999,8.47525337559886,0.774508210622002,21,1
335,B4_K05_I04-05-06-07-09,Branch4,PowerREV,5,5,4/5/6/7/9,135/180/225/270/360,1,4,Location4,1,,68.7325277612918,2.00576193490982,0.3625,0.931326339152931,0.0349999999999999,5.28397515678961,0.636052212281037,21,0.956845238095238
336,B4_K05_I04-05-06-08-09,Branch4,PowerREV,5,5,4/5/6/8/9,135/180/225/315/360,1,1,Location1,1,,123.164701258421,-9.2068962213459,-0.54,0.826317130404544,-0.16,12.2827869729163,0.539484817992177,21,0.907738095238095
336,B4_K05_I04-05-06-08-09,Branch4,PowerREV,5,5,4/5/6/8/9,135/180/225/315/360,1,2,Location2,1,,143.587720428338,-4.30122230467036,-0.8025,0.591919546898056,-0.075,16.5343249680969,0.285379194584578,21,0.90625
336,B4_K05_I04-05-06-08-09,Branch4,PowerREV,5,5,4/5/6/8/9,135/180/225/315/360,1,3,Location3,1,,95.8891367114247,2.57918105164837,-0.1025,0.993714622011773,0.0449999999999999,8.47525337559886,0.759338606263313,21,1
336,B4_K05_I04-05-06-08-09,Branch4,PowerREV,5,5,4/5/6/8/9,135/180/225/315/360,1,4,Location4,1,,68.7344114844338,1.86244079953198,0.3625,0.931416931347074,0.0324999999999999,5.1407334322927,0.594632506103977,21,0.955357142857143
337,B4_K05_I04-05-07-08-09,Branch4,PowerREV,5,5,4/5/7/8/9,135/180/270/315/360,1,1,Location1,1,,123.385828504795,-9.64249546379557,-0.5425,0.823187402721883,-0.1675,12.6872147945604,0.577878462783844,21,0.891369047619048
337,B4_K05_I04-05-07-08-09,Branch4,PowerREV,5,5,4/5/7/8/9,135/180/270/315/360,1,2,Location2,1,,143.460309919962,-5.3074466746303,-0.8,0.592826914031406,-0.0925,16.5253715850573,0.294210949978941,21,0.895833333333333
337,B4_K05_I04-05-07-08-09,Branch4,PowerREV,5,5,4/5/7/8/9,135/180/270/315/360,1,3,Location3,1,,95.8884891043574,2.43580428350657,-0.1025,0.993824682728297,0.0424999999999999,8.37227853953572,0.769179512561902,21,1
337,B4_K05_I04-05-07-08-09,Branch4,PowerREV,5,5,4/5/7/8/9,135/180/270/315/360,1,4,Location4,1,,68.886249246736,2.00576193490982,0.36,0.93229555399562,0.0349999999999999,5.28961108043064,0.624199996844201,21,0.946428571428571
338,B4_K05_I04-06-07-08-09,Branch4,PowerREV,5,5,4/6/7/8/9,135/225/270/315/360,1,1,Location1,1,,123.211996141485,-9.64249546379557,-0.54,0.824829527841966,-0.1675,12.5392666515639,0.586007469329527,21,0.900297619047619
338,B4_K05_I04-06-07-08-09,Branch4,PowerREV,5,5,4/6/7/8/9,135/225/270/315/360,1,2,Location2,1,,143.684684393117,-5.16360709084638,-0.8025,0.589825185966147,-0.09,16.7263201816587,0.310321671679113,21,0.912202380952381
338,B4_K05_I04-06-07-08-09,Branch4,PowerREV,5,5,4/6/7/8/9,135/225/270/315/360,1,3,Location3,1,,95.8884891043574,2.43580428350657,-0.1025,0.993824682728297,0.0424999999999999,8.37227853953572,0.773813943580294,21,1
338,B4_K05_I04-06-07-08-09,Branch4,PowerREV,5,5,4/6/7/8/9,135/225/270/315/360,1,4,Location4,1,,68.7305039444115,2.14909562686402,0.3625,0.931229026609459,0.0374999999999999,5.42723130629462,0.626081521313412,21,0.955357142857143
339,B4_K05_I05-06-07-08-09,Branch4,PowerREV,5,5,5/6/7/8/9,180/225/270/315/360,1,1,Location1,1,,123.228289783094,-9.78781905671397,-0.54,0.824317899842045,-0.17,12.6274334821224,0.522411439822241,21,0.87202380952381
339,B4_K05_I05-06-07-08-09,Branch4,PowerREV,5,5,5/6/7/8/9,180/225/270/315/360,1,2,Location2,1,,143.618019979014,-4.58856573578583,-0.8025,0.591264534705067,-0.08,16.5916732698491,0.257628814032201,21,0.857142857142857
339,B4_K05_I05-06-07-08-09,Branch4,PowerREV,5,5,5/6/7/8/9,180/225/270/315/360,1,3,Location3,1,,95.8891367114247,2.57918105164837,-0.1025,0.993714622011773,0.0449999999999999,8.47525337559886,0.756411261963417,21,1
339,B4_K05_I05-06-07-08-09,Branch4,PowerREV,5,5,5/6/7/8/9,180/225/270/315/360,1,4,Location4,1,,68.7377590878043,1.57583259975216,0.3625,0.931577962384255,0.0274999999999999,4.85428968866833,0.568288380466174,21,0.938988095238095
340,B4_K06_I01-02-03-04-05-06,Branch4,PowerREV,6,6,1/2/3/4/5/6,0/45/90/135/180/225,1,1,Location1,1,,122.788865975171,-8.91679625299095,-0.535,0.830511890342336,-0.155,11.8178365547027,0.557862809480419,21,0.898809523809524
340,B4_K06_I01-02-03-04-05-06,Branch4,PowerREV,6,6,1/2/3/4/5/6,0/45/90/135/180/225,1,2,Location2,1,,143.860979365318,-4.58856573578583,-0.805,0.587856274951625,-0.08,16.8325838898585,0.313674194142957,21,0.912202380952381
340,B4_K06_I01-02-03-04-05-06,Branch4,PowerREV,6,6,1/2/3/4/5/6,0/45/90/135/180/225,1,3,Location3,1,,95.8884891043574,2.43580428350657,-0.1025,0.993824682728297,0.0424999999999999,8.37227853953572,0.763074058067143,21,1
340,B4_K06_I01-02-03-04-05-06,Branch4,PowerREV,6,6,1/2/3/4/5/6,0/45/90/135/180/225,1,4,Location4,1,,68.8898479495434,1.71913132087781,0.36,0.932469838654313,0.0299999999999999,5.00357370735474,0.63085359588488,21,0.958333333333333
341,B4_K06_I01-02-03-04-05-07,Branch4,PowerREV,6,6,1/2/3/4/5/7,0/45/90/135/180/270,1,1,Location1,1,,122.849543753022,-9.49723446851704,-0.535,0.82858312799622,-0.165,12.1577667257075,0.606255767072265,21,0.916666666666667
341,B4_K06_I01-02-03-04-05-07,Branch4,PowerREV,6,6,1/2/3/4/5/7,0/45/90/135/180/270,1,2,Location2,1,,143.650337278282,-4.87602486961296,-0.8025,0.590566465353393,-0.085,16.6556883643547,0.330172922648212,21,0.930059523809524
341,B4_K06_I01-02-03-04-05-07,Branch4,PowerREV,6,6,1/2/3/4/5/7,0/45/90/135/180/270,1,3,Location3,1,,95.8884891043574,2.43580428350657,-0.1025,0.993824682728297,0.0424999999999999,8.37227853953572,0.776738099493688,21,1
341,B4_K06_I01-02-03-04-05-07,Branch4,PowerREV,6,6,1/2/3/4/5/7,0/45/90/135/180/270,1,4,Location4,1,,68.8898479495434,1.71913132087781,0.36,0.932469838654313,0.0299999999999999,5.00357370735474,0.653093161594294,21,0.97172619047619
342,B4_K06_I01-02-03-04-05-08,Branch4,PowerREV,6,6,1/2/3/4/5/8,0/45/90/135/180/315,1,1,Location1,1,,122.788865975171,-8.91679625299095,-0.535,0.830511890342336,-0.155,11.8178365547027,0.57948073968433,21,0.921130952380952
342,B4_K06_I01-02-03-04-05-08,Branch4,PowerREV,6,6,1/2/3/4/5/8,0/45/90/135/180/315,1,2,Location2,1,,144.312092653047,-6.17122147831452,-0.8075,0.579989224037826,-0.1075,17.5043000280774,0.292341736547872,21,0.930059523809524
342,B4_K06_I01-02-03-04-05-08,Branch4,PowerREV,6,6,1/2/3/4/5/8,0/45/90/135/180/315,1,3,Location3,1,,95.8884891043574,2.43580428350657,-0.1025,0.993824682728297,0.0424999999999999,8.37227853953572,0.75867739568308,21,1
342,B4_K06_I01-02-03-04-05-08,Branch4,PowerREV,6,6,1/2/3/4/5/8,0/45/90/135/180/315,1,4,Location4,1,,69.0464010394974,1.4325437375665,0.3575,0.933578464833032,0.0249999999999999,4.72912490366468,0.634929549967456,21,0.96577380952381
343,B4_K06_I01-02-03-04-05-09,Branch4,PowerREV,6,5,1/2/3/4/5/9,0/45/90/135/180/360,1,1,Location1,1,,122.961505062079,-8.91679625299095,-0.5375,0.828896103260234,-0.155,11.9678463979394,0.537768424001858,21,0.889880952380952
343,B4_K06_I01-02-03-04-05-09,Branch4,PowerREV,6,5,1/2/3/4/5/9,0/45/90/135/180/360,1,2,Location2,1,,144.476542092099,-5.59522743552786,-0.81,0.578267887747539,-0.0975,17.5686047297924,0.248573758643336,21,0.885416666666667
343,B4_K06_I01-02-03-04-05-09,Branch4,PowerREV,6,5,1/2/3/4/5/9,0/45/90/135/180/360,1,3,Location3,1,,95.8878786990507,2.29244277595588,-0.1025,0.993928443098395,0.0399999999999999,8.27053568153326,0.736684540424212,21,1
343,B4_K06_I01-02-03-04-05-09,Branch4,PowerREV,6,5,1/2/3/4/5/9,0/45/90/135/180/360,1,4,Location4,1,,69.1967579819565,1.71913132087781,0.355,0.934384824363067,0.0299999999999999,5.02973085550508,0.605592923675975,21,0.950892857142857
344,B4_K06_I01-02-03-04-06-07,Branch4,PowerREV,6,6,1/2/3/4/6/7,0/45/90/135/225/270,1,1,Location1,1,,122.818688285915,-9.2068962213459,-0.535,0.829563138043151,-0.16,11.9850090552187,0.616929829731741,21,0.90922619047619
344,B4_K06_I01-02-03-04-06-07,Branch4,PowerREV,6,6,1/2/3/4/6/7,0/45/90/135/225/270,1,2,Location2,1,,143.618019979014,-4.58856573578583,-0.8025,0.591264534705067,-0.08,16.5916732698491,0.342560729336604,21,0.943452380952381
344,B4_K06_I01-02-03-04-06-07,Branch4,PowerREV,6,6,1/2/3/4/6/7,0/45/90/135/225/270,1,3,Location3,1,,95.8884891043574,2.43580428350657,-0.1025,0.993824682728297,0.0424999999999999,8.37227853953572,0.777684256601169,21,1
344,B4_K06_I01-02-03-04-06-07,Branch4,PowerREV,6,6,1/2/3/4/6/7,0/45/90/135/225/270,1,4,Location4,1,,68.888118034059,1.86244079953198,0.36,0.932386052019227,0.0324999999999999,5.14658169849668,0.632548059353199,21,0.96875
345,B4_K06_I01-02-03-04-06-08,Branch4,PowerREV,6,6,1/2/3/4/6/8,0/45/90/135/225/315,1,1,Location1,1,,122.788865975171,-8.91679625299095,-0.535,0.830511890342336,-0.155,11.8178365547027,0.599007315560379,21,0.918154761904762
345,B4_K06_I01-02-03-04-06-08,Branch4,PowerREV,6,6,1/2/3/4/6/8,0/45/90/135/225/315,1,2,Location2,1,,143.893585517872,-4.87602486961296,-0.805,0.587154153523587,-0.085,16.8963485690724,0.343010292353936,21,0.952380952380952
345,B4_K06_I01-02-03-04-06-08,Branch4,PowerREV,6,6,1/2/3/4/6/8,0/45/90/135/225/315,1,3,Location3,1,,95.8884891043574,2.43580428350657,-0.1025,0.993824682728297,0.0424999999999999,8.37227853953572,0.769446831359808,21,1
345,B4_K06_I01-02-03-04-06-08,Branch4,PowerREV,6,6,1/2/3/4/6/8,0/45/90/135/225/315,1,4,Location4,1,,69.0433816711824,1.71913132087781,0.3575,0.933431170467325,0.0299999999999999,5.01433039477221,0.636670936795309,21,0.96875
346,B4_K06_I01-02-03-04-06-09,Branch4,PowerREV,6,5,1/2/3/4/6/9,0/45/90/135/225/360,1,1,Location1,1,,122.976385638365,-9.06181695393534,-0.5375,0.828424709916357,-0.1575,12.0499372541413,0.578805327094134,21,0.910714285714286
346,B4_K06_I01-02-03-04-06-09,Branch4,PowerREV,6,5,1/2/3/4/6/9,0/45/90/135/225/360,1,2,Location2,1,,143.860979365318,-4.58856573578583,-0.805,0.587856274951625,-0.08,16.8325838898585,0.310351360967509,21,0.925595238095238
346,B4_K06_I01-02-03-04-06-09,Branch4,PowerREV,6,5,1/2/3/4/6/9,0/45/90/135/225/360,1,3,Location3,1,,95.8884891043574,2.43580428350657,-0.1025,0.993824682728297,0.0424999999999999,8.37227853953572,0.765984702007655,21,1
346,B4_K06_I01-02-03-04-06-09,Branch4,PowerREV,6,5,1/2/3/4/6/9,0/45/90/135/225/360,1,4,Location4,1,,69.0433816711824,1.71913132087781,0.3575,0.933431170467325,0.0299999999999999,5.01433039477221,0.633374149637776,21,0.96577380952381
347,B4_K06_I01-02-03-04-07-08,Branch4,PowerREV,6,6,1/2/3/4/7/8,0/45/90/135/270/315,1,1,Location1,1,,122.849543753022,-9.49723446851704,-0.535,0.82858312799622,-0.165,12.1577667257075,0.59582477439569,21,0.916666666666667
347,B4_K06_I01-02-03-04-07-08,Branch4,PowerREV,6,6,1/2/3/4/7/8,0/45/90/135/270/315,1,2,Location2,1,,143.684684393117,-5.16360709084638,-0.8025,0.589825185966147,-0.09,16.7263201816587,0.328010060955298,21,0.93452380952381
347,B4_K06_I01-02-03-04-07-08,Branch4,PowerREV,6,6,1/2/3/4/7/8,0/45/90/135/270/315,1,3,Location3,1,,95.8878786990507,2.29244277595588,-0.1025,0.993928443098395,0.0399999999999999,8.27053568153326,0.771482969612238,21,1
347,B4_K06_I01-02-03-04-07-08,Branch4,PowerREV,6,6,1/2/3/4/7/8,0/45/90/135/270/315,1,4,Location4,1,,69.0416655384098,1.86244079953198,0.3575,0.933347470131033,0.0324999999999999,5.15698973655785,0.640263412439764,21,0.958333333333333
348,B4_K06_I01-02-03-04-07-09,Branch4,PowerREV,6,5,1/2/3/4/7/9,0/45/90/135/270/360,1,1,Location1,1,,123.022585491893,-9.49723446851704,-0.5375,0.826963572353704,-0.165,12.3046281920336,0.607935171059663,21,0.915178571428571
348,B4_K06_I01-02-03-04-07-09,Branch4,PowerREV,6,5,1/2/3/4/7/9,0/45/90/135/270/360,1,2,Location2,1,,143.650337278282,-4.87602486961296,-0.8025,0.590566465353393,-0.085,16.6556883643547,0.323641985656704,21,0.930059523809524
348,B4_K06_I01-02-03-04-07-09,Branch4,PowerREV,6,5,1/2/3/4/7/9,0/45/90/135/270/360,1,3,Location3,1,,95.8884891043574,2.43580428350657,-0.1025,0.993824682728297,0.0424999999999999,8.37227853953572,0.776303515950116,21,1
348,B4_K06_I01-02-03-04-07-09,Branch4,PowerREV,6,5,1/2/3/4/7/9,0/45/90/135/270/360,1,4,Location4,1,,69.0398116405854,2.00576193490982,0.3575,0.933257065336234,0.0349999999999999,5.29968523915861,0.654985398088032,21,0.958333333333333
349,B4_K06_I01-02-03-04-08-09,Branch4,PowerREV,6,5,1/2/3/4/8/9,0/45/90/135/315/360,1,1,Location1,1,,122.818688285915,-9.2068962213459,-0.535,0.829563138043151,-0.16,11.9850090552187,0.545715143098995,21,0.898809523809524
349,B4_K06_I01-02-03-04-08-09,Branch4,PowerREV,6,5,1/2/3/4/8/9,0/45/90/135/315/360,1,2,Location2,1,,143.964956262321,-5.45131981241778,-0.805,0.585619330282053,-0.095,17.0435309927201,0.248629459858892,21,0.886904761904762
349,B4_K06_I01-02-03-04-08-09,Branch4,PowerREV,6,5,1/2/3/4/8/9,0/45/90/135/315/360,1,3,Location3,1,,95.8884891043574,2.43580428350657,-0.1025,0.993824682728297,0.0424999999999999,8.37227853953572,0.744303211564116,21,1
349,B4_K06_I01-02-03-04-08-09,Branch4,PowerREV,6,5,1/2/3/4/8/9,0/45/90/135/315/360,1,4,Location4,1,,69.0449601404304,1.57583259975216,0.3575,0.933508168148517,0.0274999999999999,4.87170832758958,0.600158572830756,21,0.943452380952381
350,B4_K06_I01-02-03-05-06-07,Branch4,PowerREV,6,6,1/2/3/5/6/7,0/45/90/180/225/270,1,1,Location1,1,,122.849543753022,-9.49723446851704,-0.535,0.82858312799622,-0.165,12.1577667257075,0.597041720463883,21,0.912202380952381
350,B4_K06_I01-02-03-05-06-07,Branch4,PowerREV,6,6,1/2/3/5/6/7,0/45/90/180/225/270,1,2,Location2,1,,143.602618707897,-4.44488001787759,-0.8025,0.591597413787451,-0.0775,16.5621628506824,0.319631813793922,21,0.936011904761905
350,B4_K06_I01-02-03-05-06-07,Branch4,PowerREV,6,6,1/2/3/5/6/7,0/45/90/180/225/270,1,3,Location3,1,,95.8884891043574,2.43580428350657,-0.1025,0.993824682728297,0.0424999999999999,8.37227853953572,0.773495675627024,21,1
350,B4_K06_I01-02-03-05-06-07,Branch4,PowerREV,6,6,1/2/3/5/6/7,0/45/90/180/225/270,1,4,Location4,1,,68.8928915664191,1.4325437375665,0.36,0.932617284849471,0.0249999999999999,4.71762125934191,0.648638680742929,21,0.973214285714286
351,B4_K06_I01-02-03-05-06-08,Branch4,PowerREV,6,6,1/2/3/5/6/8,0/45/90/180/225/315,1,1,Location1,1,,122.774339673063,-8.7718331196937,-0.535,0.830974578431856,-0.1525,11.736409343889,0.589032955226581,21,0.912202380952381
351,B4_K06_I01-02-03-05-06-08,Branch4,PowerREV,6,6,1/2/3/5/6/8,0/45/90/180/225/315,1,2,Location2,1,,143.91065596465,-5.01980013167812,-0.805,0.58678680114672,-0.0875,16.9306973648369,0.33161361784413,21,0.952380952380952
351,B4_K06_I01-02-03-05-06-08,Branch4,PowerREV,6,6,1/2/3/5/6/8,0/45/90/180/225/315,1,3,Location3,1,,95.8884891043574,2.43580428350657,-0.1025,0.993824682728297,0.0424999999999999,8.37227853953572,0.766756670204508,21,1
351,B4_K06_I01-02-03-05-06-08,Branch4,PowerREV,6,6,1/2/3/5/6/8,0/45/90/180/225/315,1,4,Location4,1,,68.8928915664191,1.4325437375665,0.36,0.932617284849471,0.0249999999999999,4.71762125934191,0.651156967716098,21,0.967261904761905
352,B4_K06_I01-02-03-05-06-09,Branch4,PowerREV,6,5,1/2/3/5/6/9,0/45/90/180/225/360,1,1,Location1,1,,122.946882447149,-8.7718331196937,-0.5375,0.829359692775095,-0.1525,11.8872006812737,0.575947654004583,21,0.900297619047619
352,B4_K06_I01-02-03-05-06-09,Branch4,PowerREV,6,5,1/2/3/5/6/9,0/45/90/180/225/360,1,2,Location2,1,,143.91065596465,-5.01980013167812,-0.805,0.58678680114672,-0.0875,16.9306973648369,0.310091612978145,21,0.916666666666667
352,B4_K06_I01-02-03-05-06-09,Branch4,PowerREV,6,5,1/2/3/5/6/9,0/45/90/180/225/360,1,3,Location3,1,,95.8884891043574,2.43580428350657,-0.1025,0.993824682728297,0.0424999999999999,8.37227853953572,0.757866194575776,21,1
352,B4_K06_I01-02-03-05-06-09,Branch4,PowerREV,6,5,1/2/3/5/6/9,0/45/90/180/225/360,1,4,Location4,1,,69.0449601404304,1.57583259975216,0.3575,0.933508168148517,0.0274999999999999,4.87170832758958,0.638617491723672,21,0.970238095238095
353,B4_K06_I01-02-03-05-07-08,Branch4,PowerREV,6,6,1/2/3/5/7/8,0/45/90/180/270/315,1,1,Location1,1,,122.991525201423,-9.2068962213459,-0.5375,0.827945499414062,-0.16,12.1334478650566,0.604429908314207,21,0.915178571428571
353,B4_K06_I01-02-03-05-07-08,Branch4,PowerREV,6,6,1/2/3/5/7/8,0/45/90/180/270/315,1,2,Location2,1,,144.155482468375,-5.01980013167812,-0.8075,0.583341666607144,-0.0875,17.1726891370545,0.325500152609095,21,0.933035714285714
353,B4_K06_I01-02-03-05-07-08,Branch4,PowerREV,6,6,1/2/3/5/7/8,0/45/90/180/270/315,1,3,Location3,1,,95.8884891043574,2.43580428350657,-0.1025,0.993824682728297,0.0424999999999999,8.37227853953572,0.772441227686453,21,1
353,B4_K06_I01-02-03-05-07-08,Branch4,PowerREV,6,6,1/2/3/5/7/8,0/45/90/180/270/315,1,4,Location4,1,,68.8928915664191,1.4325437375665,0.36,0.932617284849471,0.0249999999999999,4.71762125934191,0.658228637692619,21,0.967261904761905
354,B4_K06_I01-02-03-05-07-09,Branch4,PowerREV,6,5,1/2/3/5/7/9,0/45/90/180/270/360,1,1,Location1,1,,123.006924797102,-9.35203505756315,-0.5375,0.827458458171768,-0.1625,12.2183531178971,0.618052879152092,21,0.915178571428571
354,B4_K06_I01-02-03-05-07-09,Branch4,PowerREV,6,5,1/2/3/5/7/9,0/45/90/180/270/360,1,2,Location2,1,,143.877027170779,-4.73228037895821,-0.805,0.587510638201556,-0.0825,16.8636420220125,0.327560554705111,21,0.933035714285714
354,B4_K06_I01-02-03-05-07-09,Branch4,PowerREV,6,5,1/2/3/5/7/9,0/45/90/180/270/360,1,3,Location3,1,,95.8884891043574,2.43580428350657,-0.1025,0.993824682728297,0.0424999999999999,8.37227853953572,0.773259042673079,21,1
354,B4_K06_I01-02-03-05-07-09,Branch4,PowerREV,6,5,1/2/3/5/7/9,0/45/90/180/270/360,1,4,Location4,1,,68.8928915664191,1.4325437375665,0.36,0.932617284849471,0.0249999999999999,4.71762125934191,0.66835552444705,21,0.964285714285714
355,B4_K06_I01-02-03-05-08-09,Branch4,PowerREV,6,5,1/2/3/5/8/9,0/45/90/180/315/360,1,1,Location1,1,,122.961505062079,-8.91679625299095,-0.5375,0.828896103260234,-0.155,11.9678463979394,0.589940015846727,21,0.921130952380952
355,B4_K06_I01-02-03-05-08-09,Branch4,PowerREV,6,5,1/2/3/5/8/9,0/45/90/180/315/360,1,2,Location2,1,,144.725001777928,-5.59522743552786,-0.8125,0.574749945628532,-0.0975,17.8130554594283,0.29190757431524,21,0.913690476190476
355,B4_K06_I01-02-03-05-08-09,Branch4,PowerREV,6,5,1/2/3/5/8/9,0/45/90/180/315/360,1,3,Location3,1,,95.8884891043574,2.43580428350657,-0.1025,0.993824682728297,0.0424999999999999,8.37227853953572,0.75601557874876,21,1
355,B4_K06_I01-02-03-05-08-09,Branch4,PowerREV,6,5,1/2/3/5/8/9,0/45/90/180/315/360,1,4,Location4,1,,69.0477044535588,1.28926383628796,0.3575,0.933642062034482,0.0224999999999999,4.58658178583189,0.638618092337698,21,0.96875
356,B4_K06_I01-02-03-06-07-08,Branch4,PowerREV,6,6,1/2/3/6/7/8,0/45/90/225/270/315,1,1,Location1,1,,122.803648507146,-9.06181695393534,-0.535,0.830041414629415,-0.1575,11.9007118142778,0.605917053439236,21,0.90625
356,B4_K06_I01-02-03-06-07-08,Branch4,PowerREV,6,6,1/2/3/6/7/8,0/45/90/225/270/315,1,2,Location2,1,,143.361184830953,-4.44488001787759,-0.8,0.594973738916265,-0.0775,16.3225615992363,0.301423187685463,21,0.931547619047619
356,B4_K06_I01-02-03-06-07-08,Branch4,PowerREV,6,6,1/2/3/6/7/8,0/45/90/225/270/315,1,3,Location3,1,,95.8884891043574,2.43580428350657,-0.1025,0.993824682728297,0.0424999999999999,8.37227853953572,0.765304130623112,21,1
356,B4_K06_I01-02-03-06-07-08,Branch4,PowerREV,6,6,1/2/3/6/7/8,0/45/90/225/270/315,1,4,Location4,1,,69.0416655384098,1.86244079953198,0.3575,0.933347470131033,0.0324999999999999,5.15698973655785,0.642637213238019,21,0.967261904761905
357,B4_K06_I01-02-03-06-07-09,Branch4,PowerREV,6,5,1/2/3/6/7/9,0/45/90/225/270/360,1,1,Location1,1,,122.849543753022,-9.49723446851704,-0.535,0.82858312799622,-0.165,12.1577667257075,0.604441632419166,21,0.900297619047619
357,B4_K06_I01-02-03-06-07-09,Branch4,PowerREV,6,5,1/2/3/6/7/9,0/45/90/225/270/360,1,2,Location2,1,,143.830409402884,-4.30122230467036,-0.805,0.588515080520457,-0.075,16.7754359241675,0.317705171914235,21,0.919642857142857
357,B4_K06_I01-02-03-06-07-09,Branch4,PowerREV,6,5,1/2/3/6/7/9,0/45/90/225/270/360,1,3,Location3,1,,95.8884891043574,2.43580428350657,-0.1025,0.993824682728297,0.0424999999999999,8.37227853953572,0.767065638286021,21,1
357,B4_K06_I01-02-03-06-07-09,Branch4,PowerREV,6,5,1/2/3/6/7/9,0/45/90/225/270/360,1,4,Location4,1,,68.8898479495434,1.71913132087781,0.36,0.932469838654313,0.0299999999999999,5.00357370735474,0.651800840867356,21,0.964285714285714
358,B4_K06_I01-02-03-06-08-09,Branch4,PowerREV,6,5,1/2/3/6/8/9,0/45/90/225/315/360,1,1,Location1,1,,122.788865975171,-8.91679625299095,-0.535,0.830511890342336,-0.155,11.8178365547027,0.59631100144872,21,0.901785714285714
358,B4_K06_I01-02-03-06-08-09,Branch4,PowerREV,6,5,1/2/3/6/8/9,0/45/90/225/315/360,1,2,Location2,1,,144.121550261089,-4.73228037895821,-0.8075,0.584069773229192,-0.0825,17.1058918822708,0.314882011516188,21,0.938988095238095
358,B4_K06_I01-02-03-06-08-09,Branch4,PowerREV,6,5,1/2/3/6/8/9,0/45/90/225/315/360,1,3,Location3,1,,95.8884891043574,2.43580428350657,-0.1025,0.993824682728297,0.0424999999999999,8.37227853953572,0.761896030051625,21,1
358,B4_K06_I01-02-03-06-08-09,Branch4,PowerREV,6,5,1/2/3/6/8/9,0/45/90/225/315/360,1,4,Location4,1,,69.0449601404304,1.57583259975216,0.3575,0.933508168148517,0.0274999999999999,4.87170832758958,0.64423382577107,21,0.967261904761905
359,B4_K06_I01-02-03-07-08-09,Branch4,PowerREV,6,5,1/2/3/7/8/9,0/45/90/270/315/360,1,1,Location1,1,,123.022585491893,-9.49723446851704,-0.5375,0.826963572353704,-0.165,12.3046281920336,0.576256123897835,21,0.894345238095238
359,B4_K06_I01-02-03-07-08-09,Branch4,PowerREV,6,5,1/2/3/7/8/9,0/45/90/270/315/360,1,2,Location2,1,,143.633925674789,-4.73228037895821,-0.8025,0.590920891490561,-0.0825,16.6228504728193,0.291532293604122,21,0.87202380952381
359,B4_K06_I01-02-03-07-08-09,Branch4,PowerREV,6,5,1/2/3/7/8/9,0/45/90/270/315/360,1,3,Location3,1,,95.8884891043574,2.43580428350657,-0.1025,0.993824682728297,0.0424999999999999,8.37227853953572,0.751913887519972,21,1
359,B4_K06_I01-02-03-07-08-09,Branch4,PowerREV,6,5,1/2/3/7/8/9,0/45/90/270/315/360,1,4,Location4,1,,69.0398116405854,2.00576193490982,0.3575,0.933257065336234,0.0349999999999999,5.29968523915861,0.614828837424942,21,0.949404761904762
360,B4_K06_I01-02-04-05-06-07,Branch4,PowerREV,6,6,1/2/4/5/6/7,0/45/135/180/225/270,1,1,Location1,1,,123.022585491893,-9.49723446851704,-0.5375,0.826963572353704,-0.165,12.3046281920336,0.613565623751764,21,0.918154761904762
360,B4_K06_I01-02-04-05-06-07,Branch4,PowerREV,6,6,1/2/4/5/6/7,0/45/135/180/225/270,1,2,Location2,1,,143.815884384282,-4.15759167720182,-0.805,0.588828285665694,-0.0725,16.749356783422,0.342654365665696,21,0.928571428571429
360,B4_K06_I01-02-04-05-06-07,Branch4,PowerREV,6,6,1/2/4/5/6/7,0/45/135/180/225/270,1,3,Location3,1,,95.8891367114247,2.57918105164837,-0.1025,0.993714622011773,0.0449999999999999,8.47525337559886,0.778251283066469,21,1
360,B4_K06_I01-02-04-05-06-07,Branch4,PowerREV,6,6,1/2/4/5/6/7,0/45/135/180/225/270,1,4,Location4,1,,68.8898479495434,1.71913132087781,0.36,0.932469838654313,0.0299999999999999,5.00357370735474,0.639982750623993,21,0.97172619047619
361,B4_K06_I01-02-04-05-06-08,Branch4,PowerREV,6,6,1/2/4/5/6/8,0/45/135/180/225/315,1,1,Location1,1,,122.818688285915,-9.2068962213459,-0.535,0.829563138043151,-0.16,11.9850090552187,0.603982057331153,21,0.927083333333333
361,B4_K06_I01-02-04-05-06-08,Branch4,PowerREV,6,6,1/2/4/5/6/8,0/45/135/180/225/315,1,2,Location2,1,,143.928240120886,-5.16360709084638,-0.805,0.586408560646926,-0.09,16.9666819329403,0.344929455437864,21,0.944940476190476
361,B4_K06_I01-02-04-05-06-08,Branch4,PowerREV,6,6,1/2/4/5/6/8,0/45/135/180/225/315,1,3,Location3,1,,95.8884891043574,2.43580428350657,-0.1025,0.993824682728297,0.0424999999999999,8.37227853953572,0.767267802410097,21,1
361,B4_K06_I01-02-04-05-06-08,Branch4,PowerREV,6,6,1/2/4/5/6/8,0/45/135/180/225/315,1,4,Location4,1,,69.0433816711824,1.71913132087781,0.3575,0.933431170467325,0.0299999999999999,5.01433039477221,0.631888208756618,21,0.973214285714286
362,B4_K06_I01-02-04-05-06-09,Branch4,PowerREV,6,5,1/2/4/5/6/9,0/45/135/180/225/360,1,1,Location1,1,,122.991525201423,-9.2068962213459,-0.5375,0.827945499414062,-0.16,12.1334478650566,0.54559260735534,21,0.910714285714286
362,B4_K06_I01-02-04-05-06-09,Branch4,PowerREV,6,5,1/2/4/5/6/9,0/45/135/180/225/360,1,2,Location2,1,,144.351185087967,-4.58856573578583,-0.81,0.580947501931112,-0.08,17.3187853411725,0.299688327833379,21,0.918154761904762
362,B4_K06_I01-02-04-05-06-09,Branch4,PowerREV,6,5,1/2/4/5/6/9,0/45/135/180/225/360,1,3,Location3,1,,95.8891367114247,2.57918105164837,-0.1025,0.993714622011773,0.0449999999999999,8.47525337559886,0.761116489066726,21,1
362,B4_K06_I01-02-04-05-06-09,Branch4,PowerREV,6,5,1/2/4/5/6/9,0/45/135/180/225/360,1,4,Location4,1,,69.0433816711824,1.71913132087781,0.3575,0.933431170467325,0.0299999999999999,5.01433039477221,0.612172488904902,21,0.959821428571429
363,B4_K06_I01-02-04-05-07-08,Branch4,PowerREV,6,6,1/2/4/5/7/8,0/45/135/180/270/315,1,1,Location1,1,,123.022585491893,-9.49723446851704,-0.5375,0.826963572353704,-0.165,12.3046281920336,0.618493845100972,21,0.933035714285714
363,B4_K06_I01-02-04-05-07-08,Branch4,PowerREV,6,6,1/2/4/5/7/8,0/45/135/180/270/315,1,2,Location2,1,,143.964956262321,-5.45131981241778,-0.805,0.585619330282053,-0.095,17.0435309927201,0.32542556250276,21,0.936011904761905
363,B4_K06_I01-02-04-05-07-08,Branch4,PowerREV,6,6,1/2/4/5/7/8,0/45/135/180/270/315,1,3,Location3,1,,95.8884891043574,2.43580428350657,-0.1025,0.993824682728297,0.0424999999999999,8.37227853953572,0.774495687759024,21,1
363,B4_K06_I01-02-04-05-07-08,Branch4,PowerREV,6,6,1/2/4/5/7/8,0/45/135/180/270/315,1,4,Location4,1,,68.8898479495434,1.71913132087781,0.36,0.932469838654313,0.0299999999999999,5.00357370735474,0.651669645218595,21,0.96875
364,B4_K06_I01-02-04-05-07-09,Branch4,PowerREV,6,5,1/2/4/5/7/9,0/45/135/180/270/360,1,1,Location1,1,,123.022585491893,-9.49723446851704,-0.5375,0.826963572353704,-0.165,12.3046281920336,0.616352437312329,21,0.918154761904762
364,B4_K06_I01-02-04-05-07-09,Branch4,PowerREV,6,5,1/2/4/5/7/9,0/45/135/180/270/360,1,2,Location2,1,,143.893585517872,-4.87602486961296,-0.805,0.587154153523587,-0.085,16.8963485690724,0.317915068764622,21,0.927083333333333
364,B4_K06_I01-02-04-05-07-09,Branch4,PowerREV,6,5,1/2/4/5/7/9,0/45/135/180/270/360,1,3,Location3,1,,95.8884891043574,2.43580428350657,-0.1025,0.993824682728297,0.0424999999999999,8.37227853953572,0.777052214583771,21,1
364,B4_K06_I01-02-04-05-07-09,Branch4,PowerREV,6,5,1/2/4/5/7/9,0/45/135/180/270/360,1,4,Location4,1,,68.888118034059,1.86244079953198,0.36,0.932386052019227,0.0324999999999999,5.14658169849668,0.654705157254527,21,0.967261904761905
365,B4_K06_I01-02-04-05-08-09,Branch4,PowerREV,6,5,1/2/4/5/8/9,0/45/135/180/315/360,1,1,Location1,1,,122.991525201423,-9.2068962213459,-0.5375,0.827945499414062,-0.16,12.1334478650566,0.581880705378452,21,0.912202380952381
365,B4_K06_I01-02-04-05-08-09,Branch4,PowerREV,6,5,1/2/4/5/8/9,0/45/135/180/315/360,1,2,Location2,1,,144.476542092099,-5.59522743552786,-0.81,0.578267887747539,-0.0975,17.5686047297924,0.282397934484101,21,0.916666666666667
365,B4_K06_I01-02-04-05-08-09,Branch4,PowerREV,6,5,1/2/4/5/8/9,0/45/135/180/315/360,1,3,Location3,1,,95.8884891043574,2.43580428350657,-0.1025,0.993824682728297,0.0424999999999999,8.37227853953572,0.751497936835977,21,1
365,B4_K06_I01-02-04-05-08-09,Branch4,PowerREV,6,5,1/2/4/5/8/9,0/45/135/180/315/360,1,4,Location4,1,,69.0449601404304,1.57583259975216,0.3575,0.933508168148517,0.0274999999999999,4.87170832758958,0.6121164936912,21,0.967261904761905
366,B4_K06_I01-02-04-06-07-08,Branch4,PowerREV,6,6,1/2/4/6/7/8,0/45/135/225/270/315,1,1,Location1,1,,123.006924797102,-9.35203505756315,-0.5375,0.827458458171768,-0.1625,12.2183531178971,0.621645690647507,21,0.925595238095238
366,B4_K06_I01-02-04-06-07-08,Branch4,PowerREV,6,6,1/2/4/6/7/8,0/45/135/225/270/315,1,2,Location2,1,,143.667256322953,-5.01980013167812,-0.8025,0.590201236867562,-0.0875,16.6901805169901,0.334664967293501,21,0.941964285714286
366,B4_K06_I01-02-04-06-07-08,Branch4,PowerREV,6,6,1/2/4/6/7/8,0/45/135/225/270/315,1,3,Location3,1,,95.8884891043574,2.43580428350657,-0.1025,0.993824682728297,0.0424999999999999,8.37227853953572,0.775428583546767,21,1
366,B4_K06_I01-02-04-06-07-08,Branch4,PowerREV,6,6,1/2/4/6/7/8,0/45/135/225/270/315,1,4,Location4,1,,68.888118034059,1.86244079953198,0.36,0.932386052019227,0.0324999999999999,5.14658169849668,0.645562345322044,21,0.970238095238095
367,B4_K06_I01-02-04-06-07-09,Branch4,PowerREV,6,5,1/2/4/6/7/9,0/45/135/225/270/360,1,1,Location1,1,,123.006924797102,-9.35203505756315,-0.5375,0.827458458171768,-0.1625,12.2183531178971,0.609941998205156,21,0.927083333333333
367,B4_K06_I01-02-04-06-07-09,Branch4,PowerREV,6,5,1/2/4/6/7/9,0/45/135/225/270/360,1,2,Location2,1,,143.618019979014,-4.58856573578583,-0.8025,0.591264534705067,-0.08,16.5916732698491,0.334378259506479,21,0.933035714285714
367,B4_K06_I01-02-04-06-07-09,Branch4,PowerREV,6,5,1/2/4/6/7/9,0/45/135/225/270/360,1,3,Location3,1,,95.8884891043574,2.43580428350657,-0.1025,0.993824682728297,0.0424999999999999,8.37227853953572,0.779273894777973,21,1
367,B4_K06_I01-02-04-06-07-09,Branch4,PowerREV,6,5,1/2/4/6/7/9,0/45/135/225/270/360,1,4,Location4,1,,68.888118034059,1.86244079953198,0.36,0.932386052019227,0.0324999999999999,5.14658169849668,0.65693967648032,21,0.967261904761905
368,B4_K06_I01-02-04-06-08-09,Branch4,PowerREV,6,5,1/2/4/6/8/9,0/45/135/225/315/360,1,1,Location1,1,,122.991525201423,-9.2068962213459,-0.5375,0.827945499414062,-0.16,12.1334478650566,0.601441253410807,21,0.924107142857143
368,B4_K06_I01-02-04-06-08-09,Branch4,PowerREV,6,5,1/2/4/6/8/9,0/45/135/225/315/360,1,2,Location2,1,,144.138257942844,-4.87602486961296,-0.8075,0.58371118714652,-0.085,17.1384751886569,0.339646463969052,21,0.93452380952381
368,B4_K06_I01-02-04-06-08-09,Branch4,PowerREV,6,5,1/2/4/6/8/9,0/45/135/225/315/360,1,3,Location3,1,,95.8884891043574,2.43580428350657,-0.1025,0.993824682728297,0.0424999999999999,8.37227853953572,0.768147262586205,21,1
368,B4_K06_I01-02-04-06-08-09,Branch4,PowerREV,6,5,1/2/4/6/8/9,0/45/135/225/315/360,1,4,Location4,1,,69.0433816711824,1.71913132087781,0.3575,0.933431170467325,0.0299999999999999,5.01433039477221,0.632285008034769,21,0.973214285714286
369,B4_K06_I01-02-04-07-08-09,Branch4,PowerREV,6,5,1/2/4/7/8/9,0/45/135/270/315/360,1,1,Location1,1,,123.038508373149,-9.64249546379557,-0.5375,0.826460827867843,-0.1675,12.3922485773178,0.610346948123983,21,0.919642857142857
369,B4_K06_I01-02-04-07-08-09,Branch4,PowerREV,6,5,1/2/4/7/8/9,0/45/135/270/315/360,1,2,Location2,1,,143.964956262321,-5.45131981241778,-0.805,0.585619330282053,-0.095,17.0435309927201,0.326082472602346,21,0.924107142857143
369,B4_K06_I01-02-04-07-08-09,Branch4,PowerREV,6,5,1/2/4/7/8/9,0/45/135/270/315/360,1,3,Location3,1,,95.8884891043574,2.43580428350657,-0.1025,0.993824682728297,0.0424999999999999,8.37227853953572,0.774176182414551,21,1
369,B4_K06_I01-02-04-07-08-09,Branch4,PowerREV,6,5,1/2/4/7/8/9,0/45/135/270/315/360,1,4,Location4,1,,69.0398116405854,2.00576193490982,0.3575,0.933257065336234,0.0349999999999999,5.29968523915861,0.643955333631144,21,0.961309523809524
370,B4_K06_I01-02-05-06-07-08,Branch4,PowerREV,6,6,1/2/5/6/7/8,0/45/180/225/270/315,1,1,Location1,1,,123.006924797102,-9.35203505756315,-0.5375,0.827458458171768,-0.1625,12.2183531178971,0.601374635132489,21,0.924107142857143
370,B4_K06_I01-02-05-06-07-08,Branch4,PowerREV,6,6,1/2/5/6/7/8,0/45/180/225/270/315,1,2,Location2,1,,144.105357839724,-4.58856573578583,-0.8075,0.584417444982608,-0.08,17.0749451329039,0.31800778614766,21,0.918154761904762
370,B4_K06_I01-02-05-06-07-08,Branch4,PowerREV,6,6,1/2/5/6/7/8,0/45/180/225/270/315,1,3,Location3,1,,95.8884891043574,2.43580428350657,-0.1025,0.993824682728297,0.0424999999999999,8.37227853953572,0.767586403821476,21,1
370,B4_K06_I01-02-05-06-07-08,Branch4,PowerREV,6,6,1/2/5/6/7/8,0/45/180/225/270/315,1,4,Location4,1,,69.0449601404304,1.57583259975216,0.3575,0.933508168148517,0.0274999999999999,4.87170832758958,0.620204122475209,21,0.964285714285714
371,B4_K06_I01-02-05-06-07-09,Branch4,PowerREV,6,5,1/2/5/6/7/9,0/45/180/225/270/360,1,1,Location1,1,,123.195967581782,-9.49723446851704,-0.54,0.82533326602046,-0.165,12.452420828803,0.58816992572365,21,0.904761904761905
371,B4_K06_I01-02-05-06-07-09,Branch4,PowerREV,6,5,1/2/5/6/7/9,0/45/180/225/270/360,1,2,Location2,1,,143.573323756781,-4.15759167720182,-0.8025,0.592230951572104,-0.0725,16.5081650225967,0.29962181177872,21,0.900297619047619
371,B4_K06_I01-02-05-06-07-09,Branch4,PowerREV,6,5,1/2/5/6/7/9,0/45/180/225/270/360,1,3,Location3,1,,95.8891367114247,2.57918105164837,-0.1025,0.993714622011773,0.0449999999999999,8.47525337559886,0.765936550777508,21,1
371,B4_K06_I01-02-05-06-07-09,Branch4,PowerREV,6,5,1/2/5/6/7/9,0/45/180/225/270/360,1,4,Location4,1,,69.0464010394974,1.4325437375665,0.3575,0.933578464833032,0.0249999999999999,4.72912490366468,0.610249499592867,21,0.956845238095238
372,B4_K06_I01-02-05-06-08-09,Branch4,PowerREV,6,5,1/2/5/6/8/9,0/45/180/225/315/360,1,1,Location1,1,,122.976385638365,-9.06181695393534,-0.5375,0.828424709916357,-0.1575,12.0499372541413,0.584626568297099,21,0.918154761904762
372,B4_K06_I01-02-05-06-08-09,Branch4,PowerREV,6,5,1/2/5/6/8/9,0/45/180/225/315/360,1,2,Location2,1,,144.36752471413,-4.73228037895821,-0.81,0.58059775232083,-0.0825,17.3496282848731,0.290966462716903,21,0.913690476190476
372,B4_K06_I01-02-05-06-08-09,Branch4,PowerREV,6,5,1/2/5/6/8/9,0/45/180/225/315/360,1,3,Location3,1,,95.8891367114247,2.57918105164837,-0.1025,0.993714622011773,0.0449999999999999,8.47525337559886,0.754612650676183,21,1
372,B4_K06_I01-02-05-06-08-09,Branch4,PowerREV,6,5,1/2/5/6/8/9,0/45/180/225/315/360,1,4,Location4,1,,69.0477044535588,1.28926383628796,0.3575,0.933642062034482,0.0224999999999999,4.58658178583189,0.615121584111018,21,0.970238095238095
373,B4_K06_I01-02-05-07-08-09,Branch4,PowerREV,6,5,1/2/5/7/8/9,0/45/180/270/315/360,1,1,Location1,1,,123.195967581782,-9.49723446851704,-0.54,0.82533326602046,-0.165,12.452420828803,0.607675042961868,21,0.921130952380952
373,B4_K06_I01-02-05-07-08-09,Branch4,PowerREV,6,5,1/2/5/7/8/9,0/45/180/270/315/360,1,2,Location2,1,,143.877027170779,-4.73228037895821,-0.805,0.587510638201556,-0.0825,16.8636420220125,0.303309938062513,21,0.913690476190476
373,B4_K06_I01-02-05-07-08-09,Branch4,PowerREV,6,5,1/2/5/7/8/9,0/45/180/270/315/360,1,3,Location3,1,,95.8884891043574,2.43580428350657,-0.1025,0.993824682728297,0.0424999999999999,8.37227853953572,0.766632074982333,21,1
373,B4_K06_I01-02-05-07-08-09,Branch4,PowerREV,6,5,1/2/5/7/8/9,0/45/180/270/315/360,1,4,Location4,1,,69.0464010394974,1.4325437375665,0.3575,0.933578464833032,0.0249999999999999,4.72912490366468,0.633940228785401,21,0.970238095238095
374,B4_K06_I01-02-06-07-08-09,Branch4,PowerREV,6,5,1/2/6/7/8/9,0/45/225/270/315/360,1,1,Location1,1,,122.818688285915,-9.2068962213459,-0.535,0.829563138043151,-0.16,11.9850090552187,0.566214357300107,21,0.879464285714286
374,B4_K06_I01-02-06-07-08-09,Branch4,PowerREV,6,5,1/2/6/7/8/9,0/45/225/270/315/360,1,2,Location2,1,,143.702623124417,-5.3074466746303,-0.8025,0.589438291935636,-0.0925,16.7641002986764,0.260626196574862,21,0.866071428571429
374,B4_K06_I01-02-06-07-08-09,Branch4,PowerREV,6,5,1/2/6/7/8/9,0/45/225/270/315/360,1,3,Location3,1,,95.8884891043574,2.43580428350657,-0.1025,0.993824682728297,0.0424999999999999,8.37227853953572,0.73524386834407,21,1
374,B4_K06_I01-02-06-07-08-09,Branch4,PowerREV,6,5,1/2/6/7/8/9,0/45/225/270/315/360,1,4,Location4,1,,69.0398116405854,2.00576193490982,0.3575,0.933257065336234,0.0349999999999999,5.29968523915861,0.585421152021876,21,0.952380952380952
375,B4_K06_I01-03-04-05-06-07,Branch4,PowerREV,6,6,1/3/4/5/6/7,0/90/135/180/225/270,1,1,Location1,1,,122.849543753022,-9.49723446851704,-0.535,0.82858312799622,-0.165,12.1577667257075,0.589598948719658,21,0.919642857142857
375,B4_K06_I01-03-04-05-06-07,Branch4,PowerREV,6,6,1/3/4/5/6/7,0/90/135/180/225/270,1,2,Location2,1,,143.684684393117,-5.16360709084638,-0.8025,0.589825185966147,-0.09,16.7263201816587,0.300483163495522,21,0.936011904761905
375,B4_K06_I01-03-04-05-06-07,Branch4,PowerREV,6,6,1/3/4/5/6/7,0/90/135/180/225/270,1,3,Location3,1,,95.8884891043574,2.43580428350657,-0.1025,0.993824682728297,0.0424999999999999,8.37227853953572,0.775557702454671,21,1
375,B4_K06_I01-03-04-05-06-07,Branch4,PowerREV,6,6,1/3/4/5/6/7,0/90/135/180/225/270,1,4,Location4,1,,68.8898479495434,1.71913132087781,0.36,0.932469838654313,0.0299999999999999,5.00357370735474,0.643016818457767,21,0.964285714285714
376,B4_K06_I01-03-04-05-06-08,Branch4,PowerREV,6,6,1/3/4/5/6/8,0/90/135/180/225/315,1,1,Location1,1,,122.803648507146,-9.06181695393534,-0.535,0.830041414629415,-0.1575,11.9007118142778,0.587828013529031,21,0.921130952380952
376,B4_K06_I01-03-04-05-06-08,Branch4,PowerREV,6,6,1/3/4/5/6/8,0/90/135/180/225/315,1,2,Location2,1,,143.702623124417,-5.3074466746303,-0.8025,0.589438291935636,-0.0925,16.7641002986764,0.30431898802166,21,0.943452380952381
376,B4_K06_I01-03-04-05-06-08,Branch4,PowerREV,6,6,1/3/4/5/6/8,0/90/135/180/225/315,1,3,Location3,1,,95.8884891043574,2.43580428350657,-0.1025,0.993824682728297,0.0424999999999999,8.37227853953572,0.767618971408424,21,1
376,B4_K06_I01-03-04-05-06-08,Branch4,PowerREV,6,6,1/3/4/5/6/8,0/90/135/180/225/315,1,4,Location4,1,,68.8914390956087,1.57583259975216,0.36,0.932546915709875,0.0274999999999999,4.86058692263444,0.638230051346125,21,0.962797619047619
377,B4_K06_I01-03-04-05-06-09,Branch4,PowerREV,6,5,1/3/4/5/6/9,0/90/135/180/225/360,1,1,Location1,1,,122.976385638365,-9.06181695393534,-0.5375,0.828424709916357,-0.1575,12.0499372541413,0.566193148351658,21,0.90625
377,B4_K06_I01-03-04-05-06-09,Branch4,PowerREV,6,5,1/3/4/5/6/9,0/90/135/180/225/360,1,2,Location2,1,,143.91065596465,-5.01980013167812,-0.805,0.58678680114672,-0.0875,16.9306973648369,0.294906201519365,21,0.927083333333333
377,B4_K06_I01-03-04-05-06-09,Branch4,PowerREV,6,5,1/3/4/5/6/9,0/90/135/180/225/360,1,3,Location3,1,,95.8884891043574,2.43580428350657,-0.1025,0.993824682728297,0.0424999999999999,8.37227853953572,0.765775401628136,21,1
377,B4_K06_I01-03-04-05-06-09,Branch4,PowerREV,6,5,1/3/4/5/6/9,0/90/135/180/225/360,1,4,Location4,1,,69.0433816711824,1.71913132087781,0.3575,0.933431170467325,0.0299999999999999,5.01433039477221,0.637582674656531,21,0.961309523809524
378,B4_K06_I01-03-04-05-07-08,Branch4,PowerREV,6,6,1/3/4/5/7/8,0/90/135/180/270/315,1,1,Location1,1,,122.849543753022,-9.49723446851704,-0.535,0.82858312799622,-0.165,12.1577667257075,0.598341889381557,21,0.913690476190476
378,B4_K06_I01-03-04-05-07-08,Branch4,PowerREV,6,6,1/3/4/5/7/8,0/90/135/180/270/315,1,2,Location2,1,,143.702623124417,-5.3074466746303,-0.8025,0.589438291935636,-0.0925,16.7641002986764,0.304816831030693,21,0.936011904761905
378,B4_K06_I01-03-04-05-07-08,Branch4,PowerREV,6,6,1/3/4/5/7/8,0/90/135/180/270/315,1,3,Location3,1,,95.8878786990507,2.29244277595588,-0.1025,0.993928443098395,0.0399999999999999,8.27053568153326,0.773484252709881,21,1
378,B4_K06_I01-03-04-05-07-08,Branch4,PowerREV,6,6,1/3/4/5/7/8,0/90/135/180/270/315,1,4,Location4,1,,68.8898479495434,1.71913132087781,0.36,0.932469838654313,0.0299999999999999,5.00357370735474,0.654080354436657,21,0.955357142857143
379,B4_K06_I01-03-04-05-07-09,Branch4,PowerREV,6,5,1/3/4/5/7/9,0/90/135/180/270/360,1,1,Location1,1,,122.833986348658,-9.35203505756315,-0.535,0.82907704708308,-0.1625,12.0707025089191,0.599045089469604,21,0.915178571428571
379,B4_K06_I01-03-04-05-07-09,Branch4,PowerREV,6,5,1/3/4/5/7/9,0/90/135/180/270/360,1,2,Location2,1,,143.946339648551,-5.3074466746303,-0.805,0.58601941094131,-0.0925,17.0042954972734,0.318571137464932,21,0.93452380952381
379,B4_K06_I01-03-04-05-07-09,Branch4,PowerREV,6,5,1/3/4/5/7/9,0/90/135/180/270/360,1,3,Location3,1,,95.8884891043574,2.43580428350657,-0.1025,0.993824682728297,0.0424999999999999,8.37227853953572,0.77916144273149,21,1
379,B4_K06_I01-03-04-05-07-09,Branch4,PowerREV,6,5,1/3/4/5/7/9,0/90/135/180/270/360,1,4,Location4,1,,68.8898479495434,1.71913132087781,0.36,0.932469838654313,0.0299999999999999,5.00357370735474,0.666241553242129,21,0.96577380952381
380,B4_K06_I01-03-04-05-08-09,Branch4,PowerREV,6,5,1/3/4/5/8/9,0/90/135/180/315/360,1,1,Location1,1,,122.818688285915,-9.2068962213459,-0.535,0.829563138043151,-0.16,11.9850090552187,0.560865217403163,21,0.910714285714286
380,B4_K06_I01-03-04-05-08-09,Branch4,PowerREV,6,5,1/3/4/5/8/9,0/90/135/180/315/360,1,2,Location2,1,,144.831400911201,-6.31531556935738,-0.8125,0.572489082865342,-0.11,18.038293810809,0.267925299368802,21,0.90922619047619
380,B4_K06_I01-03-04-05-08-09,Branch4,PowerREV,6,5,1/3/4/5/8/9,0/90/135/180/315/360,1,3,Location3,1,,95.8884891043574,2.43580428350657,-0.1025,0.993824682728297,0.0424999999999999,8.37227853953572,0.756034365996234,21,1
380,B4_K06_I01-03-04-05-08-09,Branch4,PowerREV,6,5,1/3/4/5/8/9,0/90/135/180/315/360,1,4,Location4,1,,69.0464010394974,1.4325437375665,0.3575,0.933578464833032,0.0249999999999999,4.72912490366468,0.630843712049704,21,0.956845238095238
381,B4_K06_I01-03-04-06-07-08,Branch4,PowerREV,6,6,1/3/4/6/7/8,0/90/135/225/270/315,1,1,Location1,1,,122.818688285915,-9.2068962213459,-0.535,0.829563138043151,-0.16,11.9850090552187,0.60754259242043,21,0.910714285714286
381,B4_K06_I01-03-04-06-07-08,Branch4,PowerREV,6,6,1/3/4/6/7/8,0/90/135/225/270/315,1,2,Location2,1,,143.684684393117,-5.16360709084638,-0.8025,0.589825185966147,-0.09,16.7263201816587,0.313073762963361,21,0.953869047619048
381,B4_K06_I01-03-04-06-07-08,Branch4,PowerREV,6,6,1/3/4/6/7/8,0/90/135/225/270/315,1,3,Location3,1,,95.8878786990507,2.29244277595588,-0.1025,0.993928443098395,0.0399999999999999,8.27053568153326,0.774158448576657,21,1
381,B4_K06_I01-03-04-06-07-08,Branch4,PowerREV,6,6,1/3/4/6/7/8,0/90/135/225/270/315,1,4,Location4,1,,69.0416655384098,1.86244079953198,0.3575,0.933347470131033,0.0324999999999999,5.15698973655785,0.63333524467827,21,0.959821428571429
382,B4_K06_I01-03-04-06-07-09,Branch4,PowerREV,6,5,1/3/4/6/7/9,0/90/135/225/270/360,1,1,Location1,1,,123.022585491893,-9.49723446851704,-0.5375,0.826963572353704,-0.165,12.3046281920336,0.613491885447383,21,0.918154761904762
382,B4_K06_I01-03-04-06-07-09,Branch4,PowerREV,6,5,1/3/4/6/7/9,0/90/135/225/270/360,1,2,Location2,1,,143.618019979014,-4.58856573578583,-0.8025,0.591264534705067,-0.08,16.5916732698491,0.336805410842024,21,0.946428571428571
382,B4_K06_I01-03-04-06-07-09,Branch4,PowerREV,6,5,1/3/4/6/7/9,0/90/135/225/270/360,1,3,Location3,1,,95.8884891043574,2.43580428350657,-0.1025,0.993824682728297,0.0424999999999999,8.37227853953572,0.781232000363486,21,1
382,B4_K06_I01-03-04-06-07-09,Branch4,PowerREV,6,5,1/3/4/6/7/9,0/90/135/225/270/360,1,4,Location4,1,,68.888118034059,1.86244079953198,0.36,0.932386052019227,0.0324999999999999,5.14658169849668,0.66670925959042,21,0.962797619047619
383,B4_K06_I01-03-04-06-08-09,Branch4,PowerREV,6,5,1/3/4/6/8/9,0/90/135/225/315/360,1,1,Location1,1,,122.991525201423,-9.2068962213459,-0.5375,0.827945499414062,-0.16,12.1334478650566,0.598214711045984,21,0.915178571428571
383,B4_K06_I01-03-04-06-08-09,Branch4,PowerREV,6,5,1/3/4/6/8/9,0/90/135/225/315/360,1,2,Location2,1,,143.91065596465,-5.01980013167812,-0.805,0.58678680114672,-0.0875,16.9306973648369,0.326702459378759,21,0.944940476190476
383,B4_K06_I01-03-04-06-08-09,Branch4,PowerREV,6,5,1/3/4/6/8/9,0/90/135/225/315/360,1,3,Location3,1,,95.8884891043574,2.43580428350657,-0.1025,0.993824682728297,0.0424999999999999,8.37227853953572,0.77073562530266,21,1
383,B4_K06_I01-03-04-06-08-09,Branch4,PowerREV,6,5,1/3/4/6/8/9,0/90/135/225/315/360,1,4,Location4,1,,68.8914390956087,1.57583259975216,0.36,0.932546915709875,0.0274999999999999,4.86058692263444,0.646212958326124,21,0.962797619047619
384,B4_K06_I01-03-04-07-08-09,Branch4,PowerREV,6,5,1/3/4/7/8/9,0/90/135/270/315/360,1,1,Location1,1,,123.022585491893,-9.49723446851704,-0.5375,0.826963572353704,-0.165,12.3046281920336,0.603133345741226,21,0.910714285714286
384,B4_K06_I01-03-04-07-08-09,Branch4,PowerREV,6,5,1/3/4/7/8/9,0/90/135/270/315/360,1,2,Location2,1,,143.984091730089,-5.59522743552786,-0.805,0.585208296250147,-0.0975,17.0843810761806,0.32125852198622,21,0.93452380952381
384,B4_K06_I01-03-04-07-08-09,Branch4,PowerREV,6,5,1/3/4/7/8/9,0/90/135/270/315/360,1,3,Location3,1,,95.743782785421,2.29244277595588,-0.1,0.994183081730925,0.0399999999999999,8.16867893876482,0.775589769391048,21,1
384,B4_K06_I01-03-04-07-08-09,Branch4,PowerREV,6,5,1/3/4/7/8/9,0/90/135/270/315/360,1,4,Location4,1,,69.0416655384098,1.86244079953198,0.3575,0.933347470131033,0.0324999999999999,5.15698973655785,0.656363225101003,21,0.953869047619048
385,B4_K06_I01-03-05-06-07-08,Branch4,PowerREV,6,6,1/3/5/6/7/8,0/90/180/225/270/315,1,1,Location1,1,,122.646186963569,-9.2068962213459,-0.5325,0.831170108942809,-0.16,11.8374867342012,0.596650477650927,21,0.918154761904762
385,B4_K06_I01-03-05-06-07-08,Branch4,PowerREV,6,6,1/3/5/6/7/8,0/90/180/225/270/315,1,2,Location2,1,,143.684684393117,-5.16360709084638,-0.8025,0.589825185966147,-0.09,16.7263201816587,0.304784334449505,21,0.950892857142857
385,B4_K06_I01-03-05-06-07-08,Branch4,PowerREV,6,6,1/3/5/6/7/8,0/90/180/225/270/315,1,3,Location3,1,,95.8884891043574,2.43580428350657,-0.1025,0.993824682728297,0.0424999999999999,8.37227853953572,0.77388442233235,21,1
385,B4_K06_I01-03-05-06-07-08,Branch4,PowerREV,6,6,1/3/5/6/7/8,0/90/180/225/270/315,1,4,Location4,1,,68.8914390956087,1.57583259975216,0.36,0.932546915709875,0.0274999999999999,4.86058692263444,0.651406039439061,21,0.962797619047619
386,B4_K06_I01-03-05-06-07-09,Branch4,PowerREV,6,5,1/3/5/6/7/9,0/90/180/225/270/360,1,1,Location1,1,,122.833986348658,-9.35203505756315,-0.535,0.82907704708308,-0.1625,12.0707025089191,0.612454637616159,21,0.921130952380952
386,B4_K06_I01-03-05-06-07-09,Branch4,PowerREV,6,5,1/3/5/6/7/9,0/90/180/225/270/360,1,2,Location2,1,,143.877027170779,-4.73228037895821,-0.805,0.587510638201556,-0.0825,16.8636420220125,0.321521595932257,21,0.938988095238095
386,B4_K06_I01-03-05-06-07-09,Branch4,PowerREV,6,5,1/3/5/6/7/9,0/90/180/225/270/360,1,3,Location3,1,,95.8884891043574,2.43580428350657,-0.1025,0.993824682728297,0.0424999999999999,8.37227853953572,0.777172725176634,21,1
386,B4_K06_I01-03-05-06-07-09,Branch4,PowerREV,6,5,1/3/5/6/7/9,0/90/180/225/270/360,1,4,Location4,1,,68.8914390956087,1.57583259975216,0.36,0.932546915709875,0.0274999999999999,4.86058692263444,0.658303412398656,21,0.967261904761905
387,B4_K06_I01-03-05-06-08-09,Branch4,PowerREV,6,5,1/3/5/6/8/9,0/90/180/225/315/360,1,1,Location1,1,,122.788865975171,-8.91679625299095,-0.535,0.830511890342336,-0.155,11.8178365547027,0.580545340170136,21,0.915178571428571
387,B4_K06_I01-03-05-06-08-09,Branch4,PowerREV,6,5,1/3/5/6/8/9,0/90/180/225/315/360,1,2,Location2,1,,144.19148864784,-5.3074466746303,-0.8075,0.58256973831465,-0.0925,17.2459838141404,0.316192127785714,21,0.9375
387,B4_K06_I01-03-05-06-08-09,Branch4,PowerREV,6,5,1/3/5/6/8/9,0/90/180/225/315/360,1,3,Location3,1,,95.8884891043574,2.43580428350657,-0.1025,0.993824682728297,0.0424999999999999,8.37227853953572,0.767776398938099,21,1
387,B4_K06_I01-03-05-06-08-09,Branch4,PowerREV,6,5,1/3/5/6/8/9,0/90/180/225/315/360,1,4,Location4,1,,68.8942054478987,1.28926383628796,0.36,0.932680947591404,0.0224999999999999,4.57467674719183,0.650520361046342,21,0.96875
388,B4_K06_I01-03-05-07-08-09,Branch4,PowerREV,6,5,1/3/5/7/8/9,0/90/180/270/315/360,1,1,Location1,1,,123.006924797102,-9.35203505756315,-0.5375,0.827458458171768,-0.1625,12.2183531178971,0.607055255254379,21,0.918154761904762
388,B4_K06_I01-03-05-07-08-09,Branch4,PowerREV,6,5,1/3/5/7/8/9,0/90/180/270/315/360,1,2,Location2,1,,143.964956262321,-5.45131981241778,-0.805,0.585619330282053,-0.095,17.0435309927201,0.31021251893818,21,0.9375
388,B4_K06_I01-03-05-07-08-09,Branch4,PowerREV,6,5,1/3/5/7/8/9,0/90/180/270/315/360,1,3,Location3,1,,95.8884891043574,2.43580428350657,-0.1025,0.993824682728297,0.0424999999999999,8.37227853953572,0.775685093468382,21,1
388,B4_K06_I01-03-05-07-08-09,Branch4,PowerREV,6,5,1/3/5/7/8/9,0/90/180/270/315/360,1,4,Location4,1,,68.8928915664191,1.4325437375665,0.36,0.932617284849471,0.0249999999999999,4.71762125934191,0.666010787587116,21,0.964285714285714
389,B4_K06_I01-03-06-07-08-09,Branch4,PowerREV,6,5,1/3/6/7/8/9,0/90/225/270/315/360,1,1,Location1,1,,122.646186963569,-9.2068962213459,-0.5325,0.831170108942809,-0.16,11.8374867342012,0.610500084323278,21,0.904761904761905
389,B4_K06_I01-03-06-07-08-09,Branch4,PowerREV,6,5,1/3/6/7/8/9,0/90/225/270/315/360,1,2,Location2,1,,143.684684393117,-5.16360709084638,-0.8025,0.589825185966147,-0.09,16.7263201816587,0.303254937141335,21,0.938988095238095
389,B4_K06_I01-03-06-07-08-09,Branch4,PowerREV,6,5,1/3/6/7/8/9,0/90/225/270/315/360,1,3,Location3,1,,95.8884891043574,2.43580428350657,-0.1025,0.993824682728297,0.0424999999999999,8.37227853953572,0.771016591993083,21,1
389,B4_K06_I01-03-06-07-08-09,Branch4,PowerREV,6,5,1/3/6/7/8/9,0/90/225/270/315/360,1,4,Location4,1,,68.8898479495434,1.71913132087781,0.36,0.932469838654313,0.0299999999999999,5.00357370735474,0.65338861187848,21,0.956845238095238
390,B4_K06_I01-04-05-06-07-08,Branch4,PowerREV,6,6,1/4/5/6/7/8,0/135/180/225/270/315,1,1,Location1,1,,123.038508373149,-9.64249546379557,-0.5375,0.826460827867843,-0.1675,12.3922485773178,0.600597415311354,21,0.918154761904762
390,B4_K06_I01-04-05-06-07-08,Branch4,PowerREV,6,6,1/4/5/6/7/8,0/135/180/225/270/315,1,2,Location2,1,,143.650337278282,-4.87602486961296,-0.8025,0.590566465353393,-0.085,16.6556883643547,0.281791185191797,21,0.916666666666667
390,B4_K06_I01-04-05-06-07-08,Branch4,PowerREV,6,6,1/4/5/6/7/8,0/135/180/225/270/315,1,3,Location3,1,,95.8884891043574,2.43580428350657,-0.1025,0.993824682728297,0.0424999999999999,8.37227853953572,0.772506820574692,21,1
390,B4_K06_I01-04-05-06-07-08,Branch4,PowerREV,6,6,1/4/5/6/7/8,0/135/180/225/270/315,1,4,Location4,1,,68.8898479495434,1.71913132087781,0.36,0.932469838654313,0.0299999999999999,5.00357370735474,0.623480056054074,21,0.961309523809524
391,B4_K06_I01-04-05-06-07-09,Branch4,PowerREV,6,5,1/4/5/6/7/9,0/135/180/225/270/360,1,1,Location1,1,,123.038508373149,-9.64249546379557,-0.5375,0.826460827867843,-0.1675,12.3922485773178,0.594532445248751,21,0.919642857142857
391,B4_K06_I01-04-05-06-07-09,Branch4,PowerREV,6,5,1/4/5/6/7/9,0/135/180/225/270/360,1,2,Location2,1,,143.602618707897,-4.44488001787759,-0.8025,0.591597413787451,-0.0775,16.5621628506824,0.304363851235907,21,0.919642857142857
391,B4_K06_I01-04-05-06-07-09,Branch4,PowerREV,6,5,1/4/5/6/7/9,0/135/180/225/270/360,1,3,Location3,1,,95.8891367114247,2.57918105164837,-0.1025,0.993714622011773,0.0449999999999999,8.47525337559886,0.780350474626852,21,1
391,B4_K06_I01-04-05-06-07-09,Branch4,PowerREV,6,5,1/4/5/6/7/9,0/135/180/225/270/360,1,4,Location4,1,,68.8898479495434,1.71913132087781,0.36,0.932469838654313,0.0299999999999999,5.00357370735474,0.639174138101875,21,0.964285714285714
392,B4_K06_I01-04-05-06-08-09,Branch4,PowerREV,6,5,1/4/5/6/8/9,0/135/180/225/315/360,1,1,Location1,1,,122.991525201423,-9.2068962213459,-0.5375,0.827945499414062,-0.16,12.1334478650566,0.566896632785068,21,0.919642857142857
392,B4_K06_I01-04-05-06-08-09,Branch4,PowerREV,6,5,1/4/5/6/8/9,0/135/180/225/315/360,1,2,Location2,1,,143.928240120886,-5.16360709084638,-0.805,0.586408560646926,-0.09,16.9666819329403,0.294857928353942,21,0.912202380952381
392,B4_K06_I01-04-05-06-08-09,Branch4,PowerREV,6,5,1/4/5/6/8/9,0/135/180/225/315/360,1,3,Location3,1,,95.8891367114247,2.57918105164837,-0.1025,0.993714622011773,0.0449999999999999,8.47525337559886,0.763212053299488,21,1
392,B4_K06_I01-04-05-06-08-09,Branch4,PowerREV,6,5,1/4/5/6/8/9,0/135/180/225/315/360,1,4,Location4,1,,68.8914390956087,1.57583259975216,0.36,0.932546915709875,0.0274999999999999,4.86058692263444,0.610750074175163,21,0.964285714285714
393,B4_K06_I01-04-05-07-08-09,Branch4,PowerREV,6,5,1/4/5/7/8/9,0/135/180/270/315/360,1,1,Location1,1,,123.228289783094,-9.78781905671397,-0.54,0.824317899842045,-0.17,12.6274334821224,0.607251859459877,21,0.898809523809524
393,B4_K06_I01-04-05-07-08-09,Branch4,PowerREV,6,5,1/4/5/7/8/9,0/135/180/270/315/360,1,2,Location2,1,,143.460309919962,-5.3074466746303,-0.8,0.592826914031406,-0.0925,16.5253715850573,0.318223582541553,21,0.916666666666667
393,B4_K06_I01-04-05-07-08-09,Branch4,PowerREV,6,5,1/4/5/7/8/9,0/135/180/270/315/360,1,3,Location3,1,,95.8884891043574,2.43580428350657,-0.1025,0.993824682728297,0.0424999999999999,8.37227853953572,0.774929126797509,21,1
393,B4_K06_I01-04-05-07-08-09,Branch4,PowerREV,6,5,1/4/5/7/8/9,0/135/180/270/315/360,1,4,Location4,1,,68.888118034059,1.86244079953198,0.36,0.932386052019227,0.0324999999999999,5.14658169849668,0.647278942878841,21,0.958333333333333
394,B4_K06_I01-04-06-07-08-09,Branch4,PowerREV,6,5,1/4/6/7/8/9,0/135/225/270/315/360,1,1,Location1,1,,123.038508373149,-9.64249546379557,-0.5375,0.826460827867843,-0.1675,12.3922485773178,0.616462822814228,21,0.915178571428571
394,B4_K06_I01-04-06-07-08-09,Branch4,PowerREV,6,5,1/4/6/7/8/9,0/135/225/270/315/360,1,2,Location2,1,,143.667256322953,-5.01980013167812,-0.8025,0.590201236867562,-0.0875,16.6901805169901,0.328470917355477,21,0.930059523809524
394,B4_K06_I01-04-06-07-08-09,Branch4,PowerREV,6,5,1/4/6/7/8/9,0/135/225/270/315/360,1,3,Location3,1,,95.8884891043574,2.43580428350657,-0.1025,0.993824682728297,0.0424999999999999,8.37227853953572,0.778044250062533,21,1
394,B4_K06_I01-04-06-07-08-09,Branch4,PowerREV,6,5,1/4/6/7/8/9,0/135/225/270/315/360,1,4,Location4,1,,68.886249246736,2.00576193490982,0.36,0.93229555399562,0.0349999999999999,5.28961108043064,0.637354387354907,21,0.956845238095238
395,B4_K06_I01-05-06-07-08-09,Branch4,PowerREV,6,5,1/5/6/7/8/9,0/180/225/270/315/360,1,1,Location1,1,,123.228289783094,-9.78781905671397,-0.54,0.824317899842045,-0.17,12.6274334821224,0.554279348105283,21,0.888392857142857
395,B4_K06_I01-05-06-07-08-09,Branch4,PowerREV,6,5,1/5/6/7/8/9,0/180/225/270/315/360,1,2,Location2,1,,143.361184830953,-4.44488001787759,-0.8,0.594973738916265,-0.0775,16.3225615992363,0.28319840502265,21,0.895833333333333
395,B4_K06_I01-05-06-07-08-09,Branch4,PowerREV,6,5,1/5/6/7/8/9,0/180/225/270/315/360,1,3,Location3,1,,95.8891367114247,2.57918105164837,-0.1025,0.993714622011773,0.0449999999999999,8.47525337559886,0.761622653437655,21,1
395,B4_K06_I01-05-06-07-08-09,Branch4,PowerREV,6,5,1/5/6/7/8/9,0/180/225/270/315/360,1,4,Location4,1,,68.8914390956087,1.57583259975216,0.36,0.932546915709875,0.0274999999999999,4.86058692263444,0.584107805334778,21,0.952380952380952
396,B4_K06_I02-03-04-05-06-07,Branch4,PowerREV,6,6,2/3/4/5/6/7,45/90/135/180/225/270,1,1,Location1,1,,123.022585491893,-9.49723446851704,-0.5375,0.826963572353704,-0.165,12.3046281920336,0.573118814155161,21,0.907738095238095
396,B4_K06_I02-03-04-05-06-07,Branch4,PowerREV,6,6,2/3/4/5/6/7,45/90/135/180/225/270,1,2,Location2,1,,143.602618707897,-4.44488001787759,-0.8025,0.591597413787451,-0.0775,16.5621628506824,0.30006146171666,21,0.916666666666667
396,B4_K06_I02-03-04-05-06-07,Branch4,PowerREV,6,6,2/3/4/5/6/7,45/90/135/180/225/270,1,3,Location3,1,,95.8891367114247,2.57918105164837,-0.1025,0.993714622011773,0.0449999999999999,8.47525337559886,0.772697754020935,21,1
396,B4_K06_I02-03-04-05-06-07,Branch4,PowerREV,6,6,2/3/4/5/6/7,45/90/135/180/225/270,1,4,Location4,1,,68.888118034059,1.86244079953198,0.36,0.932386052019227,0.0324999999999999,5.14658169849668,0.635033314379313,21,0.959821428571429
397,B4_K06_I02-03-04-05-06-08,Branch4,PowerREV,6,6,2/3/4/5/6/8,45/90/135/180/225/315,1,1,Location1,1,,122.788865975171,-8.91679625299095,-0.535,0.830511890342336,-0.155,11.8178365547027,0.596499669723775,21,0.916666666666667
397,B4_K06_I02-03-04-05-06-08,Branch4,PowerREV,6,6,2/3/4/5/6/8,45/90/135/180/225/315,1,2,Location2,1,,143.721074204305,-5.45131981241778,-0.8025,0.589040533410053,-0.095,16.8035135090549,0.33758105934329,21,0.947916666666667
397,B4_K06_I02-03-04-05-06-08,Branch4,PowerREV,6,6,2/3/4/5/6/8,45/90/135/180/225/315,1,3,Location3,1,,95.8884891043574,2.43580428350657,-0.1025,0.993824682728297,0.0424999999999999,8.37227853953572,0.767373221531401,21,1
397,B4_K06_I02-03-04-05-06-08,Branch4,PowerREV,6,6,2/3/4/5/6/8,45/90/135/180/225/315,1,4,Location4,1,,68.8914390956087,1.57583259975216,0.36,0.932546915709875,0.0274999999999999,4.86058692263444,0.648575643357068,21,0.964285714285714
398,B4_K06_I02-03-04-05-06-09,Branch4,PowerREV,6,6,2/3/4/5/6/9,45/90/135/180/225/360,1,1,Location1,1,,122.961505062079,-8.91679625299095,-0.5375,0.828896103260234,-0.155,11.9678463979394,0.551991449979804,21,0.912202380952381
398,B4_K06_I02-03-04-05-06-09,Branch4,PowerREV,6,6,2/3/4/5/6/9,45/90/135/180/225/360,1,2,Location2,1,,144.138257942844,-4.87602486961296,-0.8075,0.58371118714652,-0.085,17.1384751886569,0.299491348777426,21,0.916666666666667
398,B4_K06_I02-03-04-05-06-09,Branch4,PowerREV,6,6,2/3/4/5/6/9,45/90/135/180/225/360,1,3,Location3,1,,95.8884891043574,2.43580428350657,-0.1025,0.993824682728297,0.0424999999999999,8.37227853953572,0.763354189921429,21,1
398,B4_K06_I02-03-04-05-06-09,Branch4,PowerREV,6,6,2/3/4/5/6/9,45/90/135/180/225/360,1,4,Location4,1,,68.8914390956087,1.57583259975216,0.36,0.932546915709875,0.0274999999999999,4.86058692263444,0.640011101466255,21,0.964285714285714
399,B4_K06_I02-03-04-05-07-08,Branch4,PowerREV,6,6,2/3/4/5/7/8,45/90/135/180/270/315,1,1,Location1,1,,123.006924797102,-9.35203505756315,-0.5375,0.827458458171768,-0.1625,12.2183531178971,0.598503078942112,21,0.924107142857143
399,B4_K06_I02-03-04-05-07-08,Branch4,PowerREV,6,6,2/3/4/5/7/8,45/90/135/180/270/315,1,2,Location2,1,,143.946339648551,-5.3074466746303,-0.805,0.58601941094131,-0.0925,17.0042954972734,0.331201640238849,21,0.936011904761905
399,B4_K06_I02-03-04-05-07-08,Branch4,PowerREV,6,6,2/3/4/5/7/8,45/90/135/180/270/315,1,3,Location3,1,,95.8884891043574,2.43580428350657,-0.1025,0.993824682728297,0.0424999999999999,8.37227853953572,0.772335698484746,21,1
399,B4_K06_I02-03-04-05-07-08,Branch4,PowerREV,6,6,2/3/4/5/7/8,45/90/135/180/270/315,1,4,Location4,1,,69.0433816711824,1.71913132087781,0.3575,0.933431170467325,0.0299999999999999,5.01433039477221,0.66506202751589,21,0.962797619047619
400,B4_K06_I02-03-04-05-07-09,Branch4,PowerREV,6,6,2/3/4/5/7/9,45/90/135/180/270/360,1,1,Location1,1,,123.006924797102,-9.35203505756315,-0.5375,0.827458458171768,-0.1625,12.2183531178971,0.616255945007489,21,0.925595238095238
400,B4_K06_I02-03-04-05-07-09,Branch4,PowerREV,6,6,2/3/4/5/7/9,45/90/135/180/270/360,1,2,Location2,1,,143.650337278282,-4.87602486961296,-0.8025,0.590566465353393,-0.085,16.6556883643547,0.331197359651668,21,0.927083333333333
400,B4_K06_I02-03-04-05-07-09,Branch4,PowerREV,6,6,2/3/4/5/7/9,45/90/135/180/270/360,1,3,Location3,1,,95.8884891043574,2.43580428350657,-0.1025,0.993824682728297,0.0424999999999999,8.37227853953572,0.7778737305507,21,1
400,B4_K06_I02-03-04-05-07-09,Branch4,PowerREV,6,6,2/3/4/5/7/9,45/90/135/180/270/360,1,4,Location4,1,,68.8898479495434,1.71913132087781,0.36,0.932469838654313,0.0299999999999999,5.00357370735474,0.671845970348898,21,0.959821428571429
401,B4_K06_I02-03-04-05-08-09,Branch4,PowerREV,6,6,2/3/4/5/8/9,45/90/135/180/315/360,1,1,Location1,1,,122.976385638365,-9.06181695393534,-0.5375,0.828424709916357,-0.1575,12.0499372541413,0.582974203340656,21,0.924107142857143
401,B4_K06_I02-03-04-05-08-09,Branch4,PowerREV,6,6,2/3/4/5/8/9,45/90/135/180/315/360,1,2,Location2,1,,144.581966020689,-6.31531556935738,-0.81,0.576020832956587,-0.11,17.7947745090209,0.294683882199888,21,0.922619047619048
401,B4_K06_I02-03-04-05-08-09,Branch4,PowerREV,6,6,2/3/4/5/8/9,45/90/135/180/315/360,1,3,Location3,1,,95.8884891043574,2.43580428350657,-0.1025,0.993824682728297,0.0424999999999999,8.37227853953572,0.759894774139246,21,1
401,B4_K06_I02-03-04-05-08-09,Branch4,PowerREV,6,6,2/3/4/5/8/9,45/90/135/180/315/360,1,4,Location4,1,,69.0449601404304,1.57583259975216,0.3575,0.933508168148517,0.0274999999999999,4.87170832758958,0.64587076795178,21,0.96875
402,B4_K06_I02-03-04-06-07-08,Branch4,PowerREV,6,6,2/3/4/6/7/8,45/90/135/225/270/315,1,1,Location1,1,,122.818688285915,-9.2068962213459,-0.535,0.829563138043151,-0.16,11.9850090552187,0.590527050615503,21,0.907738095238095
402,B4_K06_I02-03-04-06-07-08,Branch4,PowerREV,6,6,2/3/4/6/7/8,45/90/135/225/270/315,1,2,Location2,1,,143.702623124417,-5.3074466746303,-0.8025,0.589438291935636,-0.0925,16.7641002986764,0.343138578367755,21,0.936011904761905
402,B4_K06_I02-03-04-06-07-08,Branch4,PowerREV,6,6,2/3/4/6/7/8,45/90/135/225/270/315,1,3,Location3,1,,95.8884891043574,2.43580428350657,-0.1025,0.993824682728297,0.0424999999999999,8.37227853953572,0.772253478088815,21,1
402,B4_K06_I02-03-04-06-07-08,Branch4,PowerREV,6,6,2/3/4/6/7/8,45/90/135/225/270/315,1,4,Location4,1,,68.888118034059,1.86244079953198,0.36,0.932386052019227,0.0324999999999999,5.14658169849668,0.643485919592088,21,0.958333333333333
403,B4_K06_I02-03-04-06-07-09,Branch4,PowerREV,6,6,2/3/4/6/7/9,45/90/135/225/270/360,1,1,Location1,1,,122.991525201423,-9.2068962213459,-0.5375,0.827945499414062,-0.16,12.1334478650566,0.589881937732832,21,0.922619047619048
403,B4_K06_I02-03-04-06-07-09,Branch4,PowerREV,6,6,2/3/4/6/7/9,45/90/135/225/270/360,1,2,Location2,1,,143.845440594687,-4.44488001787759,-0.805,0.588191082897386,-0.0775,16.803180018571,0.336548142719815,21,0.933035714285714
403,B4_K06_I02-03-04-06-07-09,Branch4,PowerREV,6,6,2/3/4/6/7/9,45/90/135/225/270/360,1,3,Location3,1,,95.8884891043574,2.43580428350657,-0.1025,0.993824682728297,0.0424999999999999,8.37227853953572,0.780045458183393,21,1
403,B4_K06_I02-03-04-06-07-09,Branch4,PowerREV,6,6,2/3/4/6/7/9,45/90/135/225/270/360,1,4,Location4,1,,68.8898479495434,1.71913132087781,0.36,0.932469838654313,0.0299999999999999,5.00357370735474,0.658768587621083,21,0.964285714285714
404,B4_K06_I02-03-04-06-08-09,Branch4,PowerREV,6,6,2/3/4/6/8/9,45/90/135/225/315/360,1,1,Location1,1,,122.788865975171,-8.91679625299095,-0.535,0.830511890342336,-0.155,11.8178365547027,0.585110249190038,21,0.922619047619048
404,B4_K06_I02-03-04-06-08-09,Branch4,PowerREV,6,6,2/3/4/6/8/9,45/90/135/225/315/360,1,2,Location2,1,,143.928240120886,-5.16360709084638,-0.805,0.586408560646926,-0.09,16.9666819329403,0.341838772406663,21,0.943452380952381
404,B4_K06_I02-03-04-06-08-09,Branch4,PowerREV,6,6,2/3/4/6/8/9,45/90/135/225/315/360,1,3,Location3,1,,95.8884891043574,2.43580428350657,-0.1025,0.993824682728297,0.0424999999999999,8.37227853953572,0.771900979175411,21,1
404,B4_K06_I02-03-04-06-08-09,Branch4,PowerREV,6,6,2/3/4/6/8/9,45/90/135/225/315/360,1,4,Location4,1,,69.0449601404304,1.57583259975216,0.3575,0.933508168148517,0.0274999999999999,4.87170832758958,0.64979675017231,21,0.97172619047619
405,B4_K06_I02-03-04-07-08-09,Branch4,PowerREV,6,6,2/3/4/7/8/9,45/90/135/270/315/360,1,1,Location1,1,,123.022585491893,-9.49723446851704,-0.5375,0.826963572353704,-0.165,12.3046281920336,0.595011882050846,21,0.922619047619048
405,B4_K06_I02-03-04-07-08-09,Branch4,PowerREV,6,6,2/3/4/7/8/9,45/90/135/270/315/360,1,2,Location2,1,,143.928240120886,-5.16360709084638,-0.805,0.586408560646926,-0.09,16.9666819329403,0.326366468510823,21,0.928571428571429
405,B4_K06_I02-03-04-07-08-09,Branch4,PowerREV,6,6,2/3/4/7/8/9,45/90/135/270/315/360,1,3,Location3,1,,95.8884891043574,2.43580428350657,-0.1025,0.993824682728297,0.0424999999999999,8.37227853953572,0.775083393922936,21,1
405,B4_K06_I02-03-04-07-08-09,Branch4,PowerREV,6,6,2/3/4/7/8/9,45/90/135/270/315/360,1,4,Location4,1,,69.0416655384098,1.86244079953198,0.3575,0.933347470131033,0.0324999999999999,5.15698973655785,0.657133529579792,21,0.956845238095238
406,B4_K06_I02-03-05-06-07-08,Branch4,PowerREV,6,6,2/3/5/6/7/8,45/90/180/225/270/315,1,1,Location1,1,,122.818688285915,-9.2068962213459,-0.535,0.829563138043151,-0.16,11.9850090552187,0.6058479708041,21,0.928571428571429
406,B4_K06_I02-03-05-06-07-08,Branch4,PowerREV,6,6,2/3/5/6/7/8,45/90/180/225/270/315,1,2,Location2,1,,143.442529225153,-5.16360709084638,-0.8,0.593211597998556,-0.09,16.4874154723043,0.339388537160687,21,0.947916666666667
406,B4_K06_I02-03-05-06-07-08,Branch4,PowerREV,6,6,2/3/5/6/7/8,45/90/180/225/270/315,1,3,Location3,1,,95.8884891043574,2.43580428350657,-0.1025,0.993824682728297,0.0424999999999999,8.37227853953572,0.771566758162317,21,1
406,B4_K06_I02-03-05-06-07-08,Branch4,PowerREV,6,6,2/3/5/6/7/8,45/90/180/225/270/315,1,4,Location4,1,,69.0449601404304,1.57583259975216,0.3575,0.933508168148517,0.0274999999999999,4.87170832758958,0.653432680094274,21,0.967261904761905
407,B4_K06_I02-03-05-06-07-09,Branch4,PowerREV,6,6,2/3/5/6/7/9,45/90/180/225/270/360,1,1,Location1,1,,123.006924797102,-9.35203505756315,-0.5375,0.827458458171768,-0.1625,12.2183531178971,0.605675268986396,21,0.924107142857143
407,B4_K06_I02-03-05-06-07-09,Branch4,PowerREV,6,6,2/3/5/6/7/9,45/90/180/225/270/360,1,2,Location2,1,,143.877027170779,-4.73228037895821,-0.805,0.587510638201556,-0.0825,16.8636420220125,0.323538242502524,21,0.931547619047619
407,B4_K06_I02-03-05-06-07-09,Branch4,PowerREV,6,6,2/3/5/6/7/9,45/90/180/225/270/360,1,3,Location3,1,,95.8884891043574,2.43580428350657,-0.1025,0.993824682728297,0.0424999999999999,8.37227853953572,0.774377662532203,21,1
407,B4_K06_I02-03-05-06-07-09,Branch4,PowerREV,6,6,2/3/5/6/7/9,45/90/180/225/270/360,1,4,Location4,1,,68.8914390956087,1.57583259975216,0.36,0.932546915709875,0.0274999999999999,4.86058692263444,0.662346442827238,21,0.96875
408,B4_K06_I02-03-05-06-08-09,Branch4,PowerREV,6,6,2/3/5/6/8/9,45/90/180/225/315/360,1,1,Location1,1,,122.961505062079,-8.91679625299095,-0.5375,0.828896103260234,-0.155,11.9678463979394,0.603726727818569,21,0.924107142857143
408,B4_K06_I02-03-05-06-08-09,Branch4,PowerREV,6,6,2/3/5/6/8/9,45/90/180/225/315/360,1,2,Location2,1,,143.684684393117,-5.16360709084638,-0.8025,0.589825185966147,-0.09,16.7263201816587,0.339287841574184,21,0.94047619047619
408,B4_K06_I02-03-05-06-08-09,Branch4,PowerREV,6,6,2/3/5/6/8/9,45/90/180/225/315/360,1,3,Location3,1,,95.8884891043574,2.43580428350657,-0.1025,0.993824682728297,0.0424999999999999,8.37227853953572,0.768239679886696,21,1
408,B4_K06_I02-03-05-06-08-09,Branch4,PowerREV,6,6,2/3/5/6/8/9,45/90/180/225/315/360,1,4,Location4,1,,68.8928915664191,1.4325437375665,0.36,0.932617284849471,0.0249999999999999,4.71762125934191,0.659223082230077,21,0.974702380952381
409,B4_K06_I02-03-05-07-08-09,Branch4,PowerREV,6,6,2/3/5/7/8/9,45/90/180/270/315/360,1,1,Location1,1,,122.991525201423,-9.2068962213459,-0.5375,0.827945499414062,-0.16,12.1334478650566,0.623954098447925,21,0.928571428571429
409,B4_K06_I02-03-05-07-08-09,Branch4,PowerREV,6,6,2/3/5/7/8/9,45/90/180/270/315/360,1,2,Location2,1,,143.984091730089,-5.59522743552786,-0.805,0.585208296250147,-0.0975,17.0843810761806,0.332696357355143,21,0.936011904761905
409,B4_K06_I02-03-05-07-08-09,Branch4,PowerREV,6,6,2/3/5/7/8/9,45/90/180/270/315/360,1,3,Location3,1,,95.8884891043574,2.43580428350657,-0.1025,0.993824682728297,0.0424999999999999,8.37227853953572,0.774059422025569,21,1
409,B4_K06_I02-03-05-07-08-09,Branch4,PowerREV,6,6,2/3/5/7/8/9,45/90/180/270/315/360,1,4,Location4,1,,68.8914390956087,1.57583259975216,0.36,0.932546915709875,0.0274999999999999,4.86058692263444,0.672711459323087,21,0.973214285714286
410,B4_K06_I02-03-06-07-08-09,Branch4,PowerREV,6,6,2/3/6/7/8/9,45/90/225/270/315/360,1,1,Location1,1,,122.818688285915,-9.2068962213459,-0.535,0.829563138043151,-0.16,11.9850090552187,0.617076906620597,21,0.915178571428571
410,B4_K06_I02-03-06-07-08-09,Branch4,PowerREV,6,6,2/3/6/7/8/9,45/90/225/270/315/360,1,2,Location2,1,,143.425254565462,-5.01980013167812,-0.8,0.593585503529188,-0.0875,16.4511116590468,0.309197109278863,21,0.938988095238095
410,B4_K06_I02-03-06-07-08-09,Branch4,PowerREV,6,6,2/3/6/7/8/9,45/90/225/270/315/360,1,3,Location3,1,,95.8884891043574,2.43580428350657,-0.1025,0.993824682728297,0.0424999999999999,8.37227853953572,0.768440045720081,21,1
410,B4_K06_I02-03-06-07-08-09,Branch4,PowerREV,6,6,2/3/6/7/8/9,45/90/225/270/315/360,1,4,Location4,1,,68.8914390956087,1.57583259975216,0.36,0.932546915709875,0.0274999999999999,4.86058692263444,0.651001318266926,21,0.961309523809524
411,B4_K06_I02-04-05-06-07-08,Branch4,PowerREV,6,6,2/4/5/6/7/8,45/135/180/225/270/315,1,1,Location1,1,,122.833986348658,-9.35203505756315,-0.535,0.82907704708308,-0.1625,12.0707025089191,0.584274962283467,21,0.928571428571429
411,B4_K06_I02-04-05-06-07-08,Branch4,PowerREV,6,6,2/4/5/6/7/8,45/135/180/225/270/315,1,2,Location2,1,,144.089679147494,-4.44488001787759,-0.8075,0.584754221874456,-0.0775,17.0456405468795,0.357783054950636,21,0.93452380952381
411,B4_K06_I02-04-05-06-07-08,Branch4,PowerREV,6,6,2/4/5/6/7/8,45/135/180/225/270/315,1,3,Location3,1,,95.8884891043574,2.43580428350657,-0.1025,0.993824682728297,0.0424999999999999,8.37227853953572,0.773900060678659,21,1
411,B4_K06_I02-04-05-06-07-08,Branch4,PowerREV,6,6,2/4/5/6/7/8,45/135/180/225/270/315,1,4,Location4,1,,68.888118034059,1.86244079953198,0.36,0.932386052019227,0.0324999999999999,5.14658169849668,0.65146284313734,21,0.96577380952381
412,B4_K06_I02-04-05-06-07-09,Branch4,PowerREV,6,6,2/4/5/6/7/9,45/135/180/225/270/360,1,1,Location1,1,,123.006924797102,-9.35203505756315,-0.5375,0.827458458171768,-0.1625,12.2183531178971,0.613110198817159,21,0.93452380952381
412,B4_K06_I02-04-05-06-07-09,Branch4,PowerREV,6,6,2/4/5/6/7/9,45/135/180/225/270/360,1,2,Location2,1,,143.815884384282,-4.15759167720182,-0.805,0.588828285665694,-0.0725,16.749356783422,0.340974182922652,21,0.9375
412,B4_K06_I02-04-05-06-07-09,Branch4,PowerREV,6,6,2/4/5/6/7/9,45/135/180/225/270/360,1,3,Location3,1,,95.8891367114247,2.57918105164837,-0.1025,0.993714622011773,0.0449999999999999,8.47525337559886,0.779850055376215,21,1
412,B4_K06_I02-04-05-06-07-09,Branch4,PowerREV,6,6,2/4/5/6/7/9,45/135/180/225/270/360,1,4,Location4,1,,68.888118034059,1.86244079953198,0.36,0.932386052019227,0.0324999999999999,5.14658169849668,0.668790525532242,21,0.96577380952381
413,B4_K06_I02-04-05-06-08-09,Branch4,PowerREV,6,6,2/4/5/6/8/9,45/135/180/225/315/360,1,1,Location1,1,,122.976385638365,-9.06181695393534,-0.5375,0.828424709916357,-0.1575,12.0499372541413,0.610419575968012,21,0.930059523809524
413,B4_K06_I02-04-05-06-08-09,Branch4,PowerREV,6,6,2/4/5/6/8/9,45/135/180/225/315/360,1,2,Location2,1,,143.928240120886,-5.16360709084638,-0.805,0.586408560646926,-0.09,16.9666819329403,0.349584342491659,21,0.941964285714286
413,B4_K06_I02-04-05-06-08-09,Branch4,PowerREV,6,6,2/4/5/6/8/9,45/135/180/225/315/360,1,3,Location3,1,,95.8891367114247,2.57918105164837,-0.1025,0.993714622011773,0.0449999999999999,8.47525337559886,0.769117280890808,21,1
413,B4_K06_I02-04-05-06-08-09,Branch4,PowerREV,6,6,2/4/5/6/8/9,45/135/180/225/315/360,1,4,Location4,1,,68.8898479495434,1.71913132087781,0.36,0.932469838654313,0.0299999999999999,5.00357370735474,0.649173419392169,21,0.974702380952381
414,B4_K06_I02-04-05-07-08-09,Branch4,PowerREV,6,6,2/4/5/7/8/9,45/135/180/270/315/360,1,1,Location1,1,,123.195967581782,-9.49723446851704,-0.54,0.82533326602046,-0.165,12.452420828803,0.623986100629638,21,0.933035714285714
414,B4_K06_I02-04-05-07-08-09,Branch4,PowerREV,6,6,2/4/5/7/8/9,45/135/180/270/315/360,1,2,Location2,1,,144.19148864784,-5.3074466746303,-0.8075,0.58256973831465,-0.0925,17.2459838141404,0.332186884303058,21,0.93452380952381
414,B4_K06_I02-04-05-07-08-09,Branch4,PowerREV,6,6,2/4/5/7/8/9,45/135/180/270/315/360,1,3,Location3,1,,95.8884891043574,2.43580428350657,-0.1025,0.993824682728297,0.0424999999999999,8.37227853953572,0.776505825462009,21,1
414,B4_K06_I02-04-05-07-08-09,Branch4,PowerREV,6,6,2/4/5/7/8/9,45/135/180/270/315/360,1,4,Location4,1,,68.8898479495434,1.71913132087781,0.36,0.932469838654313,0.0299999999999999,5.00357370735474,0.66081021070169,21,0.96875
415,B4_K06_I02-04-06-07-08-09,Branch4,PowerREV,6,6,2/4/6/7/8/9,45/135/225/270/315/360,1,1,Location1,1,,123.006924797102,-9.35203505756315,-0.5375,0.827458458171768,-0.1625,12.2183531178971,0.618399750322804,21,0.930059523809524
415,B4_K06_I02-04-06-07-08-09,Branch4,PowerREV,6,6,2/4/6/7/8/9,45/135/225/270/315/360,1,2,Location2,1,,144.138257942844,-4.87602486961296,-0.8075,0.58371118714652,-0.085,17.1384751886569,0.342793214907239,21,0.93452380952381
415,B4_K06_I02-04-06-07-08-09,Branch4,PowerREV,6,6,2/4/6/7/8/9,45/135/225/270/315/360,1,3,Location3,1,,95.8884891043574,2.43580428350657,-0.1025,0.993824682728297,0.0424999999999999,8.37227853953572,0.778358099523371,21,1
415,B4_K06_I02-04-06-07-08-09,Branch4,PowerREV,6,6,2/4/6/7/8/9,45/135/225/270/315/360,1,4,Location4,1,,68.888118034059,1.86244079953198,0.36,0.932386052019227,0.0324999999999999,5.14658169849668,0.665524419374261,21,0.97172619047619
416,B4_K06_I02-05-06-07-08-09,Branch4,PowerREV,6,6,2/5/6/7/8/9,45/180/225/270/315/360,1,1,Location1,1,,123.18020298625,-9.35203505756315,-0.54,0.825829128815398,-0.1625,12.3669196298846,0.608523544714968,21,0.933035714285714
416,B4_K06_I02-05-06-07-08-09,Branch4,PowerREV,6,6,2/5/6/7/8/9,45/180/225/270/315/360,1,2,Location2,1,,143.618019979014,-4.58856573578583,-0.8025,0.591264534705067,-0.08,16.5916732698491,0.31704215646513,21,0.916666666666667
416,B4_K06_I02-05-06-07-08-09,Branch4,PowerREV,6,6,2/5/6/7/8/9,45/180/225/270/315/360,1,3,Location3,1,,95.8891367114247,2.57918105164837,-0.1025,0.993714622011773,0.0449999999999999,8.47525337559886,0.769337746122395,21,1
416,B4_K06_I02-05-06-07-08-09,Branch4,PowerREV,6,6,2/5/6/7/8/9,45/180/225/270/315/360,1,4,Location4,1,,68.8928915664191,1.4325437375665,0.36,0.932617284849471,0.0249999999999999,4.71762125934191,0.638949856643807,21,0.96577380952381
417,B4_K06_I03-04-05-06-07-08,Branch4,PowerREV,6,6,3/4/5/6/7/8,90/135/180/225/270/315,1,1,Location1,1,,122.849543753022,-9.49723446851704,-0.535,0.82858312799622,-0.165,12.1577667257075,0.582781209405407,21,0.894345238095238
417,B4_K06_I03-04-05-06-07-08,Branch4,PowerREV,6,6,3/4/5/6/7/8,90/135/180/225/270/315,1,2,Location2,1,,143.650337278282,-4.87602486961296,-0.8025,0.590566465353393,-0.085,16.6556883643547,0.290254338568881,21,0.930059523809524
417,B4_K06_I03-04-05-06-07-08,Branch4,PowerREV,6,6,3/4/5/6/7/8,90/135/180/225/270/315,1,3,Location3,1,,95.8878786990507,2.29244277595588,-0.1025,0.993928443098395,0.0399999999999999,8.27053568153326,0.76356122465874,21,1
417,B4_K06_I03-04-05-06-07-08,Branch4,PowerREV,6,6,3/4/5/6/7/8,90/135/180/225/270/315,1,4,Location4,1,,68.888118034059,1.86244079953198,0.36,0.932386052019227,0.0324999999999999,5.14658169849668,0.631254336635668,21,0.946428571428571
418,B4_K06_I03-04-05-06-07-09,Branch4,PowerREV,6,6,3/4/5/6/7/9,90/135/180/225/270/360,1,1,Location1,1,,123.006924797102,-9.35203505756315,-0.5375,0.827458458171768,-0.1625,12.2183531178971,0.599169214667914,21,0.924107142857143
418,B4_K06_I03-04-05-06-07-09,Branch4,PowerREV,6,6,3/4/5/6/7/9,90/135/180/225/270/360,1,2,Location2,1,,143.618019979014,-4.58856573578583,-0.8025,0.591264534705067,-0.08,16.5916732698491,0.325549007643544,21,0.933035714285714
418,B4_K06_I03-04-05-06-07-09,Branch4,PowerREV,6,6,3/4/5/6/7/9,90/135/180/225/270/360,1,3,Location3,1,,95.8884891043574,2.43580428350657,-0.1025,0.993824682728297,0.0424999999999999,8.37227853953572,0.778403310689719,21,1
418,B4_K06_I03-04-05-06-07-09,Branch4,PowerREV,6,6,3/4/5/6/7/9,90/135/180/225/270/360,1,4,Location4,1,,68.8898479495434,1.71913132087781,0.36,0.932469838654313,0.0299999999999999,5.00357370735474,0.658365810862088,21,0.959821428571429
419,B4_K06_I03-04-05-06-08-09,Branch4,PowerREV,6,6,3/4/5/6/8/9,90/135/180/225/315/360,1,1,Location1,1,,123.006924797102,-9.35203505756315,-0.5375,0.827458458171768,-0.1625,12.2183531178971,0.596742862488501,21,0.915178571428571
419,B4_K06_I03-04-05-06-08-09,Branch4,PowerREV,6,6,3/4/5/6/8/9,90/135/180/225/315/360,1,2,Location2,1,,143.721074204305,-5.45131981241778,-0.8025,0.589040533410053,-0.095,16.8035135090549,0.322745113686252,21,0.938988095238095
419,B4_K06_I03-04-05-06-08-09,Branch4,PowerREV,6,6,3/4/5/6/8/9,90/135/180/225/315/360,1,3,Location3,1,,95.8884891043574,2.43580428350657,-0.1025,0.993824682728297,0.0424999999999999,8.37227853953572,0.770526127645552,21,1
419,B4_K06_I03-04-05-06-08-09,Branch4,PowerREV,6,6,3/4/5/6/8/9,90/135/180/225/315/360,1,4,Location4,1,,68.8914390956087,1.57583259975216,0.36,0.932546915709875,0.0274999999999999,4.86058692263444,0.649082373291909,21,0.964285714285714
420,B4_K06_I03-04-05-07-08-09,Branch4,PowerREV,6,6,3/4/5/7/8/9,90/135/180/270/315/360,1,1,Location1,1,,123.022585491893,-9.49723446851704,-0.5375,0.826963572353704,-0.165,12.3046281920336,0.595189600936576,21,0.918154761904762
420,B4_K06_I03-04-05-07-08-09,Branch4,PowerREV,6,6,3/4/5/7/8/9,90/135/180/270/315/360,1,2,Location2,1,,143.478598310913,-5.45131981241778,-0.8,0.592431430631427,-0.095,16.5649723325997,0.316481025895866,21,0.9375
420,B4_K06_I03-04-05-07-08-09,Branch4,PowerREV,6,6,3/4/5/7/8/9,90/135/180/270/315/360,1,3,Location3,1,,95.8884891043574,2.43580428350657,-0.1025,0.993824682728297,0.0424999999999999,8.37227853953572,0.776898953665182,21,1
420,B4_K06_I03-04-05-07-08-09,Branch4,PowerREV,6,6,3/4/5/7/8/9,90/135/180/270/315/360,1,4,Location4,1,,68.8898479495434,1.71913132087781,0.36,0.932469838654313,0.0299999999999999,5.00357370735474,0.660055411744245,21,0.956845238095238
421,B4_K06_I03-04-06-07-08-09,Branch4,PowerREV,6,6,3/4/6/7/8/9,90/135/225/270/315/360,1,1,Location1,1,,122.833986348658,-9.35203505756315,-0.535,0.82907704708308,-0.1625,12.0707025089191,0.598934115954439,21,0.921130952380952
421,B4_K06_I03-04-06-07-08-09,Branch4,PowerREV,6,6,3/4/6/7/8/9,90/135/225/270/315/360,1,2,Location2,1,,143.702623124417,-5.3074466746303,-0.8025,0.589438291935636,-0.0925,16.7641002986764,0.328130349397077,21,0.944940476190476
421,B4_K06_I03-04-06-07-08-09,Branch4,PowerREV,6,6,3/4/6/7/8/9,90/135/225/270/315/360,1,3,Location3,1,,95.7443781502486,2.43580428350657,-0.1,0.99407934793959,0.0424999999999999,8.27165546653221,0.778799158944996,21,1
421,B4_K06_I03-04-06-07-08-09,Branch4,PowerREV,6,6,3/4/6/7/8/9,90/135/225/270/315/360,1,4,Location4,1,,68.888118034059,1.86244079953198,0.36,0.932386052019227,0.0324999999999999,5.14658169849668,0.651445723766362,21,0.955357142857143
422,B4_K06_I03-05-06-07-08-09,Branch4,PowerREV,6,6,3/5/6/7/8/9,90/180/225/270/315/360,1,1,Location1,1,,122.803648507146,-9.06181695393534,-0.535,0.830041414629415,-0.1575,11.9007118142778,0.60154775223664,21,0.921130952380952
422,B4_K06_I03-05-06-07-08-09,Branch4,PowerREV,6,6,3/5/6/7/8/9,90/180/225/270/315/360,1,2,Location2,1,,143.219371809154,-5.3074466746303,-0.7975,0.596185793188667,-0.0925,16.2880837664561,0.328543564672569,21,0.944940476190476
422,B4_K06_I03-05-06-07-08-09,Branch4,PowerREV,6,6,3/5/6/7/8/9,90/180/225/270/315/360,1,3,Location3,1,,95.8884891043574,2.43580428350657,-0.1025,0.993824682728297,0.0424999999999999,8.37227853953572,0.776947925562786,21,1
422,B4_K06_I03-05-06-07-08-09,Branch4,PowerREV,6,6,3/5/6/7/8/9,90/180/225/270/315/360,1,4,Location4,1,,68.8914390956087,1.57583259975216,0.36,0.932546915709875,0.0274999999999999,4.86058692263444,0.643155626268636,21,0.96875
423,B4_K06_I04-05-06-07-08-09,Branch4,PowerREV,6,6,4/5/6/7/8/9,135/180/225/270/315/360,1,1,Location1,1,,123.022585491893,-9.49723446851704,-0.5375,0.826963572353704,-0.165,12.3046281920336,0.606098449027484,21,0.915178571428571
423,B4_K06_I04-05-06-07-08-09,Branch4,PowerREV,6,6,4/5/6/7/8/9,135/180/225/270/315/360,1,2,Location2,1,,143.151873134237,-4.73228037895821,-0.7975,0.597651654394096,-0.0825,16.1455344685618,0.310164814213671,21,0.921130952380952
423,B4_K06_I04-05-06-07-08-09,Branch4,PowerREV,6,6,4/5/6/7/8/9,135/180/225/270/315/360,1,3,Location3,1,,95.8891367114247,2.57918105164837,-0.1025,0.993714622011773,0.0449999999999999,8.47525337559886,0.77698772789402,21,1
423,B4_K06_I04-05-06-07-08-09,Branch4,PowerREV,6,6,4/5/6/7/8/9,135/180/225/270/315/360,1,4,Location4,1,,68.7344114844338,1.86244079953198,0.3625,0.931416931347074,0.0324999999999999,5.1407334322927,0.632904125372984,21,0.961309523809524
424,B4_K07_I01-02-03-04-05-06-07,Branch4,PowerREV,7,7,1/2/3/4/5/6/7,0/45/90/135/180/225/270,1,1,Location1,1,,122.833986348658,-9.35203505756315,-0.535,0.82907704708308,-0.1625,12.0707025089191,0.62240566369707,21,0.922619047619048
424,B4_K07_I01-02-03-04-05-06-07,Branch4,PowerREV,7,7,1/2/3/4/5/6/7,0/45/90/135/180/225/270,1,2,Location2,1,,143.860979365318,-4.58856573578583,-0.805,0.587856274951625,-0.08,16.8325838898585,0.351539726760173,21,0.950892857142857
424,B4_K07_I01-02-03-04-05-06-07,Branch4,PowerREV,7,7,1/2/3/4/5/6/7,0/45/90/135/180/225/270,1,3,Location3,1,,95.8884891043574,2.43580428350657,-0.1025,0.993824682728297,0.0424999999999999,8.37227853953572,0.780609507662174,21,1
424,B4_K07_I01-02-03-04-05-06-07,Branch4,PowerREV,7,7,1/2/3/4/5/6/7,0/45/90/135/180/225/270,1,4,Location4,1,,68.8898479495434,1.71913132087781,0.36,0.932469838654313,0.0299999999999999,5.00357370735474,0.655350110291027,21,0.974702380952381
425,B4_K07_I01-02-03-04-05-06-08,Branch4,PowerREV,7,7,1/2/3/4/5/6/8,0/45/90/135/180/225/315,1,1,Location1,1,,122.803648507146,-9.06181695393534,-0.535,0.830041414629415,-0.1575,11.9007118142778,0.609138104838298,21,0.933035714285714
425,B4_K07_I01-02-03-04-05-06-08,Branch4,PowerREV,7,7,1/2/3/4/5/6/8,0/45/90/135/180/225/315,1,2,Location2,1,,143.91065596465,-5.01980013167812,-0.805,0.58678680114672,-0.0875,16.9306973648369,0.359537363593875,21,0.962797619047619
425,B4_K07_I01-02-03-04-05-06-08,Branch4,PowerREV,7,7,1/2/3/4/5/6/8,0/45/90/135/180/225/315,1,3,Location3,1,,95.8884891043574,2.43580428350657,-0.1025,0.993824682728297,0.0424999999999999,8.37227853953572,0.772364166983815,21,1
425,B4_K07_I01-02-03-04-05-06-08,Branch4,PowerREV,7,7,1/2/3/4/5/6/8,0/45/90/135/180/225/315,1,4,Location4,1,,68.8914390956087,1.57583259975216,0.36,0.932546915709875,0.0274999999999999,4.86058692263444,0.656985973432399,21,0.96875
426,B4_K07_I01-02-03-04-05-06-09,Branch4,PowerREV,7,6,1/2/3/4/5/6/9,0/45/90/135/180/225/360,1,1,Location1,1,,122.961505062079,-8.91679625299095,-0.5375,0.828896103260234,-0.155,11.9678463979394,0.582353606620304,21,0.919642857142857
426,B4_K07_I01-02-03-04-05-06-09,Branch4,PowerREV,7,6,1/2/3/4/5/6/9,0/45/90/135/180/225/360,1,2,Location2,1,,143.893585517872,-4.87602486961296,-0.805,0.587154153523587,-0.085,16.8963485690724,0.324502518786116,21,0.931547619047619
426,B4_K07_I01-02-03-04-05-06-09,Branch4,PowerREV,7,6,1/2/3/4/5/6/9,0/45/90/135/180/225/360,1,3,Location3,1,,95.8884891043574,2.43580428350657,-0.1025,0.993824682728297,0.0424999999999999,8.37227853953572,0.76771506860429,21,1
426,B4_K07_I01-02-03-04-05-06-09,Branch4,PowerREV,7,6,1/2/3/4/5/6/9,0/45/90/135/180/225/360,1,4,Location4,1,,69.0433816711824,1.71913132087781,0.3575,0.933431170467325,0.0299999999999999,5.01433039477221,0.646662170371065,21,0.967261904761905
427,B4_K07_I01-02-03-04-05-07-08,Branch4,PowerREV,7,7,1/2/3/4/5/7/8,0/45/90/135/180/270/315,1,1,Location1,1,,122.833986348658,-9.35203505756315,-0.535,0.82907704708308,-0.1625,12.0707025089191,0.614798594263153,21,0.933035714285714
427,B4_K07_I01-02-03-04-05-07-08,Branch4,PowerREV,7,7,1/2/3/4/5/7/8,0/45/90/135/180/270/315,1,2,Location2,1,,144.19148864784,-5.3074466746303,-0.8075,0.58256973831465,-0.0925,17.2459838141404,0.35048116303655,21,0.953869047619048
427,B4_K07_I01-02-03-04-05-07-08,Branch4,PowerREV,7,7,1/2/3/4/5/7/8,0/45/90/135/180/270/315,1,3,Location3,1,,95.8884891043574,2.43580428350657,-0.1025,0.993824682728297,0.0424999999999999,8.37227853953572,0.778008713351052,21,1
427,B4_K07_I01-02-03-04-05-07-08,Branch4,PowerREV,7,7,1/2/3/4/5/7/8,0/45/90/135/180/270/315,1,4,Location4,1,,68.8914390956087,1.57583259975216,0.36,0.932546915709875,0.0274999999999999,4.86058692263444,0.667814414465114,21,0.96875
428,B4_K07_I01-02-03-04-05-07-09,Branch4,PowerREV,7,6,1/2/3/4/5/7/9,0/45/90/135/180/270/360,1,1,Location1,1,,123.022585491893,-9.49723446851704,-0.5375,0.826963572353704,-0.165,12.3046281920336,0.624156361497282,21,0.925595238095238
428,B4_K07_I01-02-03-04-05-07-09,Branch4,PowerREV,7,6,1/2/3/4/5/7/9,0/45/90/135/180/270/360,1,2,Location2,1,,143.91065596465,-5.01980013167812,-0.805,0.58678680114672,-0.0875,16.9306973648369,0.34250167631495,21,0.946428571428571
428,B4_K07_I01-02-03-04-05-07-09,Branch4,PowerREV,7,6,1/2/3/4/5/7/9,0/45/90/135/180/270/360,1,3,Location3,1,,95.8884891043574,2.43580428350657,-0.1025,0.993824682728297,0.0424999999999999,8.37227853953572,0.780159003636265,21,1
428,B4_K07_I01-02-03-04-05-07-09,Branch4,PowerREV,7,6,1/2/3/4/5/7/9,0/45/90/135/180/270/360,1,4,Location4,1,,68.8914390956087,1.57583259975216,0.36,0.932546915709875,0.0274999999999999,4.86058692263444,0.680840423899868,21,0.970238095238095
429,B4_K07_I01-02-03-04-05-08-09,Branch4,PowerREV,7,6,1/2/3/4/5/8/9,0/45/90/135/180/315/360,1,1,Location1,1,,122.976385638365,-9.06181695393534,-0.5375,0.828424709916357,-0.1575,12.0499372541413,0.59594939090847,21,0.924107142857143
429,B4_K07_I01-02-03-04-05-08-09,Branch4,PowerREV,7,6,1/2/3/4/5/8/9,0/45/90/135/180/315/360,1,2,Location2,1,,144.517106138545,-5.88314987298444,-0.81,0.577402589187129,-0.1025,17.654363989048,0.306801255696936,21,0.933035714285714
429,B4_K07_I01-02-03-04-05-08-09,Branch4,PowerREV,7,6,1/2/3/4/5/8/9,0/45/90/135/180/315/360,1,3,Location3,1,,95.8884891043574,2.43580428350657,-0.1025,0.993824682728297,0.0424999999999999,8.37227853953572,0.761369977619955,21,1
429,B4_K07_I01-02-03-04-05-08-09,Branch4,PowerREV,7,6,1/2/3/4/5/8/9,0/45/90/135/180/315/360,1,4,Location4,1,,69.0464010394974,1.4325437375665,0.3575,0.933578464833032,0.0249999999999999,4.72912490366468,0.648808525849972,21,0.970238095238095
430,B4_K07_I01-02-03-04-06-07-08,Branch4,PowerREV,7,7,1/2/3/4/6/7/8,0/45/90/135/225/270/315,1,1,Location1,1,,122.818688285915,-9.2068962213459,-0.535,0.829563138043151,-0.16,11.9850090552187,0.627119371803075,21,0.931547619047619
430,B4_K07_I01-02-03-04-06-07-08,Branch4,PowerREV,7,7,1/2/3/4/6/7/8,0/45/90/135/225/270/315,1,2,Location2,1,,143.667256322953,-5.01980013167812,-0.8025,0.590201236867562,-0.0875,16.6901805169901,0.354512389413112,21,0.96577380952381
430,B4_K07_I01-02-03-04-06-07-08,Branch4,PowerREV,7,7,1/2/3/4/6/7/8,0/45/90/135/225/270/315,1,3,Location3,1,,95.8884891043574,2.43580428350657,-0.1025,0.993824682728297,0.0424999999999999,8.37227853953572,0.778974269528849,21,1
430,B4_K07_I01-02-03-04-06-07-08,Branch4,PowerREV,7,7,1/2/3/4/6/7/8,0/45/90/135/225/270/315,1,4,Location4,1,,68.8898479495434,1.71913132087781,0.36,0.932469838654313,0.0299999999999999,5.00357370735474,0.662185856284195,21,0.96875
431,B4_K07_I01-02-03-04-06-07-09,Branch4,PowerREV,7,6,1/2/3/4/6/7/9,0/45/90/135/225/270/360,1,1,Location1,1,,123.006924797102,-9.35203505756315,-0.5375,0.827458458171768,-0.1625,12.2183531178971,0.623522505143028,21,0.924107142857143
431,B4_K07_I01-02-03-04-06-07-09,Branch4,PowerREV,7,6,1/2/3/4/6/7/9,0/45/90/135/225/270/360,1,2,Location2,1,,143.845440594687,-4.44488001787759,-0.805,0.588191082897386,-0.0775,16.803180018571,0.356163059462064,21,0.950892857142857
431,B4_K07_I01-02-03-04-06-07-09,Branch4,PowerREV,7,6,1/2/3/4/6/7/9,0/45/90/135/225/270/360,1,3,Location3,1,,95.8884891043574,2.43580428350657,-0.1025,0.993824682728297,0.0424999999999999,8.37227853953572,0.782539618109672,21,1
431,B4_K07_I01-02-03-04-06-07-09,Branch4,PowerREV,7,6,1/2/3/4/6/7/9,0/45/90/135/225/270/360,1,4,Location4,1,,68.888118034059,1.86244079953198,0.36,0.932386052019227,0.0324999999999999,5.14658169849668,0.673821045168792,21,0.96875
432,B4_K07_I01-02-03-04-06-08-09,Branch4,PowerREV,7,6,1/2/3/4/6/8/9,0/45/90/135/225/315/360,1,1,Location1,1,,122.991525201423,-9.2068962213459,-0.5375,0.827945499414062,-0.16,12.1334478650566,0.610632796687491,21,0.927083333333333
432,B4_K07_I01-02-03-04-06-08-09,Branch4,PowerREV,7,6,1/2/3/4/6/8/9,0/45/90/135/225/315/360,1,2,Location2,1,,143.91065596465,-5.01980013167812,-0.805,0.58678680114672,-0.0875,16.9306973648369,0.35707970664684,21,0.959821428571429
432,B4_K07_I01-02-03-04-06-08-09,Branch4,PowerREV,7,6,1/2/3/4/6/8/9,0/45/90/135/225/315/360,1,3,Location3,1,,95.8884891043574,2.43580428350657,-0.1025,0.993824682728297,0.0424999999999999,8.37227853953572,0.773603598952662,21,1
432,B4_K07_I01-02-03-04-06-08-09,Branch4,PowerREV,7,6,1/2/3/4/6/8/9,0/45/90/135/225/315/360,1,4,Location4,1,,68.8914390956087,1.57583259975216,0.36,0.932546915709875,0.0274999999999999,4.86058692263444,0.657311985716265,21,0.97172619047619
433,B4_K07_I01-02-03-04-07-08-09,Branch4,PowerREV,7,6,1/2/3/4/7/8/9,0/45/90/135/270/315/360,1,1,Location1,1,,123.022585491893,-9.49723446851704,-0.5375,0.826963572353704,-0.165,12.3046281920336,0.615358127571363,21,0.927083333333333
433,B4_K07_I01-02-03-04-07-08-09,Branch4,PowerREV,7,6,1/2/3/4/7/8/9,0/45/90/135/270/315/360,1,2,Location2,1,,143.684684393117,-5.16360709084638,-0.8025,0.589825185966147,-0.09,16.7263201816587,0.341845476174712,21,0.943452380952381
433,B4_K07_I01-02-03-04-07-08-09,Branch4,PowerREV,7,6,1/2/3/4/7/8/9,0/45/90/135/270/315/360,1,3,Location3,1,,95.8884891043574,2.43580428350657,-0.1025,0.993824682728297,0.0424999999999999,8.37227853953572,0.777699716630448,21,1
433,B4_K07_I01-02-03-04-07-08-09,Branch4,PowerREV,7,6,1/2/3/4/7/8/9,0/45/90/135/270/315/360,1,4,Location4,1,,69.0416655384098,1.86244079953198,0.3575,0.933347470131033,0.0324999999999999,5.15698973655785,0.659034803652882,21,0.962797619047619
434,B4_K07_I01-02-03-05-06-07-08,Branch4,PowerREV,7,7,1/2/3/5/6/7/8,0/45/90/180/225/270/315,1,1,Location1,1,,122.803648507146,-9.06181695393534,-0.535,0.830041414629415,-0.1575,11.9007118142778,0.615859841782332,21,0.925595238095238
434,B4_K07_I01-02-03-05-06-07-08,Branch4,PowerREV,7,7,1/2/3/5/6/7/8,0/45/90/180/225/270/315,1,2,Location2,1,,143.91065596465,-5.01980013167812,-0.805,0.58678680114672,-0.0875,16.9306973648369,0.346512657560034,21,0.958333333333333
434,B4_K07_I01-02-03-05-06-07-08,Branch4,PowerREV,7,7,1/2/3/5/6/7/8,0/45/90/180/225/270/315,1,3,Location3,1,,95.8884891043574,2.43580428350657,-0.1025,0.993824682728297,0.0424999999999999,8.37227853953572,0.777018596412881,21,1
434,B4_K07_I01-02-03-05-06-07-08,Branch4,PowerREV,7,7,1/2/3/5/6/7/8,0/45/90/180/225/270/315,1,4,Location4,1,,68.8914390956087,1.57583259975216,0.36,0.932546915709875,0.0274999999999999,4.86058692263444,0.670370904859065,21,0.974702380952381
435,B4_K07_I01-02-03-05-06-07-09,Branch4,PowerREV,7,6,1/2/3/5/6/7/9,0/45/90/180/225/270/360,1,1,Location1,1,,122.991525201423,-9.2068962213459,-0.5375,0.827945499414062,-0.16,12.1334478650566,0.624334354650075,21,0.921130952380952
435,B4_K07_I01-02-03-05-06-07-09,Branch4,PowerREV,7,6,1/2/3/5/6/7/9,0/45/90/180/225/270/360,1,2,Location2,1,,144.121550261089,-4.73228037895821,-0.8075,0.584069773229192,-0.0825,17.1058918822708,0.342605633461321,21,0.946428571428571
435,B4_K07_I01-02-03-05-06-07-09,Branch4,PowerREV,7,6,1/2/3/5/6/7/9,0/45/90/180/225/270/360,1,3,Location3,1,,95.8884891043574,2.43580428350657,-0.1025,0.993824682728297,0.0424999999999999,8.37227853953572,0.777582546191722,21,1
435,B4_K07_I01-02-03-05-06-07-09,Branch4,PowerREV,7,6,1/2/3/5/6/7/9,0/45/90/180/225/270/360,1,4,Location4,1,,68.8914390956087,1.57583259975216,0.36,0.932546915709875,0.0274999999999999,4.86058692263444,0.667766360608495,21,0.974702380952381
436,B4_K07_I01-02-03-05-06-08-09,Branch4,PowerREV,7,6,1/2/3/5/6/8/9,0/45/90/180/225/315/360,1,1,Location1,1,,122.961505062079,-8.91679625299095,-0.5375,0.828896103260234,-0.155,11.9678463979394,0.613725279279596,21,0.919642857142857
436,B4_K07_I01-02-03-05-06-08-09,Branch4,PowerREV,7,6,1/2/3/5/6/8/9,0/45/90/180/225/315/360,1,2,Location2,1,,143.91065596465,-5.01980013167812,-0.805,0.58678680114672,-0.0875,16.9306973648369,0.347771395368717,21,0.953869047619048
436,B4_K07_I01-02-03-05-06-08-09,Branch4,PowerREV,7,6,1/2/3/5/6/8/9,0/45/90/180/225/315/360,1,3,Location3,1,,95.8884891043574,2.43580428350657,-0.1025,0.993824682728297,0.0424999999999999,8.37227853953572,0.770042619415452,21,1
436,B4_K07_I01-02-03-05-06-08-09,Branch4,PowerREV,7,6,1/2/3/5/6/8/9,0/45/90/180/225/315/360,1,4,Location4,1,,69.0464010394974,1.4325437375665,0.3575,0.933578464833032,0.0249999999999999,4.72912490366468,0.658312679356801,21,0.974702380952381
437,B4_K07_I01-02-03-05-07-08-09,Branch4,PowerREV,7,6,1/2/3/5/7/8/9,0/45/90/180/270/315/360,1,1,Location1,1,,123.006924797102,-9.35203505756315,-0.5375,0.827458458171768,-0.1625,12.2183531178971,0.630521878837333,21,0.928571428571429
437,B4_K07_I01-02-03-05-07-08-09,Branch4,PowerREV,7,6,1/2/3/5/7/8/9,0/45/90/180/270/315/360,1,2,Location2,1,,144.19148864784,-5.3074466746303,-0.8075,0.58256973831465,-0.0925,17.2459838141404,0.340372793601566,21,0.943452380952381
437,B4_K07_I01-02-03-05-07-08-09,Branch4,PowerREV,7,6,1/2/3/5/7/8/9,0/45/90/180/270/315/360,1,3,Location3,1,,95.8884891043574,2.43580428350657,-0.1025,0.993824682728297,0.0424999999999999,8.37227853953572,0.776332837912892,21,1
437,B4_K07_I01-02-03-05-07-08-09,Branch4,PowerREV,7,6,1/2/3/5/7/8/9,0/45/90/180/270/315/360,1,4,Location4,1,,68.8928915664191,1.4325437375665,0.36,0.932617284849471,0.0249999999999999,4.71762125934191,0.678538547676062,21,0.973214285714286
438,B4_K07_I01-02-03-06-07-08-09,Branch4,PowerREV,7,6,1/2/3/6/7/8/9,0/45/90/225/270/315/360,1,1,Location1,1,,122.833986348658,-9.35203505756315,-0.535,0.82907704708308,-0.1625,12.0707025089191,0.617775936710751,21,0.913690476190476
438,B4_K07_I01-02-03-06-07-08-09,Branch4,PowerREV,7,6,1/2/3/6/7/8/9,0/45/90/225/270/315/360,1,2,Location2,1,,143.893585517872,-4.87602486961296,-0.805,0.587154153523587,-0.085,16.8963485690724,0.325848941407485,21,0.938988095238095
438,B4_K07_I01-02-03-06-07-08-09,Branch4,PowerREV,7,6,1/2/3/6/7/8/9,0/45/90/225/270/315/360,1,3,Location3,1,,95.8884891043574,2.43580428350657,-0.1025,0.993824682728297,0.0424999999999999,8.37227853953572,0.771447796440658,21,1
438,B4_K07_I01-02-03-06-07-08-09,Branch4,PowerREV,7,6,1/2/3/6/7/8/9,0/45/90/225/270/315/360,1,4,Location4,1,,68.8898479495434,1.71913132087781,0.36,0.932469838654313,0.0299999999999999,5.00357370735474,0.664871275340563,21,0.964285714285714
439,B4_K07_I01-02-04-05-06-07-08,Branch4,PowerREV,7,7,1/2/4/5/6/7/8,0/45/135/180/225/270/315,1,1,Location1,1,,123.022585491893,-9.49723446851704,-0.5375,0.826963572353704,-0.165,12.3046281920336,0.63313693286075,21,0.938988095238095
439,B4_K07_I01-02-04-05-06-07-08,Branch4,PowerREV,7,7,1/2/4/5/6/7/8,0/45/135/180/225/270/315,1,2,Location2,1,,143.860979365318,-4.58856573578583,-0.805,0.587856274951625,-0.08,16.8325838898585,0.363816353040485,21,0.953869047619048
439,B4_K07_I01-02-04-05-06-07-08,Branch4,PowerREV,7,7,1/2/4/5/6/7/8,0/45/135/180/225/270/315,1,3,Location3,1,,95.8884891043574,2.43580428350657,-0.1025,0.993824682728297,0.0424999999999999,8.37227853953572,0.779348308735598,21,1
439,B4_K07_I01-02-04-05-06-07-08,Branch4,PowerREV,7,7,1/2/4/5/6/7/8,0/45/135/180/225/270/315,1,4,Location4,1,,68.8898479495434,1.71913132087781,0.36,0.932469838654313,0.0299999999999999,5.00357370735474,0.650733735727627,21,0.980654761904762
440,B4_K07_I01-02-04-05-06-07-09,Branch4,PowerREV,7,6,1/2/4/5/6/7/9,0/45/135/180/225/270/360,1,1,Location1,1,,123.18020298625,-9.35203505756315,-0.54,0.825829128815398,-0.1625,12.3669196298846,0.628035427575218,21,0.931547619047619
440,B4_K07_I01-02-04-05-06-07-09,Branch4,PowerREV,7,6,1/2/4/5/6/7/9,0/45/135/180/225/270/360,1,2,Location2,1,,143.587720428338,-4.30122230467036,-0.8025,0.591919546898056,-0.075,16.5343249680969,0.338935339735865,21,0.943452380952381
440,B4_K07_I01-02-04-05-06-07-09,Branch4,PowerREV,7,6,1/2/4/5/6/7/9,0/45/135/180/225/270/360,1,3,Location3,1,,95.8891367114247,2.57918105164837,-0.1025,0.993714622011773,0.0449999999999999,8.47525337559886,0.782018941575002,21,1
440,B4_K07_I01-02-04-05-06-07-09,Branch4,PowerREV,7,6,1/2/4/5/6/7/9,0/45/135/180/225/270/360,1,4,Location4,1,,68.8898479495434,1.71913132087781,0.36,0.932469838654313,0.0299999999999999,5.00357370735474,0.662952273330823,21,0.976190476190476
441,B4_K07_I01-02-04-05-06-08-09,Branch4,PowerREV,7,6,1/2/4/5/6/8/9,0/45/135/180/225/315/360,1,1,Location1,1,,122.991525201423,-9.2068962213459,-0.5375,0.827945499414062,-0.16,12.1334478650566,0.62253358794634,21,0.94047619047619
441,B4_K07_I01-02-04-05-06-08-09,Branch4,PowerREV,7,6,1/2/4/5/6/8/9,0/45/135/180/225/315/360,1,2,Location2,1,,143.928240120886,-5.16360709084638,-0.805,0.586408560646926,-0.09,16.9666819329403,0.352712354140573,21,0.947916666666667
441,B4_K07_I01-02-04-05-06-08-09,Branch4,PowerREV,7,6,1/2/4/5/6/8/9,0/45/135/180/225/315/360,1,3,Location3,1,,95.8891367114247,2.57918105164837,-0.1025,0.993714622011773,0.0449999999999999,8.47525337559886,0.77049304578115,21,1
441,B4_K07_I01-02-04-05-06-08-09,Branch4,PowerREV,7,6,1/2/4/5/6/8/9,0/45/135/180/225/315/360,1,4,Location4,1,,69.0449601404304,1.57583259975216,0.3575,0.933508168148517,0.0274999999999999,4.87170832758958,0.64036735925768,21,0.977678571428571
442,B4_K07_I01-02-04-05-07-08-09,Branch4,PowerREV,7,6,1/2/4/5/7/8/9,0/45/135/180/270/315/360,1,1,Location1,1,,123.211996141485,-9.64249546379557,-0.54,0.824829527841966,-0.1675,12.5392666515639,0.633917304370783,21,0.930059523809524
442,B4_K07_I01-02-04-05-07-08-09,Branch4,PowerREV,7,6,1/2/4/5/7/8/9,0/45/135/180/270/315/360,1,2,Location2,1,,143.928240120886,-5.16360709084638,-0.805,0.586408560646926,-0.09,16.9666819329403,0.339224810219558,21,0.947916666666667
442,B4_K07_I01-02-04-05-07-08-09,Branch4,PowerREV,7,6,1/2/4/5/7/8/9,0/45/135/180/270/315/360,1,3,Location3,1,,95.8884891043574,2.43580428350657,-0.1025,0.993824682728297,0.0424999999999999,8.37227853953572,0.778561569055869,21,1
442,B4_K07_I01-02-04-05-07-08-09,Branch4,PowerREV,7,6,1/2/4/5/7/8/9,0/45/135/180/270/315/360,1,4,Location4,1,,69.0433816711824,1.71913132087781,0.3575,0.933431170467325,0.0299999999999999,5.01433039477221,0.660720027068909,21,0.97172619047619
443,B4_K07_I01-02-04-06-07-08-09,Branch4,PowerREV,7,6,1/2/4/6/7/8/9,0/45/135/225/270/315/360,1,1,Location1,1,,123.022585491893,-9.49723446851704,-0.5375,0.826963572353704,-0.165,12.3046281920336,0.628499349120045,21,0.9375
443,B4_K07_I01-02-04-06-07-08-09,Branch4,PowerREV,7,6,1/2/4/6/7/8/9,0/45/135/225/270/315/360,1,2,Location2,1,,143.91065596465,-5.01980013167812,-0.805,0.58678680114672,-0.0875,16.9306973648369,0.35720534611455,21,0.946428571428571
443,B4_K07_I01-02-04-06-07-08-09,Branch4,PowerREV,7,6,1/2/4/6/7/8/9,0/45/135/225/270/315/360,1,3,Location3,1,,95.8884891043574,2.43580428350657,-0.1025,0.993824682728297,0.0424999999999999,8.37227853953572,0.780132939540802,21,1
443,B4_K07_I01-02-04-06-07-08-09,Branch4,PowerREV,7,6,1/2/4/6/7/8/9,0/45/135/225/270/315/360,1,4,Location4,1,,68.888118034059,1.86244079953198,0.36,0.932386052019227,0.0324999999999999,5.14658169849668,0.662233649637908,21,0.973214285714286
444,B4_K07_I01-02-05-06-07-08-09,Branch4,PowerREV,7,6,1/2/5/6/7/8/9,0/45/180/225/270/315/360,1,1,Location1,1,,123.18020298625,-9.35203505756315,-0.54,0.825829128815398,-0.1625,12.3669196298846,0.615738081909873,21,0.921130952380952
444,B4_K07_I01-02-05-06-07-08-09,Branch4,PowerREV,7,6,1/2/5/6/7/8/9,0/45/180/225/270/315/360,1,2,Location2,1,,143.845440594687,-4.44488001787759,-0.805,0.588191082897386,-0.0775,16.803180018571,0.313983742883513,21,0.922619047619048
444,B4_K07_I01-02-05-06-07-08-09,Branch4,PowerREV,7,6,1/2/5/6/7/8/9,0/45/180/225/270/315/360,1,3,Location3,1,,95.8884891043574,2.43580428350657,-0.1025,0.993824682728297,0.0424999999999999,8.37227853953572,0.770981019508936,21,1
444,B4_K07_I01-02-05-06-07-08-09,Branch4,PowerREV,7,6,1/2/5/6/7/8/9,0/45/180/225/270/315/360,1,4,Location4,1,,69.0449601404304,1.57583259975216,0.3575,0.933508168148517,0.0274999999999999,4.87170832758958,0.639739743214165,21,0.96875
445,B4_K07_I01-03-04-05-06-07-08,Branch4,PowerREV,7,7,1/3/4/5/6/7/8,0/90/135/180/225/270/315,1,1,Location1,1,,122.833986348658,-9.35203505756315,-0.535,0.82907704708308,-0.1625,12.0707025089191,0.606714109026777,21,0.930059523809524
445,B4_K07_I01-03-04-05-06-07-08,Branch4,PowerREV,7,7,1/3/4/5/6/7/8,0/90/135/180/225/270/315,1,2,Location2,1,,143.702623124417,-5.3074466746303,-0.8025,0.589438291935636,-0.0925,16.7641002986764,0.322214992886086,21,0.958333333333333
445,B4_K07_I01-03-04-05-06-07-08,Branch4,PowerREV,7,7,1/3/4/5/6/7/8,0/90/135/180/225/270/315,1,3,Location3,1,,95.8884891043574,2.43580428350657,-0.1025,0.993824682728297,0.0424999999999999,8.37227853953572,0.778239752535046,21,1
445,B4_K07_I01-03-04-05-06-07-08,Branch4,PowerREV,7,7,1/3/4/5/6/7/8,0/90/135/180/225/270/315,1,4,Location4,1,,68.8898479495434,1.71913132087781,0.36,0.932469838654313,0.0299999999999999,5.00357370735474,0.660108196446131,21,0.962797619047619
446,B4_K07_I01-03-04-05-06-07-09,Branch4,PowerREV,7,6,1/3/4/5/6/7/9,0/90/135/180/225/270/360,1,1,Location1,1,,123.006924797102,-9.35203505756315,-0.5375,0.827458458171768,-0.1625,12.2183531178971,0.617803401333007,21,0.927083333333333
446,B4_K07_I01-03-04-05-06-07-09,Branch4,PowerREV,7,6,1/3/4/5/6/7/9,0/90/135/180/225/270/360,1,2,Location2,1,,143.650337278282,-4.87602486961296,-0.8025,0.590566465353393,-0.085,16.6556883643547,0.33558840058478,21,0.955357142857143
446,B4_K07_I01-03-04-05-06-07-09,Branch4,PowerREV,7,6,1/3/4/5/6/7/9,0/90/135/180/225/270/360,1,3,Location3,1,,95.8884891043574,2.43580428350657,-0.1025,0.993824682728297,0.0424999999999999,8.37227853953572,0.783269116045467,21,1
446,B4_K07_I01-03-04-05-06-07-09,Branch4,PowerREV,7,6,1/3/4/5/6/7/9,0/90/135/180/225/270/360,1,4,Location4,1,,68.8898479495434,1.71913132087781,0.36,0.932469838654313,0.0299999999999999,5.00357370735474,0.674313801471703,21,0.97172619047619
447,B4_K07_I01-03-04-05-06-08-09,Branch4,PowerREV,7,6,1/3/4/5/6/8/9,0/90/135/180/225/315/360,1,1,Location1,1,,122.991525201423,-9.2068962213459,-0.5375,0.827945499414062,-0.16,12.1334478650566,0.596283814977633,21,0.915178571428571
447,B4_K07_I01-03-04-05-06-08-09,Branch4,PowerREV,7,6,1/3/4/5/6/8/9,0/90/135/180/225/315/360,1,2,Location2,1,,143.964956262321,-5.45131981241778,-0.805,0.585619330282053,-0.095,17.0435309927201,0.330372982164427,21,0.946428571428571
447,B4_K07_I01-03-04-05-06-08-09,Branch4,PowerREV,7,6,1/3/4/5/6/8/9,0/90/135/180/225/315/360,1,3,Location3,1,,95.8884891043574,2.43580428350657,-0.1025,0.993824682728297,0.0424999999999999,8.37227853953572,0.77329004387236,21,1
447,B4_K07_I01-03-04-05-06-08-09,Branch4,PowerREV,7,6,1/3/4/5/6/8/9,0/90/135/180/225/315/360,1,4,Location4,1,,68.8914390956087,1.57583259975216,0.36,0.932546915709875,0.0274999999999999,4.86058692263444,0.659352559635104,21,0.96875
448,B4_K07_I01-03-04-05-07-08-09,Branch4,PowerREV,7,6,1/3/4/5/7/8/9,0/90/135/180/270/315/360,1,1,Location1,1,,123.006924797102,-9.35203505756315,-0.5375,0.827458458171768,-0.1625,12.2183531178971,0.614833729323615,21,0.924107142857143
448,B4_K07_I01-03-04-05-07-08-09,Branch4,PowerREV,7,6,1/3/4/5/7/8/9,0/90/135/180/270/315/360,1,2,Location2,1,,143.964956262321,-5.45131981241778,-0.805,0.585619330282053,-0.095,17.0435309927201,0.335468561544677,21,0.947916666666667
448,B4_K07_I01-03-04-05-07-08-09,Branch4,PowerREV,7,6,1/3/4/5/7/8/9,0/90/135/180/270/315/360,1,3,Location3,1,,95.8884891043574,2.43580428350657,-0.1025,0.993824682728297,0.0424999999999999,8.37227853953572,0.78067282110971,21,1
448,B4_K07_I01-03-04-05-07-08-09,Branch4,PowerREV,7,6,1/3/4/5/7/8/9,0/90/135/180/270/315/360,1,4,Location4,1,,68.8914390956087,1.57583259975216,0.36,0.932546915709875,0.0274999999999999,4.86058692263444,0.677769135551452,21,0.959821428571429
449,B4_K07_I01-03-04-06-07-08-09,Branch4,PowerREV,7,6,1/3/4/6/7/8/9,0/90/135/225/270/315/360,1,1,Location1,1,,122.849543753022,-9.49723446851704,-0.535,0.82858312799622,-0.165,12.1577667257075,0.627504941660223,21,0.927083333333333
449,B4_K07_I01-03-04-06-07-08-09,Branch4,PowerREV,7,6,1/3/4/6/7/8/9,0/90/135/225/270/315/360,1,2,Location2,1,,143.946339648551,-5.3074466746303,-0.805,0.58601941094131,-0.0925,17.0042954972734,0.348202976733761,21,0.959821428571429
449,B4_K07_I01-03-04-06-07-08-09,Branch4,PowerREV,7,6,1/3/4/6/7/8/9,0/90/135/225/270/315/360,1,3,Location3,1,,95.8884891043574,2.43580428350657,-0.1025,0.993824682728297,0.0424999999999999,8.37227853953572,0.782550492606419,21,1
449,B4_K07_I01-03-04-06-07-08-09,Branch4,PowerREV,7,6,1/3/4/6/7/8/9,0/90/135/225/270/315/360,1,4,Location4,1,,68.8898479495434,1.71913132087781,0.36,0.932469838654313,0.0299999999999999,5.00357370735474,0.672024977999072,21,0.962797619047619
450,B4_K07_I01-03-05-06-07-08-09,Branch4,PowerREV,7,6,1/3/5/6/7/8/9,0/90/180/225/270/315/360,1,1,Location1,1,,122.818688285915,-9.2068962213459,-0.535,0.829563138043151,-0.16,11.9850090552187,0.61977301019746,21,0.925595238095238
450,B4_K07_I01-03-05-06-07-08-09,Branch4,PowerREV,7,6,1/3/5/6/7/8/9,0/90/180/225/270/315/360,1,2,Location2,1,,143.928240120886,-5.16360709084638,-0.805,0.586408560646926,-0.09,16.9666819329403,0.330808968344973,21,0.959821428571429
450,B4_K07_I01-03-05-06-07-08-09,Branch4,PowerREV,7,6,1/3/5/6/7/8/9,0/90/180/225/270/315/360,1,3,Location3,1,,95.8884891043574,2.43580428350657,-0.1025,0.993824682728297,0.0424999999999999,8.37227853953572,0.780136115723232,21,1
450,B4_K07_I01-03-05-06-07-08-09,Branch4,PowerREV,7,6,1/3/5/6/7/8/9,0/90/180/225/270/315/360,1,4,Location4,1,,68.8914390956087,1.57583259975216,0.36,0.932546915709875,0.0274999999999999,4.86058692263444,0.669306547437989,21,0.973214285714286
451,B4_K07_I01-04-05-06-07-08-09,Branch4,PowerREV,7,6,1/4/5/6/7/8/9,0/135/180/225/270/315/360,1,1,Location1,1,,123.038508373149,-9.64249546379557,-0.5375,0.826460827867843,-0.1675,12.3922485773178,0.603506403354327,21,0.931547619047619
451,B4_K07_I01-04-05-06-07-08-09,Branch4,PowerREV,7,6,1/4/5/6/7/8/9,0/135/180/225/270/315/360,1,2,Location2,1,,143.633925674789,-4.73228037895821,-0.8025,0.590920891490561,-0.0825,16.6228504728193,0.332848332869073,21,0.94047619047619
451,B4_K07_I01-04-05-06-07-08-09,Branch4,PowerREV,7,6,1/4/5/6/7/8/9,0/135/180/225/270/315/360,1,3,Location3,1,,95.8884891043574,2.43580428350657,-0.1025,0.993824682728297,0.0424999999999999,8.37227853953572,0.780992493341225,21,1
451,B4_K07_I01-04-05-06-07-08-09,Branch4,PowerREV,7,6,1/4/5/6/7/8/9,0/135/180/225/270/315/360,1,4,Location4,1,,68.8898479495434,1.71913132087781,0.36,0.932469838654313,0.0299999999999999,5.00357370735474,0.647490606394406,21,0.967261904761905
452,B4_K07_I02-03-04-05-06-07-08,Branch4,PowerREV,7,7,2/3/4/5/6/7/8,45/90/135/180/225/270/315,1,1,Location1,1,,122.833986348658,-9.35203505756315,-0.535,0.82907704708308,-0.1625,12.0707025089191,0.610219169265164,21,0.927083333333333
452,B4_K07_I02-03-04-05-06-07-08,Branch4,PowerREV,7,7,2/3/4/5/6/7/8,45/90/135/180/225/270/315,1,2,Location2,1,,143.91065596465,-5.01980013167812,-0.805,0.58678680114672,-0.0875,16.9306973648369,0.363296858876927,21,0.953869047619048
452,B4_K07_I02-03-04-05-06-07-08,Branch4,PowerREV,7,7,2/3/4/5/6/7/8,45/90/135/180/225/270/315,1,3,Location3,1,,95.8884891043574,2.43580428350657,-0.1025,0.993824682728297,0.0424999999999999,8.37227853953572,0.776927761232335,21,1
452,B4_K07_I02-03-04-05-06-07-08,Branch4,PowerREV,7,7,2/3/4/5/6/7/8,45/90/135/180/225/270/315,1,4,Location4,1,,68.8914390956087,1.57583259975216,0.36,0.932546915709875,0.0274999999999999,4.86058692263444,0.666580568591718,21,0.970238095238095
453,B4_K07_I02-03-04-05-06-07-09,Branch4,PowerREV,7,7,2/3/4/5/6/7/9,45/90/135/180/225/270/360,1,1,Location1,1,,123.006924797102,-9.35203505756315,-0.5375,0.827458458171768,-0.1625,12.2183531178971,0.619732577435604,21,0.93452380952381
453,B4_K07_I02-03-04-05-06-07-09,Branch4,PowerREV,7,7,2/3/4/5/6/7/9,45/90/135/180/225/270/360,1,2,Location2,1,,143.830409402884,-4.30122230467036,-0.805,0.588515080520457,-0.075,16.7754359241675,0.351906685115563,21,0.946428571428571
453,B4_K07_I02-03-04-05-06-07-09,Branch4,PowerREV,7,7,2/3/4/5/6/7/9,45/90/135/180/225/270/360,1,3,Location3,1,,95.8884891043574,2.43580428350657,-0.1025,0.993824682728297,0.0424999999999999,8.37227853953572,0.782018333295131,21,1
453,B4_K07_I02-03-04-05-06-07-09,Branch4,PowerREV,7,7,2/3/4/5/6/7/9,45/90/135/180/225/270/360,1,4,Location4,1,,68.8898479495434,1.71913132087781,0.36,0.932469838654313,0.0299999999999999,5.00357370735474,0.679595245426847,21,0.964285714285714
454,B4_K07_I02-03-04-05-06-08-09,Branch4,PowerREV,7,7,2/3/4/5/6/8/9,45/90/135/180/225/315/360,1,1,Location1,1,,122.976385638365,-9.06181695393534,-0.5375,0.828424709916357,-0.1575,12.0499372541413,0.614855359202996,21,0.93452380952381
454,B4_K07_I02-03-04-05-06-08-09,Branch4,PowerREV,7,7,2/3/4/5/6/8/9,45/90/135/180/225/315/360,1,2,Location2,1,,143.946339648551,-5.3074466746303,-0.805,0.58601941094131,-0.0925,17.0042954972734,0.355414171797087,21,0.952380952380952
454,B4_K07_I02-03-04-05-06-08-09,Branch4,PowerREV,7,7,2/3/4/5/6/8/9,45/90/135/180/225/315/360,1,3,Location3,1,,95.8884891043574,2.43580428350657,-0.1025,0.993824682728297,0.0424999999999999,8.37227853953572,0.774023036611942,21,1
454,B4_K07_I02-03-04-05-06-08-09,Branch4,PowerREV,7,7,2/3/4/5/6/8/9,45/90/135/180/225/315/360,1,4,Location4,1,,68.8914390956087,1.57583259975216,0.36,0.932546915709875,0.0274999999999999,4.86058692263444,0.666389230653228,21,0.97172619047619
455,B4_K07_I02-03-04-05-07-08-09,Branch4,PowerREV,7,7,2/3/4/5/7/8/9,45/90/135/180/270/315/360,1,1,Location1,1,,123.006924797102,-9.35203505756315,-0.5375,0.827458458171768,-0.1625,12.2183531178971,0.629495424893433,21,0.941964285714286
455,B4_K07_I02-03-04-05-07-08-09,Branch4,PowerREV,7,7,2/3/4/5/7/8/9,45/90/135/180/270/315/360,1,2,Location2,1,,143.964956262321,-5.45131981241778,-0.805,0.585619330282053,-0.095,17.0435309927201,0.353690816855077,21,0.953869047619048
455,B4_K07_I02-03-04-05-07-08-09,Branch4,PowerREV,7,7,2/3/4/5/7/8/9,45/90/135/180/270/315/360,1,3,Location3,1,,95.8884891043574,2.43580428350657,-0.1025,0.993824682728297,0.0424999999999999,8.37227853953572,0.779858754470962,21,1
455,B4_K07_I02-03-04-05-07-08-09,Branch4,PowerREV,7,7,2/3/4/5/7/8/9,45/90/135/180/270/315/360,1,4,Location4,1,,68.8898479495434,1.71913132087781,0.36,0.932469838654313,0.0299999999999999,5.00357370735474,0.673009571189457,21,0.96875
456,B4_K07_I02-03-04-06-07-08-09,Branch4,PowerREV,7,7,2/3/4/6/7/8/9,45/90/135/225/270/315/360,1,1,Location1,1,,123.006924797102,-9.35203505756315,-0.5375,0.827458458171768,-0.1625,12.2183531178971,0.607235617352944,21,0.931547619047619
456,B4_K07_I02-03-04-06-07-08-09,Branch4,PowerREV,7,7,2/3/4/6/7/8/9,45/90/135/225/270/315/360,1,2,Location2,1,,143.91065596465,-5.01980013167812,-0.805,0.58678680114672,-0.0875,16.9306973648369,0.365309634275335,21,0.952380952380952
456,B4_K07_I02-03-04-06-07-08-09,Branch4,PowerREV,7,7,2/3/4/6/7/8/9,45/90/135/225/270/315/360,1,3,Location3,1,,95.8884891043574,2.43580428350657,-0.1025,0.993824682728297,0.0424999999999999,8.37227853953572,0.78182339609388,21,1
456,B4_K07_I02-03-04-06-07-08-09,Branch4,PowerREV,7,7,2/3/4/6/7/8/9,45/90/135/225/270/315/360,1,4,Location4,1,,68.8898479495434,1.71913132087781,0.36,0.932469838654313,0.0299999999999999,5.00357370735474,0.669702159702873,21,0.96875
457,B4_K07_I02-03-05-06-07-08-09,Branch4,PowerREV,7,7,2/3/5/6/7/8/9,45/90/180/225/270/315/360,1,1,Location1,1,,122.976385638365,-9.06181695393534,-0.5375,0.828424709916357,-0.1575,12.0499372541413,0.629686499376194,21,0.94047619047619
457,B4_K07_I02-03-05-06-07-08-09,Branch4,PowerREV,7,7,2/3/5/6/7/8/9,45/90/180/225/270/315/360,1,2,Location2,1,,143.667256322953,-5.01980013167812,-0.8025,0.590201236867562,-0.0875,16.6901805169901,0.360926541466188,21,0.955357142857143
457,B4_K07_I02-03-05-06-07-08-09,Branch4,PowerREV,7,7,2/3/5/6/7/8/9,45/90/180/225/270/315/360,1,3,Location3,1,,95.8884891043574,2.43580428350657,-0.1025,0.993824682728297,0.0424999999999999,8.37227853953572,0.77873791955439,21,1
457,B4_K07_I02-03-05-06-07-08-09,Branch4,PowerREV,7,7,2/3/5/6/7/8/9,45/90/180/225/270/315/360,1,4,Location4,1,,68.8914390956087,1.57583259975216,0.36,0.932546915709875,0.0274999999999999,4.86058692263444,0.681020636062357,21,0.976190476190476
458,B4_K07_I02-04-05-06-07-08-09,Branch4,PowerREV,7,7,2/4/5/6/7/8/9,45/135/180/225/270/315/360,1,1,Location1,1,,123.006924797102,-9.35203505756315,-0.5375,0.827458458171768,-0.1625,12.2183531178971,0.638209657186772,21,0.944940476190476
458,B4_K07_I02-04-05-06-07-08-09,Branch4,PowerREV,7,7,2/4/5/6/7/8/9,45/135/180/225/270/315/360,1,2,Location2,1,,143.650337278282,-4.87602486961296,-0.8025,0.590566465353393,-0.085,16.6556883643547,0.368357741107183,21,0.944940476190476
458,B4_K07_I02-04-05-06-07-08-09,Branch4,PowerREV,7,7,2/4/5/6/7/8/9,45/135/180/225/270/315/360,1,3,Location3,1,,95.8884891043574,2.43580428350657,-0.1025,0.993824682728297,0.0424999999999999,8.37227853953572,0.781416841809933,21,1
458,B4_K07_I02-04-05-06-07-08-09,Branch4,PowerREV,7,7,2/4/5/6/7/8/9,45/135/180/225/270/315/360,1,4,Location4,1,,68.8898479495434,1.71913132087781,0.36,0.932469838654313,0.0299999999999999,5.00357370735474,0.663615508998795,21,0.976190476190476
459,B4_K07_I03-04-05-06-07-08-09,Branch4,PowerREV,7,7,3/4/5/6/7/8/9,90/135/180/225/270/315/360,1,1,Location1,1,,123.022585491893,-9.49723446851704,-0.5375,0.826963572353704,-0.165,12.3046281920336,0.619747164148668,21,0.931547619047619
459,B4_K07_I03-04-05-06-07-08-09,Branch4,PowerREV,7,7,3/4/5/6/7/8/9,90/135/180/225/270/315/360,1,2,Location2,1,,143.460309919962,-5.3074466746303,-0.8,0.592826914031406,-0.0925,16.5253715850573,0.338266645439834,21,0.956845238095238
459,B4_K07_I03-04-05-06-07-08-09,Branch4,PowerREV,7,7,3/4/5/6/7/8/9,90/135/180/225/270/315/360,1,3,Location3,1,,95.8884891043574,2.43580428350657,-0.1025,0.993824682728297,0.0424999999999999,8.37227853953572,0.781480957231127,21,1
459,B4_K07_I03-04-05-06-07-08-09,Branch4,PowerREV,7,7,3/4/5/6/7/8/9,90/135/180/225/270/315/360,1,4,Location4,1,,68.8914390956087,1.57583259975216,0.36,0.932546915709875,0.0274999999999999,4.86058692263444,0.658806257142081,21,0.96875
460,B4_K08_I01-02-03-04-05-06-07-08,Branch4,PowerREV,8,8,1/2/3/4/5/6/7/8,0/45/90/135/180/225/270/315,1,1,Location1,1,,122.833986348658,-9.35203505756315,-0.535,0.82907704708308,-0.1625,12.0707025089191,0.639037018038636,21,0.9375
460,B4_K08_I01-02-03-04-05-06-07-08,Branch4,PowerREV,8,8,1/2/3/4/5/6/7/8,0/45/90/135/180/225/270/315,1,2,Location2,1,,143.893585517872,-4.87602486961296,-0.805,0.587154153523587,-0.085,16.8963485690724,0.373162162246952,21,0.96577380952381
460,B4_K08_I01-02-03-04-05-06-07-08,Branch4,PowerREV,8,8,1/2/3/4/5/6/7/8,0/45/90/135/180/225/270/315,1,3,Location3,1,,95.8884891043574,2.43580428350657,-0.1025,0.993824682728297,0.0424999999999999,8.37227853953572,0.78201058300664,21,1
460,B4_K08_I01-02-03-04-05-06-07-08,Branch4,PowerREV,8,8,1/2/3/4/5/6/7/8,0/45/90/135/180/225/270/315,1,4,Location4,1,,68.8914390956087,1.57583259975216,0.36,0.932546915709875,0.0274999999999999,4.86058692263444,0.676978395520977,21,0.976190476190476
461,B4_K08_I01-02-03-04-05-06-07-09,Branch4,PowerREV,8,7,1/2/3/4/5/6/7/9,0/45/90/135/180/225/270/360,1,1,Location1,1,,123.006924797102,-9.35203505756315,-0.5375,0.827458458171768,-0.1625,12.2183531178971,0.631859064646299,21,0.933035714285714
461,B4_K08_I01-02-03-04-05-06-07-09,Branch4,PowerREV,8,7,1/2/3/4/5/6/7/9,0/45/90/135/180/225/270/360,1,2,Location2,1,,143.877027170779,-4.73228037895821,-0.805,0.587510638201556,-0.0825,16.8636420220125,0.360454104956566,21,0.956845238095238
461,B4_K08_I01-02-03-04-05-06-07-09,Branch4,PowerREV,8,7,1/2/3/4/5/6/7/9,0/45/90/135/180/225/270/360,1,3,Location3,1,,95.8884891043574,2.43580428350657,-0.1025,0.993824682728297,0.0424999999999999,8.37227853953572,0.784266840176059,21,1
461,B4_K08_I01-02-03-04-05-06-07-09,Branch4,PowerREV,8,7,1/2/3/4/5/6/7/9,0/45/90/135/180/225/270/360,1,4,Location4,1,,68.8898479495434,1.71913132087781,0.36,0.932469838654313,0.0299999999999999,5.00357370735474,0.677501949435937,21,0.974702380952381
462,B4_K08_I01-02-03-04-05-06-08-09,Branch4,PowerREV,8,7,1/2/3/4/5/6/8/9,0/45/90/135/180/225/315/360,1,1,Location1,1,,122.976385638365,-9.06181695393534,-0.5375,0.828424709916357,-0.1575,12.0499372541413,0.628426413721215,21,0.933035714285714
462,B4_K08_I01-02-03-04-05-06-08-09,Branch4,PowerREV,8,7,1/2/3/4/5/6/8/9,0/45/90/135/180/225/315/360,1,2,Location2,1,,143.928240120886,-5.16360709084638,-0.805,0.586408560646926,-0.09,16.9666819329403,0.366154712268594,21,0.958333333333333
462,B4_K08_I01-02-03-04-05-06-08-09,Branch4,PowerREV,8,7,1/2/3/4/5/6/8/9,0/45/90/135/180/225/315/360,1,3,Location3,1,,95.8884891043574,2.43580428350657,-0.1025,0.993824682728297,0.0424999999999999,8.37227853953572,0.775523855294789,21,1
462,B4_K08_I01-02-03-04-05-06-08-09,Branch4,PowerREV,8,7,1/2/3/4/5/6/8/9,0/45/90/135/180/225/315/360,1,4,Location4,1,,68.8914390956087,1.57583259975216,0.36,0.932546915709875,0.0274999999999999,4.86058692263444,0.66314000869114,21,0.974702380952381
463,B4_K08_I01-02-03-04-05-07-08-09,Branch4,PowerREV,8,7,1/2/3/4/5/7/8/9,0/45/90/135/180/270/315/360,1,1,Location1,1,,123.006924797102,-9.35203505756315,-0.5375,0.827458458171768,-0.1625,12.2183531178971,0.640472163964608,21,0.936011904761905
463,B4_K08_I01-02-03-04-05-07-08-09,Branch4,PowerREV,8,7,1/2/3/4/5/7/8/9,0/45/90/135/180/270/315/360,1,2,Location2,1,,143.946339648551,-5.3074466746303,-0.805,0.58601941094131,-0.0925,17.0042954972734,0.361837047989494,21,0.959821428571429
463,B4_K08_I01-02-03-04-05-07-08-09,Branch4,PowerREV,8,7,1/2/3/4/5/7/8/9,0/45/90/135/180/270/315/360,1,3,Location3,1,,95.8884891043574,2.43580428350657,-0.1025,0.993824682728297,0.0424999999999999,8.37227853953572,0.781782442917551,21,1
463,B4_K08_I01-02-03-04-05-07-08-09,Branch4,PowerREV,8,7,1/2/3/4/5/7/8/9,0/45/90/135/180/270/315/360,1,4,Location4,1,,68.8914390956087,1.57583259975216,0.36,0.932546915709875,0.0274999999999999,4.86058692263444,0.688976063296793,21,0.970238095238095
464,B4_K08_I01-02-03-04-06-07-08-09,Branch4,PowerREV,8,7,1/2/3/4/6/7/8/9,0/45/90/135/225/270/315/360,1,1,Location1,1,,122.833986348658,-9.35203505756315,-0.535,0.82907704708308,-0.1625,12.0707025089191,0.63297406008667,21,0.936011904761905
464,B4_K08_I01-02-03-04-06-07-08-09,Branch4,PowerREV,8,7,1/2/3/4/6/7/8/9,0/45/90/135/225/270/315/360,1,2,Location2,1,,143.91065596465,-5.01980013167812,-0.805,0.58678680114672,-0.0875,16.9306973648369,0.374989259361725,21,0.964285714285714
464,B4_K08_I01-02-03-04-06-07-08-09,Branch4,PowerREV,8,7,1/2/3/4/6/7/8/9,0/45/90/135/225/270/315/360,1,3,Location3,1,,95.8884891043574,2.43580428350657,-0.1025,0.993824682728297,0.0424999999999999,8.37227853953572,0.783715413688057,21,1
464,B4_K08_I01-02-03-04-06-07-08-09,Branch4,PowerREV,8,7,1/2/3/4/6/7/8/9,0/45/90/135/225/270/315/360,1,4,Location4,1,,68.8898479495434,1.71913132087781,0.36,0.932469838654313,0.0299999999999999,5.00357370735474,0.683592095338517,21,0.97172619047619
465,B4_K08_I01-02-03-05-06-07-08-09,Branch4,PowerREV,8,7,1/2/3/5/6/7/8/9,0/45/90/180/225/270/315/360,1,1,Location1,1,,122.976385638365,-9.06181695393534,-0.5375,0.828424709916357,-0.1575,12.0499372541413,0.638023069471017,21,0.930059523809524
465,B4_K08_I01-02-03-05-06-07-08-09,Branch4,PowerREV,8,7,1/2/3/5/6/7/8/9,0/45/90/180/225/270/315/360,1,2,Location2,1,,143.893585517872,-4.87602486961296,-0.805,0.587154153523587,-0.085,16.8963485690724,0.362615771644596,21,0.961309523809524
465,B4_K08_I01-02-03-05-06-07-08-09,Branch4,PowerREV,8,7,1/2/3/5/6/7/8/9,0/45/90/180/225/270/315/360,1,3,Location3,1,,95.8884891043574,2.43580428350657,-0.1025,0.993824682728297,0.0424999999999999,8.37227853953572,0.780599730795278,21,1
465,B4_K08_I01-02-03-05-06-07-08-09,Branch4,PowerREV,8,7,1/2/3/5/6/7/8/9,0/45/90/180/225/270/315/360,1,4,Location4,1,,68.8914390956087,1.57583259975216,0.36,0.932546915709875,0.0274999999999999,4.86058692263444,0.677224388180411,21,0.980654761904762
466,B4_K08_I01-02-04-05-06-07-08-09,Branch4,PowerREV,8,7,1/2/4/5/6/7/8/9,0/45/135/180/225/270/315/360,1,1,Location1,1,,123.022585491893,-9.49723446851704,-0.5375,0.826963572353704,-0.165,12.3046281920336,0.649732334988313,21,0.950892857142857
466,B4_K08_I01-02-04-05-06-07-08-09,Branch4,PowerREV,8,7,1/2/4/5/6/7/8/9,0/45/135/180/225/270/315/360,1,2,Location2,1,,143.893585517872,-4.87602486961296,-0.805,0.587154153523587,-0.085,16.8963485690724,0.366477073480315,21,0.958333333333333
466,B4_K08_I01-02-04-05-06-07-08-09,Branch4,PowerREV,8,7,1/2/4/5/6/7/8/9,0/45/135/180/225/270/315/360,1,3,Location3,1,,95.8884891043574,2.43580428350657,-0.1025,0.993824682728297,0.0424999999999999,8.37227853953572,0.783077515686119,21,1
466,B4_K08_I01-02-04-05-06-07-08-09,Branch4,PowerREV,8,7,1/2/4/5/6/7/8/9,0/45/135/180/225/270/315/360,1,4,Location4,1,,68.8914390956087,1.57583259975216,0.36,0.932546915709875,0.0274999999999999,4.86058692263444,0.673586769116004,21,0.985119047619048
467,B4_K08_I01-03-04-05-06-07-08-09,Branch4,PowerREV,8,7,1/3/4/5/6/7/8/9,0/90/135/180/225/270/315/360,1,1,Location1,1,,123.022585491893,-9.49723446851704,-0.5375,0.826963572353704,-0.165,12.3046281920336,0.620791725780875,21,0.93452380952381
467,B4_K08_I01-03-04-05-06-07-08-09,Branch4,PowerREV,8,7,1/3/4/5/6/7/8/9,0/90/135/180/225/270/315/360,1,2,Location2,1,,143.702623124417,-5.3074466746303,-0.8025,0.589438291935636,-0.0925,16.7641002986764,0.354129251014468,21,0.96875
467,B4_K08_I01-03-04-05-06-07-08-09,Branch4,PowerREV,8,7,1/3/4/5/6/7/8/9,0/90/135/180/225/270/315/360,1,3,Location3,1,,95.8884891043574,2.43580428350657,-0.1025,0.993824682728297,0.0424999999999999,8.37227853953572,0.784706757610174,21,1
467,B4_K08_I01-03-04-05-06-07-08-09,Branch4,PowerREV,8,7,1/3/4/5/6/7/8/9,0/90/135/180/225/270/315/360,1,4,Location4,1,,68.8914390956087,1.57583259975216,0.36,0.932546915709875,0.0274999999999999,4.86058692263444,0.683364093667887,21,0.97172619047619
468,B4_K08_I02-03-04-05-06-07-08-09,Branch4,PowerREV,8,8,2/3/4/5/6/7/8/9,45/90/135/180/225/270/315/360,1,1,Location1,1,,122.991525201423,-9.2068962213459,-0.5375,0.827945499414062,-0.16,12.1334478650566,0.640685503572261,21,0.946428571428571
468,B4_K08_I02-03-04-05-06-07-08-09,Branch4,PowerREV,8,8,2/3/4/5/6/7/8/9,45/90/135/180/225/270/315/360,1,2,Location2,1,,143.893585517872,-4.87602486961296,-0.805,0.587154153523587,-0.085,16.8963485690724,0.380343308971467,21,0.961309523809524
468,B4_K08_I02-03-04-05-06-07-08-09,Branch4,PowerREV,8,8,2/3/4/5/6/7/8/9,45/90/135/180/225/270/315/360,1,3,Location3,1,,95.8884891043574,2.43580428350657,-0.1025,0.993824682728297,0.0424999999999999,8.37227853953572,0.78391080506998,21,1
468,B4_K08_I02-03-04-05-06-07-08-09,Branch4,PowerREV,8,8,2/3/4/5/6/7/8/9,45/90/135/180/225/270/315/360,1,4,Location4,1,,68.8898479495434,1.71913132087781,0.36,0.932469838654313,0.0299999999999999,5.00357370735474,0.680483996435526,21,0.977678571428571
469,B4_K09_I01-02-03-04-05-06-07-08-09,Branch4,PowerREV,9,8,1/2/3/4/5/6/7/8/9,0/45/90/135/180/225/270/315/360,1,1,Location1,1,,123.006924797102,-9.35203505756315,-0.5375,0.827458458171768,-0.1625,12.2183531178971,0.650563738266327,21,0.946428571428571
469,B4_K09_I01-02-03-04-05-06-07-08-09,Branch4,PowerREV,9,8,1/2/3/4/5/6/7/8/9,0/45/90/135/180/225/270/315/360,1,2,Location2,1,,143.91065596465,-5.01980013167812,-0.805,0.58678680114672,-0.0875,16.9306973648369,0.384978469062687,21,0.97172619047619
469,B4_K09_I01-02-03-04-05-06-07-08-09,Branch4,PowerREV,9,8,1/2/3/4/5/6/7/8/9,0/45/90/135/180/225/270/315/360,1,3,Location3,1,,95.8884891043574,2.43580428350657,-0.1025,0.993824682728297,0.0424999999999999,8.37227853953572,0.78557481392456,21,1
469,B4_K09_I01-02-03-04-05-06-07-08-09,Branch4,PowerREV,9,8,1/2/3/4/5/6/7/8/9,0/45/90/135/180/225/270/315/360,1,4,Location4,1,,68.8914390956087,1.57583259975216,0.36,0.932546915709875,0.0274999999999999,4.86058692263444,0.688154563783134,21,0.980654761904762
