MethodIndex,MethodId,Branch,StateCount,LocationIndex,Location,BartlettValid,MusicValid,BartlettAngularErrorDeg,MusicAngularErrorDeg,DirectionDifferenceDeg,BartlettUx,BartlettUy,BartlettUz,MusicUx,MusicUy,MusicUz
1,B1_DFT8,Branch1,8,1,Location1,1,1,12.0707025089191,11.3519243350815,1.31035657956581,-0.535,0.82907704708308,-0.1625,-0.535,0.833171650981957,-0.14
1,B1_DFT8,Branch1,8,2,Location2,1,1,16.9306973648369,16.6228504728193,0.398363911469226,-0.805,0.58678680114672,-0.0875,-0.8025,0.590920891490561,-0.0825
1,B1_DFT8,Branch1,8,3,Location3,1,1,8.37227853953572,8.4741818022773,0.144018104997293,-0.1025,0.993824682728297,0.0424999999999999,-0.105,0.993563661775128,0.0424999999999999
1,B1_DFT8,Branch1,8,4,Location4,1,1,5.15698973655785,5.63841616718822,0.625003685057808,0.3575,0.933347470131033,0.0324999999999999,0.35,0.935895293288731,0.0399999999999999
2,B2_ONOFF,Branch2,NaN,1,Location1,1,1,11.5864848977824,10.8500854435636,1.45244261962166,-0.5325,0.83257882509706,-0.1525,-0.5325,0.836772071713678,-0.1275
2,B2_ONOFF,Branch2,NaN,2,Location2,1,1,17.3820963354136,16.8636420220125,0.525612207861196,-0.81,0.580237020535574,-0.085,-0.805,0.587510638201556,-0.0825
2,B2_ONOFF,Branch2,NaN,3,Location3,1,1,9.27383559418617,9.36166452372396,0.143946285866888,-0.0975,0.992943855411775,0.0674999999999999,-0.1,0.992695194911308,0.0674999999999999
2,B2_ONOFF,Branch2,NaN,4,Location4,1,1,5.14658169849668,5.77972734472995,0.833367545484278,0.36,0.932386052019227,0.0324999999999999,0.35,0.935785098192956,0.0424999999999999
3,B3_HADAMARD,Branch3,NaN,1,Location1,1,1,12.0707025089191,11.4257114975873,1.16507557640918,-0.535,0.82907704708308,-0.1625,-0.535,0.832747710894482,-0.1425
3,B3_HADAMARD,Branch3,NaN,2,Location2,1,1,17.0042954972734,16.6556883643547,0.522543415709207,-0.805,0.58601941094131,-0.0925,-0.8025,0.590566465353393,-0.085
3,B3_HADAMARD,Branch3,NaN,3,Location3,1,1,8.71060076878389,8.80393034969326,0.143945192259445,-0.0975,0.993714622011773,0.0549999999999999,-0.1,0.99346615443104,0.0549999999999999
3,B3_HADAMARD,Branch3,NaN,4,Location4,1,1,5.15698973655785,5.63841616718822,0.625003685057808,0.3575,0.933347470131033,0.0324999999999999,0.35,0.935895293288731,0.0399999999999999
4,B4_K03_I01-02-03,Branch4,3,1,Location1,1,1,11.5065537693002,11.5221696366003,0.323502712969081,-0.5375,0.831561032035532,-0.14,-0.54,0.830767717235088,-0.135
4,B4_K03_I01-02-03,Branch4,3,2,Location2,1,1,36.695336567088,36.6871004028501,0.143258403023488,-0.0075,0.999859365110914,-0.0149999999999999,-0.0075,0.999818733571241,-0.0174999999999999
4,B4_K03_I01-02-03,Branch4,3,3,Location3,1,1,8.67892896291791,8.5945526391005,0.716556379052778,-0.105,0.993337178404191,0.0474999999999999,-0.1125,0.992943855411775,0.0374999999999999
4,B4_K03_I01-02-03,Branch4,3,4,Location4,1,1,6.14376053510895,6.00509079079228,0.212161897943122,0.3625,0.930641579771719,0.0499999999999999,0.36,0.931742319528313,0.0474999999999999
5,B4_K03_I01-02-04,Branch4,3,1,Location1,1,1,11.7303474321833,11.2971767029188,0.87154111619551,-0.5375,0.830263512386278,-0.1475,-0.5375,0.832788988880136,-0.1325
5,B4_K03_I01-02-04,Branch4,3,2,Location2,1,1,15.7239469569178,16.0053319811977,0.389641288915932,-0.795,0.603116904090741,-0.0649999999999999,-0.7975,0.599244315784472,-0.07
5,B4_K03_I01-02-04,Branch4,3,3,Location3,1,1,8.47525337559886,8.58352468734652,0.517557528566347,-0.1025,0.993714622011773,0.0449999999999999,-0.11,0.993126376651028,0.0399999999999999
5,B4_K03_I01-02-04,Branch4,3,4,Location4,1,1,5.49720433075537,5.49720433075537,0,0.35,0.935998798076151,0.0374999999999999,0.35,0.935998798076151,0.0374999999999999
6,B4_K03_I01-02-05,Branch4,3,1,Location1,1,1,11.6541918220719,11.073143607149,0.902214113597934,-0.5375,0.83070376789804,-0.145,-0.535,0.8347903928532,-0.13
6,B4_K03_I01-02-05,Branch4,3,2,Location2,1,1,16.1803999200524,16.3521859430315,1.00983607985795,-0.8,0.596735913114,-0.0624999999999999,-0.8,0.59464274989274,-0.08
6,B4_K03_I01-02-05,Branch4,3,3,Location3,1,1,8.47525337559886,8.57732218792998,0.321189184861039,-0.1025,0.993714622011773,0.0449999999999999,-0.1075,0.993296280069547,0.0424999999999999
6,B4_K03_I01-02-05,Branch4,3,4,Location4,1,1,4.62551860513631,5.55443196876107,0.969978956665297,0.3525,0.93554128717016,0.0224999999999999,0.345,0.937853266774713,0.0374999999999999
7,B4_K03_I01-02-06,Branch4,3,1,Location1,1,1,11.7303474321833,11.073143607149,1.04555282549335,-0.5375,0.830263512386279,-0.1475,-0.535,0.8347903928532,-0.13
7,B4_K03_I01-02-06,Branch4,3,2,Location2,1,1,16.2683757672907,16.8325838898585,0.681010489036677,-0.8,0.5956036853479,-0.0725,-0.805,0.587856274951625,-0.08
7,B4_K03_I01-02-06,Branch4,3,3,Location3,1,1,8.47525337559886,8.4741818022773,0.202755848565159,-0.1025,0.993714622011773,0.0449999999999999,-0.105,0.993563661775128,0.0424999999999999
7,B4_K03_I01-02-06,Branch4,3,4,Location4,1,1,5.6165691875335,5.80491428167455,0.33578923151349,0.3525,0.934956549792556,0.0399999999999999,0.3475,0.936716339133678,0.0424999999999999
8,B4_K03_I01-02-07,Branch4,3,1,Location1,1,1,11.9007118142778,11.2092054617996,1.30894792308218,-0.535,0.830041414629415,-0.1575,-0.535,0.83399640286994,-0.135
8,B4_K03_I01-02-07,Branch4,3,2,Location2,1,1,16.5734899509356,16.483688053051,1.44064004840845,-0.805,0.591565719087913,-0.0449999999999999,-0.8025,0.592531644724567,-0.07
8,B4_K03_I01-02-07,Branch4,3,3,Location3,1,1,8.16867893876482,8.27053568153326,0.143980590692486,-0.1,0.994183081730925,0.0399999999999999,-0.1025,0.993928443098395,0.0399999999999999
8,B4_K03_I01-02-07,Branch4,3,4,Location4,1,1,5.6165691875335,5.6642885045171,0.305856977234824,0.3525,0.934956549792556,0.0399999999999999,0.3475,0.936826424691362,0.0399999999999999
9,B4_K03_I01-02-08,Branch4,3,1,Location1,1,1,11.4585053666458,11.1980733155577,1.04281828401249,-0.5275,0.834827826560663,-0.1575,-0.5325,0.834771675369978,-0.14
9,B4_K03_I01-02-08,Branch4,3,2,Location2,1,1,35.9759644710292,36.2610410195415,0.286536522397551,-0.0224999999999999,0.99963430813473,0.0149999999999999,-0.0174999999999999,0.999734339712306,0.0149999999999999
9,B4_K03_I01-02-08,Branch4,3,3,Location3,1,1,8.27165546653221,8.06813270365114,0.203572903927898,-0.1,0.99407934793959,0.0424999999999999,-0.0975,0.994431370180969,0.0399999999999999
9,B4_K03_I01-02-08,Branch4,3,4,Location4,1,1,5.71288409233985,5.74120851959384,0.614221080541426,0.365,0.930036961631096,0.0424999999999999,0.355,0.933899753720923,0.0424999999999999
10,B4_K03_I01-02-09,Branch4,3,1,Location1,0,0,NaN,NaN,0,NaN,NaN,NaN,NaN,NaN,NaN
10,B4_K03_I01-02-09,Branch4,3,2,Location2,0,0,NaN,NaN,0,NaN,NaN,NaN,NaN,NaN,NaN
10,B4_K03_I01-02-09,Branch4,3,3,Location3,0,0,NaN,NaN,0,NaN,NaN,NaN,NaN,NaN,NaN
10,B4_K03_I01-02-09,Branch4,3,4,Location4,0,0,NaN,NaN,0,NaN,NaN,NaN,NaN,NaN,NaN
11,B4_K03_I01-03-04,Branch4,3,1,Location1,1,1,11.5864848977824,11.073143607149,1.30329114256904,-0.5325,0.83257882509706,-0.1525,-0.535,0.8347903928532,-0.13
11,B4_K03_I01-03-04,Branch4,3,2,Location2,1,1,37.5302459998636,37.4302613103358,0.45300996254672,0.005,0.999909370893182,0.0124999999999999,0.0025,0.999796854365926,0.0199999999999999
11,B4_K03_I01-03-04,Branch4,3,3,Location3,1,1,7.86346138546979,8.27053568153326,0.407075639314544,-0.0975,0.994619902274231,0.0349999999999999,-0.1025,0.993928443098395,0.0399999999999999
11,B4_K03_I01-03-04,Branch4,3,4,Location4,1,1,5.19130792057805,4.9334752412003,0.326420788483181,0.3525,0.935247293500495,0.0324999999999999,0.35,0.93634595636442,0.0274999999999999
12,B4_K03_I01-03-05,Branch4,3,1,Location1,1,1,11.7523866633935,10.8288137870786,1.47919325902772,-0.5325,0.831647461368097,-0.1575,-0.53,0.837582085529532,-0.1325
12,B4_K03_I01-03-05,Branch4,3,2,Location2,1,1,17.1058918822708,16.7249474249939,0.785842657250628,-0.8075,0.584069773229192,-0.0825,-0.805,0.589130715546219,-0.07
12,B4_K03_I01-03-05,Branch4,3,3,Location3,1,1,8.27053568153326,8.57595304950169,0.32144711891694,-0.1025,0.993928443098395,0.0399999999999999,-0.105,0.993453572141144,0.0449999999999999
12,B4_K03_I01-03-05,Branch4,3,4,Location4,1,1,4.74554550752062,5.38343557468632,0.730324834938188,0.355,0.934531968420557,0.0249999999999999,0.3475,0.937026547115929,0.0349999999999999
13,B4_K03_I01-03-06,Branch4,3,1,Location1,1,1,11.7523866633935,10.9162793085651,1.59891857464591,-0.5325,0.831647461368097,-0.1575,-0.5325,0.836387320563864,-0.13
13,B4_K03_I01-03-06,Branch4,3,2,Location2,1,1,16.5916732698491,16.2438251703859,0.647629179076071,-0.8025,0.591264534705067,-0.08,-0.8,0.595902676617583,-0.07
13,B4_K03_I01-03-06,Branch4,3,3,Location3,1,1,8.37227853953572,8.67892896291791,0.321509195763922,-0.1025,0.993824682728297,0.0424999999999999,-0.105,0.993337178404191,0.0474999999999999
13,B4_K03_I01-03-06,Branch4,3,4,Location4,1,1,5.15698973655785,5.49720433075537,0.538337037625561,0.3575,0.933347470131033,0.0324999999999999,0.35,0.935998798076151,0.0374999999999999
14,B4_K03_I01-03-07,Branch4,3,1,Location1,1,1,12.3922485773178,11.2092054617996,1.91696069916655,-0.5375,0.826460827867843,-0.1675,-0.535,0.83399640286994,-0.135
14,B4_K03_I01-03-07,Branch4,3,2,Location2,1,1,16.1803999200524,15.7681825817878,0.61479400328171,-0.8,0.596735913114,-0.0625,-0.795,0.602557051240793,-0.07
14,B4_K03_I01-03-07,Branch4,3,3,Location3,1,1,8.27053568153326,8.57941727273049,0.430135586822206,-0.1025,0.993928443098395,0.0399999999999999,-0.1025,0.993598258855157,0.0474999999999999
14,B4_K03_I01-03-07,Branch4,3,4,Location4,1,1,5.44241601050701,5.49720433075537,0.459472784402301,0.3575,0.933159954134338,0.0374999999999999,0.35,0.935998798076151,0.0374999999999999
15,B4_K03_I01-03-08,Branch4,3,1,Location1,1,1,11.9239842376393,11.1980733155577,1.31027574359233,-0.5325,0.83068495833258,-0.1625,-0.5325,0.834771675369978,-0.14
15,B4_K03_I01-03-08,Branch4,3,2,Location2,1,1,14.9759770901958,15.4734702486755,0.503998909436865,-0.785,0.613977809045245,-0.0825,-0.79,0.607186132911482,-0.085
15,B4_K03_I01-03-08,Branch4,3,3,Location3,1,1,8.47525337559886,8.58770694345787,0.320294828593062,-0.1025,0.993714622011773,0.0449999999999999,-0.1,0.99373034571759,0.0499999999999999
15,B4_K03_I01-03-08,Branch4,3,4,Location4,1,1,5.14658169849668,5.45645652402962,0.417063061243808,0.36,0.932386052019227,0.0324999999999999,0.355,0.934113884919821,0.0374999999999999
16,B4_K03_I01-03-09,Branch4,3,1,Location1,0,0,NaN,NaN,0,NaN,NaN,NaN,NaN,NaN,NaN
16,B4_K03_I01-03-09,Branch4,3,2,Location2,0,0,NaN,NaN,0,NaN,NaN,NaN,NaN,NaN,NaN
16,B4_K03_I01-03-09,Branch4,3,3,Location3,0,0,NaN,NaN,0,NaN,NaN,NaN,NaN,NaN,NaN
16,B4_K03_I01-03-09,Branch4,3,4,Location4,0,0,NaN,NaN,0,NaN,NaN,NaN,NaN,NaN,NaN
17,B4_K03_I01-04-05,Branch4,3,1,Location1,1,1,11.6687104629037,10.8288137870786,1.33437842968518,-0.5325,0.83211702902897,-0.155,-0.53,0.837582085529532,-0.1325
17,B4_K03_I01-04-05,Branch4,3,2,Location2,1,1,17.2856566942083,17.6975183570154,0.537423911353756,-0.8025,0.584460221058713,-0.12,-0.805,0.579412417885568,-0.1275
17,B4_K03_I01-04-05,Branch4,3,3,Location3,1,1,8.37227853953572,8.78306864267381,0.454311379128549,-0.1025,0.993824682728297,0.0424999999999999,-0.105,0.993214478347955,0.0499999999999999
17,B4_K03_I01-04-05,Branch4,3,4,Location4,1,1,5.74120851959384,5.92113282294958,0.335938682987956,0.355,0.933899753720923,0.0424999999999999,0.35,0.935668210425042,0.0449999999999999
18,B4_K03_I01-04-06,Branch4,3,1,Location1,1,1,12.2183531178971,10.9162793085651,1.9523379633693,-0.5375,0.827458458171768,-0.1625,-0.5325,0.836387320563864,-0.13
18,B4_K03_I01-04-06,Branch4,3,2,Location2,1,1,16.7249474249939,16.6811555791471,0.288351641733743,-0.805,0.589130715546219,-0.07,-0.805,0.589703315235721,-0.0649999999999999
18,B4_K03_I01-04-06,Branch4,3,3,Location3,1,1,8.47525337559886,8.67892896291791,0.203722369323826,-0.1025,0.993714622011773,0.0449999999999999,-0.105,0.993337178404191,0.0474999999999999
18,B4_K03_I01-04-06,Branch4,3,4,Location4,1,1,5.28961108043064,5.6165691875335,0.538493611309501,0.36,0.93229555399562,0.0349999999999999,0.3525,0.934956549792556,0.0399999999999999
19,B4_K03_I01-04-07,Branch4,3,1,Location1,1,1,12.4811900906669,11.2092054617996,2.06275246876507,-0.5375,0.825950210363797,-0.17,-0.535,0.83399640286994,-0.135
19,B4_K03_I01-04-07,Branch4,3,2,Location2,1,1,16.8963485690724,16.1455344685618,0.752954639617048,-0.805,0.587154153523587,-0.085,-0.7975,0.597651654394096,-0.0825
19,B4_K03_I01-04-07,Branch4,3,3,Location3,1,1,8.37227853953572,8.47525337559886,0.143378227897481,-0.1025,0.993824682728297,0.0424999999999999,-0.1025,0.993714622011773,0.0449999999999999
19,B4_K03_I01-04-07,Branch4,3,4,Location4,1,1,5.45645652402962,5.6165691875335,0.208245517758855,0.355,0.934113884919821,0.0374999999999999,0.3525,0.934956549792556,0.0399999999999999
20,B4_K03_I01-04-08,Branch4,3,1,Location1,1,1,12.0482927581979,11.0538294724398,2.02938489211648,-0.53,0.830782763422545,-0.17,-0.5325,0.835594847997521,-0.135
20,B4_K03_I01-04-08,Branch4,3,2,Location2,1,1,15.8773766836111,15.6119931157652,0.289782725092854,-0.795,0.601311067584823,-0.08,-0.7925,0.604927681628143,-0.0775
20,B4_K03_I01-04-08,Branch4,3,3,Location3,1,1,8.37227853953572,8.68472893398375,0.430184594961107,-0.1025,0.993824682728297,0.0424999999999999,-0.1025,0.993475591043887,0.0499999999999999
20,B4_K03_I01-04-08,Branch4,3,4,Location4,1,1,5.04971850057036,5.6165691875335,0.573361349716032,0.3525,0.935330823826522,0.0299999999999999,0.3525,0.934956549792556,0.0399999999999999
21,B4_K03_I01-04-09,Branch4,3,1,Location1,0,0,NaN,NaN,0,NaN,NaN,NaN,NaN,NaN,NaN
21,B4_K03_I01-04-09,Branch4,3,2,Location2,0,0,NaN,NaN,0,NaN,NaN,NaN,NaN,NaN,NaN
21,B4_K03_I01-04-09,Branch4,3,3,Location3,0,0,NaN,NaN,0,NaN,NaN,NaN,NaN,NaN,NaN
21,B4_K03_I01-04-09,Branch4,3,4,Location4,0,0,NaN,NaN,0,NaN,NaN,NaN,NaN,NaN,NaN
22,B4_K03_I01-05-06,Branch4,3,1,Location1,1,1,12.2827869729163,11.1403286567395,1.66709832352092,-0.54,0.826317130404544,-0.16,-0.535,0.834397237531381,-0.1325
22,B4_K03_I01-05-06,Branch4,3,2,Location2,1,1,16.1998329691703,16.2683757672907,0.432568532225983,-0.8,0.596468775377219,-0.0649999999999999,-0.8,0.5956036853479,-0.0725
22,B4_K03_I01-05-06,Branch4,3,3,Location3,1,1,8.48121196197503,8.67892896291791,0.287999540457157,-0.1,0.993852982085379,0.0474999999999999,-0.105,0.993337178404191,0.0474999999999999
22,B4_K03_I01-05-06,Branch4,3,4,Location4,1,1,5.02973085550508,5.04971850057036,0.153151514024057,0.355,0.934384824363067,0.0299999999999999,0.3525,0.935330823826522,0.0299999999999999
23,B4_K03_I01-05-07,Branch4,3,1,Location1,1,1,12.6629414924487,11.0538294724398,2.38966583780924,-0.5375,0.824905297594821,-0.175,-0.5325,0.835594847997521,-0.135
23,B4_K03_I01-05-07,Branch4,3,2,Location2,1,1,16.1466782505143,15.9080052220361,0.238772631902981,-0.8,0.597238436472402,-0.0574999999999999,-0.7975,0.600572643399614,-0.0574999999999999
23,B4_K03_I01-05-07,Branch4,3,3,Location3,1,1,8.37227853953572,8.57941727273049,0.286772789147334,-0.1025,0.993824682728297,0.0424999999999999,-0.1025,0.993598258855157,0.0474999999999999
23,B4_K03_I01-05-07,Branch4,3,4,Location4,1,1,4.74554550752062,5.35609750914218,0.646824292681485,0.355,0.934531968420557,0.0249999999999999,0.35,0.936095614774474,0.0349999999999999
24,B4_K03_I01-05-08,Branch4,3,1,Location1,1,1,11.9850090552187,11.2092054617996,1.4547808797825,-0.535,0.829563138043151,-0.16,-0.535,0.83399640286994,-0.135
24,B4_K03_I01-05-08,Branch4,3,2,Location2,1,1,16.8445521661108,16.4511116590468,0.655253654585079,-0.8025,0.588631888364876,-0.0975,-0.8,0.593585503529188,-0.0875
24,B4_K03_I01-05-08,Branch4,3,3,Location3,1,1,8.37227853953572,8.68472893398375,0.430184594961107,-0.1025,0.993824682728297,0.0424999999999999,-0.1025,0.993475591043887,0.0499999999999999
24,B4_K03_I01-05-08,Branch4,3,4,Location4,1,1,4.90821960925587,5.49720433075537,0.591564384639176,0.3525,0.935407665138575,0.0274999999999999,0.35,0.935998798076151,0.0374999999999999
25,B4_K03_I01-05-09,Branch4,3,1,Location1,0,0,NaN,NaN,0,NaN,NaN,NaN,NaN,NaN,NaN
25,B4_K03_I01-05-09,Branch4,3,2,Location2,0,0,NaN,NaN,0,NaN,NaN,NaN,NaN,NaN,NaN
25,B4_K03_I01-05-09,Branch4,3,3,Location3,0,0,NaN,NaN,0,NaN,NaN,NaN,NaN,NaN,NaN
25,B4_K03_I01-05-09,Branch4,3,4,Location4,0,0,NaN,NaN,0,NaN,NaN,NaN,NaN,NaN,NaN
26,B4_K03_I01-06-07,Branch4,3,1,Location1,1,1,12.5192343637893,10.9842034657581,2.49904677042267,-0.535,0.826528886367561,-0.175,-0.5325,0.835994916252485,-0.1325
26,B4_K03_I01-06-07,Branch4,3,2,Location2,1,1,36.4273659761083,13.8015187363371,50.0998795800652,-0.0125,0.99987186679094,-0.00999999999999991,-0.775,0.631644678597073,-0.0199999999999999
26,B4_K03_I01-06-07,Branch4,3,3,Location3,1,1,8.37227853953572,8.67892896291791,0.321509195763922,-0.1025,0.993824682728297,0.0424999999999999,-0.105,0.993337178404191,0.0474999999999999
26,B4_K03_I01-06-07,Branch4,3,4,Location4,1,1,5.19130792057805,5.59880706251419,0.458476564191611,0.3525,0.935247293500495,0.0324999999999999,0.355,0.934010171250827,0.0399999999999999
27,B4_K03_I01-06-08,Branch4,3,1,Location1,1,1,11.3558831209777,11.2092054617996,0.90665243291168,-0.53,0.834625664594613,-0.15,-0.535,0.83399640286994,-0.135
27,B4_K03_I01-06-08,Branch4,3,2,Location2,1,1,37.9907910165599,37.5376232907395,0.607720161941203,0.0149999999999999,0.99980935682759,-0.0124999999999999,0.0075,0.999771848973555,-0.0199999999999999
27,B4_K03_I01-06-08,Branch4,3,3,Location3,1,1,8.16867893876482,8.67892896291791,0.518728131073654,-0.1,0.994183081730925,0.0399999999999999,-0.105,0.993337178404191,0.0474999999999999
27,B4_K03_I01-06-08,Branch4,3,4,Location4,1,1,5.19130792057805,5.80491428167455,0.646095832977945,0.3525,0.935247293500495,0.0324999999999999,0.3475,0.936716339133678,0.0424999999999999
28,B4_K03_I01-06-09,Branch4,3,1,Location1,0,0,NaN,NaN,0,NaN,NaN,NaN,NaN,NaN,NaN
28,B4_K03_I01-06-09,Branch4,3,2,Location2,0,0,NaN,NaN,0,NaN,NaN,NaN,NaN,NaN,NaN
28,B4_K03_I01-06-09,Branch4,3,3,Location3,0,0,NaN,NaN,0,NaN,NaN,NaN,NaN,NaN,NaN
28,B4_K03_I01-06-09,Branch4,3,4,Location4,0,0,NaN,NaN,0,NaN,NaN,NaN,NaN,NaN,NaN
29,B4_K03_I01-07-08,Branch4,3,1,Location1,1,1,10.8183338646928,10.9712850036092,0.426254071140644,-0.525,0.83908804663158,-0.1425,-0.53,0.836775806294613,-0.1375
29,B4_K03_I01-07-08,Branch4,3,2,Location2,1,1,37.3149874740935,37.4801053543675,0.320294012010895,0.0025,0.999993749980469,-0.0025,0.005,0.999984374877928,0.0025
29,B4_K03_I01-07-08,Branch4,3,3,Location3,1,1,7.5666392031406,8.37998488610471,0.81401819756167,-0.0975,0.994855517148093,0.0274999999999999,-0.1075,0.993497609458624,0.0374999999999999
29,B4_K03_I01-07-08,Branch4,3,4,Location4,1,1,5.49720433075537,5.55443196876107,0.305548897592977,0.35,0.935998798076151,0.0374999999999999,0.345,0.937853266774713,0.0374999999999999
30,B4_K03_I01-07-09,Branch4,3,1,Location1,0,0,NaN,NaN,0,NaN,NaN,NaN,NaN,NaN,NaN
30,B4_K03_I01-07-09,Branch4,3,2,Location2,0,0,NaN,NaN,0,NaN,NaN,NaN,NaN,NaN,NaN
30,B4_K03_I01-07-09,Branch4,3,3,Location3,0,0,NaN,NaN,0,NaN,NaN,NaN,NaN,NaN,NaN
30,B4_K03_I01-07-09,Branch4,3,4,Location4,0,0,NaN,NaN,0,NaN,NaN,NaN,NaN,NaN,NaN
31,B4_K03_I01-08-09,Branch4,3,1,Location1,0,0,NaN,NaN,0,NaN,NaN,NaN,NaN,NaN,NaN
31,B4_K03_I01-08-09,Branch4,3,2,Location2,0,0,NaN,NaN,0,NaN,NaN,NaN,NaN,NaN,NaN
31,B4_K03_I01-08-09,Branch4,3,3,Location3,0,0,NaN,NaN,0,NaN,NaN,NaN,NaN,NaN,NaN
31,B4_K03_I01-08-09,Branch4,3,4,Location4,0,0,NaN,NaN,0,NaN,NaN,NaN,NaN,NaN,NaN
32,B4_K03_I02-03-04,Branch4,3,1,Location1,1,1,11.1684390960981,22.3387360442502,32.9226902689175,-0.5225,0.837966288104719,-0.1575,-0.0075,0.999859365110914,0.0149999999999999
32,B4_K03_I02-03-04,Branch4,3,2,Location2,1,1,37.6806777152768,37.3045144965902,0.960984553806516,0.01,0.999749968742185,-0.0199999999999999,0.0025,0.999984374877928,-0.005
32,B4_K03_I02-03-04,Branch4,3,3,Location3,1,1,7.5623395978793,8.0858415111656,0.591700523108711,-0.09,0.995326579570746,0.0349999999999999,-0.0925,0.994695305106041,0.0449999999999999
32,B4_K03_I02-03-04,Branch4,3,4,Location4,1,1,4.14597254636473,23.0386349886949,22.2554078649978,0.36,0.932831710438705,0.0149999999999999,-0.0199999999999999,0.999421707789059,0.0274999999999999
33,B4_K03_I02-03-05,Branch4,3,1,Location1,1,1,11.4257114975873,10.8288137870786,0.697911074632123,-0.535,0.832747710894482,-0.1425,-0.53,0.837582085529532,-0.1325
33,B4_K03_I02-03-05,Branch4,3,2,Location2,1,1,38.454147291101,38.2565383852105,0.453408658747934,0.0174999999999999,0.998833694866167,0.0449999999999999,0.0149999999999999,0.999184042106358,0.0374999999999999
33,B4_K03_I02-03-05,Branch4,3,3,Location3,1,1,8.37227853953572,8.8986382137748,0.717063590129659,-0.1025,0.993824682728297,0.0424999999999999,-0.1025,0.993211331993348,0.0549999999999999
33,B4_K03_I02-03-05,Branch4,3,4,Location4,1,1,5.01433039477221,5.17191604257268,0.208614731790104,0.3575,0.933431170467325,0.0299999999999999,0.355,0.934301209460846,0.0324999999999999
34,B4_K03_I02-03-06,Branch4,3,1,Location1,1,1,11.6541918220719,11.1403286567395,0.760425958262706,-0.5375,0.83070376789804,-0.145,-0.535,0.834397237531381,-0.1325
34,B4_K03_I02-03-06,Branch4,3,2,Location2,1,1,16.2209760781084,15.9772152108966,1.20405422038964,-0.8,0.596191034820216,-0.0674999999999999,-0.795,0.600265566228815,-0.0875
34,B4_K03_I02-03-06,Branch4,3,3,Location3,1,1,8.57595304950169,8.88833269791191,0.430236615624976,-0.105,0.993453572141144,0.0449999999999999,-0.105,0.993085469634915,0.0524999999999999
34,B4_K03_I02-03-06,Branch4,3,4,Location4,1,1,4.71108591978453,5.15698973655785,0.525553835884653,0.3625,0.931648404710704,0.0249999999999999,0.3575,0.933347470131033,0.0324999999999999
35,B4_K03_I02-03-07,Branch4,3,1,Location1,1,1,11.9850090552187,11.4257114975873,1.01915623210552,-0.535,0.829563138043151,-0.16,-0.535,0.832747710894482,-0.1425
35,B4_K03_I02-03-07,Branch4,3,2,Location2,1,1,16.1338845189099,15.9886280922679,0.350261473341067,-0.795,0.598722598537921,-0.0975,-0.7925,0.601196723211296,-0.1025
35,B4_K03_I02-03-07,Branch4,3,3,Location3,1,1,8.57595304950169,8.67892896291791,0.143394645105818,-0.105,0.993453572141144,0.0449999999999999,-0.105,0.993337178404191,0.0474999999999999
35,B4_K03_I02-03-07,Branch4,3,4,Location4,1,1,5.14658169849668,5.29968523915861,0.208628078442755,0.36,0.932386052019227,0.0324999999999999,0.3575,0.933257065336234,0.0349999999999999
36,B4_K03_I02-03-08,Branch4,3,1,Location1,1,1,12.2183531178971,11.579585142381,1.16514958555563,-0.5375,0.827458458171768,-0.1625,-0.5375,0.831136270415388,-0.1425
36,B4_K03_I02-03-08,Branch4,3,2,Location2,1,1,15.3971106208564,36.3667944405258,51.7638566251276,-0.7925,0.607818846367896,-0.0499999999999999,-0.0124999999999999,0.999471735468292,-0.0299999999999999
36,B4_K03_I02-03-08,Branch4,3,3,Location3,1,1,8.77970511627137,8.67790409912469,0.143394728635978,-0.1075,0.993069735718494,0.0474999999999999,-0.1075,0.993186160797662,0.0449999999999999
36,B4_K03_I02-03-08,Branch4,3,4,Location4,1,1,5.57050278829944,5.72798073550251,0.336852062215494,0.3625,0.931124991609612,0.0399999999999999,0.3575,0.932945603987714,0.0424999999999999
37,B4_K03_I02-03-09,Branch4,3,1,Location1,1,1,12.0499372541413,12.0388436036874,0.322728454993966,-0.5375,0.828424709916357,-0.1575,-0.54,0.827734105857672,-0.1525
37,B4_K03_I02-03-09,Branch4,3,2,Location2,1,1,37.183126880966,37.0293150305175,0.202571593160832,0,1,0,-0.0025,0.999993749980469,-0.0025
37,B4_K03_I02-03-09,Branch4,3,3,Location3,1,1,8.27442465649887,8.20460586474981,0.516719191145713,-0.105,0.99376493699466,0.0374999999999999,-0.11,0.993478736561583,0.0299999999999999
37,B4_K03_I02-03-09,Branch4,3,4,Location4,1,1,4.70955512268343,5.14658169849668,0.525715704968198,0.365,0.930671800367885,0.0249999999999999,0.36,0.932386052019227,0.0324999999999999
38,B4_K03_I02-04-05,Branch4,3,1,Location1,1,1,12.0118530834737,11.0450148923165,1.48234047430242,-0.5325,0.830191995866017,-0.165,-0.53,0.836361166004257,-0.14
38,B4_K03_I02-04-05,Branch4,3,2,Location2,1,1,37.5618473430056,37.4103062451312,0.202574125941552,0.0075,0.999893744354869,-0.0125,0.005,0.999874992186523,-0.0149999999999999
38,B4_K03_I02-04-05,Branch4,3,3,Location3,1,1,8.47525337559886,8.88833269791191,0.454396216125956,-0.1025,0.993714622011773,0.0449999999999999,-0.105,0.993085469634915,0.0524999999999999
38,B4_K03_I02-04-05,Branch4,3,4,Location4,1,1,5.72798073550251,6.02615802759429,0.32288969785091,0.3575,0.932945603987714,0.0424999999999999,0.355,0.933658797420128,0.0474999999999999
39,B4_K03_I02-04-06,Branch4,3,1,Location1,1,1,12.2183531178971,11.0538294724398,1.66799684881308,-0.5375,0.827458458171768,-0.1625,-0.5325,0.835594847997521,-0.135
39,B4_K03_I02-04-06,Branch4,3,2,Location2,1,1,17.2619959709535,16.9676310112027,0.396705884727106,-0.81,0.581614133253311,-0.075,-0.8075,0.585699368276934,-0.07
39,B4_K03_I02-04-06,Branch4,3,3,Location3,1,1,8.47525337559886,8.77970511627137,0.322417773672416,-0.1025,0.993714622011773,0.0449999999999999,-0.1075,0.993069735718494,0.0474999999999999
39,B4_K03_I02-04-06,Branch4,3,4,Location4,1,1,5.29968523915861,5.59880706251419,0.323187066255422,0.3575,0.933257065336234,0.0349999999999999,0.355,0.934010171250827,0.0399999999999999
40,B4_K03_I02-04-07,Branch4,3,1,Location1,1,1,12.2183531178971,11.2092054617996,1.62592739328637,-0.5375,0.827458458171768,-0.1625,-0.535,0.83399640286994,-0.135
40,B4_K03_I02-04-07,Branch4,3,2,Location2,1,1,17.6610029499035,17.189124483074,0.501205062923116,-0.815,0.575803786024371,-0.0649999999999999,-0.81,0.582532187951876,-0.0674999999999999
40,B4_K03_I02-04-07,Branch4,3,3,Location3,1,1,8.37227853953572,8.67790409912469,0.322376187750936,-0.1025,0.993824682728297,0.0424999999999999,-0.1075,0.993186160797662,0.0449999999999999
40,B4_K03_I02-04-07,Branch4,3,4,Location4,1,1,5.28961108043064,5.59880706251419,0.416883973170558,0.36,0.93229555399562,0.0349999999999999,0.355,0.934010171250827,0.0399999999999999
41,B4_K03_I02-04-08,Branch4,3,1,Location1,1,1,12.2461765930869,11.3519243350815,1.60245138921959,-0.535,0.828081366775029,-0.1675,-0.535,0.833171650981957,-0.14
41,B4_K03_I02-04-08,Branch4,3,2,Location2,1,1,17.4891929624876,17.5641339104132,0.736426186412072,-0.81,0.5790887237721,-0.0925,-0.8125,0.577445884910439,-0.08
41,B4_K03_I02-04-08,Branch4,3,3,Location3,1,1,8.37227853953572,8.57732218792998,0.288074510957992,-0.1025,0.993824682728297,0.0424999999999999,-0.1075,0.993296280069547,0.0424999999999999
41,B4_K03_I02-04-08,Branch4,3,4,Location4,1,1,5.01433039477221,5.6165691875335,0.646524248528426,0.3575,0.933431170467325,0.0299999999999999,0.3525,0.934956549792556,0.0399999999999999
42,B4_K03_I02-04-09,Branch4,3,1,Location1,1,1,11.9007118142778,11.5780046973237,0.582529195219104,-0.535,0.830041414629415,-0.1575,-0.535,0.831876643499504,-0.1475
42,B4_K03_I02-04-09,Branch4,3,2,Location2,1,1,36.7741923164329,35.6242807339573,2.06920933714645,-0.005,0.999083955431174,-0.0424999999999999,-0.0249999999999999,0.99705503860118,-0.0725
42,B4_K03_I02-04-09,Branch4,3,3,Location3,1,1,8.06696308877139,8.39125162428757,0.593178425871714,-0.1,0.994280518767214,0.0374999999999999,-0.11,0.993315156433244,0.0349999999999999
42,B4_K03_I02-04-09,Branch4,3,4,Location4,1,1,4.2319953593859,4.79286114478638,0.573090821173989,0.35,0.93662959594495,0.0149999999999999,0.35,0.936416040016402,0.0249999999999999
43,B4_K03_I02-05-06,Branch4,3,1,Location1,1,1,11.5010806809875,10.9842034657581,0.760193593871687,-0.535,0.832316045742241,-0.145,-0.5325,0.835994916252485,-0.1325
43,B4_K03_I02-05-06,Branch4,3,2,Location2,1,1,16.9676310112027,17.0179834126298,0.288667934756571,-0.8075,0.585699368276934,-0.07,-0.8075,0.585080122718248,-0.075
43,B4_K03_I02-05-06,Branch4,3,3,Location3,1,1,8.57941727273049,8.67892896291791,0.144018459037785,-0.1025,0.993598258855157,0.0474999999999999,-0.105,0.993337178404191,0.0474999999999999
43,B4_K03_I02-05-06,Branch4,3,4,Location4,1,1,4.44408097795437,4.90821960925587,0.525656411886334,0.3575,0.933698961121838,0.0199999999999999,0.3525,0.935407665138575,0.0274999999999999
44,B4_K03_I02-05-07,Branch4,3,1,Location1,1,1,12.5714288909792,11.1251288876582,2.10152814996386,-0.5375,0.825431705230663,-0.1725,-0.5325,0.835187104785509,-0.1375
44,B4_K03_I02-05-07,Branch4,3,2,Location2,1,1,16.3225615992363,16.0299623147197,0.392954362610487,-0.8,0.594973738916265,-0.0775,-0.7975,0.598946992646261,-0.0725
44,B4_K03_I02-05-07,Branch4,3,3,Location3,1,1,8.47525337559886,8.57595304950169,0.144018277058768,-0.1025,0.993714622011773,0.0449999999999999,-0.105,0.993453572141144,0.0449999999999999
44,B4_K03_I02-05-07,Branch4,3,4,Location4,1,1,4.74554550752062,5.21510209373707,0.525079375256372,0.355,0.934531968420557,0.0249999999999999,0.35,0.936185745458667,0.0324999999999999
45,B4_K03_I02-05-08,Branch4,3,1,Location1,1,1,11.9678463979394,11.2797465158819,1.04793663324959,-0.5375,0.828896103260234,-0.155,-0.535,0.833587877790938,-0.1375
45,B4_K03_I02-05-08,Branch4,3,2,Location2,1,1,17.5686047297924,17.1726891370545,0.658265133607136,-0.81,0.578267887747539,-0.0975,-0.8075,0.583341666607144,-0.0875
45,B4_K03_I02-05-08,Branch4,3,3,Location3,1,1,8.37227853953572,8.57595304950169,0.203684170294959,-0.1025,0.993824682728297,0.0424999999999999,-0.105,0.993453572141144,0.0449999999999999
45,B4_K03_I02-05-08,Branch4,3,4,Location4,1,1,4.58658178583189,5.38343557468632,0.937465958908567,0.3575,0.933642062034482,0.0224999999999999,0.3475,0.937026547115929,0.0349999999999999
46,B4_K03_I02-05-09,Branch4,3,1,Location1,1,1,11.6564565259031,11.1980733155577,0.620863526365702,-0.535,0.831429491899343,-0.15,-0.5325,0.834771675369978,-0.14
46,B4_K03_I02-05-09,Branch4,3,2,Location2,1,1,16.2946229961618,15.1358023218682,2.42018495624599,-0.8,0.595294044989533,-0.075,-0.79,0.611958944701358,-0.0374999999999999
46,B4_K03_I02-05-09,Branch4,3,3,Location3,1,1,8.27053568153326,8.37998488610471,0.321243389810548,-0.1025,0.993928443098395,0.0399999999999999,-0.1075,0.993497609458624,0.0374999999999999
46,B4_K03_I02-05-09,Branch4,3,4,Location4,1,1,4.12836351479127,5.10317257008929,1.00294654550845,0.3475,0.937596661683477,0.0124999999999999,0.3475,0.937199951984634,0.0299999999999999
47,B4_K03_I02-06-07,Branch4,3,1,Location1,1,1,12.0499372541413,10.9162793085651,1.66524111768052,-0.5375,0.828424709916357,-0.1575,-0.5325,0.836387320563864,-0.13
47,B4_K03_I02-06-07,Branch4,3,2,Location2,1,1,16.0807184805811,16.6011646669025,1.01220244666322,-0.8,0.598826978350174,-0.0374999999999999,-0.805,0.590947332678641,-0.0524999999999999
47,B4_K03_I02-06-07,Branch4,3,3,Location3,1,1,8.47525337559886,8.77970511627137,0.322417773672416,-0.1025,0.993714622011773,0.0449999999999999,-0.1075,0.993069735718494,0.0474999999999999
47,B4_K03_I02-06-07,Branch4,3,4,Location4,1,1,5.17191604257268,5.74120851959384,0.573421710993635,0.355,0.934301209460846,0.0324999999999999,0.355,0.933899753720923,0.0424999999999999
48,B4_K03_I02-06-08,Branch4,3,1,Location1,1,1,11.736409343889,11.1403286567395,1.16259436713975,-0.535,0.830974578431856,-0.1525,-0.535,0.834397237531381,-0.1325
48,B4_K03_I02-06-08,Branch4,3,2,Location2,1,1,16.5649723325997,16.6228504728193,0.735495705638186,-0.8,0.592431430631427,-0.095,-0.8025,0.590920891490561,-0.0825
48,B4_K03_I02-06-08,Branch4,3,3,Location3,1,1,8.37227853953572,8.4741818022773,0.144018104997293,-0.1025,0.993824682728297,0.0424999999999999,-0.105,0.993563661775128,0.0424999999999999
48,B4_K03_I02-06-08,Branch4,3,4,Location4,1,1,5.02973085550508,5.6642885045171,0.729736837700754,0.355,0.934384824363067,0.0299999999999999,0.3475,0.936826424691362,0.0399999999999999
49,B4_K03_I02-06-09,Branch4,3,1,Location1,1,1,11.3558831209777,11.1251288876582,0.731093751897579,-0.53,0.834625664594613,-0.15,-0.5325,0.835187104785509,-0.1375
49,B4_K03_I02-06-09,Branch4,3,2,Location2,1,1,17.0179834126298,17.7287166583483,0.738165541707249,-0.8075,0.585080122718248,-0.075,-0.815,0.574907601271717,-0.0725
49,B4_K03_I02-06-09,Branch4,3,3,Location3,1,1,8.16867893876482,8.27442465649887,0.321188341844746,-0.1,0.994183081730925,0.0399999999999999,-0.105,0.99376493699466,0.0374999999999999
49,B4_K03_I02-06-09,Branch4,3,4,Location4,1,1,4.8876061952048,5.38343557468632,0.625231643932892,0.355,0.934461743465189,0.0274999999999999,0.3475,0.937026547115929,0.0349999999999999
50,B4_K03_I02-07-08,Branch4,3,1,Location1,1,1,11.7303474321833,11.6619483002031,0.453343760443195,-0.5375,0.830263512386278,-0.1475,-0.54,0.829939756849857,-0.14
50,B4_K03_I02-07-08,Branch4,3,2,Location2,1,1,16.8035135090549,17.2459838141404,0.489943024049821,-0.8025,0.589040533410053,-0.095,-0.8075,0.58256973831465,-0.0925
50,B4_K03_I02-07-08,Branch4,3,3,Location3,1,1,7.96655478515079,8.37998488610471,0.455724087544784,-0.1,0.994371660899485,0.0349999999999999,-0.1075,0.993497609458624,0.0374999999999999
50,B4_K03_I02-07-08,Branch4,3,4,Location4,1,1,5.19130792057805,5.41492017158648,0.47870082019077,0.3525,0.935247293500495,0.0324999999999999,0.345,0.937949892051809,0.0349999999999999
51,B4_K03_I02-07-09,Branch4,3,1,Location1,1,1,11.7523866633935,11.3519243350815,1.01662705275116,-0.5325,0.831647461368097,-0.1575,-0.535,0.833171650981957,-0.14
51,B4_K03_I02-07-09,Branch4,3,2,Location2,1,1,13.9990320595554,14.8845724588542,0.91739535077764,-0.775,0.627191159057587,-0.0775,-0.785,0.61493902136716,-0.075
51,B4_K03_I02-07-09,Branch4,3,3,Location3,1,1,8.06813270365114,8.37365766485795,0.431942709635975,-0.0975,0.994431370180969,0.0399999999999999,-0.105,0.993667449401458,0.0399999999999999
51,B4_K03_I02-07-09,Branch4,3,4,Location4,1,1,5.35609750914218,5.41492017158648,0.305545083806188,0.35,0.936095614774474,0.0349999999999999,0.345,0.937949892051809,0.0349999999999999
52,B4_K03_I02-08-09,Branch4,3,1,Location1,1,1,11.8138099884616,11.6049786057078,0.590961856854708,-0.5275,0.832879042838755,-0.1675,-0.53,0.83324291176103,-0.1575
52,B4_K03_I02-08-09,Branch4,3,2,Location2,1,1,36.9464488847191,36.5910108472353,0.835371720025745,-0.005,0.999937498046753,0.01,-0.0125,0.999668695118538,0.0224999999999999
52,B4_K03_I02-08-09,Branch4,3,3,Location3,1,1,8.17235725119697,8.77970511627137,0.64463153965769,-0.0975,0.994327662292466,0.0424999999999999,-0.1075,0.993069735718494,0.0474999999999999
52,B4_K03_I02-08-09,Branch4,3,4,Location4,1,1,5.71883064794322,5.92113282294958,0.627189364812073,0.36,0.931983771317935,0.0424999999999999,0.35,0.935668210425042,0.0449999999999999
53,B4_K03_I03-04-05,Branch4,3,1,Location1,1,1,11.2069115461382,21.646962102881,32.1644847341581,-0.5275,0.836207958584466,-0.15,-0.0149999999999999,0.999734339712306,-0.0174999999999999
53,B4_K03_I03-04-05,Branch4,3,2,Location2,1,1,37.4473895924759,37.1243153268116,0.640609246168522,0.005,0.999974999687492,-0.005,0,0.999887493671163,-0.0149999999999999
53,B4_K03_I03-04-05,Branch4,3,3,Location3,1,1,8.67892896291791,9.18745256256538,0.520107631264771,-0.105,0.993337178404191,0.0474999999999999,-0.1125,0.992263825804408,0.0524999999999999
53,B4_K03_I03-04-05,Branch4,3,4,Location4,1,1,5.49720433075537,6.20420925913635,0.716984346178623,0.35,0.935998798076151,0.0374999999999999,0.35,0.935414346693485,0.0499999999999999
54,B4_K03_I03-04-06,Branch4,3,1,Location1,1,1,12.2827869729163,11.2092054617996,1.52563192161079,-0.54,0.826317130404544,-0.16,-0.535,0.83399640286994,-0.135
54,B4_K03_I03-04-06,Branch4,3,2,Location2,1,1,18.6236819426758,17.953196811016,1.05047790695118,-0.8225,0.562377764496428,-0.085,-0.8175,0.571658770596586,-0.07
54,B4_K03_I03-04-06,Branch4,3,3,Location3,1,1,8.37227853953572,8.77970511627137,0.407445746240739,-0.1025,0.993824682728297,0.0424999999999999,-0.1075,0.993069735718494,0.0474999999999999
54,B4_K03_I03-04-06,Branch4,3,4,Location4,1,1,4.57467674719183,5.33298253465879,0.847193572013296,0.36,0.932680947591404,0.0224999999999999,0.3525,0.935157072368059,0.0349999999999999
55,B4_K03_I03-04-07,Branch4,3,1,Location1,1,1,11.9007118142778,11.0076778002406,1.74393355579926,-0.535,0.830041414629415,-0.1575,-0.535,0.835175879680442,-0.1275
55,B4_K03_I03-04-07,Branch4,3,2,Location2,1,1,18.0900553127896,19.270625800146,1.29582758947609,-0.8175,0.569989034982253,-0.0825,-0.83,0.552697928347845,-0.075
55,B4_K03_I03-04-07,Branch4,3,3,Location3,1,1,8.17006937695647,8.4741818022773,0.32138668740188,-0.1025,0.994025905095033,0.0374999999999999,-0.105,0.993563661775128,0.0424999999999999
55,B4_K03_I03-04-07,Branch4,3,4,Location4,1,1,5.15698973655785,5.33298253465879,0.336657244094978,0.3575,0.933347470131033,0.0324999999999999,0.3525,0.935157072368059,0.0349999999999999
56,B4_K03_I03-04-08,Branch4,3,1,Location1,1,1,11.8669047856171,10.9162793085651,2.02774765918201,-0.53,0.831790237980706,-0.165,-0.5325,0.836387320563864,-0.13
56,B4_K03_I03-04-08,Branch4,3,2,Location2,1,1,18.2533046956812,18.4119051401865,0.606257801754278,-0.82,0.567428409581332,-0.075,-0.8225,0.565038715487709,-0.0649999999999999
56,B4_K03_I03-04-08,Branch4,3,3,Location3,1,1,8.06696308877139,8.37365766485795,0.322213947731693,-0.1,0.994280518767214,0.0374999999999999,-0.105,0.993667449401458,0.0399999999999999
56,B4_K03_I03-04-08,Branch4,3,4,Location4,1,1,5.01433039477221,5.35609750914218,0.538549587785804,0.3575,0.933431170467325,0.0299999999999999,0.35,0.936095614774474,0.0349999999999999
57,B4_K03_I03-04-09,Branch4,3,1,Location1,1,1,11.5204846344136,10.9842034657581,1.30369739204198,-0.53,0.833711580823968,-0.155,-0.5325,0.835994916252485,-0.1325
57,B4_K03_I03-04-09,Branch4,3,2,Location2,1,1,37.1024469314095,36.9464488847191,0.202574125691468,-0.0025,0.999918746698951,0.0124999999999999,-0.005,0.999937498046753,0.01
57,B4_K03_I03-04-09,Branch4,3,3,Location3,1,1,7.66002794252901,8.17006937695647,0.519146093225301,-0.095,0.994946606607611,0.0324999999999999,-0.1025,0.994025905095033,0.0374999999999999
57,B4_K03_I03-04-09,Branch4,3,4,Location4,1,1,4.62551860513631,4.79286114478638,0.208679434658342,0.3525,0.93554128717016,0.0224999999999999,0.35,0.936416040016402,0.0249999999999999
58,B4_K03_I03-05-06,Branch4,3,1,Location1,1,1,11.8374867342012,11.1251288876582,1.30956770549845,-0.5325,0.831170108942809,-0.16,-0.5325,0.835187104785509,-0.1375
58,B4_K03_I03-05-06,Branch4,3,2,Location2,1,1,17.3744824366788,39.5365451787287,56.5295679214435,-0.795,0.587771213994017,-0.15,0.0374999999999999,0.998592759837563,0.0374999999999999
58,B4_K03_I03-05-06,Branch4,3,3,Location3,1,1,8.67892896291791,8.78306864267381,0.14341190352449,-0.105,0.993337178404191,0.0474999999999999,-0.105,0.993214478347955,0.0499999999999999
58,B4_K03_I03-05-06,Branch4,3,4,Location4,1,1,3.92090091358441,4.65239342878381,0.731553234014273,0.3525,0.935758382276109,0.01,0.35,0.936479444515468,0.0224999999999999
59,B4_K03_I03-05-07,Branch4,3,1,Location1,1,1,11.9239842376393,10.8992081884476,1.62539916800581,-0.5325,0.83068495833258,-0.1625,-0.53,0.83718277574255,-0.135
59,B4_K03_I03-05-07,Branch4,3,2,Location2,1,1,16.5916732698491,16.1140955535098,0.480231361867513,-0.8025,0.591264534705067,-0.08,-0.7975,0.597991429704473,-0.08
59,B4_K03_I03-05-07,Branch4,3,3,Location3,1,1,8.37227853953572,8.67892896291791,0.321509195763922,-0.1025,0.993824682728297,0.0424999999999999,-0.105,0.993337178404191,0.0474999999999999
59,B4_K03_I03-05-07,Branch4,3,4,Location4,1,1,4.30162488105234,5.21510209373707,0.970979736864494,0.3575,0.933749163319572,0.0174999999999999,0.35,0.936185745458667,0.0324999999999999
60,B4_K03_I03-05-08,Branch4,3,1,Location1,1,1,11.8835078524328,10.9842034657581,1.04924608182483,-0.54,0.828639698542135,-0.1475,-0.5325,0.835994916252485,-0.1325
60,B4_K03_I03-05-08,Branch4,3,2,Location2,1,1,16.6062097525257,16.4511116590468,0.579893446023463,-0.8,0.592025126155976,-0.0975,-0.8,0.593585503529188,-0.0875
60,B4_K03_I03-05-08,Branch4,3,3,Location3,1,1,8.27053568153326,8.57595304950169,0.32144711891694,-0.1025,0.993928443098395,0.0399999999999999,-0.105,0.993453572141144,0.0449999999999999
60,B4_K03_I03-05-08,Branch4,3,4,Location4,1,1,4.72912490366468,5.38343557468632,0.834028613693244,0.3575,0.933578464833032,0.0249999999999999,0.3475,0.937026547115929,0.0349999999999999
61,B4_K03_I03-05-09,Branch4,3,1,Location1,1,1,11.5780046973237,10.8992081884476,0.829124954026698,-0.535,0.831876643499504,-0.1475,-0.53,0.83718277574255,-0.135
61,B4_K03_I03-05-09,Branch4,3,2,Location2,1,1,17.3679911078123,17.0179834126298,1.4484648891003,-0.8075,0.581329295666406,-0.1,-0.8075,0.585080122718248,-0.075
61,B4_K03_I03-05-09,Branch4,3,3,Location3,1,1,8.16867893876482,8.47525337559886,0.321416234833608,-0.1,0.994183081730925,0.0399999999999999,-0.1025,0.993714622011773,0.0449999999999999
61,B4_K03_I03-05-09,Branch4,3,4,Location4,1,1,4.74554550752062,5.24322543222102,0.625499479816808,0.355,0.934531968420557,0.0249999999999999,0.3475,0.937116588264235,0.0324999999999999
62,B4_K03_I03-06-07,Branch4,3,1,Location1,1,1,11.5780046973237,10.6280192457862,1.37784553433844,-0.535,0.831876643499504,-0.1475,-0.53,0.838734165275268,-0.125
62,B4_K03_I03-06-07,Branch4,3,2,Location2,1,1,16.4511116590468,16.3834900282326,0.289398001255797,-0.8,0.593585503529188,-0.0875,-0.8,0.594301060069726,-0.0825
62,B4_K03_I03-06-07,Branch4,3,3,Location3,1,1,8.57595304950169,8.88268478086384,0.321605938617633,-0.105,0.993453572141144,0.0449999999999999,-0.1075,0.992947002613936,0.0499999999999999
62,B4_K03_I03-06-07,Branch4,3,4,Location4,1,1,5.15698973655785,5.74120851959384,0.591441115487421,0.3575,0.933347470131033,0.0324999999999999,0.355,0.933899753720923,0.0424999999999999
63,B4_K03_I03-06-08,Branch4,3,1,Location1,1,1,11.2758315164623,10.9162793085651,1.01567278724979,-0.53,0.835071104756954,-0.1475,-0.5325,0.836387320563864,-0.13
63,B4_K03_I03-06-08,Branch4,3,2,Location2,1,1,15.9772152108966,16.1140955535098,0.471332503868386,-0.795,0.600265566228815,-0.0875,-0.7975,0.597991429704473,-0.08
63,B4_K03_I03-06-08,Branch4,3,3,Location3,1,1,8.27053568153326,8.57595304950169,0.32144711891694,-0.1025,0.993928443098395,0.0399999999999999,-0.105,0.993453572141144,0.0449999999999999
63,B4_K03_I03-06-08,Branch4,3,4,Location4,1,1,4.72912490366468,5.49720433075537,0.84666411037753,0.3575,0.933578464833032,0.0249999999999999,0.35,0.935998798076151,0.0374999999999999
64,B4_K03_I03-06-09,Branch4,3,1,Location1,1,1,11.5864848977824,10.9842034657581,1.16253094587516,-0.5325,0.83257882509706,-0.1525,-0.5325,0.835994916252485,-0.1325
64,B4_K03_I03-06-09,Branch4,3,2,Location2,1,1,16.4874154723043,16.2438251703859,1.1562619432296,-0.8,0.593211597998556,-0.09,-0.8,0.595902676617583,-0.07
64,B4_K03_I03-06-09,Branch4,3,3,Location3,1,1,8.27165546653221,8.47525337559886,0.203646307007432,-0.1,0.99407934793959,0.0424999999999999,-0.1025,0.993714622011773,0.0449999999999999
64,B4_K03_I03-06-09,Branch4,3,4,Location4,1,1,5.01433039477221,5.49720433075537,0.625269693620439,0.3575,0.933431170467325,0.0299999999999999,0.35,0.935998798076151,0.0374999999999999
65,B4_K03_I03-07-08,Branch4,3,1,Location1,1,1,11.9007118142778,11.2797465158819,1.16381196115619,-0.535,0.830041414629415,-0.1575,-0.535,0.833587877790938,-0.1375
65,B4_K03_I03-07-08,Branch4,3,2,Location2,1,1,15.8773766836111,16.0299623147197,0.472783014154867,-0.795,0.601311067584823,-0.08,-0.7975,0.598946992646261,-0.0725
65,B4_K03_I03-07-08,Branch4,3,3,Location3,1,1,8.07092589462079,8.37365766485795,0.321327898811201,-0.1025,0.994117070570665,0.0349999999999999,-0.105,0.993667449401458,0.0399999999999999
65,B4_K03_I03-07-08,Branch4,3,4,Location4,1,1,5.35609750914218,5.38343557468632,0.15284812234383,0.35,0.936095614774474,0.0349999999999999,0.3475,0.937026547115929,0.0349999999999999
66,B4_K03_I03-07-09,Branch4,3,1,Location1,1,1,12.2183531178971,11.2797465158819,1.4817989808822,-0.5375,0.827458458171768,-0.1625,-0.535,0.833587877790938,-0.1375
66,B4_K03_I03-07-09,Branch4,3,2,Location2,1,1,16.2499420461766,16.1786599018825,0.289540539725941,-0.7975,0.596568311260328,-0.09,-0.7975,0.597301222165165,-0.085
66,B4_K03_I03-07-09,Branch4,3,3,Location3,1,1,8.37227853953572,8.47525337559886,0.143378227897481,-0.1025,0.993824682728297,0.0424999999999999,-0.1025,0.993714622011773,0.0449999999999999
66,B4_K03_I03-07-09,Branch4,3,4,Location4,1,1,5.15698973655785,5.63841616718822,0.625003685057808,0.3575,0.933347470131033,0.0324999999999999,0.35,0.935895293288731,0.0399999999999999
67,B4_K03_I03-08-09,Branch4,3,1,Location1,1,1,11.6908979714763,11.0538294724398,1.44867000216609,-0.53,0.832766473868875,-0.16,-0.5325,0.835594847997521,-0.135
67,B4_K03_I03-08-09,Branch4,3,2,Location2,1,1,15.0413164667223,15.2978157917437,0.285423982935279,-0.7875,0.612607133487686,-0.0674999999999999,-0.79,0.609097693313642,-0.07
67,B4_K03_I03-08-09,Branch4,3,3,Location3,1,1,8.57941727273049,8.88833269791191,0.321638295574906,-0.1025,0.993598258855157,0.0474999999999999,-0.105,0.993085469634915,0.0524999999999999
67,B4_K03_I03-08-09,Branch4,3,4,Location4,1,1,5.28280556058732,5.59880706251419,0.674054751862298,0.365,0.930349396732217,0.0349999999999999,0.355,0.934010171250827,0.0399999999999999
68,B4_K03_I04-05-06,Branch4,3,1,Location1,1,1,12.6011288158325,13.1589948543331,0.58672137304109,-0.5425,0.823692145161042,-0.165,-0.5475,0.818833011059031,-0.1725
68,B4_K03_I04-05-06,Branch4,3,2,Location2,1,1,37.7006252780815,37.7896421634897,0.590623555744882,0.0075,0.999818733571241,0.0174999999999999,0.01,0.999921871948004,0.0075
68,B4_K03_I04-05-06,Branch4,3,3,Location3,1,1,9.49445942794444,9.11668163929603,0.733733406291585,-0.115,0.991699929414135,0.0574999999999999,-0.1025,0.992921824717334,0.0599999999999999
68,B4_K03_I04-05-06,Branch4,3,4,Location4,1,1,4.35185679902968,4.9104174513048,0.625051085250209,0.3425,0.939398078558818,0.0149999999999999,0.335,0.941949441318376,0.0224999999999999
69,B4_K03_I04-05-07,Branch4,3,1,Location1,1,1,12.5028602851684,11.7342416143966,0.969055426144529,-0.545,0.823510018153999,-0.1575,-0.54,0.829514165038789,-0.1425
69,B4_K03_I04-05-07,Branch4,3,2,Location2,1,1,38.9295921283901,39.3473196576857,0.717317580154539,0.0324999999999999,0.998767991077007,-0.0374999999999999,0.0399999999999999,0.998070012574268,-0.0474999999999999
69,B4_K03_I04-05-07,Branch4,3,3,Location3,1,1,8.88268478086384,9.10208369207662,0.453033580816375,-0.1075,0.992947002613936,0.0499999999999999,-0.105,0.992808516280959,0.0574999999999999
69,B4_K03_I04-05-07,Branch4,3,4,Location4,1,1,5.14658169849668,5.80491428167455,0.950156296263771,0.36,0.932386052019227,0.0324999999999999,0.3475,0.936716339133678,0.0424999999999999
70,B4_K03_I04-05-08,Branch4,3,1,Location1,1,1,11.5010806809875,10.9842034657581,0.760193593871687,-0.535,0.832316045742241,-0.145,-0.5325,0.835994916252485,-0.1325
70,B4_K03_I04-05-08,Branch4,3,2,Location2,1,1,18.1761950652247,18.4632524265106,1.15715573543104,-0.81,0.572401738292259,-0.1275,-0.8075,0.571128269305591,-0.1475
70,B4_K03_I04-05-08,Branch4,3,3,Location3,1,1,8.4741818022773,8.79114864153836,0.590724906141805,-0.105,0.993563661775128,0.0424999999999999,-0.1025,0.993346616242286,0.0524999999999999
70,B4_K03_I04-05-08,Branch4,3,4,Location4,1,1,5.29968523915861,5.94566307863197,0.832616380442135,0.3575,0.933257065336234,0.0349999999999999,0.3475,0.936599567584782,0.0449999999999999
71,B4_K03_I04-05-09,Branch4,3,1,Location1,1,1,11.9007118142778,10.8992081884476,1.38257136934398,-0.535,0.830041414629415,-0.1575,-0.53,0.83718277574255,-0.135
71,B4_K03_I04-05-09,Branch4,3,2,Location2,1,1,17.6967826774194,17.3496282848731,0.524805974951001,-0.8125,0.575972004527998,-0.09,-0.81,0.58059775232083,-0.0825
71,B4_K03_I04-05-09,Branch4,3,3,Location3,1,1,8.37227853953572,8.68472893398375,0.430184594961107,-0.1025,0.993824682728297,0.0424999999999999,-0.1025,0.993475591043887,0.0499999999999999
71,B4_K03_I04-05-09,Branch4,3,4,Location4,1,1,5.88365929324616,5.92113282294958,0.306173343974109,0.355,0.93378262995196,0.0449999999999999,0.35,0.935668210425042,0.0449999999999999
72,B4_K03_I04-06-07,Branch4,3,1,Location1,1,1,11.7481091017961,10.9439586600246,0.922297076564969,-0.5425,0.828726432545747,-0.1375,-0.535,0.8355537086268,-0.125
72,B4_K03_I04-06-07,Branch4,3,2,Location2,1,1,16.3278820484403,16.369328601102,0.145097849990262,-0.7975,0.595792539396055,-0.095,-0.7975,0.59538852860968,-0.0975
72,B4_K03_I04-06-07,Branch4,3,3,Location3,1,1,8.98680407390903,9.19062597770081,0.203924025551562,-0.1075,0.992817959144575,0.0524999999999999,-0.11,0.992408685975692,0.0549999999999999
72,B4_K03_I04-06-07,Branch4,3,4,Location4,1,1,5.28961108043064,5.87081378115667,0.591382457849401,0.36,0.93229555399562,0.0349999999999999,0.3575,0.932828360417928,0.0449999999999999
73,B4_K03_I04-06-08,Branch4,3,1,Location1,1,1,11.6564565259031,10.9162793085651,1.18927812320964,-0.535,0.831429491899343,-0.15,-0.5325,0.836387320563864,-0.13
73,B4_K03_I04-06-08,Branch4,3,2,Location2,1,1,16.7263201816587,16.6901805169901,0.14485091149467,-0.8025,0.589825185966147,-0.09,-0.8025,0.590201236867562,-0.0875
73,B4_K03_I04-06-08,Branch4,3,3,Location3,1,1,8.37227853953572,8.67892896291791,0.321509195763922,-0.1025,0.993824682728297,0.0424999999999999,-0.105,0.993337178404191,0.0474999999999999
73,B4_K03_I04-06-08,Branch4,3,4,Location4,1,1,5.42723130629462,5.7584735057034,0.673282339187124,0.3625,0.931229026609459,0.0374999999999999,0.3525,0.934846244042302,0.0424999999999999
74,B4_K03_I04-06-09,Branch4,3,1,Location1,1,1,12.3046281920336,10.9842034657581,1.95388510174732,-0.5375,0.826963572353704,-0.165,-0.5325,0.835994916252485,-0.1325
74,B4_K03_I04-06-09,Branch4,3,2,Location2,1,1,17.4573866123367,17.1487996754766,0.516912433156068,-0.8125,0.5787432505006,-0.07,-0.81,0.583089830129115,-0.0624999999999999
74,B4_K03_I04-06-09,Branch4,3,3,Location3,1,1,8.47525337559886,8.57941727273049,0.143394563631841,-0.1025,0.993714622011773,0.0449999999999999,-0.1025,0.993598258855157,0.0474999999999999
74,B4_K03_I04-06-09,Branch4,3,4,Location4,1,1,5.43266212399906,5.7584735057034,0.538281669833896,0.36,0.932198342628864,0.0374999999999999,0.3525,0.934846244042302,0.0424999999999999
75,B4_K03_I04-07-08,Branch4,3,1,Location1,1,1,12.2827869729163,11.1403286567395,1.66709832352092,-0.54,0.826317130404544,-0.16,-0.535,0.834397237531381,-0.1325
75,B4_K03_I04-07-08,Branch4,3,2,Location2,1,1,15.9886280922679,15.3935568066408,0.681188139019234,-0.7925,0.601196723211296,-0.1025,-0.7875,0.608948889480882,-0.095
75,B4_K03_I04-07-08,Branch4,3,3,Location3,1,1,8.17006937695647,8.4741818022773,0.32138668740188,-0.1025,0.994025905095033,0.0374999999999999,-0.105,0.993563661775128,0.0424999999999999
75,B4_K03_I04-07-08,Branch4,3,4,Location4,1,1,6.02615802759429,5.63841616718822,0.532118751241041,0.355,0.933658797420128,0.0474999999999999,0.35,0.935895293288731,0.0399999999999999
76,B4_K03_I04-07-09,Branch4,3,1,Location1,1,1,12.6274334821224,11.2092054617996,2.10036035979651,-0.54,0.824317899842045,-0.17,-0.535,0.83399640286994,-0.135
76,B4_K03_I04-07-09,Branch4,3,2,Location2,1,1,16.7641002986764,16.6556883643547,0.434553836826049,-0.8025,0.589438291935636,-0.0925,-0.8025,0.590566465353393,-0.085
76,B4_K03_I04-07-09,Branch4,3,3,Location3,1,1,8.37227853953572,8.47525337559886,0.143378227897481,-0.1025,0.993824682728297,0.0424999999999999,-0.1025,0.993714622011773,0.0449999999999999
76,B4_K03_I04-07-09,Branch4,3,4,Location4,1,1,5.5757351756046,5.7584735057034,0.479620666274666,0.36,0.932094415818484,0.0399999999999999,0.3525,0.934846244042302,0.0424999999999999
77,B4_K03_I04-08-09,Branch4,3,1,Location1,1,1,12.3922485773178,11.1403286567395,2.06135548628855,-0.5375,0.826460827867843,-0.1675,-0.535,0.834397237531381,-0.1325
77,B4_K03_I04-08-09,Branch4,3,2,Location2,1,1,15.5571604849367,15.4879780082232,0.432476154294484,-0.7925,0.605547273133981,-0.0725,-0.7925,0.606398177767711,-0.0649999999999999
77,B4_K03_I04-08-09,Branch4,3,3,Location3,1,1,8.48121196197503,8.78306864267381,0.322376069455568,-0.1,0.993852982085379,0.0474999999999999,-0.105,0.993214478347955,0.0499999999999999
77,B4_K03_I04-08-09,Branch4,3,4,Location4,1,1,5.14658169849668,5.7584735057034,0.729941799841276,0.36,0.932386052019227,0.0324999999999999,0.3525,0.934846244042302,0.0424999999999999
78,B4_K03_I05-06-07,Branch4,3,1,Location1,1,1,11.4374435351036,11.5780046973237,0.42596313973732,-0.53,0.834172494152139,-0.1525,-0.535,0.831876643499504,-0.1475
78,B4_K03_I05-06-07,Branch4,3,2,Location2,1,1,37.7048232395907,37.8312951678044,0.320348076633213,0.01,0.99987186679094,-0.0125,0.0125,0.999768723255534,-0.0174999999999999
78,B4_K03_I05-06-07,Branch4,3,3,Location3,1,1,9.40203834845522,9.29044741411465,0.320294019180882,-0.11,0.992118944481961,0.0599999999999999,-0.1125,0.992128393908772,0.0549999999999999
78,B4_K03_I05-06-07,Branch4,3,4,Location4,1,1,5.21510209373707,21.9280187185955,20.8521028781035,0.35,0.936185745458667,0.0324999999999999,-0.005,0.999984374877928,0.0025
79,B4_K03_I05-06-08,Branch4,3,1,Location1,1,1,11.6687104629037,11.2092054617996,1.15986251043744,-0.5325,0.83211702902897,-0.155,-0.535,0.83399640286994,-0.135
79,B4_K03_I05-06-08,Branch4,3,2,Location2,1,1,37.0551746492676,37.0576508593383,0.143392931725389,0,0.998871237948115,-0.0474999999999999,0,0.998986986902232,-0.0449999999999999
79,B4_K03_I05-06-08,Branch4,3,3,Location3,1,1,8.47525337559886,8.67892896291791,0.203722369323826,-0.1025,0.993714622011773,0.0449999999999999,-0.105,0.993337178404191,0.0474999999999999
79,B4_K03_I05-06-08,Branch4,3,4,Location4,1,1,4.86058692263444,4.8876061952048,0.306768654717117,0.36,0.932546915709875,0.0274999999999999,0.355,0.934461743465189,0.0274999999999999
80,B4_K03_I05-06-09,Branch4,3,1,Location1,1,1,12.1187243657965,11.1403286567395,1.38233875435773,-0.54,0.827269605388715,-0.155,-0.535,0.834397237531381,-0.1325
80,B4_K03_I05-06-09,Branch4,3,2,Location2,1,1,16.2946229961618,16.0563034102923,0.239269364741151,-0.8,0.595294044989533,-0.075,-0.7975,0.598639081584221,-0.075
80,B4_K03_I05-06-09,Branch4,3,3,Location3,1,1,8.48121196197503,8.57941727273049,0.143981081935332,-0.1,0.993852982085379,0.0474999999999999,-0.1025,0.993598258855157,0.0474999999999999
80,B4_K03_I05-06-09,Branch4,3,4,Location4,1,1,5.01433039477221,5.07422529180985,0.459456106821719,0.3575,0.933431170467325,0.0299999999999999,0.35,0.936269192059634,0.0299999999999999
81,B4_K03_I05-07-08,Branch4,3,1,Location1,1,1,12.0707025089191,11.073143607149,1.89075303364529,-0.535,0.82907704708308,-0.1625,-0.535,0.8347903928532,-0.13
81,B4_K03_I05-07-08,Branch4,3,2,Location2,1,1,15.3935568066408,37.3744885959685,52.5992691987301,-0.7875,0.608948889480882,-0.095,0.005,0.999609298676238,-0.0274999999999999
81,B4_K03_I05-07-08,Branch4,3,3,Location3,1,1,8.17006937695647,8.57595304950169,0.454149545009692,-0.1025,0.994025905095033,0.0374999999999999,-0.105,0.993453572141144,0.0449999999999999
81,B4_K03_I05-07-08,Branch4,3,4,Location4,1,1,5.6165691875335,5.35609750914218,0.326875095136473,0.3525,0.934956549792556,0.0399999999999999,0.35,0.936095614774474,0.0349999999999999
82,B4_K03_I05-07-09,Branch4,3,1,Location1,1,1,12.7168980215992,11.1403286567395,2.38833911440641,-0.54,0.823798367320548,-0.1725,-0.535,0.834397237531381,-0.1325
82,B4_K03_I05-07-09,Branch4,3,2,Location2,1,1,16.5343249680969,16.2946229961618,0.240623606350729,-0.8025,0.591919546898056,-0.075,-0.8,0.595294044989533,-0.075
82,B4_K03_I05-07-09,Branch4,3,3,Location3,1,1,8.47525337559886,8.57941727273049,0.143394563631841,-0.1025,0.993714622011773,0.0449999999999999,-0.1025,0.993598258855157,0.0474999999999999
82,B4_K03_I05-07-09,Branch4,3,4,Location4,1,1,5.00357370735474,5.33298253465879,0.538921182185146,0.36,0.932469838654313,0.0299999999999999,0.3525,0.935157072368059,0.0349999999999999
83,B4_K03_I05-08-09,Branch4,3,1,Location1,1,1,12.3046281920336,11.1403286567395,1.91565378546792,-0.5375,0.826963572353704,-0.165,-0.535,0.834397237531381,-0.1325
83,B4_K03_I05-08-09,Branch4,3,2,Location2,1,1,16.8636420220125,16.9919786918736,0.602903659336122,-0.805,0.587510638201556,-0.0825,-0.8075,0.585395165678706,-0.0725
83,B4_K03_I05-08-09,Branch4,3,3,Location3,1,1,8.57941727273049,8.78306864267381,0.20376123134826,-0.1025,0.993598258855157,0.0474999999999999,-0.105,0.993214478347955,0.0499999999999999
83,B4_K03_I05-08-09,Branch4,3,4,Location4,1,1,4.72912490366468,5.63841616718822,0.97001693826286,0.3575,0.933578464833032,0.0249999999999999,0.35,0.935895293288731,0.0399999999999999
84,B4_K03_I06-07-08,Branch4,3,1,Location1,1,1,12.3510261601459,11.230712005199,1.66620560472173,-0.5425,0.825159075572704,-0.1575,-0.5375,0.833182903089112,-0.13
84,B4_K03_I06-07-08,Branch4,3,2,Location2,1,1,36.8223868410796,36.6793405062083,0.143242284937289,-0.005,0.999787477417076,-0.0199999999999999,-0.0075,0.999771848973555,-0.0199999999999999
84,B4_K03_I06-07-08,Branch4,3,3,Location3,1,1,7.96515160977409,8.57595304950169,0.610830933244486,-0.0975,0.994528782891677,0.0374999999999999,-0.105,0.993453572141144,0.0449999999999999
84,B4_K03_I06-07-08,Branch4,3,4,Location4,1,1,5.31212284274081,5.38343557468632,0.338826443459247,0.3425,0.938955536753472,0.0324999999999999,0.3475,0.937026547115929,0.0349999999999999
85,B4_K03_I06-07-09,Branch4,3,1,Location1,1,1,12.5163864490616,10.9439586600246,2.28599955041333,-0.5425,0.824188995316002,-0.1625,-0.535,0.8355537086268,-0.125
85,B4_K03_I06-07-09,Branch4,3,2,Location2,1,1,36.5099338697492,36.8020359739466,0.320354916709604,-0.01,0.999499874937461,-0.0299999999999999,-0.005,0.999609298676238,-0.0274999999999999
85,B4_K03_I06-07-09,Branch4,3,3,Location3,1,1,8.47525337559886,8.88268478086384,0.407523467964783,-0.1025,0.993714622011773,0.0449999999999999,-0.1075,0.992947002613936,0.0499999999999999
85,B4_K03_I06-07-09,Branch4,3,4,Location4,1,1,5.19130792057805,5.47473766066972,0.286679773410731,0.3525,0.935247293500495,0.0324999999999999,0.3525,0.93506015849249,0.0374999999999999
86,B4_K03_I06-08-09,Branch4,3,1,Location1,1,1,11.8178365547027,11.230712005199,1.44768904161369,-0.535,0.830511890342336,-0.155,-0.5375,0.833182903089112,-0.13
86,B4_K03_I06-08-09,Branch4,3,2,Location2,1,1,38.0512360240919,37.7774185283995,0.320308027132379,0.0149999999999999,0.999884368314657,0.0025,0.01,0.999937498046753,0.005
86,B4_K03_I06-08-09,Branch4,3,3,Location3,1,1,8.37584758814221,8.88268478086384,0.519769955533876,-0.1,0.993969315421759,0.0449999999999999,-0.1075,0.992947002613936,0.0499999999999999
86,B4_K03_I06-08-09,Branch4,3,4,Location4,1,1,5.00357370735474,5.92113282294958,1.04905888538042,0.36,0.932469838654313,0.0299999999999999,0.35,0.935668210425042,0.0449999999999999
87,B4_K03_I07-08-09,Branch4,3,1,Location1,1,1,11.1203686265937,11.67973392148,0.921671409496523,-0.53,0.835938843456864,-0.1425,-0.5425,0.829137352915667,-0.135
87,B4_K03_I07-08-09,Branch4,3,2,Location2,1,1,36.8561698502662,36.6871004028501,0.453015198391428,-0.005,0.999937498046753,-0.01,-0.0075,0.999818733571241,-0.0174999999999999
87,B4_K03_I07-08-09,Branch4,3,3,Location3,1,1,7.96655478515079,8.69018747812228,0.776309338599102,-0.1,0.994371660899485,0.0349999999999999,-0.1125,0.992846287196563,0.0399999999999999
87,B4_K03_I07-08-09,Branch4,3,4,Location4,1,1,5.29968523915861,5.94566307863197,0.832616380442135,0.3575,0.933257065336234,0.0349999999999999,0.3475,0.936599567584782,0.0449999999999999
88,B4_K04_I01-02-03-04,Branch4,4,1,Location1,1,1,11.9604297177835,11.230712005199,1.18974874999003,-0.54,0.828190799272728,-0.15,-0.5375,0.833182903089112,-0.13
88,B4_K04_I01-02-03-04,Branch4,4,2,Location2,1,1,15.5837095390994,15.686670945111,0.876156988822974,-0.7925,0.60524271990665,-0.075,-0.795,0.603634823382482,-0.0599999999999999
88,B4_K04_I01-02-03-04,Branch4,4,3,Location3,1,1,8.16867893876482,8.4780013097463,0.432054768232989,-0.1,0.994183081730925,0.0399999999999999,-0.1075,0.993400095631161,0.0399999999999999
88,B4_K04_I01-02-03-04,Branch4,4,4,Location4,1,1,5.19130792057805,5.21510209373707,0.152999003728545,0.3525,0.935247293500495,0.0324999999999999,0.35,0.936185745458667,0.0324999999999999
89,B4_K04_I01-02-03-05,Branch4,4,1,Location1,1,1,11.9007118142778,10.9842034657581,1.47944229325081,-0.535,0.830041414629415,-0.1575,-0.5325,0.835994916252485,-0.1325
89,B4_K04_I01-02-03-05,Branch4,4,2,Location2,1,1,17.0179834126298,16.944944654102,0.432889067583615,-0.8075,0.585080122718248,-0.075,-0.8075,0.585992747395392,-0.0674999999999999
89,B4_K04_I01-02-03-05,Branch4,4,3,Location3,1,1,8.37227853953572,8.57595304950169,0.203684170294959,-0.1025,0.993824682728297,0.0424999999999999,-0.105,0.993453572141144,0.0449999999999999
89,B4_K04_I01-02-03-05,Branch4,4,4,Location4,1,1,4.74554550752062,5.38343557468632,0.730324834938188,0.355,0.934531968420557,0.0249999999999999,0.3475,0.937026547115929,0.0349999999999999
90,B4_K04_I01-02-03-06,Branch4,4,1,Location1,1,1,11.736409343889,10.9162793085651,1.33367818234727,-0.535,0.830974578431856,-0.1525,-0.5325,0.836387320563864,-0.13
90,B4_K04_I01-02-03-06,Branch4,4,2,Location2,1,1,17.0456405468795,16.2438251703859,0.881671498177992,-0.8075,0.584754221874456,-0.0775,-0.8,0.595902676617583,-0.07
90,B4_K04_I01-02-03-06,Branch4,4,3,Location3,1,1,8.37227853953572,8.67892896291791,0.321509195763922,-0.1025,0.993824682728297,0.0424999999999999,-0.105,0.993337178404191,0.0474999999999999
90,B4_K04_I01-02-03-06,Branch4,4,4,Location4,1,1,5.15698973655785,5.49720433075537,0.538337037625561,0.3575,0.933347470131033,0.0324999999999999,0.35,0.935998798076151,0.0374999999999999
91,B4_K04_I01-02-03-07,Branch4,4,1,Location1,1,1,12.3922485773178,11.5065537693001,1.60255494585912,-0.5375,0.826460827867843,-0.1675,-0.5375,0.831561032035533,-0.14
91,B4_K04_I01-02-03-07,Branch4,4,2,Location2,1,1,16.162680597313,16.0563034102923,0.876393061032919,-0.8,0.596992462263972,-0.0599999999999999,-0.7975,0.598639081584221,-0.075
91,B4_K04_I01-02-03-07,Branch4,4,3,Location3,1,1,8.37227853953572,8.67892896291791,0.321509195763922,-0.1025,0.993824682728297,0.0424999999999999,-0.105,0.993337178404191,0.0474999999999999
91,B4_K04_I01-02-03-07,Branch4,4,4,Location4,1,1,5.29968523915861,5.47473766066972,0.336542572783346,0.3575,0.933257065336234,0.0349999999999999,0.3525,0.93506015849249,0.0374999999999999
92,B4_K04_I01-02-03-08,Branch4,4,1,Location1,1,1,12.2183531178971,11.3519243350815,1.33778631919406,-0.5375,0.827458458171768,-0.1625,-0.535,0.833171650981957,-0.14
92,B4_K04_I01-02-03-08,Branch4,4,2,Location2,1,1,15.6331112018997,15.7044369427603,0.719301441784973,-0.795,0.604545283663681,-0.0499999999999999,-0.795,0.603381098477571,-0.0624999999999999
92,B4_K04_I01-02-03-08,Branch4,4,3,Location3,1,1,8.67892896291791,8.67892896291791,8.53773646251594e-07,-0.105,0.993337178404191,0.0474999999999999,-0.105,0.993337178404191,0.0474999999999999
92,B4_K04_I01-02-03-08,Branch4,4,4,Location4,1,1,5.14658169849668,5.59880706251419,0.524775387318934,0.36,0.932386052019227,0.0324999999999999,0.355,0.934010171250827,0.0399999999999999
93,B4_K04_I01-02-03-09,Branch4,4,1,Location1,1,1,11.9678463979394,11.9604297177835,0.322832802517749,-0.5375,0.828896103260234,-0.155,-0.54,0.828190799272728,-0.15
93,B4_K04_I01-02-03-09,Branch4,4,2,Location2,1,1,36.8975315181638,36.3151490775398,0.590623551865202,-0.005,0.999987499921874,0,-0.0149999999999999,0.999884368314657,-0.0025
93,B4_K04_I01-02-03-09,Branch4,4,3,Location3,1,1,8.4741818022773,8.40744088242435,0.716652718496293,-0.105,0.993563661775128,0.0424999999999999,-0.1125,0.993120083373607,0.0324999999999999
93,B4_K04_I01-02-03-09,Branch4,4,4,Location4,1,1,5.4261500645981,5.5757351756046,0.337241334664351,0.365,0.930251981991976,0.0374999999999999,0.36,0.932094415818484,0.0399999999999999
94,B4_K04_I01-02-04-05,Branch4,4,1,Location1,1,1,11.6564565259031,10.9162793085651,1.18927812320964,-0.535,0.831429491899343,-0.15,-0.5325,0.836387320563864,-0.13
94,B4_K04_I01-02-04-05,Branch4,4,2,Location2,1,1,17.7339517751164,17.2117675054175,1.35210551547535,-0.8125,0.57557579865731,-0.0925,-0.81,0.582237065120385,-0.07
94,B4_K04_I01-02-04-05,Branch4,4,3,Location3,1,1,8.47525337559886,8.77970511627137,0.322417773672416,-0.1025,0.993714622011773,0.0449999999999999,-0.1075,0.993069735718494,0.0474999999999999
94,B4_K04_I01-02-04-05,Branch4,4,4,Location4,1,1,5.17191604257268,5.77972734472995,0.646207177406871,0.355,0.934301209460846,0.0324999999999999,0.35,0.935785098192956,0.0424999999999999
95,B4_K04_I01-02-04-06,Branch4,4,1,Location1,1,1,12.0499372541413,10.9162793085651,1.66524111768052,-0.5375,0.828424709916357,-0.1575,-0.5325,0.836387320563864,-0.13
95,B4_K04_I01-02-04-06,Branch4,4,2,Location2,1,1,17.2117675054175,16.9676310112027,0.244684313852292,-0.81,0.582237065120385,-0.07,-0.8075,0.585699368276934,-0.07
95,B4_K04_I01-02-04-06,Branch4,4,3,Location3,1,1,8.47525337559886,8.67892896291791,0.203722369323826,-0.1025,0.993714622011773,0.0449999999999999,-0.105,0.993337178404191,0.0474999999999999
95,B4_K04_I01-02-04-06,Branch4,4,4,Location4,1,1,5.15698973655785,5.6165691875335,0.524623269996732,0.3575,0.933347470131033,0.0324999999999999,0.3525,0.934956549792556,0.0399999999999999
96,B4_K04_I01-02-04-07,Branch4,4,1,Location1,1,1,12.3922485773178,11.2092054617996,1.91696069916655,-0.5375,0.826460827867843,-0.1675,-0.535,0.83399640286994,-0.135
96,B4_K04_I01-02-04-07,Branch4,4,2,Location2,1,1,17.0749451329039,16.5621628506824,0.521368055779523,-0.8075,0.584417444982608,-0.08,-0.8025,0.591597413787451,-0.0775
96,B4_K04_I01-02-04-07,Branch4,4,3,Location3,1,1,8.37227853953572,8.57595304950169,0.203684170294959,-0.1025,0.993824682728297,0.0424999999999999,-0.105,0.993453572141144,0.0449999999999999
96,B4_K04_I01-02-04-07,Branch4,4,4,Location4,1,1,5.3141587849017,5.6165691875335,0.323130328860418,0.355,0.934210896960638,0.0349999999999999,0.3525,0.934956549792556,0.0399999999999999
97,B4_K04_I01-02-04-08,Branch4,4,1,Location1,1,1,11.9239842376393,11.2797465158819,1.44915405485383,-0.5325,0.83068495833258,-0.1625,-0.535,0.833587877790938,-0.1375
97,B4_K04_I01-02-04-08,Branch4,4,2,Location2,1,1,16.8636420220125,17.0749451329039,0.269155331715473,-0.805,0.587510638201556,-0.0825,-0.8075,0.584417444982608,-0.08
97,B4_K04_I01-02-04-08,Branch4,4,3,Location3,1,1,8.37227853953572,8.57595304950169,0.203684170294959,-0.1025,0.993824682728297,0.0424999999999999,-0.105,0.993453572141144,0.0449999999999999
97,B4_K04_I01-02-04-08,Branch4,4,4,Location4,1,1,5.01433039477221,5.6165691875335,0.646524248528426,0.3575,0.933431170467325,0.0299999999999999,0.3525,0.934956549792556,0.0399999999999999
98,B4_K04_I01-02-04-09,Branch4,4,1,Location1,1,1,11.8080257390159,11.4351241895321,0.726841351806679,-0.5375,0.829815491540138,-0.15,-0.5375,0.831978064614687,-0.1375
98,B4_K04_I01-02-04-09,Branch4,4,2,Location2,1,1,16.749356783422,36.5099338697492,53.2189452833408,-0.805,0.588828285665694,-0.0725,-0.01,0.999499874937461,-0.0299999999999999
98,B4_K04_I01-02-04-09,Branch4,4,3,Location3,1,1,8.37227853953572,8.48670775577982,0.517604738500137,-0.1025,0.993824682728297,0.0424999999999999,-0.11,0.993223917351974,0.0374999999999999
98,B4_K04_I01-02-04-09,Branch4,4,4,Location4,1,1,4.82358532975894,5.21510209373707,0.45782177703888,0.3475,0.937346654125356,0.0249999999999999,0.35,0.936185745458667,0.0324999999999999
99,B4_K04_I01-02-05-06,Branch4,4,1,Location1,1,1,12.0388436036874,11.073143607149,1.38113651078389,-0.54,0.827734105857672,-0.1525,-0.535,0.8347903928532,-0.13
99,B4_K04_I01-02-05-06,Branch4,4,2,Location2,1,1,17.6416909465352,18.0305010522324,0.924415872902267,-0.815,0.576080506526649,-0.0625,-0.8175,0.570690371392404,-0.0775
99,B4_K04_I01-02-05-06,Branch4,4,3,Location3,1,1,8.47525337559886,8.67892896291791,0.203722369323826,-0.1025,0.993714622011773,0.0449999999999999,-0.105,0.993337178404191,0.0474999999999999
99,B4_K04_I01-02-05-06,Branch4,4,4,Location4,1,1,4.87170832758958,5.38343557468632,0.744032324742021,0.3575,0.933508168148517,0.0274999999999999,0.3475,0.937026547115929,0.0349999999999999
100,B4_K04_I01-02-05-07,Branch4,4,1,Location1,1,1,12.3922485773178,11.2797465158819,1.77258102260258,-0.5375,0.826460827867843,-0.1675,-0.535,0.833587877790938,-0.1375
100,B4_K04_I01-02-05-07,Branch4,4,2,Location2,1,1,16.6811555791471,16.2683757672907,0.617268602614519,-0.805,0.589703315235721,-0.0649999999999999,-0.8,0.5956036853479,-0.0725
100,B4_K04_I01-02-05-07,Branch4,4,3,Location3,1,1,8.47525337559886,8.57595304950169,0.144018277058768,-0.1025,0.993714622011773,0.0449999999999999,-0.105,0.993453572141144,0.0449999999999999
100,B4_K04_I01-02-05-07,Branch4,4,4,Location4,1,1,4.87170832758958,5.35609750914218,0.625537845248521,0.3575,0.933508168148517,0.0274999999999999,0.35,0.936095614774474,0.0349999999999999
101,B4_K04_I01-02-05-08,Branch4,4,1,Location1,1,1,11.9007118142778,11.1251288876582,1.19189507640129,-0.535,0.830041414629415,-0.1575,-0.5325,0.835187104785509,-0.1375
101,B4_K04_I01-02-05-08,Branch4,4,2,Location2,1,1,17.5948805268461,17.1058918822708,0.491748954438067,-0.8125,0.577094013138241,-0.0825,-0.8075,0.584069773229192,-0.0825
101,B4_K04_I01-02-05-08,Branch4,4,3,Location3,1,1,8.37227853953572,8.57595304950169,0.203684170294959,-0.1025,0.993824682728297,0.0424999999999999,-0.105,0.993453572141144,0.0449999999999999
101,B4_K04_I01-02-05-08,Branch4,4,4,Location4,1,1,4.44408097795437,5.38343557468632,1.05037751072673,0.3575,0.933698961121838,0.0199999999999999,0.3475,0.937026547115929,0.0349999999999999
102,B4_K04_I01-02-05-09,Branch4,4,1,Location1,1,1,11.8080257390159,11.0538294724398,0.964558161675049,-0.5375,0.829815491540138,-0.15,-0.5325,0.835594847997521,-0.135
102,B4_K04_I01-02-05-09,Branch4,4,2,Location2,1,1,15.3493864924928,15.4398489797195,0.433308715693476,-0.79,0.608502259650693,-0.075,-0.79,0.607530863413539,-0.0825
102,B4_K04_I01-02-05-09,Branch4,4,3,Location3,1,1,8.37227853953572,8.4780013097463,0.321216086124143,-0.1025,0.993824682728297,0.0424999999999999,-0.1075,0.993400095631161,0.0399999999999999
102,B4_K04_I01-02-05-09,Branch4,4,4,Location4,1,1,4.65239342878381,5.41492017158648,0.775961332961073,0.35,0.936479444515468,0.0224999999999999,0.345,0.937949892051809,0.0349999999999999
103,B4_K04_I01-02-06-07,Branch4,4,1,Location1,1,1,12.3046281920336,11.1403286567395,1.91565378546792,-0.5375,0.826963572353704,-0.165,-0.535,0.834397237531381,-0.1325
103,B4_K04_I01-02-06-07,Branch4,4,2,Location2,1,1,16.9919786918736,16.5081650225967,0.485252963799171,-0.8075,0.585395165678706,-0.0725,-0.8025,0.592230951572104,-0.0725
103,B4_K04_I01-02-06-07,Branch4,4,3,Location3,1,1,8.37227853953572,8.4741818022773,0.144018104997293,-0.1025,0.993824682728297,0.0424999999999999,-0.105,0.993563661775128,0.0424999999999999
103,B4_K04_I01-02-06-07,Branch4,4,4,Location4,1,1,5.44241601050701,5.77972734472995,0.537915617607496,0.3575,0.933159954134338,0.0374999999999999,0.35,0.935785098192956,0.0424999999999999
104,B4_K04_I01-02-06-08,Branch4,4,1,Location1,1,1,11.6687104629037,11.2092054617996,1.15986251043744,-0.5325,0.83211702902897,-0.155,-0.535,0.83399640286994,-0.135
104,B4_K04_I01-02-06-08,Branch4,4,2,Location2,1,1,17.5686047297924,17.1058918822708,0.93256291212447,-0.81,0.578267887747539,-0.0975,-0.8075,0.584069773229192,-0.0825
104,B4_K04_I01-02-06-08,Branch4,4,3,Location3,1,1,8.37227853953572,8.4741818022773,0.144018104997293,-0.1025,0.993824682728297,0.0424999999999999,-0.105,0.993563661775128,0.0424999999999999
104,B4_K04_I01-02-06-08,Branch4,4,4,Location4,1,1,5.17191604257268,5.6642885045171,0.6247024018813,0.355,0.934301209460846,0.0324999999999999,0.3475,0.936826424691362,0.0399999999999999
105,B4_K04_I01-02-06-09,Branch4,4,1,Location1,1,1,11.6564565259031,11.1403286567395,1.01700539024454,-0.535,0.831429491899343,-0.15,-0.535,0.834397237531381,-0.1325
105,B4_K04_I01-02-06-09,Branch4,4,2,Location2,1,1,17.6819467078145,17.7045190926392,0.144258422282345,-0.815,0.575516072755575,-0.0674999999999999,-0.815,0.575217350225113,-0.07
105,B4_K04_I01-02-06-09,Branch4,4,3,Location3,1,1,8.27165546653221,8.37365766485795,0.321161845120074,-0.1,0.99407934793959,0.0424999999999999,-0.105,0.993667449401458,0.0399999999999999
105,B4_K04_I01-02-06-09,Branch4,4,4,Location4,1,1,5.17191604257268,5.52379292677837,0.537971294120186,0.355,0.934301209460846,0.0324999999999999,0.3475,0.936929826614566,0.0374999999999999
106,B4_K04_I01-02-07-08,Branch4,4,1,Location1,1,1,11.9007118142778,11.579585142381,0.8735553105201,-0.535,0.830041414629415,-0.1575,-0.5375,0.831136270415387,-0.1425
106,B4_K04_I01-02-07-08,Branch4,4,2,Location2,1,1,16.9306973648369,16.8445521661108,0.599981062670211,-0.805,0.58678680114672,-0.0875,-0.8025,0.588631888364876,-0.0975
106,B4_K04_I01-02-07-08,Branch4,4,3,Location3,1,1,8.06696308877139,8.37365766485795,0.322213947731693,-0.1,0.994280518767214,0.0374999999999999,-0.105,0.993667449401458,0.0399999999999999
106,B4_K04_I01-02-07-08,Branch4,4,4,Location4,1,1,5.19130792057805,5.52379292677837,0.416454602083222,0.3525,0.935247293500495,0.0324999999999999,0.3475,0.936929826614566,0.0374999999999999
107,B4_K04_I01-02-07-09,Branch4,4,1,Location1,1,1,12.0499372541413,11.2797465158819,1.19214319462925,-0.5375,0.828424709916357,-0.1575,-0.535,0.833587877790938,-0.1375
107,B4_K04_I01-02-07-09,Branch4,4,2,Location2,1,1,16.5916732698491,16.8963485690724,0.397557684164912,-0.8025,0.591264534705067,-0.08,-0.805,0.587154153523587,-0.085
107,B4_K04_I01-02-07-09,Branch4,4,3,Location3,1,1,8.16867893876482,8.27053568153326,0.143980590692486,-0.1,0.994183081730925,0.0399999999999999,-0.1025,0.993928443098395,0.0399999999999999
107,B4_K04_I01-02-07-09,Branch4,4,4,Location4,1,1,5.52379292677837,5.55443196876107,0.152698852164472,0.3475,0.936929826614566,0.0374999999999999,0.345,0.937853266774713,0.0374999999999999
108,B4_K04_I01-02-08-09,Branch4,4,1,Location1,1,1,11.8669047856171,11.1980733155577,1.44967733767674,-0.53,0.831790237980706,-0.165,-0.5325,0.834771675369978,-0.14
108,B4_K04_I01-02-08-09,Branch4,4,2,Location2,1,1,36.518555501819,36.4810322034099,1.01308211507953,-0.0124999999999999,0.99987186679094,0.01,-0.0149999999999999,0.999509254584469,0.0274999999999999
108,B4_K04_I01-02-08-09,Branch4,4,3,Location3,1,1,8.17235725119697,8.37227853953572,0.287925068850702,-0.0975,0.994327662292466,0.0424999999999999,-0.1025,0.993824682728297,0.0424999999999999
108,B4_K04_I01-02-08-09,Branch4,4,4,Location4,1,1,5.86194901210171,5.92113282294958,0.612970597937568,0.36,0.931866406734356,0.0449999999999999,0.35,0.935668210425042,0.0449999999999999
109,B4_K04_I01-03-04-05,Branch4,4,1,Location1,1,1,11.8374867342012,10.8288137870786,1.62427953358845,-0.5325,0.831170108942809,-0.16,-0.53,0.837582085529532,-0.1325
109,B4_K04_I01-03-04-05,Branch4,4,2,Location2,1,1,17.8984686134469,17.3187853411725,1.35887089802624,-0.8125,0.573879342719356,-0.1025,-0.81,0.580947501931112,-0.08
109,B4_K04_I01-03-04-05,Branch4,4,3,Location3,1,1,8.27053568153326,8.67892896291791,0.454229156590436,-0.1025,0.993928443098395,0.0399999999999999,-0.105,0.993337178404191,0.0474999999999999
109,B4_K04_I01-03-04-05,Branch4,4,4,Location4,1,1,4.8876061952048,5.49720433075537,0.646615018756246,0.355,0.934461743465189,0.0274999999999999,0.35,0.935998798076151,0.0374999999999999
110,B4_K04_I01-03-04-06,Branch4,4,1,Location1,1,1,11.9239842376393,10.9162793085651,1.89064416146229,-0.5325,0.83068495833258,-0.1625,-0.5325,0.836387320563864,-0.13
110,B4_K04_I01-03-04-06,Branch4,4,2,Location2,1,1,16.5916732698491,16.4398013363427,0.865861903292138,-0.8025,0.591264534705067,-0.08,-0.8025,0.59310096105132,-0.0649999999999999
110,B4_K04_I01-03-04-06,Branch4,4,3,Location3,1,1,8.37227853953572,8.57595304950169,0.203684170294959,-0.1025,0.993824682728297,0.0424999999999999,-0.105,0.993453572141144,0.0449999999999999
110,B4_K04_I01-03-04-06,Branch4,4,4,Location4,1,1,5.14658169849668,5.47473766066972,0.538706779795394,0.36,0.932386052019227,0.0324999999999999,0.3525,0.93506015849249,0.0374999999999999
111,B4_K04_I01-03-04-07,Branch4,4,1,Location1,1,1,12.0707025089191,11.2092054617996,1.60069768071354,-0.535,0.82907704708308,-0.1625,-0.535,0.83399640286994,-0.135
111,B4_K04_I01-03-04-07,Branch4,4,2,Location2,1,1,16.6901805169901,16.3521859430315,0.519554897985861,-0.8025,0.590201236867562,-0.0875,-0.8,0.59464274989274,-0.08
111,B4_K04_I01-03-04-07,Branch4,4,3,Location3,1,1,8.27053568153326,8.47525337559886,0.286741030339623,-0.1025,0.993928443098395,0.0399999999999999,-0.1025,0.993714622011773,0.0449999999999999
111,B4_K04_I01-03-04-07,Branch4,4,4,Location4,1,1,5.44241601050701,5.6165691875335,0.336428478866669,0.3575,0.933159954134338,0.0374999999999999,0.3525,0.934956549792556,0.0399999999999999
112,B4_K04_I01-03-04-08,Branch4,4,1,Location1,1,1,11.2893023749291,11.0538294724398,1.04285402017167,-0.5275,0.835755646107162,-0.1525,-0.5325,0.835594847997521,-0.135
112,B4_K04_I01-03-04-08,Branch4,4,2,Location2,1,1,16.3225615992363,16.3521859430315,0.144489426755483,-0.8,0.594973738916265,-0.0775,-0.8,0.59464274989274,-0.08
112,B4_K04_I01-03-04-08,Branch4,4,3,Location3,1,1,8.16867893876482,8.47525337559886,0.321416234833608,-0.1,0.994183081730925,0.0399999999999999,-0.1025,0.993714622011773,0.0449999999999999
112,B4_K04_I01-03-04-08,Branch4,4,4,Location4,1,1,4.72912490366468,5.49720433075537,0.84666411037753,0.3575,0.933578464833032,0.0249999999999999,0.35,0.935998798076151,0.0374999999999999
113,B4_K04_I01-03-04-09,Branch4,4,1,Location1,1,1,11.6687104629037,10.9842034657581,1.30819032706141,-0.5325,0.83211702902897,-0.155,-0.5325,0.835994916252485,-0.1325
113,B4_K04_I01-03-04-09,Branch4,4,2,Location2,1,1,37.0761903434265,36.9737333485929,0.452995941601032,-0.0025,0.999968749511704,0.0075,-0.005,0.999874992186523,0.0149999999999999
113,B4_K04_I01-03-04-09,Branch4,4,3,Location3,1,1,7.86346138546979,8.17006937695647,0.322096651521303,-0.0975,0.994619902274231,0.0349999999999999,-0.1025,0.994025905095033,0.0374999999999999
113,B4_K04_I01-03-04-09,Branch4,4,4,Location4,1,1,4.48433137556481,4.9334752412003,0.454986446244038,0.3525,0.935598070754745,0.0199999999999999,0.35,0.93634595636442,0.0274999999999999
114,B4_K04_I01-03-05-06,Branch4,4,1,Location1,1,1,11.6687104629037,10.9842034657581,1.30819032706141,-0.5325,0.83211702902897,-0.155,-0.5325,0.835994916252485,-0.1325
114,B4_K04_I01-03-05-06,Branch4,4,2,Location2,1,1,16.3834900282326,16.2946229961618,0.433469333393234,-0.8,0.594301060069726,-0.0825,-0.8,0.595294044989533,-0.075
114,B4_K04_I01-03-05-06,Branch4,4,3,Location3,1,1,8.37227853953572,8.67892896291791,0.321509195763922,-0.1025,0.993824682728297,0.0424999999999999,-0.105,0.993337178404191,0.0474999999999999
114,B4_K04_I01-03-05-06,Branch4,4,4,Location4,1,1,5.01433039477221,5.35609750914218,0.538549587785804,0.3575,0.933431170467325,0.0299999999999999,0.35,0.936095614774474,0.0349999999999999
115,B4_K04_I01-03-05-07,Branch4,4,1,Location1,1,1,12.0707025089191,11.1251288876582,1.48153642359229,-0.535,0.82907704708308,-0.1625,-0.5325,0.835187104785509,-0.1375
115,B4_K04_I01-03-05-07,Branch4,4,2,Location2,1,1,16.6228504728193,16.3521859430315,0.294124901779112,-0.8025,0.590920891490561,-0.0825,-0.8,0.59464274989274,-0.08
115,B4_K04_I01-03-05-07,Branch4,4,3,Location3,1,1,8.37227853953572,8.47525337559886,0.143378227897481,-0.1025,0.993824682728297,0.0424999999999999,-0.1025,0.993714622011773,0.0449999999999999
115,B4_K04_I01-03-05-07,Branch4,4,4,Location4,1,1,4.86058692263444,5.35609750914218,0.744504897034751,0.36,0.932546915709875,0.0274999999999999,0.35,0.936095614774474,0.0349999999999999
116,B4_K04_I01-03-05-08,Branch4,4,1,Location1,1,1,11.8178365547027,11.1251288876582,1.04769362699632,-0.535,0.830511890342336,-0.155,-0.5325,0.835187104785509,-0.1375
116,B4_K04_I01-03-05-08,Branch4,4,2,Location2,1,1,17.4572876298657,16.9666819329403,0.935862722114966,-0.8075,0.58044702600668,-0.105,-0.805,0.586408560646926,-0.09
116,B4_K04_I01-03-05-08,Branch4,4,3,Location3,1,1,8.27053568153326,8.47525337559886,0.286741030339623,-0.1025,0.993928443098395,0.0399999999999999,-0.1025,0.993714622011773,0.0449999999999999
116,B4_K04_I01-03-05-08,Branch4,4,4,Location4,1,1,4.72912490366468,5.38343557468632,0.834028613693244,0.3575,0.933578464833032,0.0249999999999999,0.3475,0.937026547115929,0.0349999999999999
117,B4_K04_I01-03-05-09,Branch4,4,1,Location1,1,1,11.736409343889,10.8992081884476,1.10181305013357,-0.535,0.830974578431856,-0.1525,-0.53,0.83718277574255,-0.135
117,B4_K04_I01-03-05-09,Branch4,4,2,Location2,1,1,17.0843810761806,16.749356783422,1.44737152262575,-0.805,0.585208296250147,-0.0975,-0.805,0.588828285665694,-0.0725
117,B4_K04_I01-03-05-09,Branch4,4,3,Location3,1,1,8.16867893876482,8.47525337559886,0.321416234833608,-0.1,0.994183081730925,0.0399999999999999,-0.1025,0.993714622011773,0.0449999999999999
117,B4_K04_I01-03-05-09,Branch4,4,4,Location4,1,1,4.76681732944342,5.38343557468632,0.646706453540096,0.3525,0.935477819084985,0.0249999999999999,0.3475,0.937026547115929,0.0349999999999999
118,B4_K04_I01-03-06-07,Branch4,4,1,Location1,1,1,11.9239842376393,11.0538294724398,1.60060225450571,-0.5325,0.83068495833258,-0.1625,-0.5325,0.835594847997521,-0.135
118,B4_K04_I01-03-06-07,Branch4,4,2,Location2,1,1,16.2946229961618,16.0299623147197,0.291274985702104,-0.8,0.595294044989533,-0.075,-0.7975,0.598946992646261,-0.0725
118,B4_K04_I01-03-06-07,Branch4,4,3,Location3,1,1,8.37227853953572,8.57941727273049,0.286772789147334,-0.1025,0.993824682728297,0.0424999999999999,-0.1025,0.993598258855157,0.0474999999999999
118,B4_K04_I01-03-06-07,Branch4,4,4,Location4,1,1,5.14658169849668,5.49720433075537,0.673203520217203,0.36,0.932386052019227,0.0324999999999999,0.35,0.935998798076151,0.0374999999999999
119,B4_K04_I01-03-06-08,Branch4,4,1,Location1,1,1,11.6687104629037,10.9842034657581,1.30819032706141,-0.5325,0.83211702902897,-0.155,-0.5325,0.835994916252485,-0.1325
119,B4_K04_I01-03-06-08,Branch4,4,2,Location2,1,1,16.8636420220125,16.2946229961618,0.682356646819712,-0.805,0.587510638201556,-0.0825,-0.8,0.595294044989533,-0.075
119,B4_K04_I01-03-06-08,Branch4,4,3,Location3,1,1,8.37227853953572,8.47525337559886,0.143378227897481,-0.1025,0.993824682728297,0.0424999999999999,-0.1025,0.993714622011773,0.0449999999999999
119,B4_K04_I01-03-06-08,Branch4,4,4,Location4,1,1,5.01433039477221,5.49720433075537,0.625269693620439,0.3575,0.933431170467325,0.0299999999999999,0.35,0.935998798076151,0.0374999999999999
120,B4_K04_I01-03-06-09,Branch4,4,1,Location1,1,1,11.6687104629037,10.9842034657581,1.30819032706141,-0.5325,0.83211702902897,-0.155,-0.5325,0.835994916252485,-0.1325
120,B4_K04_I01-03-06-09,Branch4,4,2,Location2,1,1,16.5916732698491,16.2209760781084,0.783032955474108,-0.8025,0.591264534705067,-0.08,-0.8,0.596191034820216,-0.0674999999999999
120,B4_K04_I01-03-06-09,Branch4,4,3,Location3,1,1,8.37227853953572,8.47525337559886,0.143378227897481,-0.1025,0.993824682728297,0.0424999999999999,-0.1025,0.993714622011773,0.0449999999999999
120,B4_K04_I01-03-06-09,Branch4,4,4,Location4,1,1,5.01433039477221,5.49720433075537,0.625269693620439,0.3575,0.933431170467325,0.0299999999999999,0.35,0.935998798076151,0.0374999999999999
121,B4_K04_I01-03-07-08,Branch4,4,1,Location1,1,1,12.1577667257075,11.3519243350815,1.45636058375765,-0.535,0.82858312799622,-0.165,-0.535,0.833171650981957,-0.14
121,B4_K04_I01-03-07-08,Branch4,4,2,Location2,1,1,17.0456405468795,16.5621628506824,0.485595524472195,-0.8075,0.584754221874456,-0.0775,-0.8025,0.591597413787451,-0.0775
121,B4_K04_I01-03-07-08,Branch4,4,3,Location3,1,1,8.27053568153326,8.47525337559886,0.286741030339623,-0.1025,0.993928443098395,0.0399999999999999,-0.1025,0.993714622011773,0.0449999999999999
121,B4_K04_I01-03-07-08,Branch4,4,4,Location4,1,1,5.3141587849017,5.49720433075537,0.33627638975214,0.355,0.934210896960638,0.0349999999999999,0.35,0.935998798076151,0.0374999999999999
122,B4_K04_I01-03-07-09,Branch4,4,1,Location1,1,1,12.2183531178971,11.2797465158819,1.4817989808822,-0.5375,0.827458458171768,-0.1625,-0.535,0.833587877790938,-0.1375
122,B4_K04_I01-03-07-09,Branch4,4,2,Location2,1,1,16.5916732698491,16.1140955535098,0.480231361867513,-0.8025,0.591264534705067,-0.08,-0.7975,0.597991429704473,-0.08
122,B4_K04_I01-03-07-09,Branch4,4,3,Location3,1,1,8.27053568153326,8.47525337559886,0.286741030339623,-0.1025,0.993928443098395,0.0399999999999999,-0.1025,0.993714622011773,0.0449999999999999
122,B4_K04_I01-03-07-09,Branch4,4,4,Location4,1,1,5.15698973655785,5.49720433075537,0.538337037625561,0.3575,0.933347470131033,0.0324999999999999,0.35,0.935998798076151,0.0374999999999999
123,B4_K04_I01-03-08-09,Branch4,4,1,Location1,1,1,11.633414849412,11.0538294724398,1.60456810254991,-0.5275,0.833868994506931,-0.1625,-0.5325,0.835594847997521,-0.135
123,B4_K04_I01-03-08-09,Branch4,4,2,Location2,1,1,15.3493864924928,15.5571604849367,0.264008500287811,-0.79,0.608502259650693,-0.075,-0.7925,0.605547273133981,-0.0725
123,B4_K04_I01-03-08-09,Branch4,4,3,Location3,1,1,8.47525337559886,8.68472893398375,0.286806374217181,-0.1025,0.993714622011773,0.0449999999999999,-0.1025,0.993475591043887,0.0499999999999999
123,B4_K04_I01-03-08-09,Branch4,4,4,Location4,1,1,5.00357370735474,5.6165691875335,0.730236746508071,0.36,0.932469838654313,0.0299999999999999,0.3525,0.934956549792556,0.0399999999999999
124,B4_K04_I01-04-05-06,Branch4,4,1,Location1,1,1,12.3046281920336,10.9162793085651,2.09655304038788,-0.5375,0.826963572353704,-0.165,-0.5325,0.836387320563864,-0.13
124,B4_K04_I01-04-05-06,Branch4,4,2,Location2,1,1,17.0179834126298,16.4608987278122,0.680790544874427,-0.8075,0.585080122718248,-0.075,-0.8025,0.592821642654854,-0.0674999999999999
124,B4_K04_I01-04-05-06,Branch4,4,3,Location3,1,1,8.47525337559886,8.67892896291791,0.203722369323826,-0.1025,0.993714622011773,0.0449999999999999,-0.105,0.993337178404191,0.0474999999999999
124,B4_K04_I01-04-05-06,Branch4,4,4,Location4,1,1,5.15698973655785,5.6165691875335,0.524623269996732,0.3575,0.933347470131033,0.0324999999999999,0.3525,0.934956549792556,0.0399999999999999
125,B4_K04_I01-04-05-07,Branch4,4,1,Location1,1,1,12.481190090667,11.0538294724398,2.099848789349,-0.5375,0.825950210363797,-0.17,-0.5325,0.835594847997521,-0.135
125,B4_K04_I01-04-05-07,Branch4,4,2,Location2,1,1,16.5916732698491,16.0843497819963,0.515783367974968,-0.8025,0.591264534705067,-0.08,-0.7975,0.598320566251905,-0.0775
125,B4_K04_I01-04-05-07,Branch4,4,3,Location3,1,1,8.37227853953572,8.67892896291791,0.321509195763922,-0.1025,0.993824682728297,0.0424999999999999,-0.105,0.993337178404191,0.0474999999999999
125,B4_K04_I01-04-05-07,Branch4,4,4,Location4,1,1,5.29968523915861,5.49720433075537,0.479430825499548,0.3575,0.933257065336234,0.0349999999999999,0.35,0.935998798076151,0.0374999999999999
126,B4_K04_I01-04-05-08,Branch4,4,1,Location1,1,1,11.8178365547027,11.0538294724398,1.19101101900154,-0.535,0.830511890342336,-0.155,-0.5325,0.835594847997521,-0.135
126,B4_K04_I01-04-05-08,Branch4,4,2,Location2,1,1,17.5528776169362,17.1268381378503,0.663202935232226,-0.8075,0.579520275745379,-0.11,-0.805,0.584786285748905,-0.1
126,B4_K04_I01-04-05-08,Branch4,4,3,Location3,1,1,8.37227853953572,8.67892896291791,0.321509195763922,-0.1025,0.993824682728297,0.0424999999999999,-0.105,0.993337178404191,0.0474999999999999
126,B4_K04_I01-04-05-08,Branch4,4,4,Location4,1,1,4.87170832758958,5.63841616718822,0.846354540339582,0.3575,0.933508168148517,0.0274999999999999,0.35,0.935895293288731,0.0399999999999999
127,B4_K04_I01-04-05-09,Branch4,4,1,Location1,1,1,11.6687104629037,10.8288137870786,1.33437842968518,-0.5325,0.83211702902897,-0.155,-0.53,0.837582085529532,-0.1325
127,B4_K04_I01-04-05-09,Branch4,4,2,Location2,1,1,17.5528776169362,17.7947745090209,0.246412677370001,-0.8075,0.579520275745379,-0.11,-0.81,0.576020832956587,-0.11
127,B4_K04_I01-04-05-09,Branch4,4,3,Location3,1,1,8.37227853953572,8.78306864267381,0.454311379128549,-0.1025,0.993824682728297,0.0424999999999999,-0.105,0.993214478347955,0.0499999999999999
127,B4_K04_I01-04-05-09,Branch4,4,4,Location4,1,1,5.88365929324616,5.92113282294958,0.306173343974109,0.355,0.93378262995196,0.0449999999999999,0.35,0.935668210425042,0.0449999999999999
128,B4_K04_I01-04-06-07,Branch4,4,1,Location1,1,1,12.3046281920336,10.9842034657581,1.95388510174732,-0.5375,0.826963572353704,-0.165,-0.5325,0.835994916252485,-0.1325
128,B4_K04_I01-04-06-07,Branch4,4,2,Location2,1,1,16.6556883643547,16.3225615992363,0.518596819614635,-0.8025,0.590566465353393,-0.085,-0.8,0.594973738916265,-0.0775
128,B4_K04_I01-04-06-07,Branch4,4,3,Location3,1,1,8.37227853953572,8.67892896291791,0.321509195763922,-0.1025,0.993824682728297,0.0424999999999999,-0.105,0.993337178404191,0.0474999999999999
128,B4_K04_I01-04-06-07,Branch4,4,4,Location4,1,1,5.43266212399906,5.6165691875335,0.479740940038692,0.36,0.932198342628864,0.0374999999999999,0.3525,0.934956549792556,0.0399999999999999
129,B4_K04_I01-04-06-08,Branch4,4,1,Location1,1,1,12.1334478650566,10.9842034657581,1.66661079352138,-0.5375,0.827945499414062,-0.16,-0.5325,0.835994916252485,-0.1325
129,B4_K04_I01-04-06-08,Branch4,4,2,Location2,1,1,17.2850512570873,16.5621628506824,1.17448243209371,-0.8075,0.582167286954532,-0.095,-0.8025,0.591597413787451,-0.0775
129,B4_K04_I01-04-06-08,Branch4,4,3,Location3,1,1,8.37227853953572,8.67892896291791,0.321509195763922,-0.1025,0.993824682728297,0.0424999999999999,-0.105,0.993337178404191,0.0474999999999999
129,B4_K04_I01-04-06-08,Branch4,4,4,Location4,1,1,5.00357370735474,5.6165691875335,0.730236746508071,0.36,0.932469838654313,0.0299999999999999,0.3525,0.934956549792556,0.0399999999999999
130,B4_K04_I01-04-06-09,Branch4,4,1,Location1,1,1,12.3922485773178,10.9162793085651,2.24112228603214,-0.5375,0.826460827867843,-0.1675,-0.5325,0.836387320563864,-0.13
130,B4_K04_I01-04-06-09,Branch4,4,2,Location2,1,1,17.3496282848731,17.2117675054175,0.722334715312135,-0.81,0.58059775232083,-0.0825,-0.81,0.582237065120385,-0.07
130,B4_K04_I01-04-06-09,Branch4,4,3,Location3,1,1,8.47525337559886,8.67892896291791,0.203722369323826,-0.1025,0.993714622011773,0.0449999999999999,-0.105,0.993337178404191,0.0474999999999999
130,B4_K04_I01-04-06-09,Branch4,4,4,Location4,1,1,5.28961108043064,5.6165691875335,0.538493611309501,0.36,0.93229555399562,0.0349999999999999,0.3525,0.934956549792556,0.0399999999999999
131,B4_K04_I01-04-07-08,Branch4,4,1,Location1,1,1,12.5192343637893,11.2797465158819,2.18645985319917,-0.535,0.826528886367561,-0.175,-0.535,0.833587877790938,-0.1375
131,B4_K04_I01-04-07-08,Branch4,4,2,Location2,1,1,16.4874154723043,16.1786599018825,0.396854317178696,-0.8,0.593211597998556,-0.09,-0.7975,0.597301222165165,-0.085
131,B4_K04_I01-04-07-08,Branch4,4,3,Location3,1,1,8.27053568153326,8.47525337559886,0.286741030339623,-0.1025,0.993928443098395,0.0399999999999999,-0.1025,0.993714622011773,0.0449999999999999
131,B4_K04_I01-04-07-08,Branch4,4,4,Location4,1,1,5.45645652402962,5.6165691875335,0.208245517758855,0.355,0.934113884919821,0.0374999999999999,0.3525,0.934956549792556,0.0399999999999999
132,B4_K04_I01-04-07-09,Branch4,4,1,Location1,1,1,12.3922485773178,11.2092054617996,1.91696069916655,-0.5375,0.826460827867843,-0.1675,-0.535,0.83399640286994,-0.135
132,B4_K04_I01-04-07-09,Branch4,4,2,Location2,1,1,17.2459838141404,16.6556883643547,0.690406773641654,-0.8075,0.58256973831465,-0.0925,-0.8025,0.590566465353393,-0.085
132,B4_K04_I01-04-07-09,Branch4,4,3,Location3,1,1,8.37227853953572,8.47525337559886,0.143378227897481,-0.1025,0.993824682728297,0.0424999999999999,-0.1025,0.993714622011773,0.0449999999999999
132,B4_K04_I01-04-07-09,Branch4,4,4,Location4,1,1,5.44241601050701,5.6165691875335,0.336428478866669,0.3575,0.933159954134338,0.0374999999999999,0.3525,0.934956549792556,0.0399999999999999
133,B4_K04_I01-04-08-09,Branch4,4,1,Location1,1,1,12.1916022852097,11.1403286567395,2.17412035998888,-0.5325,0.829182579411797,-0.17,-0.535,0.834397237531381,-0.1325
133,B4_K04_I01-04-08-09,Branch4,4,2,Location2,1,1,16.3169689673149,16.551421662614,0.239207946520906,-0.795,0.5970081657733,-0.1075,-0.7975,0.593664467523533,-0.1075
133,B4_K04_I01-04-08-09,Branch4,4,3,Location3,1,1,8.47525337559886,8.57941727273049,0.143394563631841,-0.1025,0.993714622011773,0.0449999999999999,-0.1025,0.993598258855157,0.0474999999999999
133,B4_K04_I01-04-08-09,Branch4,4,4,Location4,1,1,5.01433039477221,5.7584735057034,0.775623258062173,0.3575,0.933431170467325,0.0299999999999999,0.3525,0.934846244042302,0.0424999999999999
134,B4_K04_I01-05-06-07,Branch4,4,1,Location1,1,1,12.6629414924487,11.0538294724398,2.38966583780924,-0.5375,0.824905297594821,-0.175,-0.5325,0.835594847997521,-0.135
134,B4_K04_I01-05-06-07,Branch4,4,2,Location2,1,1,15.9240137824801,15.686670945111,0.237517591851008,-0.7975,0.600328035327353,-0.0599999999999999,-0.795,0.603634823382482,-0.0599999999999999
134,B4_K04_I01-05-06-07,Branch4,4,3,Location3,1,1,8.47525337559886,8.57941727273049,0.143394563631841,-0.1025,0.993714622011773,0.0449999999999999,-0.1025,0.993598258855157,0.0474999999999999
134,B4_K04_I01-05-06-07,Branch4,4,4,Location4,1,1,5.01433039477221,5.35609750914218,0.538549587785804,0.3575,0.933431170467325,0.0299999999999999,0.35,0.936095614774474,0.0349999999999999
135,B4_K04_I01-05-06-08,Branch4,4,1,Location1,1,1,11.9850090552187,11.0538294724398,1.48048200195783,-0.535,0.829563138043151,-0.16,-0.5325,0.835594847997521,-0.135
135,B4_K04_I01-05-06-08,Branch4,4,2,Location2,1,1,16.3834900282326,16.0299623147197,0.647812473708117,-0.8,0.594301060069726,-0.0825,-0.7975,0.598946992646261,-0.0725
135,B4_K04_I01-05-06-08,Branch4,4,3,Location3,1,1,8.47525337559886,8.57941727273049,0.143394563631841,-0.1025,0.993714622011773,0.0449999999999999,-0.1025,0.993598258855157,0.0474999999999999
135,B4_K04_I01-05-06-08,Branch4,4,4,Location4,1,1,5.02973085550508,5.35609750914218,0.416832357236786,0.355,0.934384824363067,0.0299999999999999,0.35,0.936095614774474,0.0349999999999999
136,B4_K04_I01-05-06-09,Branch4,4,1,Location1,1,1,12.2827869729163,11.1403286567395,1.66709832352092,-0.54,0.826317130404544,-0.16,-0.535,0.834397237531381,-0.1325
136,B4_K04_I01-05-06-09,Branch4,4,2,Location2,1,1,16.2134648706187,16.2134648706187,0,-0.7975,0.596940114249327,-0.0875,-0.7975,0.596940114249327,-0.0875
136,B4_K04_I01-05-06-09,Branch4,4,3,Location3,1,1,8.48121196197503,8.57941727273049,0.143981081935332,-0.1,0.993852982085379,0.0474999999999999,-0.1025,0.993598258855157,0.0474999999999999
136,B4_K04_I01-05-06-09,Branch4,4,4,Location4,1,1,5.01433039477221,5.07422529180985,0.459456106821719,0.3575,0.933431170467325,0.0299999999999999,0.35,0.936269192059634,0.0299999999999999
137,B4_K04_I01-05-07-08,Branch4,4,1,Location1,1,1,12.481190090667,11.2797465158819,1.91828688645081,-0.5375,0.825950210363797,-0.17,-0.535,0.833587877790938,-0.1375
137,B4_K04_I01-05-07-08,Branch4,4,2,Location2,1,1,16.5621628506824,16.0053319811977,0.677270861505323,-0.8025,0.591597413787451,-0.0775,-0.7975,0.599244315784472,-0.07
137,B4_K04_I01-05-07-08,Branch4,4,3,Location3,1,1,8.37227853953572,8.57941727273049,0.286772789147334,-0.1025,0.993824682728297,0.0424999999999999,-0.1025,0.993598258855157,0.0474999999999999
137,B4_K04_I01-05-07-08,Branch4,4,4,Location4,1,1,4.8876061952048,5.35609750914218,0.524874756964325,0.355,0.934461743465189,0.0274999999999999,0.35,0.936095614774474,0.0349999999999999
138,B4_K04_I01-05-07-09,Branch4,4,1,Location1,1,1,12.5714288909792,11.2092054617996,2.2087044137386,-0.5375,0.825431705230663,-0.1725,-0.535,0.83399640286994,-0.135
138,B4_K04_I01-05-07-09,Branch4,4,2,Location2,1,1,16.9239235534271,16.2209760781084,0.726603493455696,-0.8075,0.586275319282673,-0.0649999999999999,-0.8,0.596191034820216,-0.0674999999999999
138,B4_K04_I01-05-07-09,Branch4,4,3,Location3,1,1,8.47525337559886,8.57941727273049,0.143394563631841,-0.1025,0.993714622011773,0.0449999999999999,-0.1025,0.993598258855157,0.0474999999999999
138,B4_K04_I01-05-07-09,Branch4,4,4,Location4,1,1,4.87170832758958,5.35609750914218,0.625537845248521,0.3575,0.933508168148517,0.0274999999999999,0.35,0.936095614774474,0.0349999999999999
139,B4_K04_I01-05-08-09,Branch4,4,1,Location1,1,1,12.0707025089191,11.2797465158819,1.45556350661097,-0.535,0.82907704708308,-0.1625,-0.535,0.833587877790938,-0.1375
139,B4_K04_I01-05-08-09,Branch4,4,2,Location2,1,1,16.887208347339,16.8963485690724,0.873406921278959,-0.8025,0.588212334110736,-0.1,-0.805,0.587154153523587,-0.085
139,B4_K04_I01-05-08-09,Branch4,4,3,Location3,1,1,8.47525337559886,8.78306864267381,0.321572920446816,-0.1025,0.993714622011773,0.0449999999999999,-0.105,0.993214478347955,0.0499999999999999
139,B4_K04_I01-05-08-09,Branch4,4,4,Location4,1,1,4.60355278519852,5.6642885045171,1.09835916002916,0.355,0.934595500738154,0.0224999999999999,0.3475,0.936826424691362,0.0399999999999999
140,B4_K04_I01-06-07-08,Branch4,4,1,Location1,1,1,12.1577667257075,11.2092054617996,1.74669970557245,-0.535,0.82858312799622,-0.165,-0.535,0.83399640286994,-0.135
140,B4_K04_I01-06-07-08,Branch4,4,2,Location2,1,1,15.4879780082232,15.8937316264567,0.71623415809389,-0.7925,0.606398177767711,-0.0649999999999999,-0.7975,0.600806749296311,-0.0549999999999999
140,B4_K04_I01-06-07-08,Branch4,4,3,Location3,1,1,8.27053568153326,8.67892896291791,0.454229156590436,-0.1025,0.993928443098395,0.0399999999999999,-0.105,0.993337178404191,0.0474999999999999
140,B4_K04_I01-06-07-08,Branch4,4,4,Location4,1,1,5.6165691875335,5.92113282294958,0.322878595199064,0.3525,0.934956549792556,0.0399999999999999,0.35,0.935668210425042,0.0449999999999999
141,B4_K04_I01-06-07-09,Branch4,4,1,Location1,1,1,12.5392666515639,10.9162793085651,2.28917606567821,-0.54,0.824829527841966,-0.1675,-0.5325,0.836387320563864,-0.13
141,B4_K04_I01-06-07-09,Branch4,4,2,Location2,1,1,36.4273659761083,36.0525036288317,0.835240788967731,-0.0124999999999999,0.99987186679094,-0.01,-0.0199999999999999,0.999796854365926,0.0025
141,B4_K04_I01-06-07-09,Branch4,4,3,Location3,1,1,8.37227853953572,8.77970511627137,0.407445746240739,-0.1025,0.993824682728297,0.0424999999999999,-0.1075,0.993069735718494,0.0474999999999999
141,B4_K04_I01-06-07-09,Branch4,4,4,Location4,1,1,5.33298253465879,5.47473766066972,0.143347073584433,0.3525,0.935157072368059,0.0349999999999999,0.3525,0.93506015849249,0.0374999999999999
142,B4_K04_I01-06-08-09,Branch4,4,1,Location1,1,1,11.6687104629037,11.3653229662401,1.18130524013855,-0.5325,0.83211702902897,-0.155,-0.5375,0.83238737976978,-0.135
142,B4_K04_I01-06-08-09,Branch4,4,2,Location2,1,1,37.7232452298982,37.7543591871369,0.42972237536199,0.01,0.999921871948004,-0.0075,0.01,0.999949998749938,0
142,B4_K04_I01-06-08-09,Branch4,4,3,Location3,1,1,8.27165546653221,8.67892896291791,0.407368675266019,-0.1,0.99407934793959,0.0424999999999999,-0.105,0.993337178404191,0.0474999999999999
142,B4_K04_I01-06-08-09,Branch4,4,4,Location4,1,1,4.8876061952048,5.77972734472995,0.909102854060713,0.355,0.934461743465189,0.0274999999999999,0.35,0.935785098192956,0.0424999999999999
143,B4_K04_I01-07-08-09,Branch4,4,1,Location1,1,1,10.9689295931527,11.3653229662401,0.774198880314684,-0.5275,0.837518656508618,-0.1425,-0.5375,0.83238737976978,-0.135
143,B4_K04_I01-07-08-09,Branch4,4,2,Location2,1,1,36.8561698502662,36.8561698502662,0,-0.005,0.999937498046753,-0.01,-0.005,0.999937498046753,-0.01
143,B4_K04_I01-07-08-09,Branch4,4,3,Location3,1,1,7.76985744236544,8.48670775577982,0.720131125263941,-0.1,0.994535067255047,0.0299999999999999,-0.11,0.993223917351974,0.0374999999999999
143,B4_K04_I01-07-08-09,Branch4,4,4,Location4,1,1,5.63841616718822,5.8668305177446,0.477931109121221,0.35,0.935895293288731,0.0399999999999999,0.3425,0.938556071846536,0.0424999999999999
144,B4_K04_I02-03-04-05,Branch4,4,1,Location1,1,1,11.3558831209777,10.8992081884476,0.871843888871074,-0.53,0.834625664594613,-0.15,-0.53,0.83718277574255,-0.135
144,B4_K04_I02-03-04-05,Branch4,4,2,Location2,1,1,17.4572876298657,17.2459838141404,0.726455493394991,-0.8075,0.58044702600668,-0.105,-0.8075,0.58256973831465,-0.0925
144,B4_K04_I02-03-04-05,Branch4,4,3,Location3,1,1,8.37227853953572,8.88833269791191,0.592110748475824,-0.1025,0.993824682728297,0.0424999999999999,-0.105,0.993085469634915,0.0524999999999999
144,B4_K04_I02-03-04-05,Branch4,4,4,Location4,1,1,5.45645652402962,5.6165691875335,0.208245517758855,0.355,0.934113884919821,0.0374999999999999,0.3525,0.934956549792556,0.0399999999999999
145,B4_K04_I02-03-04-06,Branch4,4,1,Location1,1,1,12.1334478650566,11.0538294724398,1.52513828416861,-0.5375,0.827945499414062,-0.16,-0.5325,0.835594847997521,-0.135
145,B4_K04_I02-03-04-06,Branch4,4,2,Location2,1,1,16.9239235534271,16.6440917460793,0.392438274133338,-0.8075,0.586275319282673,-0.0649999999999999,-0.805,0.59023300483792,-0.0599999999999999
145,B4_K04_I02-03-04-06,Branch4,4,3,Location3,1,1,8.47525337559886,8.67892896291791,0.203722369323826,-0.1025,0.993714622011773,0.0449999999999999,-0.105,0.993337178404191,0.0474999999999999
145,B4_K04_I02-03-04-06,Branch4,4,4,Location4,1,1,5.00357370735474,5.45645652402962,0.524979049466548,0.36,0.932469838654313,0.0299999999999999,0.355,0.934113884919821,0.0374999999999999
146,B4_K04_I02-03-04-07,Branch4,4,1,Location1,1,1,12.3922485773178,11.2797465158819,1.77258102260258,-0.5375,0.826460827867843,-0.1675,-0.535,0.833587877790938,-0.1375
146,B4_K04_I02-03-04-07,Branch4,4,2,Location2,1,1,16.5343249680969,16.7249474249939,0.357939108161515,-0.8025,0.591919546898056,-0.075,-0.805,0.589130715546219,-0.07
146,B4_K04_I02-03-04-07,Branch4,4,3,Location3,1,1,8.37227853953572,8.57595304950169,0.203684170294959,-0.1025,0.993824682728297,0.0424999999999999,-0.105,0.993453572141144,0.0449999999999999
146,B4_K04_I02-03-04-07,Branch4,4,4,Location4,1,1,5.14658169849668,5.45645652402962,0.417063061243808,0.36,0.932386052019227,0.0324999999999999,0.355,0.934113884919821,0.0374999999999999
147,B4_K04_I02-03-04-08,Branch4,4,1,Location1,1,1,11.9850090552187,11.2092054617996,1.4547808797825,-0.535,0.829563138043151,-0.16,-0.535,0.83399640286994,-0.135
147,B4_K04_I02-03-04-08,Branch4,4,2,Location2,1,1,17.2459838141404,17.3820963354136,0.472271413047943,-0.8075,0.58256973831465,-0.0925,-0.81,0.580237020535574,-0.085
147,B4_K04_I02-03-04-08,Branch4,4,3,Location3,1,1,8.37227853953572,8.57732218792998,0.288074510957992,-0.1025,0.993824682728297,0.0424999999999999,-0.1075,0.993296280069547,0.0424999999999999
147,B4_K04_I02-03-04-08,Branch4,4,4,Location4,1,1,5.01433039477221,5.47473766066972,0.524824926306093,0.3575,0.933431170467325,0.0299999999999999,0.3525,0.93506015849249,0.0374999999999999
148,B4_K04_I02-03-04-09,Branch4,4,1,Location1,1,1,12.1334478650566,11.4257114975873,1.04957770499655,-0.5375,0.827945499414062,-0.16,-0.535,0.832747710894482,-0.1425
148,B4_K04_I02-03-04-09,Branch4,4,2,Location2,1,1,16.5621628506824,17.4573866123367,1.02731848199451,-0.8025,0.591597413787451,-0.0775,-0.8125,0.5787432505006,-0.07
148,B4_K04_I02-03-04-09,Branch4,4,3,Location3,1,1,7.96655478515079,8.27442465649887,0.322174515695525,-0.1,0.994371660899485,0.0349999999999999,-0.105,0.99376493699466,0.0374999999999999
148,B4_K04_I02-03-04-09,Branch4,4,4,Location4,1,1,4.79286114478638,4.9334752412003,0.143295759221252,0.35,0.936416040016402,0.0249999999999999,0.35,0.93634595636442,0.0274999999999999
149,B4_K04_I02-03-05-06,Branch4,4,1,Location1,1,1,11.6541918220719,11.0538294724398,0.699206933671564,-0.5375,0.830703767898039,-0.145,-0.5325,0.835594847997521,-0.135
149,B4_K04_I02-03-05-06,Branch4,4,2,Location2,1,1,15.4079563263687,15.8193405261495,0.528018245885147,-0.79,0.607865116617165,-0.08,-0.795,0.6019551478308,-0.075
149,B4_K04_I02-03-05-06,Branch4,4,3,Location3,1,1,8.47525337559886,8.78306864267381,0.321572920446816,-0.1025,0.993714622011773,0.0449999999999999,-0.105,0.993214478347955,0.0499999999999999
149,B4_K04_I02-03-05-06,Branch4,4,4,Location4,1,1,4.71762125934191,5.19130792057805,0.626120282567368,0.36,0.932617284849471,0.0249999999999999,0.3525,0.935247293500495,0.0324999999999999
150,B4_K04_I02-03-05-07,Branch4,4,1,Location1,1,1,12.2461765930869,11.1251288876582,1.77230007504055,-0.535,0.828081366775029,-0.1675,-0.5325,0.835187104785509,-0.1375
150,B4_K04_I02-03-05-07,Branch4,4,2,Location2,1,1,16.6901805169901,16.3521859430315,0.519554897985861,-0.8025,0.590201236867562,-0.0875,-0.8,0.59464274989274,-0.08
150,B4_K04_I02-03-05-07,Branch4,4,3,Location3,1,1,8.47525337559886,8.67892896291791,0.203722369323826,-0.1025,0.993714622011773,0.0449999999999999,-0.105,0.993337178404191,0.0474999999999999
150,B4_K04_I02-03-05-07,Branch4,4,4,Location4,1,1,4.58658178583189,5.19130792057805,0.647158618044424,0.3575,0.933642062034482,0.0224999999999999,0.3525,0.935247293500495,0.0324999999999999
151,B4_K04_I02-03-05-08,Branch4,4,1,Location1,1,1,11.9678463979394,11.0538294724398,1.24199962344582,-0.5375,0.828896103260234,-0.155,-0.5325,0.835594847997521,-0.135
151,B4_K04_I02-03-05-08,Branch4,4,2,Location2,1,1,17.170894312726,16.7641002986764,0.658549752941659,-0.805,0.58435327499724,-0.1025,-0.8025,0.589438291935636,-0.0925
151,B4_K04_I02-03-05-08,Branch4,4,3,Location3,1,1,8.37227853953572,8.57595304950169,0.203684170294959,-0.1025,0.993824682728297,0.0424999999999999,-0.105,0.993453572141144,0.0449999999999999
151,B4_K04_I02-03-05-08,Branch4,4,4,Location4,1,1,4.72912490366468,5.38343557468632,0.834028613693244,0.3575,0.933578464833032,0.0249999999999999,0.3475,0.937026547115929,0.0349999999999999
152,B4_K04_I02-03-05-09,Branch4,4,1,Location1,1,1,11.8872006812737,11.1251288876582,0.965506905034954,-0.5375,0.829359692775095,-0.1525,-0.5325,0.835187104785509,-0.1375
152,B4_K04_I02-03-05-09,Branch4,4,2,Location2,1,1,17.0435309927201,17.2117675054175,1.47360042143505,-0.805,0.585619330282053,-0.095,-0.81,0.582237065120385,-0.07
152,B4_K04_I02-03-05-09,Branch4,4,3,Location3,1,1,8.27053568153326,8.47525337559886,0.286741030339623,-0.1025,0.993928443098395,0.0399999999999999,-0.1025,0.993714622011773,0.0449999999999999
152,B4_K04_I02-03-05-09,Branch4,4,4,Location4,1,1,4.74554550752062,5.38343557468632,0.730324834938188,0.355,0.934531968420557,0.0249999999999999,0.3475,0.937026547115929,0.0349999999999999
153,B4_K04_I02-03-06-07,Branch4,4,1,Location1,1,1,11.5864848977824,10.9162793085651,1.30752086946491,-0.5325,0.83257882509706,-0.1525,-0.5325,0.836387320563864,-0.13
153,B4_K04_I02-03-06-07,Branch4,4,2,Location2,1,1,14.9395316562929,15.274670411421,0.911877311161634,-0.7875,0.614074506880069,-0.0524999999999999,-0.79,0.609379807673343,-0.0674999999999999
153,B4_K04_I02-03-06-07,Branch4,4,3,Location3,1,1,8.57595304950169,8.67892896291791,0.143394645105818,-0.105,0.993453572141144,0.0449999999999999,-0.105,0.993337178404191,0.0474999999999999
153,B4_K04_I02-03-06-07,Branch4,4,4,Location4,1,1,4.86058692263444,5.45645652402962,0.646850690653011,0.36,0.932546915709875,0.0274999999999999,0.355,0.934113884919821,0.0374999999999999
154,B4_K04_I02-03-06-08,Branch4,4,1,Location1,1,1,11.6687104629037,10.9842034657581,1.30819032706141,-0.5325,0.83211702902897,-0.155,-0.5325,0.835994916252485,-0.1325
154,B4_K04_I02-03-06-08,Branch4,4,2,Location2,1,1,16.1786599018825,16.1455344685618,0.144639857700894,-0.7975,0.597301222165165,-0.085,-0.7975,0.597651654394096,-0.0825
154,B4_K04_I02-03-06-08,Branch4,4,3,Location3,1,1,8.37227853953572,8.57595304950169,0.203684170294959,-0.1025,0.993824682728297,0.0424999999999999,-0.105,0.993453572141144,0.0449999999999999
154,B4_K04_I02-03-06-08,Branch4,4,4,Location4,1,1,4.86058692263444,5.63841616718822,0.937040188992648,0.36,0.932546915709875,0.0274999999999999,0.35,0.935895293288731,0.0399999999999999
155,B4_K04_I02-03-06-09,Branch4,4,1,Location1,1,1,11.8178365547027,11.0538294724398,1.19101101900154,-0.535,0.830511890342336,-0.155,-0.5325,0.835594847997521,-0.135
155,B4_K04_I02-03-06-09,Branch4,4,2,Location2,1,1,16.8963485690724,16.483688053051,0.924174089946845,-0.805,0.587154153523587,-0.085,-0.8025,0.592531644724567,-0.07
155,B4_K04_I02-03-06-09,Branch4,4,3,Location3,1,1,8.37227853953572,8.47525337559886,0.143378227897481,-0.1025,0.993824682728297,0.0424999999999999,-0.1025,0.993714622011773,0.0449999999999999
155,B4_K04_I02-03-06-09,Branch4,4,4,Location4,1,1,5.01433039477221,5.49720433075537,0.625269693620439,0.3575,0.933431170467325,0.0299999999999999,0.35,0.935998798076151,0.0374999999999999
156,B4_K04_I02-03-07-08,Branch4,4,1,Location1,1,1,12.1334478650566,11.2797465158819,1.33679922414836,-0.5375,0.827945499414062,-0.16,-0.535,0.833587877790938,-0.1375
156,B4_K04_I02-03-07-08,Branch4,4,2,Location2,1,1,16.2499420461766,16.3278820484403,0.289906886941896,-0.7975,0.596568311260328,-0.09,-0.7975,0.595792539396055,-0.095
156,B4_K04_I02-03-07-08,Branch4,4,3,Location3,1,1,8.27053568153326,8.57595304950169,0.32144711891694,-0.1025,0.993928443098395,0.0399999999999999,-0.105,0.993453572141144,0.0449999999999999
156,B4_K04_I02-03-07-08,Branch4,4,4,Location4,1,1,5.44241601050701,5.6165691875335,0.336428478866669,0.3575,0.933159954134338,0.0374999999999999,0.3525,0.934956549792556,0.0399999999999999
157,B4_K04_I02-03-07-09,Branch4,4,1,Location1,1,1,12.3046281920336,11.3519243350815,1.48287369397316,-0.5375,0.826963572353704,-0.165,-0.535,0.833171650981957,-0.14
157,B4_K04_I02-03-07-09,Branch4,4,2,Location2,1,1,15.3493864924928,15.6420048206936,0.390541660388715,-0.79,0.608502259650693,-0.075,-0.7925,0.604602141908214,-0.08
157,B4_K04_I02-03-07-09,Branch4,4,3,Location3,1,1,8.37227853953572,8.47525337559886,0.143378227897481,-0.1025,0.993824682728297,0.0424999999999999,-0.1025,0.993714622011773,0.0449999999999999
157,B4_K04_I02-03-07-09,Branch4,4,4,Location4,1,1,5.3141587849017,5.6165691875335,0.323130328860418,0.355,0.934210896960638,0.0349999999999999,0.3525,0.934956549792556,0.0399999999999999
158,B4_K04_I02-03-08-09,Branch4,4,1,Location1,1,1,12.0707025089191,11.3519243350815,1.31035657956581,-0.535,0.82907704708308,-0.1625,-0.535,0.833171650981957,-0.14
158,B4_K04_I02-03-08-09,Branch4,4,2,Location2,1,1,14.9395316562929,14.8092047735218,0.876938963045325,-0.7875,0.614074506880069,-0.0524999999999999,-0.785,0.61580739683768,-0.0674999999999999
158,B4_K04_I02-03-08-09,Branch4,4,3,Location3,1,1,8.57941727273049,8.67892896291791,0.144018459037785,-0.1025,0.993598258855157,0.0474999999999999,-0.105,0.993337178404191,0.0474999999999999
158,B4_K04_I02-03-08-09,Branch4,4,4,Location4,1,1,5.28961108043064,5.74120851959384,0.524574206698589,0.36,0.93229555399562,0.0349999999999999,0.355,0.933899753720923,0.0424999999999999
159,B4_K04_I02-04-05-06,Branch4,4,1,Location1,1,1,12.1334478650566,11.0538294724398,1.52513828416861,-0.5375,0.827945499414062,-0.16,-0.5325,0.835594847997521,-0.135
159,B4_K04_I02-04-05-06,Branch4,4,2,Location2,1,1,16.9239235534271,16.6440917460793,0.392438274133338,-0.8075,0.586275319282673,-0.0649999999999999,-0.805,0.59023300483792,-0.0599999999999999
159,B4_K04_I02-04-05-06,Branch4,4,3,Location3,1,1,8.47525337559886,8.67892896291791,0.203722369323826,-0.1025,0.993714622011773,0.0449999999999999,-0.105,0.993337178404191,0.0474999999999999
159,B4_K04_I02-04-05-06,Branch4,4,4,Location4,1,1,5.15698973655785,5.45645652402962,0.323289759657903,0.3575,0.933347470131033,0.0324999999999999,0.355,0.934113884919821,0.0374999999999999
160,B4_K04_I02-04-05-07,Branch4,4,1,Location1,1,1,12.2183531178971,11.1251288876582,1.52645028085708,-0.5375,0.827458458171768,-0.1625,-0.5325,0.835187104785509,-0.1375
160,B4_K04_I02-04-05-07,Branch4,4,2,Location2,1,1,16.8325838898585,16.5343249680969,0.395964698712442,-0.805,0.587856274951625,-0.08,-0.8025,0.591919546898056,-0.075
160,B4_K04_I02-04-05-07,Branch4,4,3,Location3,1,1,8.47525337559886,8.57595304950169,0.144018277058768,-0.1025,0.993714622011773,0.0449999999999999,-0.105,0.993453572141144,0.0449999999999999
160,B4_K04_I02-04-05-07,Branch4,4,4,Location4,1,1,5.14658169849668,5.47473766066972,0.538706779795394,0.36,0.932386052019227,0.0324999999999999,0.3525,0.93506015849249,0.0374999999999999
161,B4_K04_I02-04-05-08,Branch4,4,1,Location1,1,1,11.9850090552187,11.0538294724398,1.48048200195783,-0.535,0.829563138043151,-0.16,-0.5325,0.835594847997521,-0.135
161,B4_K04_I02-04-05-08,Branch4,4,2,Location2,1,1,17.654363989048,17.4891929624876,0.581047941688805,-0.81,0.577402589187129,-0.1025,-0.81,0.5790887237721,-0.0925
161,B4_K04_I02-04-05-08,Branch4,4,3,Location3,1,1,8.37227853953572,8.57595304950169,0.203684170294959,-0.1025,0.993824682728297,0.0424999999999999,-0.105,0.993453572141144,0.0449999999999999
161,B4_K04_I02-04-05-08,Branch4,4,4,Location4,1,1,4.87170832758958,5.63841616718822,0.846354540339582,0.3575,0.933508168148517,0.0274999999999999,0.35,0.935895293288731,0.0399999999999999
162,B4_K04_I02-04-05-09,Branch4,4,1,Location1,1,1,11.736409343889,10.8992081884476,1.10181305013357,-0.535,0.830974578431856,-0.1525,-0.53,0.83718277574255,-0.135
162,B4_K04_I02-04-05-09,Branch4,4,2,Location2,1,1,17.7339517751164,17.6610029499035,1.58223562338779,-0.8125,0.57557579865731,-0.0925,-0.815,0.575803786024371,-0.0649999999999999
162,B4_K04_I02-04-05-09,Branch4,4,3,Location3,1,1,8.37227853953572,8.57595304950169,0.203684170294959,-0.1025,0.993824682728297,0.0424999999999999,-0.105,0.993453572141144,0.0449999999999999
162,B4_K04_I02-04-05-09,Branch4,4,4,Location4,1,1,5.19130792057805,5.63841616718822,0.454483159787147,0.3525,0.935247293500495,0.0324999999999999,0.35,0.935895293288731,0.0399999999999999
163,B4_K04_I02-04-06-07,Branch4,4,1,Location1,1,1,12.0499372541413,10.9842034657581,1.5238412472704,-0.5375,0.828424709916357,-0.1575,-0.5325,0.835994916252485,-0.1325
163,B4_K04_I02-04-06-07,Branch4,4,2,Location2,1,1,16.6617809351726,16.4608987278122,0.359468590743038,-0.805,0.58997351635476,-0.0624999999999999,-0.8025,0.592821642654854,-0.0674999999999999
163,B4_K04_I02-04-06-07,Branch4,4,3,Location3,1,1,8.47525337559886,8.67790409912469,0.288074863571174,-0.1025,0.993714622011773,0.0449999999999999,-0.1075,0.993186160797662,0.0449999999999999
163,B4_K04_I02-04-06-07,Branch4,4,4,Location4,1,1,5.28397515678961,5.59880706251419,0.5388655322616,0.3625,0.931326339152931,0.0349999999999999,0.355,0.934010171250827,0.0399999999999999
164,B4_K04_I02-04-06-08,Branch4,4,1,Location1,1,1,11.8178365547027,10.9842034657581,1.33462042558672,-0.535,0.830511890342336,-0.155,-0.5325,0.835994916252485,-0.1325
164,B4_K04_I02-04-06-08,Branch4,4,2,Location2,1,1,16.6490755972377,16.6901805169901,0.734819603003928,-0.8,0.591607978309961,-0.1,-0.8025,0.590201236867562,-0.0875
164,B4_K04_I02-04-06-08,Branch4,4,3,Location3,1,1,8.37227853953572,8.57595304950169,0.203684170294959,-0.1025,0.993824682728297,0.0424999999999999,-0.105,0.993453572141144,0.0449999999999999
164,B4_K04_I02-04-06-08,Branch4,4,4,Location4,1,1,5.00357370735474,5.6165691875335,0.730236746508071,0.36,0.932469838654313,0.0299999999999999,0.3525,0.934956549792556,0.0399999999999999
165,B4_K04_I02-04-06-09,Branch4,4,1,Location1,1,1,11.9850090552187,10.9842034657581,1.62453655606511,-0.535,0.829563138043151,-0.16,-0.5325,0.835994916252485,-0.1325
165,B4_K04_I02-04-06-09,Branch4,4,2,Location2,1,1,17.3187853411725,16.9676310112027,0.650330108502582,-0.81,0.580947501931112,-0.08,-0.8075,0.585699368276934,-0.07
165,B4_K04_I02-04-06-09,Branch4,4,3,Location3,1,1,8.37227853953572,8.57595304950169,0.203684170294959,-0.1025,0.993824682728297,0.0424999999999999,-0.105,0.993453572141144,0.0449999999999999
165,B4_K04_I02-04-06-09,Branch4,4,4,Location4,1,1,5.29968523915861,5.6165691875335,0.416680500721845,0.3575,0.933257065336234,0.0349999999999999,0.3525,0.934956549792556,0.0399999999999999
166,B4_K04_I02-04-07-08,Branch4,4,1,Location1,1,1,12.2183531178971,11.2092054617996,1.62592739328637,-0.5375,0.827458458171768,-0.1625,-0.535,0.83399640286994,-0.135
166,B4_K04_I02-04-07-08,Branch4,4,2,Location2,1,1,17.2850512570873,17.1726891370545,0.434955521630772,-0.8075,0.582167286954532,-0.095,-0.8075,0.583341666607144,-0.0875
166,B4_K04_I02-04-07-08,Branch4,4,3,Location3,1,1,8.37227853953572,8.4741818022773,0.144018104997293,-0.1025,0.993824682728297,0.0424999999999999,-0.105,0.993563661775128,0.0424999999999999
166,B4_K04_I02-04-07-08,Branch4,4,4,Location4,1,1,5.29968523915861,5.6165691875335,0.416680500721845,0.3575,0.933257065336234,0.0349999999999999,0.3525,0.934956549792556,0.0399999999999999
167,B4_K04_I02-04-07-09,Branch4,4,1,Location1,1,1,12.1334478650566,11.2092054617996,1.48073912313898,-0.5375,0.827945499414062,-0.16,-0.535,0.83399640286994,-0.135
167,B4_K04_I02-04-07-09,Branch4,4,2,Location2,1,1,17.1058918822708,16.8325838898585,0.296821200876483,-0.8075,0.584069773229192,-0.0825,-0.805,0.587856274951625,-0.08
167,B4_K04_I02-04-07-09,Branch4,4,3,Location3,1,1,8.37227853953572,8.57595304950169,0.203684170294959,-0.1025,0.993824682728297,0.0424999999999999,-0.105,0.993453572141144,0.0449999999999999
167,B4_K04_I02-04-07-09,Branch4,4,4,Location4,1,1,5.29968523915861,5.6165691875335,0.416680500721845,0.3575,0.933257065336234,0.0349999999999999,0.3525,0.934956549792556,0.0399999999999999
168,B4_K04_I02-04-08-09,Branch4,4,1,Location1,1,1,12.1577667257075,11.2797465158819,1.60156656791032,-0.535,0.82858312799622,-0.165,-0.535,0.833587877790938,-0.1375
168,B4_K04_I02-04-08-09,Branch4,4,2,Location2,1,1,16.7641002986764,16.8963485690724,0.47149124963111,-0.8025,0.589438291935636,-0.0925,-0.805,0.587154153523587,-0.085
168,B4_K04_I02-04-08-09,Branch4,4,3,Location3,1,1,8.47525337559886,8.4741818022773,0.202755848565159,-0.1025,0.993714622011773,0.0449999999999999,-0.105,0.993563661775128,0.0424999999999999
168,B4_K04_I02-04-08-09,Branch4,4,4,Location4,1,1,5.15698973655785,5.6165691875335,0.524623269996732,0.3575,0.933347470131033,0.0324999999999999,0.3525,0.934956549792556,0.0399999999999999
169,B4_K04_I02-05-06-07,Branch4,4,1,Location1,1,1,12.481190090667,11.0538294724398,2.099848789349,-0.5375,0.825950210363797,-0.17,-0.5325,0.835594847997521,-0.135
169,B4_K04_I02-05-06-07,Branch4,4,2,Location2,1,1,16.7022123210132,16.1998329691703,0.515350417494207,-0.805,0.589422386748247,-0.0674999999999999,-0.8,0.596468775377219,-0.0649999999999999
169,B4_K04_I02-05-06-07,Branch4,4,3,Location3,1,1,8.47525337559886,8.67892896291791,0.203722369323826,-0.1025,0.993714622011773,0.0449999999999999,-0.105,0.993337178404191,0.0474999999999999
169,B4_K04_I02-05-06-07,Branch4,4,4,Location4,1,1,4.72912490366468,5.35609750914218,0.730579036650703,0.3575,0.933578464833032,0.0249999999999999,0.35,0.936095614774474,0.0349999999999999
170,B4_K04_I02-05-06-08,Branch4,4,1,Location1,1,1,11.736409343889,10.9842034657581,1.19013872119171,-0.535,0.830974578431856,-0.1525,-0.5325,0.835994916252485,-0.1325
170,B4_K04_I02-05-06-08,Branch4,4,2,Location2,1,1,16.3521859430315,16.5343249680969,0.356276376129972,-0.8,0.59464274989274,-0.08,-0.8025,0.591919546898056,-0.075
170,B4_K04_I02-05-06-08,Branch4,4,3,Location3,1,1,8.37227853953572,8.57595304950169,0.203684170294959,-0.1025,0.993824682728297,0.0424999999999999,-0.105,0.993453572141144,0.0449999999999999
170,B4_K04_I02-05-06-08,Branch4,4,4,Location4,1,1,4.72912490366468,5.35609750914218,0.730579036650703,0.3575,0.933578464833032,0.0249999999999999,0.35,0.936095614774474,0.0349999999999999
171,B4_K04_I02-05-06-09,Branch4,4,1,Location1,1,1,11.9678463979394,11.0538294724398,1.24199962344582,-0.5375,0.828896103260234,-0.155,-0.5325,0.835594847997521,-0.135
171,B4_K04_I02-05-06-09,Branch4,4,2,Location2,1,1,16.8963485690724,17.0179834126298,0.60243078473128,-0.805,0.587154153523587,-0.085,-0.8075,0.585080122718248,-0.075
171,B4_K04_I02-05-06-09,Branch4,4,3,Location3,1,1,8.47525337559886,8.57595304950169,0.144018277058768,-0.1025,0.993714622011773,0.0449999999999999,-0.105,0.993453572141144,0.0449999999999999
171,B4_K04_I02-05-06-09,Branch4,4,4,Location4,1,1,4.58658178583189,5.24322543222102,0.834388820518647,0.3575,0.933642062034482,0.0224999999999999,0.3475,0.937116588264235,0.0324999999999999
172,B4_K04_I02-05-07-08,Branch4,4,1,Location1,1,1,12.3669196298846,11.2797465158819,1.52695157387518,-0.54,0.825829128815398,-0.1625,-0.535,0.833587877790938,-0.1375
172,B4_K04_I02-05-07-08,Branch4,4,2,Location2,1,1,17.4161838195214,16.8636420220125,0.596680980114222,-0.81,0.579865286079448,-0.0875,-0.805,0.587510638201556,-0.0825
172,B4_K04_I02-05-07-08,Branch4,4,3,Location3,1,1,8.37227853953572,8.57595304950169,0.203684170294959,-0.1025,0.993824682728297,0.0424999999999999,-0.105,0.993453572141144,0.0449999999999999
172,B4_K04_I02-05-07-08,Branch4,4,4,Location4,1,1,4.87170832758958,5.35609750914218,0.625537845248521,0.3575,0.933508168148517,0.0274999999999999,0.35,0.936095614774474,0.0349999999999999
173,B4_K04_I02-05-07-09,Branch4,4,1,Location1,1,1,12.452420828803,11.2797465158819,1.66990291063715,-0.54,0.82533326602046,-0.165,-0.535,0.833587877790938,-0.1375
173,B4_K04_I02-05-07-09,Branch4,4,2,Location2,1,1,16.3521859430315,16.2946229961618,0.288899383503887,-0.8,0.59464274989274,-0.08,-0.8,0.595294044989533,-0.075
173,B4_K04_I02-05-07-09,Branch4,4,3,Location3,1,1,8.47525337559886,8.57595304950169,0.144018277058768,-0.1025,0.993714622011773,0.0449999999999999,-0.105,0.993453572141144,0.0449999999999999
173,B4_K04_I02-05-07-09,Branch4,4,4,Location4,1,1,4.72912490366468,5.21510209373707,0.625808147422467,0.3575,0.933578464833032,0.0249999999999999,0.35,0.936185745458667,0.0324999999999999
174,B4_K04_I02-05-08-09,Branch4,4,1,Location1,1,1,12.0499372541413,11.2797465158819,1.19214319462925,-0.5375,0.828424709916357,-0.1575,-0.535,0.833587877790938,-0.1375
174,B4_K04_I02-05-08-09,Branch4,4,2,Location2,1,1,16.9666819329403,17.1384751886569,0.355630742559758,-0.805,0.586408560646926,-0.09,-0.8075,0.58371118714652,-0.085
174,B4_K04_I02-05-08-09,Branch4,4,3,Location3,1,1,8.47525337559886,8.57595304950169,0.144018277058768,-0.1025,0.993714622011773,0.0449999999999999,-0.105,0.993453572141144,0.0449999999999999
174,B4_K04_I02-05-08-09,Branch4,4,4,Location4,1,1,4.58658178583189,5.52379292677837,1.04996574627897,0.3575,0.933642062034482,0.0224999999999999,0.3475,0.936929826614566,0.0374999999999999
175,B4_K04_I02-06-07-08,Branch4,4,1,Location1,1,1,12.0499372541413,11.1403286567395,1.47969404455983,-0.5375,0.828424709916357,-0.1575,-0.535,0.834397237531381,-0.1325
175,B4_K04_I02-06-07-08,Branch4,4,2,Location2,1,1,15.9422404607864,16.3521859430315,0.530671638699314,-0.795,0.60062467481781,-0.085,-0.8,0.59464274989274,-0.08
175,B4_K04_I02-06-07-08,Branch4,4,3,Location3,1,1,8.37227853953572,8.4741818022773,0.144018104997293,-0.1025,0.993824682728297,0.0424999999999999,-0.105,0.993563661775128,0.0424999999999999
175,B4_K04_I02-06-07-08,Branch4,4,4,Location4,1,1,5.17191604257268,5.6642885045171,0.6247024018813,0.355,0.934301209460846,0.0324999999999999,0.3475,0.936826424691362,0.0399999999999999
176,B4_K04_I02-06-07-09,Branch4,4,1,Location1,1,1,12.1577667257075,11.0538294724398,1.77107018723549,-0.535,0.82858312799622,-0.165,-0.5325,0.835594847997521,-0.135
176,B4_K04_I02-06-07-09,Branch4,4,2,Location2,1,1,16.1455344685618,16.3225615992363,0.355147667804498,-0.7975,0.597651654394096,-0.0825,-0.8,0.594973738916265,-0.0775
176,B4_K04_I02-06-07-09,Branch4,4,3,Location3,1,1,8.37227853953572,8.4741818022773,0.144018104997293,-0.1025,0.993824682728297,0.0424999999999999,-0.105,0.993563661775128,0.0424999999999999
176,B4_K04_I02-06-07-09,Branch4,4,4,Location4,1,1,5.33298253465879,5.49720433075537,0.20823304857053,0.3525,0.935157072368059,0.0349999999999999,0.35,0.935998798076151,0.0374999999999999
177,B4_K04_I02-06-08-09,Branch4,4,1,Location1,1,1,11.8178365547027,11.2092054617996,1.16319743789408,-0.535,0.830511890342336,-0.155,-0.535,0.83399640286994,-0.135
177,B4_K04_I02-06-08-09,Branch4,4,2,Location2,1,1,17.0042954972734,16.8325838898585,0.723893555168028,-0.805,0.58601941094131,-0.0925,-0.805,0.587856274951625,-0.08
177,B4_K04_I02-06-08-09,Branch4,4,3,Location3,1,1,8.27165546653221,8.4741818022773,0.287998849595521,-0.1,0.99407934793959,0.0424999999999999,-0.105,0.993563661775128,0.0424999999999999
177,B4_K04_I02-06-08-09,Branch4,4,4,Location4,1,1,5.17191604257268,5.6642885045171,0.6247024018813,0.355,0.934301209460846,0.0324999999999999,0.3475,0.936826424691362,0.0399999999999999
178,B4_K04_I02-07-08-09,Branch4,4,1,Location1,1,1,11.9007118142778,11.579585142381,0.8735553105201,-0.535,0.830041414629415,-0.1575,-0.5375,0.831136270415388,-0.1425
178,B4_K04_I02-07-08-09,Branch4,4,2,Location2,1,1,16.6935613466929,17.170894312726,0.484832376449363,-0.8,0.591179964139516,-0.1025,-0.805,0.58435327499724,-0.1025
178,B4_K04_I02-07-08-09,Branch4,4,3,Location3,1,1,8.06696308877139,8.37365766485795,0.322213947731693,-0.1,0.994280518767214,0.0374999999999999,-0.105,0.993667449401458,0.0399999999999999
178,B4_K04_I02-07-08-09,Branch4,4,4,Location4,1,1,5.19130792057805,5.41492017158648,0.47870082019077,0.3525,0.935247293500495,0.0324999999999999,0.345,0.937949892051809,0.0349999999999999
179,B4_K04_I03-04-05-06,Branch4,4,1,Location1,1,1,12.0499372541413,10.9162793085651,1.66524111768052,-0.5375,0.828424709916357,-0.1575,-0.5325,0.836387320563864,-0.13
179,B4_K04_I03-04-05-06,Branch4,4,2,Location2,1,1,16.9045712843612,38.7582926764837,55.6507713975604,-0.8075,0.586547099558083,-0.0624999999999999,0.0249999999999999,0.999309136353711,0.0274999999999999
179,B4_K04_I03-04-05-06,Branch4,4,3,Location3,1,1,8.47525337559886,8.77970511627137,0.322417773672416,-0.1025,0.993714622011773,0.0449999999999999,-0.1075,0.993069735718494,0.0474999999999999
179,B4_K04_I03-04-05-06,Branch4,4,4,Location4,1,1,4.58658178583189,5.21510209373707,0.730880674953025,0.3575,0.933642062034482,0.0224999999999999,0.35,0.936185745458667,0.0324999999999999
180,B4_K04_I03-04-05-07,Branch4,4,1,Location1,1,1,11.9678463979394,10.9842034657581,1.38185179022636,-0.5375,0.828896103260234,-0.155,-0.5325,0.835994916252485,-0.1325
180,B4_K04_I03-04-05-07,Branch4,4,2,Location2,1,1,16.8636420220125,16.803180018571,0.289119857194186,-0.805,0.587510638201556,-0.0825,-0.805,0.588191082897386,-0.0775
180,B4_K04_I03-04-05-07,Branch4,4,3,Location3,1,1,8.37227853953572,8.57595304950169,0.203684170294959,-0.1025,0.993824682728297,0.0424999999999999,-0.105,0.993453572141144,0.0449999999999999
180,B4_K04_I03-04-05-07,Branch4,4,4,Location4,1,1,4.57467674719183,5.35609750914218,0.937825211727724,0.36,0.932680947591404,0.0224999999999999,0.35,0.936095614774474,0.0349999999999999
181,B4_K04_I03-04-05-08,Branch4,4,1,Location1,1,1,11.8080257390159,10.9842034657581,1.10128191402096,-0.5375,0.829815491540138,-0.15,-0.5325,0.835994916252485,-0.1325
181,B4_K04_I03-04-05-08,Branch4,4,2,Location2,1,1,16.7873571953055,16.7641002986764,0.872669472654163,-0.8,0.590291241676513,-0.1075,-0.8025,0.589438291935636,-0.0925
181,B4_K04_I03-04-05-08,Branch4,4,3,Location3,1,1,8.27053568153326,8.57595304950169,0.32144711891694,-0.1025,0.993928443098395,0.0399999999999999,-0.105,0.993453572141144,0.0449999999999999
181,B4_K04_I03-04-05-08,Branch4,4,4,Location4,1,1,4.87170832758958,5.52379292677837,0.833671276193638,0.3575,0.933508168148517,0.0274999999999999,0.3475,0.936929826614566,0.0374999999999999
182,B4_K04_I03-04-05-09,Branch4,4,1,Location1,1,1,11.9007118142778,10.8992081884476,1.38257136934398,-0.535,0.830041414629415,-0.1575,-0.53,0.83718277574255,-0.135
182,B4_K04_I03-04-05-09,Branch4,4,2,Location2,1,1,17.5043000280774,17.3820963354136,1.29719378087722,-0.8075,0.579989224037826,-0.1075,-0.81,0.580237020535574,-0.085
182,B4_K04_I03-04-05-09,Branch4,4,3,Location3,1,1,8.16867893876482,8.47525337559886,0.321416234833608,-0.1,0.994183081730925,0.0399999999999999,-0.1025,0.993714622011773,0.0449999999999999
182,B4_K04_I03-04-05-09,Branch4,4,4,Location4,1,1,5.02973085550508,5.38343557468632,0.538181998234747,0.355,0.934384824363067,0.0299999999999999,0.3475,0.937026547115929,0.0349999999999999
183,B4_K04_I03-04-06-07,Branch4,4,1,Location1,1,1,11.8080257390159,10.8500854435636,1.3794748824945,-0.5375,0.829815491540137,-0.15,-0.5325,0.836772071713678,-0.1275
183,B4_K04_I03-04-06-07,Branch4,4,2,Location2,1,1,17.9435236827404,17.7727115351957,0.581581401726035,-0.8125,0.573427196773924,-0.105,-0.8125,0.575168453585556,-0.095
183,B4_K04_I03-04-06-07,Branch4,4,3,Location3,1,1,8.37227853953572,8.67790409912469,0.322376187750936,-0.1025,0.993824682728297,0.0424999999999999,-0.1075,0.993186160797662,0.0449999999999999
183,B4_K04_I03-04-06-07,Branch4,4,4,Location4,1,1,5.00357370735474,5.6165691875335,0.730236746508071,0.36,0.932469838654313,0.0299999999999999,0.3525,0.934956549792556,0.0399999999999999
184,B4_K04_I03-04-06-08,Branch4,4,1,Location1,1,1,11.2758315164623,10.9162793085651,1.01567278724979,-0.53,0.835071104756954,-0.1475,-0.5325,0.836387320563864,-0.13
184,B4_K04_I03-04-06-08,Branch4,4,2,Location2,1,1,16.9773402860204,16.9306973648369,1.01336560761185,-0.8025,0.587340403854528,-0.105,-0.805,0.58678680114672,-0.0875
184,B4_K04_I03-04-06-08,Branch4,4,3,Location3,1,1,8.27053568153326,8.4741818022773,0.203646632725137,-0.1025,0.993928443098395,0.0399999999999999,-0.105,0.993563661775128,0.0424999999999999
184,B4_K04_I03-04-06-08,Branch4,4,4,Location4,1,1,5.01433039477221,5.49720433075537,0.625269693620439,0.3575,0.933431170467325,0.0299999999999999,0.35,0.935998798076151,0.0374999999999999
185,B4_K04_I03-04-06-09,Branch4,4,1,Location1,1,1,12.0499372541413,10.9842034657581,1.5238412472704,-0.5375,0.828424709916357,-0.1575,-0.5325,0.835994916252485,-0.1325
185,B4_K04_I03-04-06-09,Branch4,4,2,Location2,1,1,17.1726891370545,16.7754359241675,0.788243334944132,-0.8075,0.583341666607144,-0.0875,-0.805,0.588515080520457,-0.075
185,B4_K04_I03-04-06-09,Branch4,4,3,Location3,1,1,8.27165546653221,8.47525337559886,0.203646307007432,-0.1,0.99407934793959,0.0424999999999999,-0.1025,0.993714622011773,0.0449999999999999
185,B4_K04_I03-04-06-09,Branch4,4,4,Location4,1,1,5.01433039477221,5.49720433075537,0.625269693620439,0.3575,0.933431170467325,0.0299999999999999,0.35,0.935998798076151,0.0374999999999999
186,B4_K04_I03-04-07-08,Branch4,4,1,Location1,1,1,11.9850090552187,11.073143607149,1.74483839554785,-0.535,0.829563138043151,-0.16,-0.535,0.8347903928532,-0.13
186,B4_K04_I03-04-07-08,Branch4,4,2,Location2,1,1,17.5281018704375,17.5641339104132,0.87418241509844,-0.81,0.578683851511341,-0.095,-0.8125,0.577445884910439,-0.08
186,B4_K04_I03-04-07-08,Branch4,4,3,Location3,1,1,8.06696308877139,8.4741818022773,0.407219838709996,-0.1,0.994280518767214,0.0374999999999999,-0.105,0.993563661775128,0.0424999999999999
186,B4_K04_I03-04-07-08,Branch4,4,4,Location4,1,1,5.17191604257268,5.35609750914218,0.336390101270925,0.355,0.934301209460846,0.0324999999999999,0.35,0.936095614774474,0.0349999999999999
187,B4_K04_I03-04-07-09,Branch4,4,1,Location1,1,1,12.2183531178971,11.0538294724398,1.66799684881308,-0.5375,0.827458458171768,-0.1625,-0.5325,0.835594847997521,-0.135
187,B4_K04_I03-04-07-09,Branch4,4,2,Location2,1,1,16.8963485690724,16.5621628506824,0.519603939950699,-0.805,0.587154153523587,-0.085,-0.8025,0.591597413787451,-0.0775
187,B4_K04_I03-04-07-09,Branch4,4,3,Location3,1,1,8.27165546653221,8.37227853953572,0.143980745013554,-0.1,0.99407934793959,0.0424999999999999,-0.1025,0.993824682728297,0.0424999999999999
187,B4_K04_I03-04-07-09,Branch4,4,4,Location4,1,1,5.14658169849668,5.49720433075537,0.673203520217203,0.36,0.932386052019227,0.0324999999999999,0.35,0.935998798076151,0.0374999999999999
188,B4_K04_I03-04-08-09,Branch4,4,1,Location1,1,1,11.6049786057078,10.9162793085651,1.59240735280961,-0.53,0.83324291176103,-0.1575,-0.5325,0.836387320563864,-0.13
188,B4_K04_I03-04-08-09,Branch4,4,2,Location2,1,1,17.1268381378503,16.9666819329403,0.580450796412558,-0.805,0.584786285748905,-0.1,-0.805,0.586408560646926,-0.09
188,B4_K04_I03-04-08-09,Branch4,4,3,Location3,1,1,8.27165546653221,8.37227853953572,0.143980745013554,-0.1,0.99407934793959,0.0424999999999999,-0.1025,0.993824682728297,0.0424999999999999
188,B4_K04_I03-04-08-09,Branch4,4,4,Location4,1,1,4.72912490366468,5.35609750914218,0.730579036650703,0.3575,0.933578464833032,0.0249999999999999,0.35,0.936095614774474,0.0349999999999999
189,B4_K04_I03-05-06-07,Branch4,4,1,Location1,1,1,11.8374867342012,10.8288137870786,1.62427953358845,-0.5325,0.831170108942809,-0.16,-0.53,0.837582085529532,-0.1325
189,B4_K04_I03-05-06-07,Branch4,4,2,Location2,1,1,16.0563034102923,15.8475018423652,0.265644131279587,-0.7975,0.598639081584221,-0.075,-0.795,0.601638388070442,-0.0775
189,B4_K04_I03-05-06-07,Branch4,4,3,Location3,1,1,8.47525337559886,8.67892896291791,0.203722369323826,-0.1025,0.993714622011773,0.0449999999999999,-0.105,0.993337178404191,0.0474999999999999
189,B4_K04_I03-05-06-07,Branch4,4,4,Location4,1,1,4.44408097795437,5.21510209373707,0.84729606585683,0.3575,0.933698961121838,0.0199999999999999,0.35,0.936185745458667,0.0324999999999999
190,B4_K04_I03-05-06-08,Branch4,4,1,Location1,1,1,11.5864848977824,10.9842034657581,1.16253094587516,-0.5325,0.83257882509706,-0.1525,-0.5325,0.835994916252485,-0.1325
190,B4_K04_I03-05-06-08,Branch4,4,2,Location2,1,1,15.908958525554,16.2946229961618,0.610417964039173,-0.795,0.600973169118223,-0.0825,-0.8,0.595294044989533,-0.075
190,B4_K04_I03-05-06-08,Branch4,4,3,Location3,1,1,8.27053568153326,8.57595304950169,0.32144711891694,-0.1025,0.993928443098395,0.0399999999999999,-0.105,0.993453572141144,0.0449999999999999
190,B4_K04_I03-05-06-08,Branch4,4,4,Location4,1,1,4.87170832758958,5.38343557468632,0.744032324742021,0.3575,0.933508168148517,0.0274999999999999,0.3475,0.937026547115929,0.0349999999999999
191,B4_K04_I03-05-06-09,Branch4,4,1,Location1,1,1,11.736409343889,11.0538294724398,1.04689311044236,-0.535,0.830974578431856,-0.1525,-0.5325,0.835594847997521,-0.135
191,B4_K04_I03-05-06-09,Branch4,4,2,Location2,1,1,16.5253715850573,16.2683757672907,1.15692694693214,-0.8,0.592826914031406,-0.0925,-0.8,0.5956036853479,-0.0725
191,B4_K04_I03-05-06-09,Branch4,4,3,Location3,1,1,8.27165546653221,8.47525337559886,0.203646307007432,-0.1,0.99407934793959,0.0424999999999999,-0.1025,0.993714622011773,0.0449999999999999
191,B4_K04_I03-05-06-09,Branch4,4,4,Location4,1,1,4.72912490366468,5.35609750914218,0.730579036650703,0.3575,0.933578464833032,0.0249999999999999,0.35,0.936095614774474,0.0349999999999999
192,B4_K04_I03-05-07-08,Branch4,4,1,Location1,1,1,12.0707025089191,11.0538294724398,1.6256618406613,-0.535,0.82907704708308,-0.1625,-0.5325,0.835594847997521,-0.135
192,B4_K04_I03-05-07-08,Branch4,4,2,Location2,1,1,16.2499420461766,16.1455344685618,0.434179187653803,-0.7975,0.596568311260328,-0.09,-0.7975,0.597651654394096,-0.0825
192,B4_K04_I03-05-07-08,Branch4,4,3,Location3,1,1,8.27053568153326,8.57595304950169,0.32144711891694,-0.1025,0.993928443098395,0.0399999999999999,-0.105,0.993453572141144,0.0449999999999999
192,B4_K04_I03-05-07-08,Branch4,4,4,Location4,1,1,5.01433039477221,5.38343557468632,0.672898179602945,0.3575,0.933431170467325,0.0299999999999999,0.3475,0.937026547115929,0.0349999999999999
193,B4_K04_I03-05-07-09,Branch4,4,1,Location1,1,1,12.1334478650566,11.1251288876582,1.38428220882093,-0.5375,0.827945499414062,-0.16,-0.5325,0.835187104785509,-0.1375
193,B4_K04_I03-05-07-09,Branch4,4,2,Location2,1,1,16.6062097525257,16.1786599018825,0.790474568930424,-0.8,0.592025126155976,-0.0975,-0.7975,0.597301222165165,-0.085
193,B4_K04_I03-05-07-09,Branch4,4,3,Location3,1,1,8.37227853953572,8.47525337559886,0.143378227897481,-0.1025,0.993824682728297,0.0424999999999999,-0.1025,0.993714622011773,0.0449999999999999
193,B4_K04_I03-05-07-09,Branch4,4,4,Location4,1,1,4.72912490366468,5.35609750914218,0.730579036650703,0.3575,0.933578464833032,0.0249999999999999,0.35,0.936095614774474,0.0349999999999999
194,B4_K04_I03-05-08-09,Branch4,4,1,Location1,1,1,11.8178365547027,11.0538294724398,1.19101101900154,-0.535,0.830511890342336,-0.155,-0.5325,0.835594847997521,-0.135
194,B4_K04_I03-05-08-09,Branch4,4,2,Location2,1,1,17.2637713364793,16.7641002986764,0.936336191598432,-0.805,0.583454154154377,-0.1075,-0.8025,0.589438291935636,-0.0925
194,B4_K04_I03-05-08-09,Branch4,4,3,Location3,1,1,8.37227853953572,8.47525337559886,0.143378227897481,-0.1025,0.993824682728297,0.0424999999999999,-0.1025,0.993714622011773,0.0449999999999999
194,B4_K04_I03-05-08-09,Branch4,4,4,Location4,1,1,4.72912490366468,5.38343557468632,0.834028613693244,0.3575,0.933578464833032,0.0249999999999999,0.3475,0.937026547115929,0.0349999999999999
195,B4_K04_I03-06-07-08,Branch4,4,1,Location1,1,1,11.5864848977824,10.9162793085651,1.30752086946491,-0.5325,0.83257882509706,-0.1525,-0.5325,0.836387320563864,-0.13
195,B4_K04_I03-06-07-08,Branch4,4,2,Location2,1,1,15.7791909495489,15.908958525554,0.470506942648285,-0.7925,0.603194620334101,-0.09,-0.795,0.600973169118223,-0.0825
195,B4_K04_I03-06-07-08,Branch4,4,3,Location3,1,1,8.27053568153326,8.57595304950169,0.32144711891694,-0.1025,0.993928443098395,0.0399999999999999,-0.105,0.993453572141144,0.0449999999999999
195,B4_K04_I03-06-07-08,Branch4,4,4,Location4,1,1,5.01433039477221,5.49720433075537,0.625269693620439,0.3575,0.933431170467325,0.0299999999999999,0.35,0.935998798076151,0.0374999999999999
196,B4_K04_I03-06-07-09,Branch4,4,1,Location1,1,1,11.9007118142778,11.0538294724398,1.33557583565521,-0.535,0.830041414629415,-0.1575,-0.5325,0.835594847997521,-0.135
196,B4_K04_I03-06-07-09,Branch4,4,2,Location2,1,1,16.3225615992363,16.0299623147197,0.392954362610487,-0.8,0.594973738916265,-0.0775,-0.7975,0.598946992646261,-0.0725
196,B4_K04_I03-06-07-09,Branch4,4,3,Location3,1,1,8.37227853953572,8.47525337559886,0.143378227897481,-0.1025,0.993824682728297,0.0424999999999999,-0.1025,0.993714622011773,0.0449999999999999
196,B4_K04_I03-06-07-09,Branch4,4,4,Location4,1,1,5.01433039477221,5.49720433075537,0.625269693620439,0.3575,0.933431170467325,0.0299999999999999,0.35,0.935998798076151,0.0374999999999999
197,B4_K04_I03-06-08-09,Branch4,4,1,Location1,1,1,11.5864848977824,10.9842034657581,1.16253094587516,-0.5325,0.83257882509706,-0.1525,-0.5325,0.835994916252485,-0.1325
197,B4_K04_I03-06-08-09,Branch4,4,2,Location2,1,1,16.5253715850573,16.3834900282326,0.579152293320996,-0.8,0.592826914031406,-0.0925,-0.8,0.594301060069726,-0.0825
197,B4_K04_I03-06-08-09,Branch4,4,3,Location3,1,1,8.27165546653221,8.47525337559886,0.203646307007432,-0.1,0.99407934793959,0.0424999999999999,-0.1025,0.993714622011773,0.0449999999999999
197,B4_K04_I03-06-08-09,Branch4,4,4,Location4,1,1,4.86058692263444,5.49720433075537,0.83408021684274,0.36,0.932546915709875,0.0274999999999999,0.35,0.935998798076151,0.0374999999999999
198,B4_K04_I03-07-08-09,Branch4,4,1,Location1,1,1,12.0707025089191,11.2797465158819,1.45556350661097,-0.535,0.82907704708308,-0.1625,-0.535,0.833587877790938,-0.1375
198,B4_K04_I03-07-08-09,Branch4,4,2,Location2,1,1,16.4874154723043,16.4164675000547,0.289575054619629,-0.8,0.593211597998556,-0.09,-0.8,0.59394865097919,-0.085
198,B4_K04_I03-07-08-09,Branch4,4,3,Location3,1,1,8.16867893876482,8.47525337559886,0.321416234833608,-0.1,0.994183081730925,0.0399999999999999,-0.1025,0.993714622011773,0.0449999999999999
198,B4_K04_I03-07-08-09,Branch4,4,4,Location4,1,1,5.15698973655785,5.63841616718822,0.625003685057808,0.3575,0.933347470131033,0.0324999999999999,0.35,0.935895293288731,0.0399999999999999
199,B4_K04_I04-05-06-07,Branch4,4,1,Location1,1,1,12.6011288158325,11.0538294724398,1.93604038782571,-0.5425,0.823692145161042,-0.165,-0.5325,0.835594847997521,-0.135
199,B4_K04_I04-05-06-07,Branch4,4,2,Location2,1,1,16.9676310112027,17.4816284552373,0.525174420544143,-0.8075,0.585699368276934,-0.07,-0.8125,0.578435389650391,-0.0725
199,B4_K04_I04-05-06-07,Branch4,4,3,Location3,1,1,8.98680407390903,9.09202538431583,0.143449279549695,-0.1075,0.992817959144575,0.0524999999999999,-0.1075,0.992682602849471,0.0549999999999999
199,B4_K04_I04-05-06-07,Branch4,4,4,Location4,1,1,4.85428968866833,5.7584735057034,1.04976603534341,0.3625,0.931577962384255,0.0274999999999999,0.3525,0.934846244042302,0.0424999999999999
200,B4_K04_I04-05-06-08,Branch4,4,1,Location1,1,1,11.6564565259031,10.9162793085651,1.18927812320964,-0.535,0.831429491899343,-0.15,-0.5325,0.836387320563864,-0.13
200,B4_K04_I04-05-06-08,Branch4,4,2,Location2,1,1,16.3521859430315,16.3521859430315,0,-0.8,0.59464274989274,-0.08,-0.8,0.59464274989274,-0.08
200,B4_K04_I04-05-06-08,Branch4,4,3,Location3,1,1,8.37227853953572,8.67892896291791,0.321509195763922,-0.1025,0.993824682728297,0.0424999999999999,-0.105,0.993337178404191,0.0474999999999999
200,B4_K04_I04-05-06-08,Branch4,4,4,Location4,1,1,5.28397515678961,5.63841616718822,0.814585497456161,0.3625,0.931326339152931,0.0349999999999999,0.35,0.935895293288731,0.0399999999999999
201,B4_K04_I04-05-06-09,Branch4,4,1,Location1,1,1,12.452420828803,10.9842034657581,2.0064128726434,-0.54,0.82533326602046,-0.165,-0.5325,0.835994916252485,-0.1325
201,B4_K04_I04-05-06-09,Branch4,4,2,Location2,1,1,17.2117675054175,16.9045712843612,0.515906879881807,-0.81,0.582237065120385,-0.07,-0.8075,0.586547099558083,-0.0624999999999999
201,B4_K04_I04-05-06-09,Branch4,4,3,Location3,1,1,8.47525337559886,8.57941727273049,0.143394563631841,-0.1025,0.993714622011773,0.0449999999999999,-0.1025,0.993598258855157,0.0474999999999999
201,B4_K04_I04-05-06-09,Branch4,4,4,Location4,1,1,5.28961108043064,5.6165691875335,0.538493611309501,0.36,0.93229555399562,0.0349999999999999,0.3525,0.934956549792556,0.0399999999999999
202,B4_K04_I04-05-07-08,Branch4,4,1,Location1,1,1,12.452420828803,11.2797465158819,1.66990291063715,-0.54,0.82533326602046,-0.165,-0.535,0.833587877790938,-0.1375
202,B4_K04_I04-05-07-08,Branch4,4,2,Location2,1,1,16.7396582213533,16.4571318936637,0.297684399052887,-0.8,0.590741060025456,-0.105,-0.7975,0.594548147755924,-0.1025
202,B4_K04_I04-05-07-08,Branch4,4,3,Location3,1,1,8.27053568153326,8.67892896291791,0.454229156590436,-0.1025,0.993928443098395,0.0399999999999999,-0.105,0.993337178404191,0.0474999999999999
202,B4_K04_I04-05-07-08,Branch4,4,4,Location4,1,1,5.29968523915861,5.63841616718822,0.538125716504935,0.3575,0.933257065336234,0.0349999999999999,0.35,0.935895293288731,0.0399999999999999
203,B4_K04_I04-05-07-09,Branch4,4,1,Location1,1,1,12.6872147945604,11.2092054617996,2.00899988821772,-0.5425,0.823187402721883,-0.1675,-0.535,0.83399640286994,-0.135
203,B4_K04_I04-05-07-09,Branch4,4,2,Location2,1,1,16.3521859430315,16.3521859430315,0,-0.8,0.59464274989274,-0.08,-0.8,0.59464274989274,-0.08
203,B4_K04_I04-05-07-09,Branch4,4,3,Location3,1,1,8.47525337559886,8.57941727273049,0.143394563631841,-0.1025,0.993714622011773,0.0449999999999999,-0.1025,0.993598258855157,0.0474999999999999
203,B4_K04_I04-05-07-09,Branch4,4,4,Location4,1,1,5.28961108043064,5.63841616718822,0.672974746106445,0.36,0.93229555399562,0.0349999999999999,0.35,0.935895293288731,0.0399999999999999
204,B4_K04_I04-05-08-09,Branch4,4,1,Location1,1,1,12.1187243657965,11.2092054617996,1.2424973009488,-0.54,0.827269605388715,-0.155,-0.535,0.83399640286994,-0.135
204,B4_K04_I04-05-08-09,Branch4,4,2,Location2,1,1,16.6935613466929,16.8445521661108,0.351997631531225,-0.8,0.591179964139516,-0.1025,-0.8025,0.588631888364876,-0.0975
204,B4_K04_I04-05-08-09,Branch4,4,3,Location3,1,1,8.47525337559886,8.78306864267381,0.321572920446816,-0.1025,0.993714622011773,0.0449999999999999,-0.105,0.993214478347955,0.0499999999999999
204,B4_K04_I04-05-08-09,Branch4,4,4,Location4,1,1,5.29968523915861,5.77972734472995,0.624739812223893,0.3575,0.933257065336234,0.0349999999999999,0.35,0.935785098192956,0.0424999999999999
205,B4_K04_I04-06-07-08,Branch4,4,1,Location1,1,1,11.9678463979394,11.073143607149,1.47866367045129,-0.5375,0.828896103260234,-0.155,-0.535,0.8347903928532,-0.13
205,B4_K04_I04-06-07-08,Branch4,4,2,Location2,1,1,16.6556883643547,16.6556883643547,0,-0.8025,0.590566465353393,-0.085,-0.8025,0.590566465353393,-0.085
205,B4_K04_I04-06-07-08,Branch4,4,3,Location3,1,1,8.37227853953572,8.67892896291791,0.321509195763922,-0.1025,0.993824682728297,0.0424999999999999,-0.105,0.993337178404191,0.0474999999999999
205,B4_K04_I04-06-07-08,Branch4,4,4,Location4,1,1,5.5757351756046,5.77972734472995,0.627309858598806,0.36,0.932094415818484,0.0399999999999999,0.35,0.935785098192956,0.0424999999999999
206,B4_K04_I04-06-07-09,Branch4,4,1,Location1,1,1,12.3046281920336,10.9842034657581,1.95388510174732,-0.5375,0.826963572353704,-0.165,-0.5325,0.835994916252485,-0.1325
206,B4_K04_I04-06-07-09,Branch4,4,2,Location2,1,1,17.0456405468795,16.5343249680969,0.520706273347985,-0.8075,0.584754221874456,-0.0775,-0.8025,0.591919546898056,-0.075
206,B4_K04_I04-06-07-09,Branch4,4,3,Location3,1,1,8.47525337559886,8.57941727273049,0.143394563631841,-0.1025,0.993714622011773,0.0449999999999999,-0.1025,0.993598258855157,0.0474999999999999
206,B4_K04_I04-06-07-09,Branch4,4,4,Location4,1,1,5.42723130629462,5.6165691875335,0.628024556545002,0.3625,0.931229026609459,0.0374999999999999,0.3525,0.934956549792556,0.0399999999999999
207,B4_K04_I04-06-08-09,Branch4,4,1,Location1,1,1,12.2183531178971,10.9162793085651,1.9523379633693,-0.5375,0.827458458171768,-0.1625,-0.5325,0.836387320563864,-0.13
207,B4_K04_I04-06-08-09,Branch4,4,2,Location2,1,1,16.5916732698491,16.5343249680969,0.288926970149238,-0.8025,0.591264534705067,-0.08,-0.8025,0.591919546898056,-0.075
207,B4_K04_I04-06-08-09,Branch4,4,3,Location3,1,1,8.47525337559886,8.67892896291791,0.203722369323826,-0.1025,0.993714622011773,0.0449999999999999,-0.105,0.993337178404191,0.0474999999999999
207,B4_K04_I04-06-08-09,Branch4,4,4,Location4,1,1,5.28397515678961,5.77972734472995,0.873427192118012,0.3625,0.931326339152931,0.0349999999999999,0.35,0.935785098192956,0.0424999999999999
208,B4_K04_I04-07-08-09,Branch4,4,1,Location1,1,1,12.6274334821224,11.2092054617996,2.10036035979651,-0.54,0.824317899842045,-0.17,-0.535,0.83399640286994,-0.135
208,B4_K04_I04-07-08-09,Branch4,4,2,Location2,1,1,16.5649723325997,16.7263201816587,0.353392973101754,-0.8,0.592431430631427,-0.095,-0.8025,0.589825185966147,-0.09
208,B4_K04_I04-07-08-09,Branch4,4,3,Location3,1,1,8.27165546653221,8.47525337559886,0.203646307007432,-0.1,0.99407934793959,0.0424999999999999,-0.1025,0.993714622011773,0.0449999999999999
208,B4_K04_I04-07-08-09,Branch4,4,4,Location4,1,1,5.5757351756046,5.7584735057034,0.479620666274666,0.36,0.932094415818484,0.0399999999999999,0.3525,0.934846244042302,0.0424999999999999
209,B4_K04_I05-06-07-08,Branch4,4,1,Location1,1,1,11.9007118142778,11.1403286567395,1.45401263618389,-0.535,0.830041414629415,-0.1575,-0.535,0.834397237531381,-0.1325
209,B4_K04_I05-06-07-08,Branch4,4,2,Location2,1,1,16.5253715850573,37.9270377627748,54.2808965522369,-0.8,0.592826914031406,-0.0925,0.0149999999999999,0.999184042106358,-0.0374999999999999
209,B4_K04_I05-06-07-08,Branch4,4,3,Location3,1,1,8.37227853953572,8.57595304950169,0.203684170294959,-0.1025,0.993824682728297,0.0424999999999999,-0.105,0.993453572141144,0.0449999999999999
209,B4_K04_I05-06-07-08,Branch4,4,4,Location4,1,1,5.04971850057036,5.19130792057805,0.143319417989682,0.3525,0.935330823826522,0.0299999999999999,0.3525,0.935247293500495,0.0324999999999999
210,B4_K04_I05-06-07-09,Branch4,4,1,Location1,1,1,12.5714288909792,10.9842034657581,2.38782028803603,-0.5375,0.825431705230663,-0.1725,-0.5325,0.835994916252485,-0.1325
210,B4_K04_I05-06-07-09,Branch4,4,2,Location2,1,1,15.7681825817878,15.7239469569178,0.288269459280277,-0.795,0.602557051240793,-0.07,-0.795,0.603116904090741,-0.0649999999999999
210,B4_K04_I05-06-07-09,Branch4,4,3,Location3,1,1,8.57941727273049,8.68472893398375,0.14341181296723,-0.1025,0.993598258855157,0.0474999999999999,-0.1025,0.993475591043887,0.0499999999999999
210,B4_K04_I05-06-07-09,Branch4,4,4,Location4,1,1,4.86058692263444,5.33298253465879,0.625847504248874,0.36,0.932546915709875,0.0274999999999999,0.3525,0.935157072368059,0.0349999999999999
211,B4_K04_I05-06-08-09,Branch4,4,1,Location1,1,1,12.3669196298846,11.073143607149,1.95282534663051,-0.54,0.825829128815398,-0.1625,-0.535,0.8347903928532,-0.13
211,B4_K04_I05-06-08-09,Branch4,4,2,Location2,1,1,16.5916732698491,16.5343249680969,0.288926970149238,-0.8025,0.591264534705067,-0.08,-0.8025,0.591919546898056,-0.075
211,B4_K04_I05-06-08-09,Branch4,4,3,Location3,1,1,8.48121196197503,8.68472893398375,0.203722049629231,-0.1,0.993852982085379,0.0474999999999999,-0.1025,0.993475591043887,0.0499999999999999
211,B4_K04_I05-06-08-09,Branch4,4,4,Location4,1,1,5.00357370735474,5.49720433075537,0.744196806263626,0.36,0.932469838654313,0.0299999999999999,0.35,0.935998798076151,0.0374999999999999
212,B4_K04_I05-07-08-09,Branch4,4,1,Location1,1,1,12.5392666515639,11.1403286567395,2.09869292059988,-0.54,0.824829527841966,-0.1675,-0.535,0.834397237531381,-0.1325
212,B4_K04_I05-07-08-09,Branch4,4,2,Location2,1,1,16.3834900282326,16.3521859430315,0.144571175450288,-0.8,0.594301060069726,-0.0825,-0.8,0.59464274989274,-0.08
212,B4_K04_I05-07-08-09,Branch4,4,3,Location3,1,1,8.47525337559886,8.57941727273049,0.143394563631841,-0.1025,0.993714622011773,0.0449999999999999,-0.1025,0.993598258855157,0.0474999999999999
212,B4_K04_I05-07-08-09,Branch4,4,4,Location4,1,1,5.00357370735474,5.49720433075537,0.744196806263626,0.36,0.932469838654313,0.0299999999999999,0.35,0.935998798076151,0.0374999999999999
213,B4_K04_I06-07-08-09,Branch4,4,1,Location1,1,1,12.5392666515639,11.1659554406131,2.35043091125256,-0.54,0.824829527841966,-0.1675,-0.5375,0.833569133305691,-0.1275
213,B4_K04_I06-07-08-09,Branch4,4,2,Location2,1,1,16.8963485690724,16.5621628506824,0.519603939950699,-0.805,0.587154153523587,-0.085,-0.8025,0.591597413787451,-0.0775
213,B4_K04_I06-07-08-09,Branch4,4,3,Location3,1,1,8.47525337559886,8.77970511627137,0.322417773672416,-0.1025,0.993714622011773,0.0449999999999999,-0.1075,0.993069735718494,0.0474999999999999
213,B4_K04_I06-07-08-09,Branch4,4,4,Location4,1,1,5.3141587849017,5.77972734472995,0.524275774228432,0.355,0.934210896960638,0.0349999999999999,0.35,0.935785098192956,0.0424999999999999
214,B4_K05_I01-02-03-04-05,Branch4,5,1,Location1,1,1,11.8178365547027,10.9842034657581,1.33462042558672,-0.535,0.830511890342336,-0.155,-0.5325,0.835994916252485,-0.1325
214,B4_K05_I01-02-03-04-05,Branch4,5,2,Location2,1,1,17.4518847754714,17.2117675054175,1.15675243843254,-0.81,0.579482527778017,-0.09,-0.81,0.582237065120385,-0.07
214,B4_K05_I01-02-03-04-05,Branch4,5,3,Location3,1,1,8.37227853953572,8.57595304950169,0.203684170294959,-0.1025,0.993824682728297,0.0424999999999999,-0.105,0.993453572141144,0.0449999999999999
214,B4_K05_I01-02-03-04-05,Branch4,5,4,Location4,1,1,4.8876061952048,5.49720433075537,0.646615018756246,0.355,0.934461743465189,0.0274999999999999,0.35,0.935998798076151,0.0374999999999999
215,B4_K05_I01-02-03-04-06,Branch4,5,1,Location1,1,1,11.8178365547027,10.9162793085651,1.47841722341479,-0.535,0.830511890342336,-0.155,-0.5325,0.836387320563864,-0.13
215,B4_K05_I01-02-03-04-06,Branch4,5,2,Location2,1,1,16.7754359241675,16.7249474249939,0.288642581490695,-0.805,0.588515080520457,-0.075,-0.805,0.589130715546219,-0.07
215,B4_K05_I01-02-03-04-06,Branch4,5,3,Location3,1,1,8.37227853953572,8.57595304950169,0.203684170294959,-0.1025,0.993824682728297,0.0424999999999999,-0.105,0.993453572141144,0.0449999999999999
215,B4_K05_I01-02-03-04-06,Branch4,5,4,Location4,1,1,5.14658169849668,5.47473766066972,0.538706779795394,0.36,0.932386052019227,0.0324999999999999,0.3525,0.93506015849249,0.0374999999999999
216,B4_K05_I01-02-03-04-07,Branch4,5,1,Location1,1,1,12.1577667257075,11.2092054617996,1.74669970557245,-0.535,0.82858312799622,-0.165,-0.535,0.83399640286994,-0.135
216,B4_K05_I01-02-03-04-07,Branch4,5,2,Location2,1,1,16.6556883643547,16.5916732698491,0.289257758213387,-0.8025,0.590566465353393,-0.085,-0.8025,0.591264534705067,-0.08
216,B4_K05_I01-02-03-04-07,Branch4,5,3,Location3,1,1,8.37227853953572,8.57595304950169,0.203684170294959,-0.1025,0.993824682728297,0.0424999999999999,-0.105,0.993453572141144,0.0449999999999999
216,B4_K05_I01-02-03-04-07,Branch4,5,4,Location4,1,1,5.29968523915861,5.47473766066972,0.336542572783346,0.3575,0.933257065336234,0.0349999999999999,0.3525,0.93506015849249,0.0374999999999999
217,B4_K05_I01-02-03-04-08,Branch4,5,1,Location1,1,1,11.9850090552187,11.2797465158819,1.30964576432136,-0.535,0.829563138043151,-0.16,-0.535,0.833587877790938,-0.1375
217,B4_K05_I01-02-03-04-08,Branch4,5,2,Location2,1,1,16.3834900282326,16.6228504728193,0.24088474253471,-0.8,0.594301060069726,-0.0825,-0.8025,0.590920891490561,-0.0825
217,B4_K05_I01-02-03-04-08,Branch4,5,3,Location3,1,1,8.37227853953572,8.4741818022773,0.144018104997293,-0.1025,0.993824682728297,0.0424999999999999,-0.105,0.993563661775128,0.0424999999999999
217,B4_K05_I01-02-03-04-08,Branch4,5,4,Location4,1,1,4.87170832758958,5.47473766066972,0.646732127722408,0.3575,0.933508168148517,0.0274999999999999,0.3525,0.93506015849249,0.0374999999999999
218,B4_K05_I01-02-03-04-09,Branch4,5,1,Location1,1,1,12.0499372541413,11.3653229662401,1.3090241954428,-0.5375,0.828424709916357,-0.1575,-0.5375,0.83238737976978,-0.135
218,B4_K05_I01-02-03-04-09,Branch4,5,2,Location2,1,1,16.5343249680969,16.944944654102,0.618099266537064,-0.8025,0.591919546898056,-0.075,-0.8075,0.585992747395392,-0.0674999999999999
218,B4_K05_I01-02-03-04-09,Branch4,5,3,Location3,1,1,8.16867893876482,8.37998488610471,0.45466359123545,-0.1,0.994183081730925,0.0399999999999999,-0.1075,0.993497609458624,0.0374999999999999
218,B4_K05_I01-02-03-04-09,Branch4,5,4,Location4,1,1,5.07422529180985,5.07422529180985,0,0.35,0.936269192059634,0.0299999999999999,0.35,0.936269192059634,0.0299999999999999
219,B4_K05_I01-02-03-05-06,Branch4,5,1,Location1,1,1,11.736409343889,10.9842034657581,1.19013872119171,-0.535,0.830974578431856,-0.1525,-0.5325,0.835994916252485,-0.1325
219,B4_K05_I01-02-03-05-06,Branch4,5,2,Location2,1,1,16.6901805169901,16.3225615992363,0.650825993130375,-0.8025,0.590201236867562,-0.0875,-0.8,0.594973738916265,-0.0775
219,B4_K05_I01-02-03-05-06,Branch4,5,3,Location3,1,1,8.37227853953572,8.67892896291791,0.321509195763922,-0.1025,0.993824682728297,0.0424999999999999,-0.105,0.993337178404191,0.0474999999999999
219,B4_K05_I01-02-03-05-06,Branch4,5,4,Location4,1,1,4.87170832758958,5.35609750914218,0.625537845248521,0.3575,0.933508168148517,0.0274999999999999,0.35,0.936095614774474,0.0349999999999999
220,B4_K05_I01-02-03-05-07,Branch4,5,1,Location1,1,1,12.1577667257075,11.0538294724398,1.77107018723549,-0.535,0.82858312799622,-0.165,-0.5325,0.835594847997521,-0.135
220,B4_K05_I01-02-03-05-07,Branch4,5,2,Location2,1,1,16.5916732698491,16.3521859430315,0.240794767813832,-0.8025,0.591264534705067,-0.08,-0.8,0.59464274989274,-0.08
220,B4_K05_I01-02-03-05-07,Branch4,5,3,Location3,1,1,8.37227853953572,8.57595304950169,0.203684170294959,-0.1025,0.993824682728297,0.0424999999999999,-0.105,0.993453572141144,0.0449999999999999
220,B4_K05_I01-02-03-05-07,Branch4,5,4,Location4,1,1,4.71762125934191,5.35609750914218,0.834440846174308,0.36,0.932617284849471,0.0249999999999999,0.35,0.936095614774474,0.0349999999999999
221,B4_K05_I01-02-03-05-08,Branch4,5,1,Location1,1,1,11.8872006812737,11.0538294724398,1.10231269258402,-0.5375,0.829359692775095,-0.1525,-0.5325,0.835594847997521,-0.135
221,B4_K05_I01-02-03-05-08,Branch4,5,2,Location2,1,1,17.8549768088025,17.0042954972734,0.90479368172424,-0.8125,0.574320250383007,-0.1,-0.805,0.58601941094131,-0.0925
221,B4_K05_I01-02-03-05-08,Branch4,5,3,Location3,1,1,8.37227853953572,8.57595304950169,0.203684170294959,-0.1025,0.993824682728297,0.0424999999999999,-0.105,0.993453572141144,0.0449999999999999
221,B4_K05_I01-02-03-05-08,Branch4,5,4,Location4,1,1,4.58658178583189,5.38343557468632,0.937465958908567,0.3575,0.933642062034482,0.0224999999999999,0.3475,0.937026547115929,0.0349999999999999
222,B4_K05_I01-02-03-05-09,Branch4,5,1,Location1,1,1,11.9678463979394,11.0538294724398,1.24199962344582,-0.5375,0.828896103260234,-0.155,-0.5325,0.835594847997521,-0.135
222,B4_K05_I01-02-03-05-09,Branch4,5,2,Location2,1,1,17.3679911078123,17.0179834126298,1.4484648891003,-0.8075,0.581329295666406,-0.1,-0.8075,0.585080122718248,-0.075
222,B4_K05_I01-02-03-05-09,Branch4,5,3,Location3,1,1,8.27053568153326,8.57595304950169,0.32144711891694,-0.1025,0.993928443098395,0.0399999999999999,-0.105,0.993453572141144,0.0449999999999999
222,B4_K05_I01-02-03-05-09,Branch4,5,4,Location4,1,1,4.74554550752062,5.38343557468632,0.730324834938188,0.355,0.934531968420557,0.0249999999999999,0.3475,0.937026547115929,0.0349999999999999
223,B4_K05_I01-02-03-06-07,Branch4,5,1,Location1,1,1,12.0707025089191,10.9842034657581,1.76985798886141,-0.535,0.82907704708308,-0.1625,-0.5325,0.835994916252485,-0.1325
223,B4_K05_I01-02-03-06-07,Branch4,5,2,Location2,1,1,16.2209760781084,16.0053319811977,0.267655100385949,-0.8,0.596191034820216,-0.0674999999999999,-0.7975,0.599244315784472,-0.07
223,B4_K05_I01-02-03-06-07,Branch4,5,3,Location3,1,1,8.37227853953572,8.57595304950169,0.203684170294959,-0.1025,0.993824682728297,0.0424999999999999,-0.105,0.993453572141144,0.0449999999999999
223,B4_K05_I01-02-03-06-07,Branch4,5,4,Location4,1,1,5.14658169849668,5.49720433075537,0.673203520217203,0.36,0.932386052019227,0.0324999999999999,0.35,0.935998798076151,0.0374999999999999
224,B4_K05_I01-02-03-06-08,Branch4,5,1,Location1,1,1,11.736409343889,10.9842034657581,1.19013872119171,-0.535,0.830974578431856,-0.1525,-0.5325,0.835994916252485,-0.1325
224,B4_K05_I01-02-03-06-08,Branch4,5,2,Location2,1,1,16.8636420220125,16.3225615992363,0.589057469728518,-0.805,0.587510638201556,-0.0825,-0.8,0.594973738916265,-0.0775
224,B4_K05_I01-02-03-06-08,Branch4,5,3,Location3,1,1,8.37227853953572,8.57595304950169,0.203684170294959,-0.1025,0.993824682728297,0.0424999999999999,-0.105,0.993453572141144,0.0449999999999999
224,B4_K05_I01-02-03-06-08,Branch4,5,4,Location4,1,1,5.01433039477221,5.63841616718822,0.729985326208063,0.3575,0.933431170467325,0.0299999999999999,0.35,0.935895293288731,0.0399999999999999
225,B4_K05_I01-02-03-06-09,Branch4,5,1,Location1,1,1,11.8178365547027,10.9842034657581,1.33462042558672,-0.535,0.830511890342336,-0.155,-0.5325,0.835994916252485,-0.1325
225,B4_K05_I01-02-03-06-09,Branch4,5,2,Location2,1,1,16.8636420220125,16.483688053051,0.785001198828536,-0.805,0.587510638201556,-0.0825,-0.8025,0.592531644724567,-0.07
225,B4_K05_I01-02-03-06-09,Branch4,5,3,Location3,1,1,8.37227853953572,8.47525337559886,0.143378227897481,-0.1025,0.993824682728297,0.0424999999999999,-0.1025,0.993714622011773,0.0449999999999999
225,B4_K05_I01-02-03-06-09,Branch4,5,4,Location4,1,1,5.01433039477221,5.49720433075537,0.625269693620439,0.3575,0.933431170467325,0.0299999999999999,0.35,0.935998798076151,0.0374999999999999
226,B4_K05_I01-02-03-07-08,Branch4,5,1,Location1,1,1,12.2183531178971,11.5065537693001,1.31043842054832,-0.5375,0.827458458171768,-0.1625,-0.5375,0.831561032035533,-0.14
226,B4_K05_I01-02-03-07-08,Branch4,5,2,Location2,1,1,16.6228504728193,16.4164675000547,0.266701647551631,-0.8025,0.590920891490561,-0.0825,-0.8,0.59394865097919,-0.085
226,B4_K05_I01-02-03-07-08,Branch4,5,3,Location3,1,1,8.27053568153326,8.57595304950169,0.32144711891694,-0.1025,0.993928443098395,0.0399999999999999,-0.105,0.993453572141144,0.0449999999999999
226,B4_K05_I01-02-03-07-08,Branch4,5,4,Location4,1,1,5.45645652402962,5.63841616718822,0.336163252115067,0.355,0.934113884919821,0.0374999999999999,0.35,0.935895293288731,0.0399999999999999
227,B4_K05_I01-02-03-07-09,Branch4,5,1,Location1,1,1,12.3922485773178,11.3519243350815,1.62823828843893,-0.5375,0.826460827867843,-0.1675,-0.535,0.833171650981957,-0.14
227,B4_K05_I01-02-03-07-09,Branch4,5,2,Location2,1,1,16.5621628506824,16.1455344685618,0.53335709929048,-0.8025,0.591597413787451,-0.0775,-0.7975,0.597651654394096,-0.0825
227,B4_K05_I01-02-03-07-09,Branch4,5,3,Location3,1,1,8.37227853953572,8.47525337559886,0.143378227897481,-0.1025,0.993824682728297,0.0424999999999999,-0.1025,0.993714622011773,0.0449999999999999
227,B4_K05_I01-02-03-07-09,Branch4,5,4,Location4,1,1,5.29968523915861,5.63841616718822,0.538125716504935,0.3575,0.933257065336234,0.0349999999999999,0.35,0.935895293288731,0.0399999999999999
228,B4_K05_I01-02-03-08-09,Branch4,5,1,Location1,1,1,12.1577667257075,11.2797465158819,1.60156656791032,-0.535,0.82858312799622,-0.165,-0.535,0.833587877790938,-0.1375
228,B4_K05_I01-02-03-08-09,Branch4,5,2,Location2,1,1,15.1855416437121,15.274670411421,0.719803234896428,-0.79,0.610634915477325,-0.0549999999999999,-0.79,0.609379807673343,-0.0674999999999999
228,B4_K05_I01-02-03-08-09,Branch4,5,3,Location3,1,1,8.57941727273049,8.67892896291791,0.144018459037785,-0.1025,0.993598258855157,0.0474999999999999,-0.105,0.993337178404191,0.0474999999999999
228,B4_K05_I01-02-03-08-09,Branch4,5,4,Location4,1,1,5.15698973655785,5.59880706251419,0.454552746938495,0.3575,0.933347470131033,0.0324999999999999,0.355,0.934010171250827,0.0399999999999999
229,B4_K05_I01-02-04-05-06,Branch4,5,1,Location1,1,1,11.9007118142778,10.9162793085651,1.62342738805957,-0.535,0.830041414629415,-0.1575,-0.5325,0.836387320563864,-0.13
229,B4_K05_I01-02-04-05-06,Branch4,5,2,Location2,1,1,17.0179834126298,17.0179834126298,0,-0.8075,0.585080122718248,-0.075,-0.8075,0.585080122718248,-0.075
229,B4_K05_I01-02-04-05-06,Branch4,5,3,Location3,1,1,8.47525337559886,8.67892896291791,0.203722369323826,-0.1025,0.993714622011773,0.0449999999999999,-0.105,0.993337178404191,0.0474999999999999
229,B4_K05_I01-02-04-05-06,Branch4,5,4,Location4,1,1,5.15698973655785,5.6165691875335,0.524623269996732,0.3575,0.933347470131033,0.0324999999999999,0.3525,0.934956549792556,0.0399999999999999
230,B4_K05_I01-02-04-05-07,Branch4,5,1,Location1,1,1,12.3046281920336,11.2797465158819,1.62707466358191,-0.5375,0.826963572353704,-0.165,-0.535,0.833587877790938,-0.1375
230,B4_K05_I01-02-04-05-07,Branch4,5,2,Location2,1,1,16.8636420220125,16.5621628506824,0.396757971777655,-0.805,0.587510638201556,-0.0825,-0.8025,0.591597413787451,-0.0775
230,B4_K05_I01-02-04-05-07,Branch4,5,3,Location3,1,1,8.37227853953572,8.57595304950169,0.203684170294959,-0.1025,0.993824682728297,0.0424999999999999,-0.105,0.993453572141144,0.0449999999999999
230,B4_K05_I01-02-04-05-07,Branch4,5,4,Location4,1,1,5.00357370735474,5.47473766066972,0.625576881391288,0.36,0.932469838654313,0.0299999999999999,0.3525,0.93506015849249,0.0374999999999999
231,B4_K05_I01-02-04-05-08,Branch4,5,1,Location1,1,1,12.0499372541413,11.0538294724398,1.38306027296757,-0.5375,0.828424709916357,-0.1575,-0.5325,0.835594847997521,-0.135
231,B4_K05_I01-02-04-05-08,Branch4,5,2,Location2,1,1,17.8130554594283,17.4518847754714,0.527923742861392,-0.8125,0.574749945628532,-0.0975,-0.81,0.579482527778017,-0.09
231,B4_K05_I01-02-04-05-08,Branch4,5,3,Location3,1,1,8.37227853953572,8.57595304950169,0.203684170294959,-0.1025,0.993824682728297,0.0424999999999999,-0.105,0.993453572141144,0.0449999999999999
231,B4_K05_I01-02-04-05-08,Branch4,5,4,Location4,1,1,4.87170832758958,5.63841616718822,0.846354540339582,0.3575,0.933508168148517,0.0274999999999999,0.35,0.935895293288731,0.0399999999999999
232,B4_K05_I01-02-04-05-09,Branch4,5,1,Location1,1,1,11.9678463979394,10.9842034657581,1.38185179022636,-0.5375,0.828896103260234,-0.155,-0.5325,0.835994916252485,-0.1325
232,B4_K05_I01-02-04-05-09,Branch4,5,2,Location2,1,1,18.2667287588154,17.9773557982306,1.30303902802981,-0.8175,0.568039391239727,-0.095,-0.8175,0.571347092405308,-0.0725
232,B4_K05_I01-02-04-05-09,Branch4,5,3,Location3,1,1,8.37227853953572,8.57595304950169,0.203684170294959,-0.1025,0.993824682728297,0.0424999999999999,-0.105,0.993453572141144,0.0449999999999999
232,B4_K05_I01-02-04-05-09,Branch4,5,4,Location4,1,1,5.04971850057036,5.6642885045171,0.646295811493701,0.3525,0.935330823826522,0.0299999999999999,0.3475,0.936826424691362,0.0399999999999999
233,B4_K05_I01-02-04-06-07,Branch4,5,1,Location1,1,1,12.2183531178971,11.1403286567395,1.77012672689924,-0.5375,0.827458458171768,-0.1625,-0.535,0.834397237531381,-0.1325
233,B4_K05_I01-02-04-06-07,Branch4,5,2,Location2,1,1,16.5343249680969,16.2946229961618,0.240623606350729,-0.8025,0.591919546898056,-0.075,-0.8,0.595294044989533,-0.075
233,B4_K05_I01-02-04-06-07,Branch4,5,3,Location3,1,1,8.37227853953572,8.57595304950169,0.203684170294959,-0.1025,0.993824682728297,0.0424999999999999,-0.105,0.993453572141144,0.0449999999999999
233,B4_K05_I01-02-04-06-07,Branch4,5,4,Location4,1,1,5.14658169849668,5.6165691875335,0.625308406418575,0.36,0.932386052019227,0.0324999999999999,0.3525,0.934956549792556,0.0399999999999999
234,B4_K05_I01-02-04-06-08,Branch4,5,1,Location1,1,1,11.9850090552187,11.1403286567395,1.59984465303025,-0.535,0.829563138043151,-0.16,-0.535,0.834397237531381,-0.1325
234,B4_K05_I01-02-04-06-08,Branch4,5,2,Location2,1,1,16.8963485690724,16.803180018571,0.433806988790096,-0.805,0.587154153523587,-0.085,-0.805,0.588191082897386,-0.0775
234,B4_K05_I01-02-04-06-08,Branch4,5,3,Location3,1,1,8.37227853953572,8.57595304950169,0.203684170294959,-0.1025,0.993824682728297,0.0424999999999999,-0.105,0.993453572141144,0.0449999999999999
234,B4_K05_I01-02-04-06-08,Branch4,5,4,Location4,1,1,5.01433039477221,5.6165691875335,0.646524248528426,0.3575,0.933431170467325,0.0299999999999999,0.3525,0.934956549792556,0.0399999999999999
235,B4_K05_I01-02-04-06-09,Branch4,5,1,Location1,1,1,12.1334478650566,10.9842034657581,1.66661079352138,-0.5375,0.827945499414062,-0.16,-0.5325,0.835994916252485,-0.1325
235,B4_K05_I01-02-04-06-09,Branch4,5,2,Location2,1,1,17.5350065044706,17.236059368691,0.398712943272228,-0.8125,0.577786725358068,-0.0775,-0.81,0.58193105261706,-0.0725
235,B4_K05_I01-02-04-06-09,Branch4,5,3,Location3,1,1,8.47525337559886,8.57595304950169,0.144018277058768,-0.1025,0.993714622011773,0.0449999999999999,-0.105,0.993453572141144,0.0449999999999999
235,B4_K05_I01-02-04-06-09,Branch4,5,4,Location4,1,1,5.15698973655785,5.6165691875335,0.524623269996732,0.3575,0.933347470131033,0.0324999999999999,0.3525,0.934956549792556,0.0399999999999999
236,B4_K05_I01-02-04-07-08,Branch4,5,1,Location1,1,1,12.2461765930869,11.2797465158819,1.74765633522754,-0.535,0.828081366775029,-0.1675,-0.535,0.833587877790938,-0.1375
236,B4_K05_I01-02-04-07-08,Branch4,5,2,Location2,1,1,17.0042954972734,16.8963485690724,0.434609983801654,-0.805,0.58601941094131,-0.0925,-0.805,0.587154153523587,-0.085
236,B4_K05_I01-02-04-07-08,Branch4,5,3,Location3,1,1,8.37227853953572,8.57595304950169,0.203684170294959,-0.1025,0.993824682728297,0.0424999999999999,-0.105,0.993453572141144,0.0449999999999999
236,B4_K05_I01-02-04-07-08,Branch4,5,4,Location4,1,1,5.29968523915861,5.6165691875335,0.416680500721845,0.3575,0.933257065336234,0.0349999999999999,0.3525,0.934956549792556,0.0399999999999999
237,B4_K05_I01-02-04-07-09,Branch4,5,1,Location1,1,1,12.3046281920336,11.2092054617996,1.77134499034969,-0.5375,0.826963572353704,-0.165,-0.535,0.83399640286994,-0.135
237,B4_K05_I01-02-04-07-09,Branch4,5,2,Location2,1,1,17.0749451329039,16.8325838898585,0.243595206868952,-0.8075,0.584417444982608,-0.08,-0.805,0.587856274951625,-0.08
237,B4_K05_I01-02-04-07-09,Branch4,5,3,Location3,1,1,8.37227853953572,8.57595304950169,0.203684170294959,-0.1025,0.993824682728297,0.0424999999999999,-0.105,0.993453572141144,0.0449999999999999
237,B4_K05_I01-02-04-07-09,Branch4,5,4,Location4,1,1,5.29968523915861,5.6165691875335,0.416680500721845,0.3575,0.933257065336234,0.0349999999999999,0.3525,0.934956549792556,0.0399999999999999
238,B4_K05_I01-02-04-08-09,Branch4,5,1,Location1,1,1,12.1577667257075,11.2797465158819,1.60156656791032,-0.535,0.82858312799622,-0.165,-0.535,0.833587877790938,-0.1375
238,B4_K05_I01-02-04-08-09,Branch4,5,2,Location2,1,1,16.7641002986764,16.8963485690724,0.47149124963111,-0.8025,0.589438291935636,-0.0925,-0.805,0.587154153523587,-0.085
238,B4_K05_I01-02-04-08-09,Branch4,5,3,Location3,1,1,8.47525337559886,8.57595304950169,0.144018277058768,-0.1025,0.993714622011773,0.0449999999999999,-0.105,0.993453572141144,0.0449999999999999
238,B4_K05_I01-02-04-08-09,Branch4,5,4,Location4,1,1,5.02973085550508,5.63841616718822,0.646409314769199,0.355,0.934384824363067,0.0299999999999999,0.35,0.935895293288731,0.0399999999999999
239,B4_K05_I01-02-05-06-07,Branch4,5,1,Location1,1,1,12.3922485773178,11.2092054617996,1.91696069916655,-0.5375,0.826460827867843,-0.1675,-0.535,0.83399640286994,-0.135
239,B4_K05_I01-02-05-06-07,Branch4,5,2,Location2,1,1,16.7249474249939,16.2438251703859,0.482306176816746,-0.805,0.589130715546219,-0.07,-0.8,0.595902676617583,-0.07
239,B4_K05_I01-02-05-06-07,Branch4,5,3,Location3,1,1,8.47525337559886,8.57595304950169,0.144018277058768,-0.1025,0.993714622011773,0.0449999999999999,-0.105,0.993453572141144,0.0449999999999999
239,B4_K05_I01-02-05-06-07,Branch4,5,4,Location4,1,1,4.72912490366468,5.35609750914218,0.730579036650703,0.3575,0.933578464833032,0.0249999999999999,0.35,0.936095614774474,0.0349999999999999
240,B4_K05_I01-02-05-06-08,Branch4,5,1,Location1,1,1,11.8178365547027,11.2092054617996,1.16319743789408,-0.535,0.830511890342336,-0.155,-0.535,0.83399640286994,-0.135
240,B4_K05_I01-02-05-06-08,Branch4,5,2,Location2,1,1,17.0456405468795,16.749356783422,0.396328564051148,-0.8075,0.584754221874456,-0.0775,-0.805,0.588828285665694,-0.0725
240,B4_K05_I01-02-05-06-08,Branch4,5,3,Location3,1,1,8.47525337559886,8.57595304950169,0.144018277058768,-0.1025,0.993714622011773,0.0449999999999999,-0.105,0.993453572141144,0.0449999999999999
240,B4_K05_I01-02-05-06-08,Branch4,5,4,Location4,1,1,4.58658178583189,5.52379292677837,1.04996574627897,0.3575,0.933642062034482,0.0224999999999999,0.3475,0.936929826614566,0.0374999999999999
241,B4_K05_I01-02-05-06-09,Branch4,5,1,Location1,1,1,11.9678463979394,10.9842034657581,1.38185179022636,-0.5375,0.828896103260234,-0.155,-0.5325,0.835994916252485,-0.1325
241,B4_K05_I01-02-05-06-09,Branch4,5,2,Location2,1,1,17.6612104898374,17.627241200127,0.144833442517351,-0.8125,0.576357094169925,-0.0875,-0.8125,0.576731089850374,-0.085
241,B4_K05_I01-02-05-06-09,Branch4,5,3,Location3,1,1,8.47525337559886,8.57595304950169,0.144018277058768,-0.1025,0.993714622011773,0.0449999999999999,-0.105,0.993453572141144,0.0449999999999999
241,B4_K05_I01-02-05-06-09,Branch4,5,4,Location4,1,1,4.87170832758958,5.38343557468632,0.744032324742021,0.3575,0.933508168148517,0.0274999999999999,0.3475,0.937026547115929,0.0349999999999999
242,B4_K05_I01-02-05-07-08,Branch4,5,1,Location1,1,1,12.3046281920336,11.2797465158819,1.62707466358191,-0.5375,0.826963572353704,-0.165,-0.535,0.833587877790938,-0.1375
242,B4_K05_I01-02-05-07-08,Branch4,5,2,Location2,1,1,17.1058918822708,16.5621628506824,0.591747306130557,-0.8075,0.584069773229192,-0.0825,-0.8025,0.591597413787451,-0.0775
242,B4_K05_I01-02-05-07-08,Branch4,5,3,Location3,1,1,8.37227853953572,8.57595304950169,0.203684170294959,-0.1025,0.993824682728297,0.0424999999999999,-0.105,0.993453572141144,0.0449999999999999
242,B4_K05_I01-02-05-07-08,Branch4,5,4,Location4,1,1,4.72912490366468,5.35609750914218,0.730579036650703,0.3575,0.933578464833032,0.0249999999999999,0.35,0.936095614774474,0.0349999999999999
243,B4_K05_I01-02-05-07-09,Branch4,5,1,Location1,1,1,12.5392666515639,11.2797465158819,1.81347462086227,-0.54,0.824829527841966,-0.1675,-0.535,0.833587877790938,-0.1375
243,B4_K05_I01-02-05-07-09,Branch4,5,2,Location2,1,1,16.5343249680969,16.5621628506824,0.144423705451412,-0.8025,0.591919546898056,-0.075,-0.8025,0.591597413787451,-0.0775
243,B4_K05_I01-02-05-07-09,Branch4,5,3,Location3,1,1,8.37227853953572,8.57595304950169,0.203684170294959,-0.1025,0.993824682728297,0.0424999999999999,-0.105,0.993453572141144,0.0449999999999999
243,B4_K05_I01-02-05-07-09,Branch4,5,4,Location4,1,1,4.72912490366468,5.35609750914218,0.730579036650703,0.3575,0.933578464833032,0.0249999999999999,0.35,0.936095614774474,0.0349999999999999
244,B4_K05_I01-02-05-08-09,Branch4,5,1,Location1,1,1,12.0499372541413,11.2797465158819,1.19214319462925,-0.5375,0.828424709916357,-0.1575,-0.535,0.833587877790938,-0.1375
244,B4_K05_I01-02-05-08-09,Branch4,5,2,Location2,1,1,17.627241200127,17.1384751886569,0.491950955873994,-0.8125,0.576731089850374,-0.085,-0.8075,0.58371118714652,-0.085
244,B4_K05_I01-02-05-08-09,Branch4,5,3,Location3,1,1,8.37227853953572,8.57595304950169,0.203684170294959,-0.1025,0.993824682728297,0.0424999999999999,-0.105,0.993453572141144,0.0449999999999999
244,B4_K05_I01-02-05-08-09,Branch4,5,4,Location4,1,1,4.58658178583189,5.52379292677837,1.04996574627897,0.3575,0.933642062034482,0.0224999999999999,0.3475,0.936929826614566,0.0374999999999999
245,B4_K05_I01-02-06-07-08,Branch4,5,1,Location1,1,1,11.9850090552187,11.2092054617996,1.4547808797825,-0.535,0.829563138043151,-0.16,-0.535,0.83399640286994,-0.135
245,B4_K05_I01-02-06-07-08,Branch4,5,2,Location2,1,1,16.7641002986764,16.6228504728193,0.579223129428854,-0.8025,0.589438291935636,-0.0925,-0.8025,0.590920891490561,-0.0825
245,B4_K05_I01-02-06-07-08,Branch4,5,3,Location3,1,1,8.37227853953572,8.4741818022773,0.144018104997293,-0.1025,0.993824682728297,0.0424999999999999,-0.105,0.993563661775128,0.0424999999999999
245,B4_K05_I01-02-06-07-08,Branch4,5,4,Location4,1,1,5.3141587849017,5.80491428167455,0.624440981077374,0.355,0.934210896960638,0.0349999999999999,0.3475,0.936716339133678,0.0424999999999999
246,B4_K05_I01-02-06-07-09,Branch4,5,1,Location1,1,1,12.2183531178971,11.2092054617996,1.62592739328637,-0.5375,0.827458458171768,-0.1625,-0.535,0.83399640286994,-0.135
246,B4_K05_I01-02-06-07-09,Branch4,5,2,Location2,1,1,16.7754359241675,16.7754359241675,0,-0.805,0.588515080520457,-0.075,-0.805,0.588515080520457,-0.075
246,B4_K05_I01-02-06-07-09,Branch4,5,3,Location3,1,1,8.37227853953572,8.4741818022773,0.144018104997293,-0.1025,0.993824682728297,0.0424999999999999,-0.105,0.993563661775128,0.0424999999999999
246,B4_K05_I01-02-06-07-09,Branch4,5,4,Location4,1,1,5.17191604257268,5.6642885045171,0.6247024018813,0.355,0.934301209460846,0.0324999999999999,0.3475,0.936826424691362,0.0399999999999999
247,B4_K05_I01-02-06-08-09,Branch4,5,1,Location1,1,1,11.6687104629037,11.2092054617996,1.15986251043744,-0.5325,0.83211702902897,-0.155,-0.535,0.83399640286994,-0.135
247,B4_K05_I01-02-06-08-09,Branch4,5,2,Location2,1,1,17.4891929624876,16.8325838898585,0.92053030928611,-0.81,0.5790887237721,-0.0925,-0.805,0.587856274951625,-0.08
247,B4_K05_I01-02-06-08-09,Branch4,5,3,Location3,1,1,8.37227853953572,8.4741818022773,0.144018104997293,-0.1025,0.993824682728297,0.0424999999999999,-0.105,0.993563661775128,0.0424999999999999
247,B4_K05_I01-02-06-08-09,Branch4,5,4,Location4,1,1,5.17191604257268,5.6642885045171,0.6247024018813,0.355,0.934301209460846,0.0324999999999999,0.3475,0.936826424691362,0.0399999999999999
248,B4_K05_I01-02-07-08-09,Branch4,5,1,Location1,1,1,12.1334478650566,11.579585142381,1.01921987494397,-0.5375,0.827945499414062,-0.16,-0.5375,0.831136270415387,-0.1425
248,B4_K05_I01-02-07-08-09,Branch4,5,2,Location2,1,1,17.654363989048,17.6030119661383,0.598000548261831,-0.81,0.577402589187129,-0.1025,-0.8075,0.579040154048059,-0.1125
248,B4_K05_I01-02-07-08-09,Branch4,5,3,Location3,1,1,8.06696308877139,8.37365766485795,0.322213947731693,-0.1,0.994280518767214,0.0374999999999999,-0.105,0.993667449401458,0.0399999999999999
248,B4_K05_I01-02-07-08-09,Branch4,5,4,Location4,1,1,5.19130792057805,5.55443196876107,0.537609516131475,0.3525,0.935247293500495,0.0324999999999999,0.345,0.937853266774713,0.0374999999999999
249,B4_K05_I01-03-04-05-06,Branch4,5,1,Location1,1,1,11.8374867342012,10.9842034657581,1.59975255466731,-0.5325,0.831170108942809,-0.16,-0.5325,0.835994916252485,-0.1325
249,B4_K05_I01-03-04-05-06,Branch4,5,2,Location2,1,1,16.7263201816587,16.5081650225967,1.01211956182606,-0.8025,0.589825185966147,-0.09,-0.8025,0.592230951572104,-0.0725
249,B4_K05_I01-03-04-05-06,Branch4,5,3,Location3,1,1,8.37227853953572,8.67892896291791,0.321509195763922,-0.1025,0.993824682728297,0.0424999999999999,-0.105,0.993337178404191,0.0474999999999999
249,B4_K05_I01-03-04-05-06,Branch4,5,4,Location4,1,1,5.15698973655785,5.49720433075537,0.538337037625561,0.3575,0.933347470131033,0.0324999999999999,0.35,0.935998798076151,0.0374999999999999
250,B4_K05_I01-03-04-05-07,Branch4,5,1,Location1,1,1,12.1577667257075,11.0538294724398,1.77107018723549,-0.535,0.82858312799622,-0.165,-0.5325,0.835594847997521,-0.135
250,B4_K05_I01-03-04-05-07,Branch4,5,2,Location2,1,1,16.4874154723043,16.3521859430315,0.578798163368026,-0.8,0.593211597998556,-0.09,-0.8,0.59464274989274,-0.08
250,B4_K05_I01-03-04-05-07,Branch4,5,3,Location3,1,1,8.37227853953572,8.57595304950169,0.203684170294959,-0.1025,0.993824682728297,0.0424999999999999,-0.105,0.993453572141144,0.0449999999999999
250,B4_K05_I01-03-04-05-07,Branch4,5,4,Location4,1,1,5.00357370735474,5.49720433075537,0.744196806263626,0.36,0.932469838654313,0.0299999999999999,0.35,0.935998798076151,0.0374999999999999
251,B4_K05_I01-03-04-05-08,Branch4,5,1,Location1,1,1,11.9850090552187,11.0538294724398,1.48048200195783,-0.535,0.829563138043151,-0.16,-0.5325,0.835594847997521,-0.135
251,B4_K05_I01-03-04-05-08,Branch4,5,2,Location2,1,1,17.5043000280774,17.0042954972734,0.937305582135539,-0.8075,0.579989224037826,-0.1075,-0.805,0.58601941094131,-0.0925
251,B4_K05_I01-03-04-05-08,Branch4,5,3,Location3,1,1,8.27053568153326,8.57595304950169,0.32144711891694,-0.1025,0.993928443098395,0.0399999999999999,-0.105,0.993453572141144,0.0449999999999999
251,B4_K05_I01-03-04-05-08,Branch4,5,4,Location4,1,1,4.87170832758958,5.49720433075537,0.730280589444576,0.3575,0.933508168148517,0.0274999999999999,0.35,0.935998798076151,0.0374999999999999
252,B4_K05_I01-03-04-05-09,Branch4,5,1,Location1,1,1,11.7523866633935,10.8992081884476,1.33532886646832,-0.5325,0.831647461368097,-0.1575,-0.53,0.83718277574255,-0.135
252,B4_K05_I01-03-04-05-09,Branch4,5,2,Location2,1,1,17.8446857009606,17.3820963354136,1.59852476851043,-0.81,0.57553779198242,-0.1125,-0.81,0.580237020535574,-0.085
252,B4_K05_I01-03-04-05-09,Branch4,5,3,Location3,1,1,8.27053568153326,8.57595304950169,0.32144711891694,-0.1025,0.993928443098395,0.0399999999999999,-0.105,0.993453572141144,0.0449999999999999
252,B4_K05_I01-03-04-05-09,Branch4,5,4,Location4,1,1,5.02973085550508,5.52379292677837,0.624965953750533,0.355,0.934384824363067,0.0299999999999999,0.3475,0.936929826614566,0.0374999999999999
253,B4_K05_I01-03-04-06-07,Branch4,5,1,Location1,1,1,12.0707025089191,10.9842034657581,1.76985798886141,-0.535,0.82907704708308,-0.1625,-0.5325,0.835994916252485,-0.1325
253,B4_K05_I01-03-04-06-07,Branch4,5,2,Location2,1,1,16.6228504728193,16.3225615992363,0.395613818204844,-0.8025,0.590920891490561,-0.0825,-0.8,0.594973738916265,-0.0775
253,B4_K05_I01-03-04-06-07,Branch4,5,3,Location3,1,1,8.37227853953572,8.57595304950169,0.203684170294959,-0.1025,0.993824682728297,0.0424999999999999,-0.105,0.993453572141144,0.0449999999999999
253,B4_K05_I01-03-04-06-07,Branch4,5,4,Location4,1,1,5.14658169849668,5.6165691875335,0.625308406418575,0.36,0.932386052019227,0.0324999999999999,0.3525,0.934956549792556,0.0399999999999999
254,B4_K05_I01-03-04-06-08,Branch4,5,1,Location1,1,1,11.9007118142778,10.9842034657581,1.47944229325081,-0.535,0.830041414629415,-0.1575,-0.5325,0.835994916252485,-0.1325
254,B4_K05_I01-03-04-06-08,Branch4,5,2,Location2,1,1,16.6901805169901,16.2946229961618,0.786518208101224,-0.8025,0.590201236867562,-0.0875,-0.8,0.595294044989533,-0.075
254,B4_K05_I01-03-04-06-08,Branch4,5,3,Location3,1,1,8.37227853953572,8.57595304950169,0.203684170294959,-0.1025,0.993824682728297,0.0424999999999999,-0.105,0.993453572141144,0.0449999999999999
254,B4_K05_I01-03-04-06-08,Branch4,5,4,Location4,1,1,4.87170832758958,5.63841616718822,0.846354540339582,0.3575,0.933508168148517,0.0274999999999999,0.35,0.935895293288731,0.0399999999999999
255,B4_K05_I01-03-04-06-09,Branch4,5,1,Location1,1,1,12.1334478650566,10.9842034657581,1.66661079352138,-0.5375,0.827945499414062,-0.16,-0.5325,0.835994916252485,-0.1325
255,B4_K05_I01-03-04-06-09,Branch4,5,2,Location2,1,1,16.3521859430315,16.4398013363427,0.875766807858809,-0.8,0.59464274989274,-0.08,-0.8025,0.59310096105132,-0.0649999999999999
255,B4_K05_I01-03-04-06-09,Branch4,5,3,Location3,1,1,8.27165546653221,8.47525337559886,0.203646307007432,-0.1,0.99407934793959,0.0424999999999999,-0.1025,0.993714622011773,0.0449999999999999
255,B4_K05_I01-03-04-06-09,Branch4,5,4,Location4,1,1,5.15698973655785,5.49720433075537,0.538337037625561,0.3575,0.933347470131033,0.0324999999999999,0.35,0.935998798076151,0.0374999999999999
256,B4_K05_I01-03-04-07-08,Branch4,5,1,Location1,1,1,12.1577667257075,11.2092054617996,1.74669970557245,-0.535,0.82858312799622,-0.165,-0.535,0.83399640286994,-0.135
256,B4_K05_I01-03-04-07-08,Branch4,5,2,Location2,1,1,17.0042954972734,16.6228504728193,0.65396531770004,-0.805,0.58601941094131,-0.0925,-0.8025,0.590920891490561,-0.0825
256,B4_K05_I01-03-04-07-08,Branch4,5,3,Location3,1,1,8.27053568153326,8.47525337559886,0.286741030339623,-0.1025,0.993928443098395,0.0399999999999999,-0.1025,0.993714622011773,0.0449999999999999
256,B4_K05_I01-03-04-07-08,Branch4,5,4,Location4,1,1,5.15698973655785,5.49720433075537,0.538337037625561,0.3575,0.933347470131033,0.0324999999999999,0.35,0.935998798076151,0.0374999999999999
257,B4_K05_I01-03-04-07-09,Branch4,5,1,Location1,1,1,12.3046281920336,11.2092054617996,1.77134499034969,-0.5375,0.826963572353704,-0.165,-0.535,0.83399640286994,-0.135
257,B4_K05_I01-03-04-07-09,Branch4,5,2,Location2,1,1,16.9666819329403,16.6228504728193,0.521554331670226,-0.805,0.586408560646926,-0.09,-0.8025,0.590920891490561,-0.0825
257,B4_K05_I01-03-04-07-09,Branch4,5,3,Location3,1,1,8.16867893876482,8.47525337559886,0.321416234833608,-0.1,0.994183081730925,0.0399999999999999,-0.1025,0.993714622011773,0.0449999999999999
257,B4_K05_I01-03-04-07-09,Branch4,5,4,Location4,1,1,5.15698973655785,5.49720433075537,0.538337037625561,0.3575,0.933347470131033,0.0324999999999999,0.35,0.935998798076151,0.0374999999999999
258,B4_K05_I01-03-04-08-09,Branch4,5,1,Location1,1,1,11.8669047856171,11.0538294724398,1.73861841869961,-0.53,0.831790237980706,-0.165,-0.5325,0.835594847997521,-0.135
258,B4_K05_I01-03-04-08-09,Branch4,5,2,Location2,1,1,17.0042954972734,16.7641002986764,0.242671632929256,-0.805,0.58601941094131,-0.0925,-0.8025,0.589438291935636,-0.0925
258,B4_K05_I01-03-04-08-09,Branch4,5,3,Location3,1,1,8.27165546653221,8.47525337559886,0.203646307007432,-0.1,0.99407934793959,0.0424999999999999,-0.1025,0.993714622011773,0.0449999999999999
258,B4_K05_I01-03-04-08-09,Branch4,5,4,Location4,1,1,4.8876061952048,5.49720433075537,0.646615018756246,0.355,0.934461743465189,0.0274999999999999,0.35,0.935998798076151,0.0374999999999999
259,B4_K05_I01-03-05-06-07,Branch4,5,1,Location1,1,1,12.0118530834737,11.0538294724398,1.74659374818592,-0.5325,0.830191995866017,-0.165,-0.5325,0.835594847997521,-0.135
259,B4_K05_I01-03-05-06-07,Branch4,5,2,Location2,1,1,16.6556883643547,16.3225615992363,0.518596819614635,-0.8025,0.590566465353393,-0.085,-0.8,0.594973738916265,-0.0775
259,B4_K05_I01-03-05-06-07,Branch4,5,3,Location3,1,1,8.37227853953572,8.57941727273049,0.286772789147334,-0.1025,0.993824682728297,0.0424999999999999,-0.1025,0.993598258855157,0.0474999999999999
259,B4_K05_I01-03-05-06-07,Branch4,5,4,Location4,1,1,5.00357370735474,5.35609750914218,0.673433453140358,0.36,0.932469838654313,0.0299999999999999,0.35,0.936095614774474,0.0349999999999999
260,B4_K05_I01-03-05-06-08,Branch4,5,1,Location1,1,1,11.6687104629037,11.0538294724398,1.16313166972678,-0.5325,0.83211702902897,-0.155,-0.5325,0.835594847997521,-0.135
260,B4_K05_I01-03-05-06-08,Branch4,5,2,Location2,1,1,17.0042954972734,16.5916732698491,0.789797604388921,-0.805,0.58601941094131,-0.0925,-0.8025,0.591264534705067,-0.08
260,B4_K05_I01-03-05-06-08,Branch4,5,3,Location3,1,1,8.37227853953572,8.47525337559886,0.143378227897481,-0.1025,0.993824682728297,0.0424999999999999,-0.1025,0.993714622011773,0.0449999999999999
260,B4_K05_I01-03-05-06-08,Branch4,5,4,Location4,1,1,4.87170832758958,5.35609750914218,0.625537845248521,0.3575,0.933508168148517,0.0274999999999999,0.35,0.936095614774474,0.0349999999999999
261,B4_K05_I01-03-05-06-09,Branch4,5,1,Location1,1,1,11.736409343889,10.9842034657581,1.19013872119171,-0.535,0.830974578431856,-0.1525,-0.5325,0.835994916252485,-0.1325
261,B4_K05_I01-03-05-06-09,Branch4,5,2,Location2,1,1,16.7641002986764,16.2946229961618,1.06699428443875,-0.8025,0.589438291935636,-0.0925,-0.8,0.595294044989533,-0.075
261,B4_K05_I01-03-05-06-09,Branch4,5,3,Location3,1,1,8.37227853953572,8.57941727273049,0.286772789147334,-0.1025,0.993824682728297,0.0424999999999999,-0.1025,0.993598258855157,0.0474999999999999
261,B4_K05_I01-03-05-06-09,Branch4,5,4,Location4,1,1,4.72912490366468,5.35609750914218,0.730579036650703,0.3575,0.933578464833032,0.0249999999999999,0.35,0.936095614774474,0.0349999999999999
262,B4_K05_I01-03-05-07-08,Branch4,5,1,Location1,1,1,11.9850090552187,11.1251288876582,1.33654447938881,-0.535,0.829563138043151,-0.16,-0.5325,0.835187104785509,-0.1375
262,B4_K05_I01-03-05-07-08,Branch4,5,2,Location2,1,1,16.9666819329403,16.3834900282326,0.68645811173871,-0.805,0.586408560646926,-0.09,-0.8,0.594301060069726,-0.0825
262,B4_K05_I01-03-05-07-08,Branch4,5,3,Location3,1,1,8.27053568153326,8.47525337559886,0.286741030339623,-0.1025,0.993928443098395,0.0399999999999999,-0.1025,0.993714622011773,0.0449999999999999
262,B4_K05_I01-03-05-07-08,Branch4,5,4,Location4,1,1,4.86058692263444,5.35609750914218,0.744504897034751,0.36,0.932546915709875,0.0274999999999999,0.35,0.936095614774474,0.0349999999999999
263,B4_K05_I01-03-05-07-09,Branch4,5,1,Location1,1,1,12.2183531178971,11.1251288876582,1.52645028085708,-0.5375,0.827458458171768,-0.1625,-0.5325,0.835187104785509,-0.1375
263,B4_K05_I01-03-05-07-09,Branch4,5,2,Location2,1,1,16.9666819329403,16.1455344685618,0.885608009718923,-0.805,0.586408560646926,-0.09,-0.7975,0.597651654394096,-0.0825
263,B4_K05_I01-03-05-07-09,Branch4,5,3,Location3,1,1,8.37227853953572,8.47525337559886,0.143378227897481,-0.1025,0.993824682728297,0.0424999999999999,-0.1025,0.993714622011773,0.0449999999999999
263,B4_K05_I01-03-05-07-09,Branch4,5,4,Location4,1,1,4.86058692263444,5.35609750914218,0.744504897034751,0.36,0.932546915709875,0.0274999999999999,0.35,0.936095614774474,0.0349999999999999
264,B4_K05_I01-03-05-08-09,Branch4,5,1,Location1,1,1,11.9007118142778,11.1251288876582,1.19189507640129,-0.535,0.830041414629415,-0.1575,-0.5325,0.835187104785509,-0.1375
264,B4_K05_I01-03-05-08-09,Branch4,5,2,Location2,1,1,17.6996056457791,17.0042954972734,0.929979313841837,-0.81,0.576953204341565,-0.105,-0.805,0.58601941094131,-0.0925
264,B4_K05_I01-03-05-08-09,Branch4,5,3,Location3,1,1,8.37227853953572,8.47525337559886,0.143378227897481,-0.1025,0.993824682728297,0.0424999999999999,-0.1025,0.993714622011773,0.0449999999999999
264,B4_K05_I01-03-05-08-09,Branch4,5,4,Location4,1,1,4.58658178583189,5.38343557468632,0.937465958908567,0.3575,0.933642062034482,0.0224999999999999,0.3475,0.937026547115929,0.0349999999999999
265,B4_K05_I01-03-06-07-08,Branch4,5,1,Location1,1,1,11.7523866633935,11.0538294724398,1.30887258640692,-0.5325,0.831647461368097,-0.1575,-0.5325,0.835594847997521,-0.135
265,B4_K05_I01-03-06-07-08,Branch4,5,2,Location2,1,1,16.3834900282326,16.0563034102923,0.516676368318179,-0.8,0.594301060069726,-0.0825,-0.7975,0.598639081584221,-0.075
265,B4_K05_I01-03-06-07-08,Branch4,5,3,Location3,1,1,8.27053568153326,8.47525337559886,0.286741030339623,-0.1025,0.993928443098395,0.0399999999999999,-0.1025,0.993714622011773,0.0449999999999999
265,B4_K05_I01-03-06-07-08,Branch4,5,4,Location4,1,1,5.01433039477221,5.49720433075537,0.625269693620439,0.3575,0.933431170467325,0.0299999999999999,0.35,0.935998798076151,0.0374999999999999
266,B4_K05_I01-03-06-07-09,Branch4,5,1,Location1,1,1,12.0707025089191,11.0538294724398,1.6256618406613,-0.535,0.82907704708308,-0.1625,-0.5325,0.835594847997521,-0.135
266,B4_K05_I01-03-06-07-09,Branch4,5,2,Location2,1,1,16.5343249680969,16.0299623147197,0.514500581389333,-0.8025,0.591919546898056,-0.075,-0.7975,0.598946992646261,-0.0725
266,B4_K05_I01-03-06-07-09,Branch4,5,3,Location3,1,1,8.37227853953572,8.47525337559886,0.143378227897481,-0.1025,0.993824682728297,0.0424999999999999,-0.1025,0.993714622011773,0.0449999999999999
266,B4_K05_I01-03-06-07-09,Branch4,5,4,Location4,1,1,5.00357370735474,5.49720433075537,0.744196806263626,0.36,0.932469838654313,0.0299999999999999,0.35,0.935998798076151,0.0374999999999999
267,B4_K05_I01-03-06-08-09,Branch4,5,1,Location1,1,1,11.7523866633935,10.9842034657581,1.45393040975839,-0.5325,0.831647461368097,-0.1575,-0.5325,0.835994916252485,-0.1325
267,B4_K05_I01-03-06-08-09,Branch4,5,2,Location2,1,1,17.1384751886569,16.3225615992363,0.886419311328544,-0.8075,0.58371118714652,-0.085,-0.8,0.594973738916265,-0.0775
267,B4_K05_I01-03-06-08-09,Branch4,5,3,Location3,1,1,8.37227853953572,8.47525337559886,0.143378227897481,-0.1025,0.993824682728297,0.0424999999999999,-0.1025,0.993714622011773,0.0449999999999999
267,B4_K05_I01-03-06-08-09,Branch4,5,4,Location4,1,1,4.87170832758958,5.49720433075537,0.730280589444576,0.3575,0.933508168148517,0.0274999999999999,0.35,0.935998798076151,0.0374999999999999
268,B4_K05_I01-03-07-08-09,Branch4,5,1,Location1,1,1,12.2183531178971,11.2797465158819,1.4817989808822,-0.5375,0.827458458171768,-0.1625,-0.535,0.833587877790938,-0.1375
268,B4_K05_I01-03-07-08-09,Branch4,5,2,Location2,1,1,17.0042954972734,16.4511116590468,0.593355036019682,-0.805,0.58601941094131,-0.0925,-0.8,0.593585503529188,-0.0875
268,B4_K05_I01-03-07-08-09,Branch4,5,3,Location3,1,1,8.27053568153326,8.47525337559886,0.286741030339623,-0.1025,0.993928443098395,0.0399999999999999,-0.1025,0.993714622011773,0.0449999999999999
268,B4_K05_I01-03-07-08-09,Branch4,5,4,Location4,1,1,5.15698973655785,5.63841616718822,0.625003685057808,0.3575,0.933347470131033,0.0324999999999999,0.35,0.935895293288731,0.0399999999999999
269,B4_K05_I01-04-05-06-07,Branch4,5,1,Location1,1,1,12.452420828803,10.9842034657581,2.0064128726434,-0.54,0.82533326602046,-0.165,-0.5325,0.835994916252485,-0.1325
269,B4_K05_I01-04-05-06-07,Branch4,5,2,Location2,1,1,16.8636420220125,16.2946229961618,0.682356646819712,-0.805,0.587510638201556,-0.0825,-0.8,0.595294044989533,-0.075
269,B4_K05_I01-04-05-06-07,Branch4,5,3,Location3,1,1,8.37227853953572,8.67892896291791,0.321509195763922,-0.1025,0.993824682728297,0.0424999999999999,-0.105,0.993337178404191,0.0474999999999999
269,B4_K05_I01-04-05-06-07,Branch4,5,4,Location4,1,1,5.28961108043064,5.47473766066972,0.479861809909519,0.36,0.93229555399562,0.0349999999999999,0.3525,0.93506015849249,0.0374999999999999
270,B4_K05_I01-04-05-06-08,Branch4,5,1,Location1,1,1,12.1334478650566,10.9842034657581,1.66661079352138,-0.5375,0.827945499414062,-0.16,-0.5325,0.835994916252485,-0.1325
270,B4_K05_I01-04-05-06-08,Branch4,5,2,Location2,1,1,16.7263201816587,16.3225615992363,0.787708775077569,-0.8025,0.589825185966147,-0.09,-0.8,0.594973738916265,-0.0775
270,B4_K05_I01-04-05-06-08,Branch4,5,3,Location3,1,1,8.37227853953572,8.67892896291791,0.321509195763922,-0.1025,0.993824682728297,0.0424999999999999,-0.105,0.993337178404191,0.0474999999999999
270,B4_K05_I01-04-05-06-08,Branch4,5,4,Location4,1,1,5.00357370735474,5.63841616718822,0.833722453261178,0.36,0.932469838654313,0.0299999999999999,0.35,0.935895293288731,0.0399999999999999
271,B4_K05_I01-04-05-06-09,Branch4,5,1,Location1,1,1,12.452420828803,10.9842034657581,2.0064128726434,-0.54,0.82533326602046,-0.165,-0.5325,0.835994916252485,-0.1325
271,B4_K05_I01-04-05-06-09,Branch4,5,2,Location2,1,1,17.5350065044706,16.944944654102,0.794620127500944,-0.8125,0.577786725358068,-0.0775,-0.8075,0.585992747395392,-0.0674999999999999
271,B4_K05_I01-04-05-06-09,Branch4,5,3,Location3,1,1,8.47525337559886,8.67892896291791,0.203722369323826,-0.1025,0.993714622011773,0.0449999999999999,-0.105,0.993337178404191,0.0474999999999999
271,B4_K05_I01-04-05-06-09,Branch4,5,4,Location4,1,1,5.00357370735474,5.6165691875335,0.730236746508071,0.36,0.932469838654313,0.0299999999999999,0.3525,0.934956549792556,0.0399999999999999
272,B4_K05_I01-04-05-07-08,Branch4,5,1,Location1,1,1,12.3922485773178,11.2797465158819,1.77258102260258,-0.5375,0.826460827867843,-0.1675,-0.535,0.833587877790938,-0.1375
272,B4_K05_I01-04-05-07-08,Branch4,5,2,Location2,1,1,16.4874154723043,16.1140955535098,0.651002553800482,-0.8,0.593211597998556,-0.09,-0.7975,0.597991429704473,-0.08
272,B4_K05_I01-04-05-07-08,Branch4,5,3,Location3,1,1,8.37227853953572,8.57595304950169,0.203684170294959,-0.1025,0.993824682728297,0.0424999999999999,-0.105,0.993453572141144,0.0449999999999999
272,B4_K05_I01-04-05-07-08,Branch4,5,4,Location4,1,1,5.15698973655785,5.63841616718822,0.625003685057808,0.3575,0.933347470131033,0.0324999999999999,0.35,0.935895293288731,0.0399999999999999
273,B4_K05_I01-04-05-07-09,Branch4,5,1,Location1,1,1,12.6274334821224,11.2797465158819,1.95755123466532,-0.54,0.824317899842045,-0.17,-0.535,0.833587877790938,-0.1375
273,B4_K05_I01-04-05-07-09,Branch4,5,2,Location2,1,1,16.8963485690724,16.3521859430315,0.590118751904308,-0.805,0.587154153523587,-0.085,-0.8,0.59464274989274,-0.08
273,B4_K05_I01-04-05-07-09,Branch4,5,3,Location3,1,1,8.37227853953572,8.57941727273049,0.286772789147334,-0.1025,0.993824682728297,0.0424999999999999,-0.1025,0.993598258855157,0.0474999999999999
273,B4_K05_I01-04-05-07-09,Branch4,5,4,Location4,1,1,5.14658169849668,5.47473766066972,0.538706779795394,0.36,0.932386052019227,0.0324999999999999,0.3525,0.93506015849249,0.0374999999999999
274,B4_K05_I01-04-05-08-09,Branch4,5,1,Location1,1,1,12.3046281920336,11.2797465158819,1.62707466358191,-0.5375,0.826963572353704,-0.165,-0.535,0.833587877790938,-0.1375
274,B4_K05_I01-04-05-08-09,Branch4,5,2,Location2,1,1,17.9435236827404,17.5281018704375,0.662959243834479,-0.8125,0.573427196773924,-0.105,-0.81,0.578683851511341,-0.095
274,B4_K05_I01-04-05-08-09,Branch4,5,3,Location3,1,1,8.47525337559886,8.67892896291791,0.203722369323826,-0.1025,0.993714622011773,0.0449999999999999,-0.105,0.993337178404191,0.0474999999999999
274,B4_K05_I01-04-05-08-09,Branch4,5,4,Location4,1,1,5.01433039477221,5.77972734472995,0.846049233784466,0.3575,0.933431170467325,0.0299999999999999,0.35,0.935785098192956,0.0424999999999999
275,B4_K05_I01-04-06-07-08,Branch4,5,1,Location1,1,1,12.3046281920336,11.2092054617996,1.77134499034969,-0.5375,0.826963572353704,-0.165,-0.535,0.83399640286994,-0.135
275,B4_K05_I01-04-06-07-08,Branch4,5,2,Location2,1,1,16.7641002986764,16.3521859430315,0.788913945774887,-0.8025,0.589438291935636,-0.0925,-0.8,0.59464274989274,-0.08
275,B4_K05_I01-04-06-07-08,Branch4,5,3,Location3,1,1,8.37227853953572,8.57595304950169,0.203684170294959,-0.1025,0.993824682728297,0.0424999999999999,-0.105,0.993453572141144,0.0449999999999999
275,B4_K05_I01-04-06-07-08,Branch4,5,4,Location4,1,1,5.28961108043064,5.6165691875335,0.538493611309501,0.36,0.93229555399562,0.0349999999999999,0.3525,0.934956549792556,0.0399999999999999
276,B4_K05_I01-04-06-07-09,Branch4,5,1,Location1,1,1,12.3922485773178,10.9842034657581,2.09819045738493,-0.5375,0.826460827867843,-0.1675,-0.5325,0.835994916252485,-0.1325
276,B4_K05_I01-04-06-07-09,Branch4,5,2,Location2,1,1,16.6228504728193,16.3225615992363,0.395613818204844,-0.8025,0.590920891490561,-0.0825,-0.8,0.594973738916265,-0.0775
276,B4_K05_I01-04-06-07-09,Branch4,5,3,Location3,1,1,8.37227853953572,8.47525337559886,0.143378227897481,-0.1025,0.993824682728297,0.0424999999999999,-0.1025,0.993714622011773,0.0449999999999999
276,B4_K05_I01-04-06-07-09,Branch4,5,4,Location4,1,1,5.28961108043064,5.6165691875335,0.538493611309501,0.36,0.93229555399562,0.0349999999999999,0.3525,0.934956549792556,0.0399999999999999
277,B4_K05_I01-04-06-08-09,Branch4,5,1,Location1,1,1,12.3046281920336,11.1403286567395,1.91565378546792,-0.5375,0.826963572353704,-0.165,-0.535,0.834397237531381,-0.1325
277,B4_K05_I01-04-06-08-09,Branch4,5,2,Location2,1,1,16.6901805169901,16.5343249680969,0.722937206904567,-0.8025,0.590201236867562,-0.0875,-0.8025,0.591919546898056,-0.075
277,B4_K05_I01-04-06-08-09,Branch4,5,3,Location3,1,1,8.47525337559886,8.57941727273049,0.143394563631841,-0.1025,0.993714622011773,0.0449999999999999,-0.1025,0.993598258855157,0.0474999999999999
277,B4_K05_I01-04-06-08-09,Branch4,5,4,Location4,1,1,5.14658169849668,5.7584735057034,0.729941799841276,0.36,0.932386052019227,0.0324999999999999,0.3525,0.934846244042302,0.0424999999999999
278,B4_K05_I01-04-07-08-09,Branch4,5,1,Location1,1,1,12.481190090667,11.2092054617996,2.06275246876507,-0.5375,0.825950210363797,-0.17,-0.535,0.83399640286994,-0.135
278,B4_K05_I01-04-07-08-09,Branch4,5,2,Location2,1,1,16.5649723325997,16.7263201816587,0.353392973101754,-0.8,0.592431430631427,-0.095,-0.8025,0.589825185966147,-0.09
278,B4_K05_I01-04-07-08-09,Branch4,5,3,Location3,1,1,8.37227853953572,8.47525337559886,0.143378227897481,-0.1025,0.993824682728297,0.0424999999999999,-0.1025,0.993714622011773,0.0449999999999999
278,B4_K05_I01-04-07-08-09,Branch4,5,4,Location4,1,1,5.44241601050701,5.7584735057034,0.416504481457447,0.3575,0.933159954134338,0.0374999999999999,0.3525,0.934846244042302,0.0424999999999999
279,B4_K05_I01-05-06-07-08,Branch4,5,1,Location1,1,1,12.4811900906669,11.0538294724398,2.099848789349,-0.5375,0.825950210363797,-0.17,-0.5325,0.835594847997521,-0.135
279,B4_K05_I01-05-06-07-08,Branch4,5,2,Location2,1,1,16.3225615992363,15.9824174953235,0.645742960907551,-0.8,0.594973738916265,-0.0775,-0.7975,0.59953106675134,-0.0674999999999999
279,B4_K05_I01-05-06-07-08,Branch4,5,3,Location3,1,1,8.37227853953572,8.57941727273049,0.286772789147334,-0.1025,0.993824682728297,0.0424999999999999,-0.1025,0.993598258855157,0.0474999999999999
279,B4_K05_I01-05-06-07-08,Branch4,5,4,Location4,1,1,5.02973085550508,5.35609750914218,0.416832357236786,0.355,0.934384824363067,0.0299999999999999,0.35,0.936095614774474,0.0349999999999999
280,B4_K05_I01-05-06-07-09,Branch4,5,1,Location1,1,1,12.5714288909792,10.9842034657581,2.38782028803603,-0.5375,0.825431705230663,-0.1725,-0.5325,0.835994916252485,-0.1325
280,B4_K05_I01-05-06-07-09,Branch4,5,2,Location2,1,1,15.9612235330173,15.7239469569178,0.23764811301094,-0.7975,0.599807260709638,-0.0649999999999999,-0.795,0.603116904090741,-0.0649999999999999
280,B4_K05_I01-05-06-07-09,Branch4,5,3,Location3,1,1,8.47525337559886,8.57941727273049,0.143394563631841,-0.1025,0.993714622011773,0.0449999999999999,-0.1025,0.993598258855157,0.0474999999999999
280,B4_K05_I01-05-06-07-09,Branch4,5,4,Location4,1,1,5.01433039477221,5.35609750914218,0.538549587785804,0.3575,0.933431170467325,0.0299999999999999,0.35,0.936095614774474,0.0349999999999999
281,B4_K05_I01-05-06-08-09,Branch4,5,1,Location1,1,1,12.1334478650566,11.1403286567395,1.62479639378634,-0.5375,0.827945499414062,-0.16,-0.535,0.834397237531381,-0.1325
281,B4_K05_I01-05-06-08-09,Branch4,5,2,Location2,1,1,17.4573866123367,16.9239235534271,0.591932260667431,-0.8125,0.5787432505006,-0.07,-0.8075,0.586275319282673,-0.0649999999999999
281,B4_K05_I01-05-06-08-09,Branch4,5,3,Location3,1,1,8.47525337559886,8.57941727273049,0.143394563631841,-0.1025,0.993714622011773,0.0449999999999999,-0.1025,0.993598258855157,0.0474999999999999
281,B4_K05_I01-05-06-08-09,Branch4,5,4,Location4,1,1,4.87170832758958,5.49720433075537,0.730280589444576,0.3575,0.933508168148517,0.0274999999999999,0.35,0.935998798076151,0.0374999999999999
282,B4_K05_I01-05-07-08-09,Branch4,5,1,Location1,1,1,12.481190090667,11.2797465158819,1.91828688645062,-0.5375,0.825950210363797,-0.17,-0.535,0.833587877790938,-0.1375
282,B4_K05_I01-05-07-08-09,Branch4,5,2,Location2,1,1,16.8636420220125,16.3225615992363,0.589057469728518,-0.805,0.587510638201556,-0.0825,-0.8,0.594973738916265,-0.0775
282,B4_K05_I01-05-07-08-09,Branch4,5,3,Location3,1,1,8.47525337559886,8.57941727273049,0.143394563631841,-0.1025,0.993714622011773,0.0449999999999999,-0.1025,0.993598258855157,0.0474999999999999
282,B4_K05_I01-05-07-08-09,Branch4,5,4,Location4,1,1,4.86058692263444,5.35609750914218,0.744504897034751,0.36,0.932546915709875,0.0274999999999999,0.35,0.936095614774474,0.0349999999999999
283,B4_K05_I01-06-07-08-09,Branch4,5,1,Location1,1,1,12.5714288909792,11.3653229662401,2.18537232332881,-0.5375,0.825431705230663,-0.1725,-0.5375,0.83238737976978,-0.135
283,B4_K05_I01-06-07-08-09,Branch4,5,2,Location2,1,1,16.1140955535098,16.1998329691703,0.875656897161296,-0.7975,0.597991429704473,-0.08,-0.8,0.596468775377219,-0.0649999999999999
283,B4_K05_I01-06-07-08-09,Branch4,5,3,Location3,1,1,8.37227853953572,8.67892896291791,0.321509195763922,-0.1025,0.993824682728297,0.0424999999999999,-0.105,0.993337178404191,0.0474999999999999
283,B4_K05_I01-06-07-08-09,Branch4,5,4,Location4,1,1,5.29968523915861,5.92113282294958,0.729404324249022,0.3575,0.933257065336234,0.0349999999999999,0.35,0.935668210425042,0.0449999999999999
284,B4_K05_I02-03-04-05-06,Branch4,5,1,Location1,1,1,12.0499372541413,11.0538294724398,1.38306027296757,-0.5375,0.828424709916357,-0.1575,-0.5325,0.835594847997521,-0.135
284,B4_K05_I02-03-04-05-06,Branch4,5,2,Location2,1,1,16.9919786918736,16.4203997813746,0.786841932252528,-0.8075,0.585395165678706,-0.0725,-0.8025,0.593369614995578,-0.0625
284,B4_K05_I02-03-04-05-06,Branch4,5,3,Location3,1,1,8.47525337559886,8.67892896291791,0.203722369323826,-0.1025,0.993714622011773,0.0449999999999999,-0.105,0.993337178404191,0.0474999999999999
284,B4_K05_I02-03-04-05-06,Branch4,5,4,Location4,1,1,5.01433039477221,5.3141587849017,0.32339424089407,0.3575,0.933431170467325,0.0299999999999999,0.355,0.934210896960638,0.0349999999999999
285,B4_K05_I02-03-04-05-07,Branch4,5,1,Location1,1,1,12.0707025089191,11.1251288876582,1.48153642359229,-0.535,0.82907704708308,-0.1625,-0.5325,0.835187104785509,-0.1375
285,B4_K05_I02-03-04-05-07,Branch4,5,2,Location2,1,1,17.0042954972734,16.5621628506824,0.928067571269689,-0.805,0.58601941094131,-0.0925,-0.8025,0.591597413787451,-0.0775
285,B4_K05_I02-03-04-05-07,Branch4,5,3,Location3,1,1,8.37227853953572,8.57595304950169,0.203684170294959,-0.1025,0.993824682728297,0.0424999999999999,-0.105,0.993453572141144,0.0449999999999999
285,B4_K05_I02-03-04-05-07,Branch4,5,4,Location4,1,1,5.01433039477221,5.47473766066972,0.524824926306093,0.3575,0.933431170467325,0.0299999999999999,0.3525,0.93506015849249,0.0374999999999999
286,B4_K05_I02-03-04-05-08,Branch4,5,1,Location1,1,1,12.0499372541413,11.0538294724398,1.38306027296757,-0.5375,0.828424709916357,-0.1575,-0.5325,0.835594847997521,-0.135
286,B4_K05_I02-03-04-05-08,Branch4,5,2,Location2,1,1,17.2165414923097,16.9666819329403,0.87129355347085,-0.805,0.583909239522719,-0.105,-0.805,0.586408560646926,-0.09
286,B4_K05_I02-03-04-05-08,Branch4,5,3,Location3,1,1,8.37227853953572,8.57595304950169,0.203684170294959,-0.1025,0.993824682728297,0.0424999999999999,-0.105,0.993453572141144,0.0449999999999999
286,B4_K05_I02-03-04-05-08,Branch4,5,4,Location4,1,1,4.72912490366468,5.49720433075537,0.84666411037753,0.3575,0.933578464833032,0.0249999999999999,0.35,0.935998798076151,0.0374999999999999
287,B4_K05_I02-03-04-05-09,Branch4,5,1,Location1,1,1,11.8872006812738,10.8992081884476,1.17939655051451,-0.5375,0.829359692775095,-0.1525,-0.53,0.83718277574255,-0.135
287,B4_K05_I02-03-04-05-09,Branch4,5,2,Location2,1,1,17.5281018704375,17.5075031675748,1.15531026004912,-0.81,0.578683851511341,-0.095,-0.8125,0.578116553992359,-0.075
287,B4_K05_I02-03-04-05-09,Branch4,5,3,Location3,1,1,8.27053568153326,8.57595304950169,0.32144711891694,-0.1025,0.993928443098395,0.0399999999999999,-0.105,0.993453572141144,0.0449999999999999
287,B4_K05_I02-03-04-05-09,Branch4,5,4,Location4,1,1,5.02973085550508,5.35609750914218,0.416832357236786,0.355,0.934384824363067,0.0299999999999999,0.35,0.936095614774474,0.0349999999999999
288,B4_K05_I02-03-04-06-07,Branch4,5,1,Location1,1,1,11.9850090552187,11.0538294724398,1.48048200195783,-0.535,0.829563138043151,-0.16,-0.5325,0.835594847997521,-0.135
288,B4_K05_I02-03-04-06-07,Branch4,5,2,Location2,1,1,16.6617809351726,16.2209760781084,0.539488342812946,-0.805,0.58997351635476,-0.0625,-0.8,0.596191034820216,-0.0674999999999999
288,B4_K05_I02-03-04-06-07,Branch4,5,3,Location3,1,1,8.37227853953572,8.57595304950169,0.203684170294959,-0.1025,0.993824682728297,0.0424999999999999,-0.105,0.993453572141144,0.0449999999999999
288,B4_K05_I02-03-04-06-07,Branch4,5,4,Location4,1,1,5.28961108043064,5.45645652402962,0.336811605404798,0.36,0.93229555399562,0.0349999999999999,0.355,0.934113884919821,0.0374999999999999
289,B4_K05_I02-03-04-06-08,Branch4,5,1,Location1,1,1,11.8178365547027,10.9842034657581,1.33462042558672,-0.535,0.830511890342336,-0.155,-0.5325,0.835994916252485,-0.1325
289,B4_K05_I02-03-04-06-08,Branch4,5,2,Location2,1,1,16.6062097525257,16.4164675000547,0.724632115787784,-0.8,0.592025126155976,-0.0975,-0.8,0.59394865097919,-0.085
289,B4_K05_I02-03-04-06-08,Branch4,5,3,Location3,1,1,8.37227853953572,8.4741818022773,0.144018104997293,-0.1025,0.993824682728297,0.0424999999999999,-0.105,0.993563661775128,0.0424999999999999
289,B4_K05_I02-03-04-06-08,Branch4,5,4,Location4,1,1,4.86058692263444,5.47473766066972,0.730534875953246,0.36,0.932546915709875,0.0274999999999999,0.3525,0.93506015849249,0.0374999999999999
290,B4_K05_I02-03-04-06-09,Branch4,5,1,Location1,1,1,11.9007118142778,11.0538294724398,1.33557583565521,-0.535,0.830041414629415,-0.1575,-0.5325,0.835594847997521,-0.135
290,B4_K05_I02-03-04-06-09,Branch4,5,2,Location2,1,1,17.0749451329039,16.7249474249939,0.649407397556363,-0.8075,0.584417444982608,-0.08,-0.805,0.589130715546219,-0.07
290,B4_K05_I02-03-04-06-09,Branch4,5,3,Location3,1,1,8.37227853953572,8.47525337559886,0.143378227897481,-0.1025,0.993824682728297,0.0424999999999999,-0.1025,0.993714622011773,0.0449999999999999
290,B4_K05_I02-03-04-06-09,Branch4,5,4,Location4,1,1,5.01433039477221,5.47473766066972,0.524824926306093,0.3575,0.933431170467325,0.0299999999999999,0.3525,0.93506015849249,0.0374999999999999
291,B4_K05_I02-03-04-07-08,Branch4,5,1,Location1,1,1,11.9850090552187,11.2092054617996,1.4547808797825,-0.535,0.829563138043151,-0.16,-0.535,0.83399640286994,-0.135
291,B4_K05_I02-03-04-07-08,Branch4,5,2,Location2,1,1,17.0042954972734,16.8963485690724,0.434609983801654,-0.805,0.58601941094131,-0.0925,-0.805,0.587154153523587,-0.085
291,B4_K05_I02-03-04-07-08,Branch4,5,3,Location3,1,1,8.27053568153326,8.4741818022773,0.203646632725137,-0.1025,0.993928443098395,0.0399999999999999,-0.105,0.993563661775128,0.0424999999999999
291,B4_K05_I02-03-04-07-08,Branch4,5,4,Location4,1,1,5.15698973655785,5.47473766066972,0.416857942903699,0.3575,0.933347470131033,0.0324999999999999,0.3525,0.93506015849249,0.0374999999999999
292,B4_K05_I02-03-04-07-09,Branch4,5,1,Location1,1,1,12.3046281920336,11.2797465158819,1.62707466358191,-0.5375,0.826963572353704,-0.165,-0.535,0.833587877790938,-0.1375
292,B4_K05_I02-03-04-07-09,Branch4,5,2,Location2,1,1,16.6556883643547,16.5621628506824,0.433760189356362,-0.8025,0.590566465353393,-0.085,-0.8025,0.591597413787451,-0.0775
292,B4_K05_I02-03-04-07-09,Branch4,5,3,Location3,1,1,8.37227853953572,8.4741818022773,0.144018104997293,-0.1025,0.993824682728297,0.0424999999999999,-0.105,0.993563661775128,0.0424999999999999
292,B4_K05_I02-03-04-07-09,Branch4,5,4,Location4,1,1,5.01433039477221,5.47473766066972,0.524824926306093,0.3575,0.933431170467325,0.0299999999999999,0.3525,0.93506015849249,0.0374999999999999
293,B4_K05_I02-03-04-08-09,Branch4,5,1,Location1,1,1,11.9850090552187,11.2797465158819,1.30964576432136,-0.535,0.829563138043151,-0.16,-0.535,0.833587877790938,-0.1375
293,B4_K05_I02-03-04-08-09,Branch4,5,2,Location2,1,1,16.8035135090549,16.9306973648369,0.471010652187885,-0.8025,0.589040533410053,-0.095,-0.805,0.58678680114672,-0.0875
293,B4_K05_I02-03-04-08-09,Branch4,5,3,Location3,1,1,8.37227853953572,8.4741818022773,0.144018104997293,-0.1025,0.993824682728297,0.0424999999999999,-0.105,0.993563661775128,0.0424999999999999
293,B4_K05_I02-03-04-08-09,Branch4,5,4,Location4,1,1,5.01433039477221,5.47473766066972,0.524824926306093,0.3575,0.933431170467325,0.0299999999999999,0.3525,0.93506015849249,0.0374999999999999
294,B4_K05_I02-03-05-06-07,Branch4,5,1,Location1,1,1,12.2461765930869,11.0538294724398,1.91667592891665,-0.535,0.828081366775029,-0.1675,-0.5325,0.835594847997521,-0.135
294,B4_K05_I02-03-05-06-07,Branch4,5,2,Location2,1,1,16.2683757672907,16.0299623147197,0.23919000696774,-0.8,0.5956036853479,-0.0725,-0.7975,0.598946992646261,-0.0725
294,B4_K05_I02-03-05-06-07,Branch4,5,3,Location3,1,1,8.47525337559886,8.67892896291791,0.203722369323826,-0.1025,0.993714622011773,0.0449999999999999,-0.105,0.993337178404191,0.0474999999999999
294,B4_K05_I02-03-05-06-07,Branch4,5,4,Location4,1,1,4.72912490366468,5.33298253465879,0.646943583022697,0.3575,0.933578464833032,0.0249999999999999,0.3525,0.935157072368059,0.0349999999999999
295,B4_K05_I02-03-05-06-08,Branch4,5,1,Location1,1,1,11.736409343889,11.0538294724398,1.04689311044236,-0.535,0.830974578431856,-0.1525,-0.5325,0.835594847997521,-0.135
295,B4_K05_I02-03-05-06-08,Branch4,5,2,Location2,1,1,16.8035135090549,16.3834900282326,0.790133841856932,-0.8025,0.589040533410053,-0.095,-0.8,0.594301060069726,-0.0825
295,B4_K05_I02-03-05-06-08,Branch4,5,3,Location3,1,1,8.37227853953572,8.57595304950169,0.203684170294959,-0.1025,0.993824682728297,0.0424999999999999,-0.105,0.993453572141144,0.0449999999999999
295,B4_K05_I02-03-05-06-08,Branch4,5,4,Location4,1,1,4.87170832758958,5.35609750914218,0.625537845248521,0.3575,0.933508168148517,0.0274999999999999,0.35,0.936095614774474,0.0349999999999999
296,B4_K05_I02-03-05-06-09,Branch4,5,1,Location1,1,1,11.8872006812737,11.0538294724398,1.10231269258402,-0.5375,0.829359692775095,-0.1525,-0.5325,0.835594847997521,-0.135
296,B4_K05_I02-03-05-06-09,Branch4,5,2,Location2,1,1,16.8963485690724,16.483688053051,0.924174089946845,-0.805,0.587154153523587,-0.085,-0.8025,0.592531644724567,-0.07
296,B4_K05_I02-03-05-06-09,Branch4,5,3,Location3,1,1,8.37227853953572,8.47525337559886,0.143378227897481,-0.1025,0.993824682728297,0.0424999999999999,-0.1025,0.993714622011773,0.0449999999999999
296,B4_K05_I02-03-05-06-09,Branch4,5,4,Location4,1,1,4.71762125934191,5.35609750914218,0.834440846174308,0.36,0.932617284849471,0.0249999999999999,0.35,0.936095614774474,0.0349999999999999
297,B4_K05_I02-03-05-07-08,Branch4,5,1,Location1,1,1,12.0707025089191,11.1251288876582,1.48153642359229,-0.535,0.82907704708308,-0.1625,-0.5325,0.835187104785509,-0.1375
297,B4_K05_I02-03-05-07-08,Branch4,5,2,Location2,1,1,16.7263201816587,16.6556883643547,0.289610468440886,-0.8025,0.589825185966147,-0.09,-0.8025,0.590566465353393,-0.085
297,B4_K05_I02-03-05-07-08,Branch4,5,3,Location3,1,1,8.37227853953572,8.57595304950169,0.203684170294959,-0.1025,0.993824682728297,0.0424999999999999,-0.105,0.993453572141144,0.0449999999999999
297,B4_K05_I02-03-05-07-08,Branch4,5,4,Location4,1,1,4.87170832758958,5.35609750914218,0.625537845248521,0.3575,0.933508168148517,0.0274999999999999,0.35,0.936095614774474,0.0349999999999999
298,B4_K05_I02-03-05-07-09,Branch4,5,1,Location1,1,1,12.2183531178971,11.3519243350815,1.33778631919406,-0.5375,0.827458458171768,-0.1625,-0.535,0.833171650981957,-0.14
298,B4_K05_I02-03-05-07-09,Branch4,5,2,Location2,1,1,17.2085275133344,16.6228504728193,0.689000693928802,-0.8075,0.582961190818051,-0.09,-0.8025,0.590920891490561,-0.0825
298,B4_K05_I02-03-05-07-09,Branch4,5,3,Location3,1,1,8.37227853953572,8.47525337559886,0.143378227897481,-0.1025,0.993824682728297,0.0424999999999999,-0.1025,0.993714622011773,0.0449999999999999
298,B4_K05_I02-03-05-07-09,Branch4,5,4,Location4,1,1,4.86058692263444,5.35609750914218,0.744504897034751,0.36,0.932546915709875,0.0274999999999999,0.35,0.936095614774474,0.0349999999999999
299,B4_K05_I02-03-05-08-09,Branch4,5,1,Location1,1,1,11.9678463979394,11.1251288876582,1.10335391733326,-0.5375,0.828896103260234,-0.155,-0.5325,0.835187104785509,-0.1375
299,B4_K05_I02-03-05-08-09,Branch4,5,2,Location2,1,1,17.4572876298657,17.0435309927201,0.660777610855728,-0.8075,0.58044702600668,-0.105,-0.805,0.585619330282053,-0.095
299,B4_K05_I02-03-05-08-09,Branch4,5,3,Location3,1,1,8.37227853953572,8.57595304950169,0.203684170294959,-0.1025,0.993824682728297,0.0424999999999999,-0.105,0.993453572141144,0.0449999999999999
299,B4_K05_I02-03-05-08-09,Branch4,5,4,Location4,1,1,4.72912490366468,5.38343557468632,0.834028613693244,0.3575,0.933578464833032,0.0249999999999999,0.3475,0.937026547115929,0.0349999999999999
300,B4_K05_I02-03-06-07-08,Branch4,5,1,Location1,1,1,11.8374867342012,11.0538294724398,1.45469565877742,-0.5325,0.831170108942809,-0.16,-0.5325,0.835594847997521,-0.135
300,B4_K05_I02-03-06-07-08,Branch4,5,2,Location2,1,1,16.1455344685618,16.1455344685618,0,-0.7975,0.597651654394096,-0.0825,-0.7975,0.597651654394096,-0.0825
300,B4_K05_I02-03-06-07-08,Branch4,5,3,Location3,1,1,8.37227853953572,8.57595304950169,0.203684170294959,-0.1025,0.993824682728297,0.0424999999999999,-0.105,0.993453572141144,0.0449999999999999
300,B4_K05_I02-03-06-07-08,Branch4,5,4,Location4,1,1,5.00357370735474,5.63841616718822,0.833722453261178,0.36,0.932469838654313,0.0299999999999999,0.35,0.935895293288731,0.0399999999999999
301,B4_K05_I02-03-06-07-09,Branch4,5,1,Location1,1,1,12.0707025089191,11.0538294724398,1.6256618406613,-0.535,0.82907704708308,-0.1625,-0.5325,0.835594847997521,-0.135
301,B4_K05_I02-03-06-07-09,Branch4,5,2,Location2,1,1,16.2438251703859,16.0053319811977,0.239113470009486,-0.8,0.595902676617583,-0.07,-0.7975,0.599244315784472,-0.07
301,B4_K05_I02-03-06-07-09,Branch4,5,3,Location3,1,1,8.37227853953572,8.47525337559886,0.143378227897481,-0.1025,0.993824682728297,0.0424999999999999,-0.1025,0.993714622011773,0.0449999999999999
301,B4_K05_I02-03-06-07-09,Branch4,5,4,Location4,1,1,5.01433039477221,5.49720433075537,0.625269693620439,0.3575,0.933431170467325,0.0299999999999999,0.35,0.935998798076151,0.0374999999999999
302,B4_K05_I02-03-06-08-09,Branch4,5,1,Location1,1,1,11.8178365547027,10.9842034657581,1.33462042558672,-0.535,0.830511890342336,-0.155,-0.5325,0.835994916252485,-0.1325
302,B4_K05_I02-03-06-08-09,Branch4,5,2,Location2,1,1,16.7263201816587,16.3834900282326,0.520522039815599,-0.8025,0.589825185966147,-0.09,-0.8,0.594301060069726,-0.0825
302,B4_K05_I02-03-06-08-09,Branch4,5,3,Location3,1,1,8.37227853953572,8.47525337559886,0.143378227897481,-0.1025,0.993824682728297,0.0424999999999999,-0.1025,0.993714622011773,0.0449999999999999
302,B4_K05_I02-03-06-08-09,Branch4,5,4,Location4,1,1,4.86058692263444,5.49720433075537,0.83408021684274,0.36,0.932546915709875,0.0274999999999999,0.35,0.935998798076151,0.0374999999999999
303,B4_K05_I02-03-07-08-09,Branch4,5,1,Location1,1,1,12.2183531178971,11.2797465158819,1.4817989808822,-0.5375,0.827458458171768,-0.1625,-0.535,0.833587877790938,-0.1375
303,B4_K05_I02-03-07-08-09,Branch4,5,2,Location2,1,1,16.3521859430315,16.4164675000547,0.289226390285613,-0.8,0.59464274989274,-0.08,-0.8,0.59394865097919,-0.085
303,B4_K05_I02-03-07-08-09,Branch4,5,3,Location3,1,1,8.37227853953572,8.47525337559886,0.143378227897481,-0.1025,0.993824682728297,0.0424999999999999,-0.1025,0.993714622011773,0.0449999999999999
303,B4_K05_I02-03-07-08-09,Branch4,5,4,Location4,1,1,5.3141587849017,5.63841616718822,0.416479327027537,0.355,0.934210896960638,0.0349999999999999,0.35,0.935895293288731,0.0399999999999999
304,B4_K05_I02-04-05-06-07,Branch4,5,1,Location1,1,1,12.2183531178971,11.0538294724398,1.66799684881308,-0.5375,0.827458458171768,-0.1625,-0.5325,0.835594847997521,-0.135
304,B4_K05_I02-04-05-06-07,Branch4,5,2,Location2,1,1,16.2209760781084,16.2209760781084,0,-0.8,0.596191034820216,-0.0674999999999999,-0.8,0.596191034820216,-0.0674999999999999
304,B4_K05_I02-04-05-06-07,Branch4,5,3,Location3,1,1,8.47525337559886,8.57595304950169,0.144018277058768,-0.1025,0.993714622011773,0.0449999999999999,-0.105,0.993453572141144,0.0449999999999999
304,B4_K05_I02-04-05-06-07,Branch4,5,4,Location4,1,1,5.14658169849668,5.47473766066972,0.538706779795394,0.36,0.932386052019227,0.0324999999999999,0.3525,0.93506015849249,0.0374999999999999
305,B4_K05_I02-04-05-06-08,Branch4,5,1,Location1,1,1,11.9007118142778,11.0538294724398,1.33557583565521,-0.535,0.830041414629415,-0.1575,-0.5325,0.835594847997521,-0.135
305,B4_K05_I02-04-05-06-08,Branch4,5,2,Location2,1,1,16.7641002986764,16.5916732698491,0.723805327781611,-0.8025,0.589438291935636,-0.0925,-0.8025,0.591264534705067,-0.08
305,B4_K05_I02-04-05-06-08,Branch4,5,3,Location3,1,1,8.37227853953572,8.57595304950169,0.203684170294959,-0.1025,0.993824682728297,0.0424999999999999,-0.105,0.993453572141144,0.0449999999999999
305,B4_K05_I02-04-05-06-08,Branch4,5,4,Location4,1,1,5.00357370735474,5.63841616718822,0.833722453261178,0.36,0.932469838654313,0.0299999999999999,0.35,0.935895293288731,0.0399999999999999
306,B4_K05_I02-04-05-06-09,Branch4,5,1,Location1,1,1,12.0499372541413,11.0538294724398,1.38306027296757,-0.5375,0.828424709916357,-0.1575,-0.5325,0.835594847997521,-0.135
306,B4_K05_I02-04-05-06-09,Branch4,5,2,Location2,1,1,17.2117675054175,16.9239235534271,0.395123614613035,-0.81,0.582237065120385,-0.07,-0.8075,0.586275319282673,-0.0649999999999999
306,B4_K05_I02-04-05-06-09,Branch4,5,3,Location3,1,1,8.47525337559886,8.57595304950169,0.144018277058768,-0.1025,0.993714622011773,0.0449999999999999,-0.105,0.993453572141144,0.0449999999999999
306,B4_K05_I02-04-05-06-09,Branch4,5,4,Location4,1,1,5.00357370735474,5.47473766066972,0.625576881391288,0.36,0.932469838654313,0.0299999999999999,0.3525,0.93506015849249,0.0374999999999999
307,B4_K05_I02-04-05-07-08,Branch4,5,1,Location1,1,1,12.3046281920336,11.2797465158819,1.62707466358191,-0.5375,0.826963572353704,-0.165,-0.535,0.833587877790938,-0.1375
307,B4_K05_I02-04-05-07-08,Branch4,5,2,Location2,1,1,17.1384751886569,16.803180018571,0.520635604069707,-0.8075,0.58371118714652,-0.085,-0.805,0.588191082897386,-0.0775
307,B4_K05_I02-04-05-07-08,Branch4,5,3,Location3,1,1,8.37227853953572,8.57595304950169,0.203684170294959,-0.1025,0.993824682728297,0.0424999999999999,-0.105,0.993453572141144,0.0449999999999999
307,B4_K05_I02-04-05-07-08,Branch4,5,4,Location4,1,1,5.01433039477221,5.49720433075537,0.625269693620439,0.3575,0.933431170467325,0.0299999999999999,0.35,0.935998798076151,0.0374999999999999
308,B4_K05_I02-04-05-07-09,Branch4,5,1,Location1,1,1,12.452420828803,11.2797465158819,1.66990291063715,-0.54,0.82533326602046,-0.165,-0.535,0.833587877790938,-0.1375
308,B4_K05_I02-04-05-07-09,Branch4,5,2,Location2,1,1,16.6556883643547,16.5916732698491,0.289257758213387,-0.8025,0.590566465353393,-0.085,-0.8025,0.591264534705067,-0.08
308,B4_K05_I02-04-05-07-09,Branch4,5,3,Location3,1,1,8.37227853953572,8.57595304950169,0.203684170294959,-0.1025,0.993824682728297,0.0424999999999999,-0.105,0.993453572141144,0.0449999999999999
308,B4_K05_I02-04-05-07-09,Branch4,5,4,Location4,1,1,5.14658169849668,5.47473766066972,0.538706779795394,0.36,0.932386052019227,0.0324999999999999,0.3525,0.93506015849249,0.0374999999999999
309,B4_K05_I02-04-05-08-09,Branch4,5,1,Location1,1,1,12.1334478650566,11.1251288876582,1.38428220882093,-0.5375,0.827945499414062,-0.16,-0.5325,0.835187104785509,-0.1375
309,B4_K05_I02-04-05-08-09,Branch4,5,2,Location2,1,1,17.4572876298657,17.2850512570873,0.581376243406893,-0.8075,0.58044702600668,-0.105,-0.8075,0.582167286954532,-0.095
309,B4_K05_I02-04-05-08-09,Branch4,5,3,Location3,1,1,8.37227853953572,8.57595304950169,0.203684170294959,-0.1025,0.993824682728297,0.0424999999999999,-0.105,0.993453572141144,0.0449999999999999
309,B4_K05_I02-04-05-08-09,Branch4,5,4,Location4,1,1,5.01433039477221,5.63841616718822,0.729985326208063,0.3575,0.933431170467325,0.0299999999999999,0.35,0.935895293288731,0.0399999999999999
310,B4_K05_I02-04-06-07-08,Branch4,5,1,Location1,1,1,11.9850090552187,11.1403286567395,1.59984465303025,-0.535,0.829563138043151,-0.16,-0.535,0.834397237531381,-0.1325
310,B4_K05_I02-04-06-07-08,Branch4,5,2,Location2,1,1,16.7263201816587,16.6228504728193,0.434281016047907,-0.8025,0.589825185966147,-0.09,-0.8025,0.590920891490561,-0.0825
310,B4_K05_I02-04-06-07-08,Branch4,5,3,Location3,1,1,8.37227853953572,8.4741818022773,0.144018104997293,-0.1025,0.993824682728297,0.0424999999999999,-0.105,0.993563661775128,0.0424999999999999
310,B4_K05_I02-04-06-07-08,Branch4,5,4,Location4,1,1,5.14658169849668,5.6165691875335,0.625308406418575,0.36,0.932386052019227,0.0324999999999999,0.3525,0.934956549792556,0.0399999999999999
311,B4_K05_I02-04-06-07-09,Branch4,5,1,Location1,1,1,12.1334478650566,11.0538294724398,1.52513828416861,-0.5375,0.827945499414062,-0.16,-0.5325,0.835594847997521,-0.135
311,B4_K05_I02-04-06-07-09,Branch4,5,2,Location2,1,1,16.7754359241675,16.5343249680969,0.242005448225301,-0.805,0.588515080520457,-0.075,-0.8025,0.591919546898056,-0.075
311,B4_K05_I02-04-06-07-09,Branch4,5,3,Location3,1,1,8.37227853953572,8.57595304950169,0.203684170294959,-0.1025,0.993824682728297,0.0424999999999999,-0.105,0.993453572141144,0.0449999999999999
311,B4_K05_I02-04-06-07-09,Branch4,5,4,Location4,1,1,5.14658169849668,5.6165691875335,0.625308406418575,0.36,0.932386052019227,0.0324999999999999,0.3525,0.934956549792556,0.0399999999999999
312,B4_K05_I02-04-06-08-09,Branch4,5,1,Location1,1,1,12.0499372541413,11.1403286567395,1.47969404455983,-0.5375,0.828424709916357,-0.1575,-0.535,0.834397237531381,-0.1325
312,B4_K05_I02-04-06-08-09,Branch4,5,2,Location2,1,1,16.9666819329403,16.8325838898585,0.578933367454934,-0.805,0.586408560646926,-0.09,-0.805,0.587856274951625,-0.08
312,B4_K05_I02-04-06-08-09,Branch4,5,3,Location3,1,1,8.37227853953572,8.57595304950169,0.203684170294959,-0.1025,0.993824682728297,0.0424999999999999,-0.105,0.993453572141144,0.0449999999999999
312,B4_K05_I02-04-06-08-09,Branch4,5,4,Location4,1,1,5.14658169849668,5.6165691875335,0.625308406418575,0.36,0.932386052019227,0.0324999999999999,0.3525,0.934956549792556,0.0399999999999999
313,B4_K05_I02-04-07-08-09,Branch4,5,1,Location1,1,1,12.3046281920336,11.2092054617996,1.77134499034969,-0.5375,0.826963572353704,-0.165,-0.535,0.83399640286994,-0.135
313,B4_K05_I02-04-07-08-09,Branch4,5,2,Location2,1,1,17.0042954972734,17.1384751886569,0.471876159447855,-0.805,0.58601941094131,-0.0925,-0.8075,0.58371118714652,-0.085
313,B4_K05_I02-04-07-08-09,Branch4,5,3,Location3,1,1,8.37227853953572,8.4741818022773,0.144018104997293,-0.1025,0.993824682728297,0.0424999999999999,-0.105,0.993563661775128,0.0424999999999999
313,B4_K05_I02-04-07-08-09,Branch4,5,4,Location4,1,1,5.29968523915861,5.6165691875335,0.416680500721845,0.3575,0.933257065336234,0.0349999999999999,0.3525,0.934956549792556,0.0399999999999999
314,B4_K05_I02-05-06-07-08,Branch4,5,1,Location1,1,1,12.2827869729163,11.2092054617996,1.52563192161079,-0.54,0.826317130404544,-0.16,-0.535,0.83399640286994,-0.135
314,B4_K05_I02-05-06-07-08,Branch4,5,2,Location2,1,1,16.8325838898585,16.5621628506824,0.294926808463761,-0.805,0.587856274951625,-0.08,-0.8025,0.591597413787451,-0.0775
314,B4_K05_I02-05-06-07-08,Branch4,5,3,Location3,1,1,8.37227853953572,8.57595304950169,0.203684170294959,-0.1025,0.993824682728297,0.0424999999999999,-0.105,0.993453572141144,0.0449999999999999
314,B4_K05_I02-05-06-07-08,Branch4,5,4,Location4,1,1,4.87170832758958,5.35609750914218,0.625537845248521,0.3575,0.933508168148517,0.0274999999999999,0.35,0.936095614774474,0.0349999999999999
315,B4_K05_I02-05-06-07-09,Branch4,5,1,Location1,1,1,12.3046281920336,11.2797465158819,1.62707466358191,-0.5375,0.826963572353704,-0.165,-0.535,0.833587877790938,-0.1375
315,B4_K05_I02-05-06-07-09,Branch4,5,2,Location2,1,1,16.0299623147197,16.0053319811977,0.144248931372881,-0.7975,0.598946992646261,-0.0725,-0.7975,0.599244315784472,-0.07
315,B4_K05_I02-05-06-07-09,Branch4,5,3,Location3,1,1,8.47525337559886,8.57595304950169,0.144018277058768,-0.1025,0.993714622011773,0.0449999999999999,-0.105,0.993453572141144,0.0449999999999999
315,B4_K05_I02-05-06-07-09,Branch4,5,4,Location4,1,1,4.86058692263444,5.35609750914218,0.744504897034751,0.36,0.932546915709875,0.0274999999999999,0.35,0.936095614774474,0.0349999999999999
316,B4_K05_I02-05-06-08-09,Branch4,5,1,Location1,1,1,12.0499372541413,11.2092054617996,1.33582549126571,-0.5375,0.828424709916357,-0.1575,-0.535,0.83399640286994,-0.135
316,B4_K05_I02-05-06-08-09,Branch4,5,2,Location2,1,1,16.6228504728193,16.5343249680969,0.43351209666653,-0.8025,0.590920891490561,-0.0825,-0.8025,0.591919546898056,-0.075
316,B4_K05_I02-05-06-08-09,Branch4,5,3,Location3,1,1,8.47525337559886,8.57595304950169,0.144018277058768,-0.1025,0.993714622011773,0.0449999999999999,-0.105,0.993453572141144,0.0449999999999999
316,B4_K05_I02-05-06-08-09,Branch4,5,4,Location4,1,1,4.57467674719183,5.52379292677837,1.14493578677978,0.36,0.932680947591404,0.0224999999999999,0.3475,0.936929826614566,0.0374999999999999
317,B4_K05_I02-05-07-08-09,Branch4,5,1,Location1,1,1,12.3669196298846,11.2797465158819,1.52695157387518,-0.54,0.825829128815398,-0.1625,-0.535,0.833587877790938,-0.1375
317,B4_K05_I02-05-07-08-09,Branch4,5,2,Location2,1,1,16.8963485690724,16.5916732698491,0.397557684164912,-0.805,0.587154153523587,-0.085,-0.8025,0.591264534705067,-0.08
317,B4_K05_I02-05-07-08-09,Branch4,5,3,Location3,1,1,8.37227853953572,8.57595304950169,0.203684170294959,-0.1025,0.993824682728297,0.0424999999999999,-0.105,0.993453572141144,0.0449999999999999
317,B4_K05_I02-05-07-08-09,Branch4,5,4,Location4,1,1,4.71762125934191,5.35609750914218,0.834440846174308,0.36,0.932617284849471,0.0249999999999999,0.35,0.936095614774474,0.0349999999999999
318,B4_K05_I02-06-07-08-09,Branch4,5,1,Location1,1,1,11.9850090552187,11.2092054617996,1.4547808797825,-0.535,0.829563138043151,-0.16,-0.535,0.83399640286994,-0.135
318,B4_K05_I02-06-07-08-09,Branch4,5,2,Location2,1,1,16.5649723325997,16.6901805169901,0.470642695831244,-0.8,0.592431430631427,-0.095,-0.8025,0.590201236867562,-0.0875
318,B4_K05_I02-06-07-08-09,Branch4,5,3,Location3,1,1,8.37227853953572,8.4741818022773,0.144018104997293,-0.1025,0.993824682728297,0.0424999999999999,-0.105,0.993563661775128,0.0424999999999999
318,B4_K05_I02-06-07-08-09,Branch4,5,4,Location4,1,1,5.15698973655785,5.6642885045171,0.743423473582263,0.3575,0.933347470131033,0.0324999999999999,0.3475,0.936826424691362,0.0399999999999999
319,B4_K05_I03-04-05-06-07,Branch4,5,1,Location1,1,1,11.6564565259031,10.760131209736,1.23929262437893,-0.535,0.831429491899343,-0.15,-0.53,0.837973746605465,-0.13
319,B4_K05_I03-04-05-06-07,Branch4,5,2,Location2,1,1,16.8636420220125,16.5621628506824,0.396757971777655,-0.805,0.587510638201556,-0.0825,-0.8025,0.591597413787451,-0.0775
319,B4_K05_I03-04-05-06-07,Branch4,5,3,Location3,1,1,8.47525337559886,8.67892896291791,0.203722369323826,-0.1025,0.993714622011773,0.0449999999999999,-0.105,0.993337178404191,0.0474999999999999
319,B4_K05_I03-04-05-06-07,Branch4,5,4,Location4,1,1,4.86058692263444,5.35609750914218,0.744504897034751,0.36,0.932546915709875,0.0274999999999999,0.35,0.936095614774474,0.0349999999999999
320,B4_K05_I03-04-05-06-08,Branch4,5,1,Location1,1,1,11.6687104629037,10.9842034657581,1.30819032706141,-0.5325,0.83211702902897,-0.155,-0.5325,0.835994916252485,-0.1325
320,B4_K05_I03-04-05-06-08,Branch4,5,2,Location2,1,1,16.3278820484403,16.3521859430315,0.87378698106355,-0.7975,0.595792539396055,-0.095,-0.8,0.59464274989274,-0.08
320,B4_K05_I03-04-05-06-08,Branch4,5,3,Location3,1,1,8.27053568153326,8.57595304950169,0.32144711891694,-0.1025,0.993928443098395,0.0399999999999999,-0.105,0.993453572141144,0.0449999999999999
320,B4_K05_I03-04-05-06-08,Branch4,5,4,Location4,1,1,5.01433039477221,5.49720433075537,0.625269693620439,0.3575,0.933431170467325,0.0299999999999999,0.35,0.935998798076151,0.0374999999999999
321,B4_K05_I03-04-05-06-09,Branch4,5,1,Location1,1,1,12.0499372541413,10.8288137870786,1.58488485747944,-0.5375,0.828424709916357,-0.1575,-0.53,0.837582085529532,-0.1325
321,B4_K05_I03-04-05-06-09,Branch4,5,2,Location2,1,1,16.9306973648369,16.483688053051,1.06501307402952,-0.805,0.58678680114672,-0.0875,-0.8025,0.592531644724567,-0.07
321,B4_K05_I03-04-05-06-09,Branch4,5,3,Location3,1,1,8.27165546653221,8.47525337559886,0.203646307007432,-0.1,0.99407934793959,0.0424999999999999,-0.1025,0.993714622011773,0.0449999999999999
321,B4_K05_I03-04-05-06-09,Branch4,5,4,Location4,1,1,4.86058692263444,5.49720433075537,0.83408021684274,0.36,0.932546915709875,0.0274999999999999,0.35,0.935998798076151,0.0374999999999999
322,B4_K05_I03-04-05-07-08,Branch4,5,1,Location1,1,1,12.2183531178971,11.0538294724398,1.66799684881308,-0.5375,0.827458458171768,-0.1625,-0.5325,0.835594847997521,-0.135
322,B4_K05_I03-04-05-07-08,Branch4,5,2,Location2,1,1,16.5253715850573,16.3521859430315,0.723719366700199,-0.8,0.592826914031406,-0.0925,-0.8,0.59464274989274,-0.08
322,B4_K05_I03-04-05-07-08,Branch4,5,3,Location3,1,1,8.27053568153326,8.57595304950169,0.32144711891694,-0.1025,0.993928443098395,0.0399999999999999,-0.105,0.993453572141144,0.0449999999999999
322,B4_K05_I03-04-05-07-08,Branch4,5,4,Location4,1,1,5.01433039477221,5.49720433075537,0.625269693620439,0.3575,0.933431170467325,0.0299999999999999,0.35,0.935998798076151,0.0374999999999999
323,B4_K05_I03-04-05-07-09,Branch4,5,1,Location1,1,1,12.2183531178971,11.0538294724398,1.66799684881308,-0.5375,0.827458458171768,-0.1625,-0.5325,0.835594847997521,-0.135
323,B4_K05_I03-04-05-07-09,Branch4,5,2,Location2,1,1,16.7641002986764,16.5916732698491,0.723805327781611,-0.8025,0.589438291935636,-0.0925,-0.8025,0.591264534705067,-0.08
323,B4_K05_I03-04-05-07-09,Branch4,5,3,Location3,1,1,8.37227853953572,8.47525337559886,0.143378227897481,-0.1025,0.993824682728297,0.0424999999999999,-0.1025,0.993714622011773,0.0449999999999999
323,B4_K05_I03-04-05-07-09,Branch4,5,4,Location4,1,1,5.01433039477221,5.35609750914218,0.538549587785804,0.3575,0.933431170467325,0.0299999999999999,0.35,0.936095614774474,0.0349999999999999
324,B4_K05_I03-04-05-08-09,Branch4,5,1,Location1,1,1,11.9007118142778,11.0538294724398,1.33557583565521,-0.535,0.830041414629415,-0.1575,-0.5325,0.835594847997521,-0.135
324,B4_K05_I03-04-05-08-09,Branch4,5,2,Location2,1,1,17.1766381175903,16.8445521661108,1.01897980423062,-0.8025,0.585464559132318,-0.115,-0.8025,0.588631888364876,-0.0975
324,B4_K05_I03-04-05-08-09,Branch4,5,3,Location3,1,1,8.37227853953572,8.47525337559886,0.143378227897481,-0.1025,0.993824682728297,0.0424999999999999,-0.1025,0.993714622011773,0.0449999999999999
324,B4_K05_I03-04-05-08-09,Branch4,5,4,Location4,1,1,4.87170832758958,5.52379292677837,0.833671276193638,0.3575,0.933508168148517,0.0274999999999999,0.3475,0.936929826614566,0.0374999999999999
325,B4_K05_I03-04-06-07-08,Branch4,5,1,Location1,1,1,11.3558831209777,10.9162793085651,1.15925574804806,-0.53,0.834625664594613,-0.15,-0.5325,0.836387320563864,-0.13
325,B4_K05_I03-04-06-07-08,Branch4,5,2,Location2,1,1,16.6062097525257,16.6556883643547,0.735151851637028,-0.8,0.592025126155976,-0.0975,-0.8025,0.590566465353393,-0.085
325,B4_K05_I03-04-06-07-08,Branch4,5,3,Location3,1,1,8.27053568153326,8.4741818022773,0.203646632725137,-0.1025,0.993928443098395,0.0399999999999999,-0.105,0.993563661775128,0.0424999999999999
325,B4_K05_I03-04-06-07-08,Branch4,5,4,Location4,1,1,4.86058692263444,5.49720433075537,0.83408021684274,0.36,0.932546915709875,0.0274999999999999,0.35,0.935998798076151,0.0374999999999999
326,B4_K05_I03-04-06-07-09,Branch4,5,1,Location1,1,1,12.2183531178971,10.9842034657581,1.80999725907213,-0.5375,0.827458458171768,-0.1625,-0.5325,0.835994916252485,-0.1325
326,B4_K05_I03-04-06-07-09,Branch4,5,2,Location2,1,1,16.3225615992363,16.2683757672907,0.288743934091592,-0.8,0.594973738916265,-0.0775,-0.8,0.5956036853479,-0.0725
326,B4_K05_I03-04-06-07-09,Branch4,5,3,Location3,1,1,8.27165546653221,8.47525337559886,0.203646307007432,-0.1,0.99407934793959,0.0424999999999999,-0.1025,0.993714622011773,0.0449999999999999
326,B4_K05_I03-04-06-07-09,Branch4,5,4,Location4,1,1,5.14658169849668,5.49720433075537,0.673203520217203,0.36,0.932386052019227,0.0324999999999999,0.35,0.935998798076151,0.0374999999999999
327,B4_K05_I03-04-06-08-09,Branch4,5,1,Location1,1,1,12.1334478650566,10.9842034657581,1.66661079352138,-0.5375,0.827945499414062,-0.16,-0.5325,0.835994916252485,-0.1325
327,B4_K05_I03-04-06-08-09,Branch4,5,2,Location2,1,1,17.0042954972734,16.5621628506824,0.928067571269689,-0.805,0.58601941094131,-0.0925,-0.8025,0.591597413787451,-0.0775
327,B4_K05_I03-04-06-08-09,Branch4,5,3,Location3,1,1,8.27165546653221,8.47525337559886,0.203646307007432,-0.1,0.99407934793959,0.0424999999999999,-0.1025,0.993714622011773,0.0449999999999999
327,B4_K05_I03-04-06-08-09,Branch4,5,4,Location4,1,1,5.00357370735474,5.49720433075537,0.744196806263626,0.36,0.932469838654313,0.0299999999999999,0.35,0.935998798076151,0.0374999999999999
328,B4_K05_I03-04-07-08-09,Branch4,5,1,Location1,1,1,12.3922485773178,11.2092054617996,1.91696069916655,-0.5375,0.826460827867843,-0.1675,-0.535,0.83399640286994,-0.135
328,B4_K05_I03-04-07-08-09,Branch4,5,2,Location2,1,1,17.170894312726,16.9306973648369,0.870681893081938,-0.805,0.58435327499724,-0.1025,-0.805,0.58678680114672,-0.0875
328,B4_K05_I03-04-07-08-09,Branch4,5,3,Location3,1,1,8.16867893876482,8.37227853953572,0.203609427510686,-0.1,0.994183081730925,0.0399999999999999,-0.1025,0.993824682728297,0.0424999999999999
328,B4_K05_I03-04-07-08-09,Branch4,5,4,Location4,1,1,5.15698973655785,5.63841616718822,0.625003685057808,0.3575,0.933347470131033,0.0324999999999999,0.35,0.935895293288731,0.0399999999999999
329,B4_K05_I03-05-06-07-08,Branch4,5,1,Location1,1,1,11.9850090552187,11.0538294724398,1.48048200195783,-0.535,0.829563138043151,-0.16,-0.5325,0.835594847997521,-0.135
329,B4_K05_I03-05-06-07-08,Branch4,5,2,Location2,1,1,15.9422404607864,15.8475018423652,0.433626814543976,-0.795,0.60062467481781,-0.085,-0.795,0.601638388070442,-0.0775
329,B4_K05_I03-05-06-07-08,Branch4,5,3,Location3,1,1,8.27053568153326,8.57595304950169,0.32144711891694,-0.1025,0.993928443098395,0.0399999999999999,-0.105,0.993453572141144,0.0449999999999999
329,B4_K05_I03-05-06-07-08,Branch4,5,4,Location4,1,1,5.01433039477221,5.35609750914218,0.538549587785804,0.3575,0.933431170467325,0.0299999999999999,0.35,0.936095614774474,0.0349999999999999
330,B4_K05_I03-05-06-07-09,Branch4,5,1,Location1,1,1,12.1334478650566,11.0538294724398,1.52513828416861,-0.5375,0.827945499414062,-0.16,-0.5325,0.835594847997521,-0.135
330,B4_K05_I03-05-06-07-09,Branch4,5,2,Location2,1,1,16.4164675000547,16.0563034102923,0.648864293432346,-0.8,0.59394865097919,-0.085,-0.7975,0.598639081584221,-0.075
330,B4_K05_I03-05-06-07-09,Branch4,5,3,Location3,1,1,8.37227853953572,8.47525337559886,0.143378227897481,-0.1025,0.993824682728297,0.0424999999999999,-0.1025,0.993714622011773,0.0449999999999999
330,B4_K05_I03-05-06-07-09,Branch4,5,4,Location4,1,1,4.86058692263444,5.35609750914218,0.744504897034751,0.36,0.932546915709875,0.0274999999999999,0.35,0.936095614774474,0.0349999999999999
331,B4_K05_I03-05-06-08-09,Branch4,5,1,Location1,1,1,11.9678463979394,11.0538294724398,1.24199962344582,-0.5375,0.828896103260234,-0.155,-0.5325,0.835594847997521,-0.135
331,B4_K05_I03-05-06-08-09,Branch4,5,2,Location2,1,1,16.8445521661108,16.3834900282326,0.929879415795871,-0.8025,0.588631888364876,-0.0975,-0.8,0.594301060069726,-0.0825
331,B4_K05_I03-05-06-08-09,Branch4,5,3,Location3,1,1,8.37227853953572,8.47525337559886,0.143378227897481,-0.1025,0.993824682728297,0.0424999999999999,-0.1025,0.993714622011773,0.0449999999999999
331,B4_K05_I03-05-06-08-09,Branch4,5,4,Location4,1,1,4.71762125934191,5.38343557468632,0.951347942673709,0.36,0.932617284849471,0.0249999999999999,0.3475,0.937026547115929,0.0349999999999999
332,B4_K05_I03-05-07-08-09,Branch4,5,1,Location1,1,1,12.0499372541413,11.0538294724398,1.38306027296757,-0.5375,0.828424709916357,-0.1575,-0.5325,0.835594847997521,-0.135
332,B4_K05_I03-05-07-08-09,Branch4,5,2,Location2,1,1,16.6062097525257,16.4164675000547,0.724632115787784,-0.8,0.592025126155976,-0.0975,-0.8,0.59394865097919,-0.085
332,B4_K05_I03-05-07-08-09,Branch4,5,3,Location3,1,1,8.37227853953572,8.47525337559886,0.143378227897481,-0.1025,0.993824682728297,0.0424999999999999,-0.1025,0.993714622011773,0.0449999999999999
332,B4_K05_I03-05-07-08-09,Branch4,5,4,Location4,1,1,4.86058692263444,5.38343557468632,0.873777741534303,0.36,0.932546915709875,0.0274999999999999,0.3475,0.937026547115929,0.0349999999999999
333,B4_K05_I03-06-07-08-09,Branch4,5,1,Location1,1,1,11.6687104629037,10.9842034657581,1.30819032706141,-0.5325,0.83211702902897,-0.155,-0.5325,0.835994916252485,-0.1325
333,B4_K05_I03-06-07-08-09,Branch4,5,2,Location2,1,1,16.2134648706187,16.0843497819963,0.578393765909695,-0.7975,0.596940114249327,-0.0875,-0.7975,0.598320566251905,-0.0775
333,B4_K05_I03-06-07-08-09,Branch4,5,3,Location3,1,1,8.37227853953572,8.47525337559886,0.143378227897481,-0.1025,0.993824682728297,0.0424999999999999,-0.1025,0.993714622011773,0.0449999999999999
333,B4_K05_I03-06-07-08-09,Branch4,5,4,Location4,1,1,5.00357370735474,5.49720433075537,0.744196806263626,0.36,0.932469838654313,0.0299999999999999,0.35,0.935998798076151,0.0374999999999999
334,B4_K05_I04-05-06-07-08,Branch4,5,1,Location1,1,1,11.736409343889,10.9162793085651,1.33367818234727,-0.535,0.830974578431856,-0.1525,-0.5325,0.836387320563864,-0.13
334,B4_K05_I04-05-06-07-08,Branch4,5,2,Location2,1,1,15.9772152108966,15.908958525554,0.289333793147697,-0.795,0.600265566228815,-0.0875,-0.795,0.600973169118223,-0.0825
334,B4_K05_I04-05-06-07-08,Branch4,5,3,Location3,1,1,8.37227853953572,8.67892896291791,0.321509195763922,-0.1025,0.993824682728297,0.0424999999999999,-0.105,0.993337178404191,0.0474999999999999
334,B4_K05_I04-05-06-07-08,Branch4,5,4,Location4,1,1,5.28961108043064,5.63841616718822,0.672974746106445,0.36,0.93229555399562,0.0349999999999999,0.35,0.935895293288731,0.0399999999999999
335,B4_K05_I04-05-06-07-09,Branch4,5,1,Location1,1,1,12.5392666515639,10.9842034657581,2.14846235081825,-0.54,0.824829527841966,-0.1675,-0.5325,0.835994916252485,-0.1325
335,B4_K05_I04-05-06-07-09,Branch4,5,2,Location2,1,1,16.2438251703859,16.2683757672907,0.144260249944554,-0.8,0.595902676617583,-0.07,-0.8,0.5956036853479,-0.0725
335,B4_K05_I04-05-06-07-09,Branch4,5,3,Location3,1,1,8.47525337559886,8.57941727273049,0.143394563631841,-0.1025,0.993714622011773,0.0449999999999999,-0.1025,0.993598258855157,0.0474999999999999
335,B4_K05_I04-05-06-07-09,Branch4,5,4,Location4,1,1,5.28397515678961,5.6165691875335,0.673511877024853,0.3625,0.931326339152931,0.0349999999999999,0.3525,0.934956549792556,0.0399999999999999
336,B4_K05_I04-05-06-08-09,Branch4,5,1,Location1,1,1,12.2827869729163,10.9842034657581,1.72481040944326,-0.54,0.826317130404544,-0.16,-0.5325,0.835994916252485,-0.1325
336,B4_K05_I04-05-06-08-09,Branch4,5,2,Location2,1,1,16.5343249680969,16.2683757672907,0.2925617699775,-0.8025,0.591919546898056,-0.075,-0.8,0.5956036853479,-0.0725
336,B4_K05_I04-05-06-08-09,Branch4,5,3,Location3,1,1,8.47525337559886,8.67892896291791,0.203722369323826,-0.1025,0.993714622011773,0.0449999999999999,-0.105,0.993337178404191,0.0474999999999999
336,B4_K05_I04-05-06-08-09,Branch4,5,4,Location4,1,1,5.1407334322927,5.63841616718822,0.873756378266272,0.3625,0.931416931347074,0.0324999999999999,0.35,0.935895293288731,0.0399999999999999
337,B4_K05_I04-05-07-08-09,Branch4,5,1,Location1,1,1,12.6872147945604,11.2092054617996,2.00899988821772,-0.5425,0.823187402721883,-0.1675,-0.535,0.83399640286994,-0.135
337,B4_K05_I04-05-07-08-09,Branch4,5,2,Location2,1,1,16.5253715850573,16.4164675000547,0.434499133196503,-0.8,0.592826914031406,-0.0925,-0.8,0.59394865097919,-0.085
337,B4_K05_I04-05-07-08-09,Branch4,5,3,Location3,1,1,8.37227853953572,8.47525337559886,0.143378227897481,-0.1025,0.993824682728297,0.0424999999999999,-0.1025,0.993714622011773,0.0449999999999999
337,B4_K05_I04-05-07-08-09,Branch4,5,4,Location4,1,1,5.28961108043064,5.63841616718822,0.672974746106445,0.36,0.93229555399562,0.0349999999999999,0.35,0.935895293288731,0.0399999999999999
338,B4_K05_I04-06-07-08-09,Branch4,5,1,Location1,1,1,12.5392666515639,11.1403286567395,2.09869292059988,-0.54,0.824829527841966,-0.1675,-0.535,0.834397237531381,-0.1325
338,B4_K05_I04-06-07-08-09,Branch4,5,2,Location2,1,1,16.7263201816587,16.6228504728193,0.434281016047907,-0.8025,0.589825185966147,-0.09,-0.8025,0.590920891490561,-0.0825
338,B4_K05_I04-06-07-08-09,Branch4,5,3,Location3,1,1,8.37227853953572,8.47525337559886,0.143378227897481,-0.1025,0.993824682728297,0.0424999999999999,-0.1025,0.993714622011773,0.0449999999999999
338,B4_K05_I04-06-07-08-09,Branch4,5,4,Location4,1,1,5.42723130629462,5.77972734472995,0.814348582545904,0.3625,0.931229026609459,0.0374999999999999,0.35,0.935785098192956,0.0424999999999999
339,B4_K05_I05-06-07-08-09,Branch4,5,1,Location1,1,1,12.6274334821224,11.1403286567395,2.2433612726012,-0.54,0.824317899842045,-0.17,-0.535,0.834397237531381,-0.1325
339,B4_K05_I05-06-07-08-09,Branch4,5,2,Location2,1,1,16.5916732698491,16.0299623147197,0.678590564889561,-0.8025,0.591264534705067,-0.08,-0.7975,0.598946992646261,-0.0725
339,B4_K05_I05-06-07-08-09,Branch4,5,3,Location3,1,1,8.47525337559886,8.57941727273049,0.143394563631841,-0.1025,0.993714622011773,0.0449999999999999,-0.1025,0.993598258855157,0.0474999999999999
339,B4_K05_I05-06-07-08-09,Branch4,5,4,Location4,1,1,4.85428968866833,5.49720433075537,0.951524255148602,0.3625,0.931577962384255,0.0274999999999999,0.35,0.935998798076151,0.0374999999999999
340,B4_K06_I01-02-03-04-05-06,Branch4,6,1,Location1,1,1,11.8178365547027,10.9842034657581,1.33462042558672,-0.535,0.830511890342336,-0.155,-0.5325,0.835994916252485,-0.1325
340,B4_K06_I01-02-03-04-05-06,Branch4,6,2,Location2,1,1,16.8325838898585,16.5081650225967,0.517689962092205,-0.805,0.587856274951625,-0.08,-0.8025,0.592230951572104,-0.0725
340,B4_K06_I01-02-03-04-05-06,Branch4,6,3,Location3,1,1,8.37227853953572,8.67892896291791,0.321509195763922,-0.1025,0.993824682728297,0.0424999999999999,-0.105,0.993337178404191,0.0474999999999999
340,B4_K06_I01-02-03-04-05-06,Branch4,6,4,Location4,1,1,5.00357370735474,5.47473766066972,0.625576881391288,0.36,0.932469838654313,0.0299999999999999,0.3525,0.93506015849249,0.0374999999999999
341,B4_K06_I01-02-03-04-05-07,Branch4,6,1,Location1,1,1,12.1577667257075,11.1251288876582,1.62680332327494,-0.535,0.82858312799622,-0.165,-0.5325,0.835187104785509,-0.1375
341,B4_K06_I01-02-03-04-05-07,Branch4,6,2,Location2,1,1,16.6556883643547,16.3225615992363,0.518596819614635,-0.8025,0.590566465353393,-0.085,-0.8,0.594973738916265,-0.0775
341,B4_K06_I01-02-03-04-05-07,Branch4,6,3,Location3,1,1,8.37227853953572,8.57595304950169,0.203684170294959,-0.1025,0.993824682728297,0.0424999999999999,-0.105,0.993453572141144,0.0449999999999999
341,B4_K06_I01-02-03-04-05-07,Branch4,6,4,Location4,1,1,5.00357370735474,5.49720433075537,0.744196806263626,0.36,0.932469838654313,0.0299999999999999,0.35,0.935998798076151,0.0374999999999999
342,B4_K06_I01-02-03-04-05-08,Branch4,6,1,Location1,1,1,11.8178365547027,11.0538294724398,1.19101101900154,-0.535,0.830511890342336,-0.155,-0.5325,0.835594847997521,-0.135
342,B4_K06_I01-02-03-04-05-08,Branch4,6,2,Location2,1,1,17.5043000280774,16.9666819329403,1.07758466494677,-0.8075,0.579989224037826,-0.1075,-0.805,0.586408560646926,-0.09
342,B4_K06_I01-02-03-04-05-08,Branch4,6,3,Location3,1,1,8.37227853953572,8.57595304950169,0.203684170294959,-0.1025,0.993824682728297,0.0424999999999999,-0.105,0.993453572141144,0.0449999999999999
342,B4_K06_I01-02-03-04-05-08,Branch4,6,4,Location4,1,1,4.72912490366468,5.49720433075537,0.84666411037753,0.3575,0.933578464833032,0.0249999999999999,0.35,0.935998798076151,0.0374999999999999
343,B4_K06_I01-02-03-04-05-09,Branch4,6,1,Location1,1,1,11.9678463979394,11.0538294724398,1.24199962344582,-0.5375,0.828896103260234,-0.155,-0.5325,0.835594847997521,-0.135
343,B4_K06_I01-02-03-04-05-09,Branch4,6,2,Location2,1,1,17.5686047297924,17.236059368691,1.44772812511769,-0.81,0.578267887747539,-0.0975,-0.81,0.58193105261706,-0.0725
343,B4_K06_I01-02-03-04-05-09,Branch4,6,3,Location3,1,1,8.27053568153326,8.57595304950169,0.32144711891694,-0.1025,0.993928443098395,0.0399999999999999,-0.105,0.993453572141144,0.0449999999999999
343,B4_K06_I01-02-03-04-05-09,Branch4,6,4,Location4,1,1,5.02973085550508,5.52379292677837,0.624965953750533,0.355,0.934384824363067,0.0299999999999999,0.3475,0.936929826614566,0.0374999999999999
344,B4_K06_I01-02-03-04-06-07,Branch4,6,1,Location1,1,1,11.9850090552187,11.0538294724398,1.48048200195783,-0.535,0.829563138043151,-0.16,-0.5325,0.835594847997521,-0.135
344,B4_K06_I01-02-03-04-06-07,Branch4,6,2,Location2,1,1,16.5916732698491,16.2946229961618,0.394830454990555,-0.8025,0.591264534705067,-0.08,-0.8,0.595294044989533,-0.075
344,B4_K06_I01-02-03-04-06-07,Branch4,6,3,Location3,1,1,8.37227853953572,8.57595304950169,0.203684170294959,-0.1025,0.993824682728297,0.0424999999999999,-0.105,0.993453572141144,0.0449999999999999
344,B4_K06_I01-02-03-04-06-07,Branch4,6,4,Location4,1,1,5.14658169849668,5.47473766066972,0.538706779795394,0.36,0.932386052019227,0.0324999999999999,0.3525,0.93506015849249,0.0374999999999999
345,B4_K06_I01-02-03-04-06-08,Branch4,6,1,Location1,1,1,11.8178365547027,10.9842034657581,1.33462042558672,-0.535,0.830511890342336,-0.155,-0.5325,0.835994916252485,-0.1325
345,B4_K06_I01-02-03-04-06-08,Branch4,6,2,Location2,1,1,16.8963485690724,16.5621628506824,0.519603939950699,-0.805,0.587154153523587,-0.085,-0.8025,0.591597413787451,-0.0775
345,B4_K06_I01-02-03-04-06-08,Branch4,6,3,Location3,1,1,8.37227853953572,8.57595304950169,0.203684170294959,-0.1025,0.993824682728297,0.0424999999999999,-0.105,0.993453572141144,0.0449999999999999
345,B4_K06_I01-02-03-04-06-08,Branch4,6,4,Location4,1,1,5.01433039477221,5.63841616718822,0.729985326208063,0.3575,0.933431170467325,0.0299999999999999,0.35,0.935895293288731,0.0399999999999999
346,B4_K06_I01-02-03-04-06-09,Branch4,6,1,Location1,1,1,12.0499372541413,10.9842034657581,1.5238412472704,-0.5375,0.828424709916357,-0.1575,-0.5325,0.835994916252485,-0.1325
346,B4_K06_I01-02-03-04-06-09,Branch4,6,2,Location2,1,1,16.8325838898585,16.749356783422,0.433313239343288,-0.805,0.587856274951625,-0.08,-0.805,0.588828285665694,-0.0725
346,B4_K06_I01-02-03-04-06-09,Branch4,6,3,Location3,1,1,8.37227853953572,8.57595304950169,0.203684170294959,-0.1025,0.993824682728297,0.0424999999999999,-0.105,0.993453572141144,0.0449999999999999
346,B4_K06_I01-02-03-04-06-09,Branch4,6,4,Location4,1,1,5.01433039477221,5.63841616718822,0.729985326208063,0.3575,0.933431170467325,0.0299999999999999,0.35,0.935895293288731,0.0399999999999999
347,B4_K06_I01-02-03-04-07-08,Branch4,6,1,Location1,1,1,12.1577667257075,11.2797465158819,1.60156656791032,-0.535,0.82858312799622,-0.165,-0.535,0.833587877790938,-0.1375
347,B4_K06_I01-02-03-04-07-08,Branch4,6,2,Location2,1,1,16.7263201816587,16.6556883643547,0.289610468440886,-0.8025,0.589825185966147,-0.09,-0.8025,0.590566465353393,-0.085
347,B4_K06_I01-02-03-04-07-08,Branch4,6,3,Location3,1,1,8.27053568153326,8.4741818022773,0.203646632725137,-0.1025,0.993928443098395,0.0399999999999999,-0.105,0.993563661775128,0.0424999999999999
347,B4_K06_I01-02-03-04-07-08,Branch4,6,4,Location4,1,1,5.15698973655785,5.6165691875335,0.524623269996732,0.3575,0.933347470131033,0.0324999999999999,0.3525,0.934956549792556,0.0399999999999999
348,B4_K06_I01-02-03-04-07-09,Branch4,6,1,Location1,1,1,12.3046281920336,11.2797465158819,1.62707466358191,-0.5375,0.826963572353704,-0.165,-0.535,0.833587877790938,-0.1375
348,B4_K06_I01-02-03-04-07-09,Branch4,6,2,Location2,1,1,16.6556883643547,16.5916732698491,0.289257758213387,-0.8025,0.590566465353393,-0.085,-0.8025,0.591264534705067,-0.08
348,B4_K06_I01-02-03-04-07-09,Branch4,6,3,Location3,1,1,8.37227853953572,8.47525337559886,0.143378227897481,-0.1025,0.993824682728297,0.0424999999999999,-0.1025,0.993714622011773,0.0449999999999999
348,B4_K06_I01-02-03-04-07-09,Branch4,6,4,Location4,1,1,5.29968523915861,5.47473766066972,0.336542572783346,0.3575,0.933257065336234,0.0349999999999999,0.3525,0.93506015849249,0.0374999999999999
349,B4_K06_I01-02-03-04-08-09,Branch4,6,1,Location1,1,1,11.9850090552187,11.2797465158819,1.30964576432136,-0.535,0.829563138043151,-0.16,-0.535,0.833587877790938,-0.1375
349,B4_K06_I01-02-03-04-08-09,Branch4,6,2,Location2,1,1,17.0435309927201,16.9666819329403,0.290026115677441,-0.805,0.585619330282053,-0.095,-0.805,0.586408560646926,-0.09
349,B4_K06_I01-02-03-04-08-09,Branch4,6,3,Location3,1,1,8.37227853953572,8.4741818022773,0.144018104997293,-0.1025,0.993824682728297,0.0424999999999999,-0.105,0.993563661775128,0.0424999999999999
349,B4_K06_I01-02-03-04-08-09,Branch4,6,4,Location4,1,1,4.87170832758958,5.49720433075537,0.730280589444576,0.3575,0.933508168148517,0.0274999999999999,0.35,0.935998798076151,0.0374999999999999
350,B4_K06_I01-02-03-05-06-07,Branch4,6,1,Location1,1,1,12.1577667257075,11.0538294724398,1.77107018723549,-0.535,0.82858312799622,-0.165,-0.5325,0.835594847997521,-0.135
350,B4_K06_I01-02-03-05-06-07,Branch4,6,2,Location2,1,1,16.5621628506824,16.3225615992363,0.240707727763175,-0.8025,0.591597413787451,-0.0775,-0.8,0.594973738916265,-0.0775
350,B4_K06_I01-02-03-05-06-07,Branch4,6,3,Location3,1,1,8.37227853953572,8.57595304950169,0.203684170294959,-0.1025,0.993824682728297,0.0424999999999999,-0.105,0.993453572141144,0.0449999999999999
350,B4_K06_I01-02-03-05-06-07,Branch4,6,4,Location4,1,1,4.71762125934191,5.35609750914218,0.834440846174308,0.36,0.932617284849471,0.0249999999999999,0.35,0.936095614774474,0.0349999999999999
351,B4_K06_I01-02-03-05-06-08,Branch4,6,1,Location1,1,1,11.736409343889,11.0538294724398,1.04689311044236,-0.535,0.830974578431856,-0.1525,-0.5325,0.835594847997521,-0.135
351,B4_K06_I01-02-03-05-06-08,Branch4,6,2,Location2,1,1,16.9306973648369,16.5916732698491,0.520574537954425,-0.805,0.58678680114672,-0.0875,-0.8025,0.591264534705067,-0.08
351,B4_K06_I01-02-03-05-06-08,Branch4,6,3,Location3,1,1,8.37227853953572,8.57595304950169,0.203684170294959,-0.1025,0.993824682728297,0.0424999999999999,-0.105,0.993453572141144,0.0449999999999999
351,B4_K06_I01-02-03-05-06-08,Branch4,6,4,Location4,1,1,4.71762125934191,5.35609750914218,0.834440846174308,0.36,0.932617284849471,0.0249999999999999,0.35,0.936095614774474,0.0349999999999999
352,B4_K06_I01-02-03-05-06-09,Branch4,6,1,Location1,1,1,11.8872006812737,10.9842034657581,1.24087966435317,-0.5375,0.829359692775095,-0.1525,-0.5325,0.835994916252485,-0.1325
352,B4_K06_I01-02-03-05-06-09,Branch4,6,2,Location2,1,1,16.9306973648369,16.5343249680969,0.787370040491858,-0.805,0.58678680114672,-0.0875,-0.8025,0.591919546898056,-0.075
352,B4_K06_I01-02-03-05-06-09,Branch4,6,3,Location3,1,1,8.37227853953572,8.47525337559886,0.143378227897481,-0.1025,0.993824682728297,0.0424999999999999,-0.1025,0.993714622011773,0.0449999999999999
352,B4_K06_I01-02-03-05-06-09,Branch4,6,4,Location4,1,1,4.87170832758958,5.52379292677837,0.833671276193638,0.3575,0.933508168148517,0.0274999999999999,0.3475,0.936929826614566,0.0374999999999999
353,B4_K06_I01-02-03-05-07-08,Branch4,6,1,Location1,1,1,12.1334478650566,11.2797465158819,1.33679922414836,-0.5375,0.827945499414062,-0.16,-0.535,0.833587877790938,-0.1375
353,B4_K06_I01-02-03-05-07-08,Branch4,6,2,Location2,1,1,17.1726891370545,16.6556883643547,0.523397172349745,-0.8075,0.583341666607144,-0.0875,-0.8025,0.590566465353393,-0.085
353,B4_K06_I01-02-03-05-07-08,Branch4,6,3,Location3,1,1,8.37227853953572,8.57595304950169,0.203684170294959,-0.1025,0.993824682728297,0.0424999999999999,-0.105,0.993453572141144,0.0449999999999999
353,B4_K06_I01-02-03-05-07-08,Branch4,6,4,Location4,1,1,4.71762125934191,5.35609750914218,0.834440846174308,0.36,0.932617284849471,0.0249999999999999,0.35,0.936095614774474,0.0349999999999999
354,B4_K06_I01-02-03-05-07-09,Branch4,6,1,Location1,1,1,12.2183531178971,11.2797465158819,1.4817989808822,-0.5375,0.827458458171768,-0.1625,-0.535,0.833587877790938,-0.1375
354,B4_K06_I01-02-03-05-07-09,Branch4,6,2,Location2,1,1,16.8636420220125,16.3834900282326,0.483157512627871,-0.805,0.587510638201556,-0.0825,-0.8,0.594301060069726,-0.0825
354,B4_K06_I01-02-03-05-07-09,Branch4,6,3,Location3,1,1,8.37227853953572,8.47525337559886,0.143378227897481,-0.1025,0.993824682728297,0.0424999999999999,-0.1025,0.993714622011773,0.0449999999999999
354,B4_K06_I01-02-03-05-07-09,Branch4,6,4,Location4,1,1,4.71762125934191,5.35609750914218,0.834440846174308,0.36,0.932617284849471,0.0249999999999999,0.35,0.936095614774474,0.0349999999999999
355,B4_K06_I01-02-03-05-08-09,Branch4,6,1,Location1,1,1,11.9678463979394,11.1251288876582,1.10335391733326,-0.5375,0.828896103260234,-0.155,-0.5325,0.835187104785509,-0.1375
355,B4_K06_I01-02-03-05-08-09,Branch4,6,2,Location2,1,1,17.8130554594283,17.0042954972734,0.826836786885509,-0.8125,0.574749945628532,-0.0975,-0.805,0.58601941094131,-0.0925
355,B4_K06_I01-02-03-05-08-09,Branch4,6,3,Location3,1,1,8.37227853953572,8.57595304950169,0.203684170294959,-0.1025,0.993824682728297,0.0424999999999999,-0.105,0.993453572141144,0.0449999999999999
355,B4_K06_I01-02-03-05-08-09,Branch4,6,4,Location4,1,1,4.58658178583189,5.38343557468632,0.937465958908567,0.3575,0.933642062034482,0.0224999999999999,0.3475,0.937026547115929,0.0349999999999999
356,B4_K06_I01-02-03-06-07-08,Branch4,6,1,Location1,1,1,11.9007118142778,11.2092054617996,1.30894792308218,-0.535,0.830041414629415,-0.1575,-0.535,0.83399640286994,-0.135
356,B4_K06_I01-02-03-06-07-08,Branch4,6,2,Location2,1,1,16.3225615992363,16.0843497819963,0.239351557718556,-0.8,0.594973738916265,-0.0775,-0.7975,0.598320566251905,-0.0775
356,B4_K06_I01-02-03-06-07-08,Branch4,6,3,Location3,1,1,8.37227853953572,8.57595304950169,0.203684170294959,-0.1025,0.993824682728297,0.0424999999999999,-0.105,0.993453572141144,0.0449999999999999
356,B4_K06_I01-02-03-06-07-08,Branch4,6,4,Location4,1,1,5.15698973655785,5.63841616718822,0.625003685057808,0.3575,0.933347470131033,0.0324999999999999,0.35,0.935895293288731,0.0399999999999999
357,B4_K06_I01-02-03-06-07-09,Branch4,6,1,Location1,1,1,12.1577667257075,11.0538294724398,1.77107018723549,-0.535,0.82858312799622,-0.165,-0.5325,0.835594847997521,-0.135
357,B4_K06_I01-02-03-06-07-09,Branch4,6,2,Location2,1,1,16.7754359241675,16.2946229961618,0.482629048519799,-0.805,0.588515080520457,-0.075,-0.8,0.595294044989533,-0.075
357,B4_K06_I01-02-03-06-07-09,Branch4,6,3,Location3,1,1,8.37227853953572,8.47525337559886,0.143378227897481,-0.1025,0.993824682728297,0.0424999999999999,-0.1025,0.993714622011773,0.0449999999999999
357,B4_K06_I01-02-03-06-07-09,Branch4,6,4,Location4,1,1,5.00357370735474,5.49720433075537,0.744196806263626,0.36,0.932469838654313,0.0299999999999999,0.35,0.935998798076151,0.0374999999999999
358,B4_K06_I01-02-03-06-08-09,Branch4,6,1,Location1,1,1,11.8178365547027,10.9842034657581,1.33462042558672,-0.535,0.830511890342336,-0.155,-0.5325,0.835994916252485,-0.1325
358,B4_K06_I01-02-03-06-08-09,Branch4,6,2,Location2,1,1,17.1058918822708,16.5621628506824,0.591747306130557,-0.8075,0.584069773229192,-0.0825,-0.8025,0.591597413787451,-0.0775
358,B4_K06_I01-02-03-06-08-09,Branch4,6,3,Location3,1,1,8.37227853953572,8.47525337559886,0.143378227897481,-0.1025,0.993824682728297,0.0424999999999999,-0.1025,0.993714622011773,0.0449999999999999
358,B4_K06_I01-02-03-06-08-09,Branch4,6,4,Location4,1,1,4.87170832758958,5.63841616718822,0.846354540339582,0.3575,0.933508168148517,0.0274999999999999,0.35,0.935895293288731,0.0399999999999999
359,B4_K06_I01-02-03-07-08-09,Branch4,6,1,Location1,1,1,12.3046281920336,11.2797465158819,1.62707466358191,-0.5375,0.826963572353704,-0.165,-0.535,0.833587877790938,-0.1375
359,B4_K06_I01-02-03-07-08-09,Branch4,6,2,Location2,1,1,16.6228504728193,16.4164675000547,0.266701647551631,-0.8025,0.590920891490561,-0.0825,-0.8,0.59394865097919,-0.085
359,B4_K06_I01-02-03-07-08-09,Branch4,6,3,Location3,1,1,8.37227853953572,8.47525337559886,0.143378227897481,-0.1025,0.993824682728297,0.0424999999999999,-0.1025,0.993714622011773,0.0449999999999999
359,B4_K06_I01-02-03-07-08-09,Branch4,6,4,Location4,1,1,5.29968523915861,5.63841616718822,0.538125716504935,0.3575,0.933257065336234,0.0349999999999999,0.35,0.935895293288731,0.0399999999999999
360,B4_K06_I01-02-04-05-06-07,Branch4,6,1,Location1,1,1,12.3046281920336,11.0538294724398,1.81147308245025,-0.5375,0.826963572353704,-0.165,-0.5325,0.835594847997521,-0.135
360,B4_K06_I01-02-04-05-06-07,Branch4,6,2,Location2,1,1,16.749356783422,16.5343249680969,0.269082456780888,-0.805,0.588828285665694,-0.0725,-0.8025,0.591919546898056,-0.075
360,B4_K06_I01-02-04-05-06-07,Branch4,6,3,Location3,1,1,8.47525337559886,8.57595304950169,0.144018277058768,-0.1025,0.993714622011773,0.0449999999999999,-0.105,0.993453572141144,0.0449999999999999
360,B4_K06_I01-02-04-05-06-07,Branch4,6,4,Location4,1,1,5.00357370735474,5.47473766066972,0.625576881391288,0.36,0.932469838654313,0.0299999999999999,0.3525,0.93506015849249,0.0374999999999999
361,B4_K06_I01-02-04-05-06-08,Branch4,6,1,Location1,1,1,11.9850090552187,11.0538294724398,1.48048200195783,-0.535,0.829563138043151,-0.16,-0.5325,0.835594847997521,-0.135
361,B4_K06_I01-02-04-05-06-08,Branch4,6,2,Location2,1,1,16.9666819329403,16.8325838898585,0.578933367454934,-0.805,0.586408560646926,-0.09,-0.805,0.587856274951625,-0.08
361,B4_K06_I01-02-04-05-06-08,Branch4,6,3,Location3,1,1,8.37227853953572,8.57595304950169,0.203684170294959,-0.1025,0.993824682728297,0.0424999999999999,-0.105,0.993453572141144,0.0449999999999999
361,B4_K06_I01-02-04-05-06-08,Branch4,6,4,Location4,1,1,5.01433039477221,5.63841616718822,0.729985326208063,0.3575,0.933431170467325,0.0299999999999999,0.35,0.935895293288731,0.0399999999999999
362,B4_K06_I01-02-04-05-06-09,Branch4,6,1,Location1,1,1,12.1334478650566,10.9842034657581,1.66661079352138,-0.5375,0.827945499414062,-0.16,-0.5325,0.835994916252485,-0.1325
362,B4_K06_I01-02-04-05-06-09,Branch4,6,2,Location2,1,1,17.3187853411725,16.9919786918736,0.519727603129628,-0.81,0.580947501931112,-0.08,-0.8075,0.585395165678706,-0.0725
362,B4_K06_I01-02-04-05-06-09,Branch4,6,3,Location3,1,1,8.47525337559886,8.67892896291791,0.203722369323826,-0.1025,0.993714622011773,0.0449999999999999,-0.105,0.993337178404191,0.0474999999999999
362,B4_K06_I01-02-04-05-06-09,Branch4,6,4,Location4,1,1,5.01433039477221,5.63841616718822,0.729985326208063,0.3575,0.933431170467325,0.0299999999999999,0.35,0.935895293288731,0.0399999999999999
363,B4_K06_I01-02-04-05-07-08,Branch4,6,1,Location1,1,1,12.3046281920336,11.2797465158819,1.62707466358191,-0.5375,0.826963572353704,-0.165,-0.535,0.833587877790938,-0.1375
363,B4_K06_I01-02-04-05-07-08,Branch4,6,2,Location2,1,1,17.0435309927201,16.8963485690724,0.579669518090355,-0.805,0.585619330282053,-0.095,-0.805,0.587154153523587,-0.085
363,B4_K06_I01-02-04-05-07-08,Branch4,6,3,Location3,1,1,8.37227853953572,8.57595304950169,0.203684170294959,-0.1025,0.993824682728297,0.0424999999999999,-0.105,0.993453572141144,0.0449999999999999
363,B4_K06_I01-02-04-05-07-08,Branch4,6,4,Location4,1,1,5.00357370735474,5.49720433075537,0.744196806263626,0.36,0.932469838654313,0.0299999999999999,0.35,0.935998798076151,0.0374999999999999
364,B4_K06_I01-02-04-05-07-09,Branch4,6,1,Location1,1,1,12.3046281920336,11.2797465158819,1.62707466358191,-0.5375,0.826963572353704,-0.165,-0.535,0.833587877790938,-0.1375
364,B4_K06_I01-02-04-05-07-09,Branch4,6,2,Location2,1,1,16.8963485690724,16.6228504728193,0.295994534607817,-0.805,0.587154153523587,-0.085,-0.8025,0.590920891490561,-0.0825
364,B4_K06_I01-02-04-05-07-09,Branch4,6,3,Location3,1,1,8.37227853953572,8.57595304950169,0.203684170294959,-0.1025,0.993824682728297,0.0424999999999999,-0.105,0.993453572141144,0.0449999999999999
364,B4_K06_I01-02-04-05-07-09,Branch4,6,4,Location4,1,1,5.14658169849668,5.49720433075537,0.673203520217203,0.36,0.932386052019227,0.0324999999999999,0.35,0.935998798076151,0.0374999999999999
365,B4_K06_I01-02-04-05-08-09,Branch4,6,1,Location1,1,1,12.1334478650566,11.2797465158819,1.33679922414836,-0.5375,0.827945499414062,-0.16,-0.535,0.833587877790938,-0.1375
365,B4_K06_I01-02-04-05-08-09,Branch4,6,2,Location2,1,1,17.5686047297924,17.2459838141404,0.404153092049266,-0.81,0.578267887747539,-0.0975,-0.8075,0.58256973831465,-0.0925
365,B4_K06_I01-02-04-05-08-09,Branch4,6,3,Location3,1,1,8.37227853953572,8.57595304950169,0.203684170294959,-0.1025,0.993824682728297,0.0424999999999999,-0.105,0.993453572141144,0.0449999999999999
365,B4_K06_I01-02-04-05-08-09,Branch4,6,4,Location4,1,1,4.87170832758958,5.63841616718822,0.846354540339582,0.3575,0.933508168148517,0.0274999999999999,0.35,0.935895293288731,0.0399999999999999
366,B4_K06_I01-02-04-06-07-08,Branch4,6,1,Location1,1,1,12.2183531178971,11.2092054617996,1.62592739328637,-0.5375,0.827458458171768,-0.1625,-0.535,0.83399640286994,-0.135
366,B4_K06_I01-02-04-06-07-08,Branch4,6,2,Location2,1,1,16.6901805169901,16.5916732698491,0.434016481605416,-0.8025,0.590201236867562,-0.0875,-0.8025,0.591264534705067,-0.08
366,B4_K06_I01-02-04-06-07-08,Branch4,6,3,Location3,1,1,8.37227853953572,8.57595304950169,0.203684170294959,-0.1025,0.993824682728297,0.0424999999999999,-0.105,0.993453572141144,0.0449999999999999
366,B4_K06_I01-02-04-06-07-08,Branch4,6,4,Location4,1,1,5.14658169849668,5.6165691875335,0.625308406418575,0.36,0.932386052019227,0.0324999999999999,0.3525,0.934956549792556,0.0399999999999999
367,B4_K06_I01-02-04-06-07-09,Branch4,6,1,Location1,1,1,12.2183531178971,11.2092054617996,1.62592739328637,-0.5375,0.827458458171768,-0.1625,-0.535,0.83399640286994,-0.135
367,B4_K06_I01-02-04-06-07-09,Branch4,6,2,Location2,1,1,16.5916732698491,16.2946229961618,0.394830454990555,-0.8025,0.591264534705067,-0.08,-0.8,0.595294044989533,-0.075
367,B4_K06_I01-02-04-06-07-09,Branch4,6,3,Location3,1,1,8.37227853953572,8.57595304950169,0.203684170294959,-0.1025,0.993824682728297,0.0424999999999999,-0.105,0.993453572141144,0.0449999999999999
367,B4_K06_I01-02-04-06-07-09,Branch4,6,4,Location4,1,1,5.14658169849668,5.6165691875335,0.625308406418575,0.36,0.932386052019227,0.0324999999999999,0.3525,0.934956549792556,0.0399999999999999
368,B4_K06_I01-02-04-06-08-09,Branch4,6,1,Location1,1,1,12.1334478650566,11.1403286567395,1.62479639378634,-0.5375,0.827945499414062,-0.16,-0.535,0.834397237531381,-0.1325
368,B4_K06_I01-02-04-06-08-09,Branch4,6,2,Location2,1,1,17.1384751886569,16.803180018571,0.520635604069707,-0.8075,0.58371118714652,-0.085,-0.805,0.588191082897386,-0.0775
368,B4_K06_I01-02-04-06-08-09,Branch4,6,3,Location3,1,1,8.37227853953572,8.57595304950169,0.203684170294959,-0.1025,0.993824682728297,0.0424999999999999,-0.105,0.993453572141144,0.0449999999999999
368,B4_K06_I01-02-04-06-08-09,Branch4,6,4,Location4,1,1,5.01433039477221,5.63841616718822,0.729985326208063,0.3575,0.933431170467325,0.0299999999999999,0.35,0.935895293288731,0.0399999999999999
369,B4_K06_I01-02-04-07-08-09,Branch4,6,1,Location1,1,1,12.3922485773178,11.2797465158819,1.77258102260258,-0.5375,0.826460827867843,-0.1675,-0.535,0.833587877790938,-0.1375
369,B4_K06_I01-02-04-07-08-09,Branch4,6,2,Location2,1,1,17.0435309927201,16.9306973648369,0.43489446032135,-0.805,0.585619330282053,-0.095,-0.805,0.58678680114672,-0.0875
369,B4_K06_I01-02-04-07-08-09,Branch4,6,3,Location3,1,1,8.37227853953572,8.57595304950169,0.203684170294959,-0.1025,0.993824682728297,0.0424999999999999,-0.105,0.993453572141144,0.0449999999999999
369,B4_K06_I01-02-04-07-08-09,Branch4,6,4,Location4,1,1,5.29968523915861,5.63841616718822,0.538125716504935,0.3575,0.933257065336234,0.0349999999999999,0.35,0.935895293288731,0.0399999999999999
370,B4_K06_I01-02-05-06-07-08,Branch4,6,1,Location1,1,1,12.2183531178971,11.2092054617996,1.62592739328637,-0.5375,0.827458458171768,-0.1625,-0.535,0.83399640286994,-0.135
370,B4_K06_I01-02-05-06-07-08,Branch4,6,2,Location2,1,1,17.0749451329039,16.5621628506824,0.521368055779523,-0.8075,0.584417444982608,-0.08,-0.8025,0.591597413787451,-0.0775
370,B4_K06_I01-02-05-06-07-08,Branch4,6,3,Location3,1,1,8.37227853953572,8.57595304950169,0.203684170294959,-0.1025,0.993824682728297,0.0424999999999999,-0.105,0.993453572141144,0.0449999999999999
370,B4_K06_I01-02-05-06-07-08,Branch4,6,4,Location4,1,1,4.87170832758958,5.49720433075537,0.730280589444576,0.3575,0.933508168148517,0.0274999999999999,0.35,0.935998798076151,0.0374999999999999
371,B4_K06_I01-02-05-06-07-09,Branch4,6,1,Location1,1,1,12.452420828803,11.2092054617996,1.8119723851669,-0.54,0.82533326602046,-0.165,-0.535,0.83399640286994,-0.135
371,B4_K06_I01-02-05-06-07-09,Branch4,6,2,Location2,1,1,16.5081650225967,16.2683757672907,0.240542388116954,-0.8025,0.592230951572104,-0.0725,-0.8,0.5956036853479,-0.0725
371,B4_K06_I01-02-05-06-07-09,Branch4,6,3,Location3,1,1,8.47525337559886,8.57595304950169,0.144018277058768,-0.1025,0.993714622011773,0.0449999999999999,-0.105,0.993453572141144,0.0449999999999999
371,B4_K06_I01-02-05-06-07-09,Branch4,6,4,Location4,1,1,4.72912490366468,5.35609750914218,0.730579036650703,0.3575,0.933578464833032,0.0249999999999999,0.35,0.936095614774474,0.0349999999999999
372,B4_K06_I01-02-05-06-08-09,Branch4,6,1,Location1,1,1,12.0499372541413,11.2092054617996,1.33582549126571,-0.5375,0.828424709916357,-0.1575,-0.535,0.83399640286994,-0.135
372,B4_K06_I01-02-05-06-08-09,Branch4,6,2,Location2,1,1,17.3496282848731,16.7754359241675,0.687396100164028,-0.81,0.58059775232083,-0.0825,-0.805,0.588515080520457,-0.075
372,B4_K06_I01-02-05-06-08-09,Branch4,6,3,Location3,1,1,8.47525337559886,8.57595304950169,0.144018277058768,-0.1025,0.993714622011773,0.0449999999999999,-0.105,0.993453572141144,0.0449999999999999
372,B4_K06_I01-02-05-06-08-09,Branch4,6,4,Location4,1,1,4.58658178583189,5.52379292677837,1.04996574627897,0.3575,0.933642062034482,0.0224999999999999,0.3475,0.936929826614566,0.0374999999999999
373,B4_K06_I01-02-05-07-08-09,Branch4,6,1,Location1,1,1,12.452420828803,11.2797465158819,1.66990291063715,-0.54,0.82533326602046,-0.165,-0.535,0.833587877790938,-0.1375
373,B4_K06_I01-02-05-07-08-09,Branch4,6,2,Location2,1,1,16.8636420220125,16.5916732698491,0.295458496169855,-0.805,0.587510638201556,-0.0825,-0.8025,0.591264534705067,-0.08
373,B4_K06_I01-02-05-07-08-09,Branch4,6,3,Location3,1,1,8.37227853953572,8.57595304950169,0.203684170294959,-0.1025,0.993824682728297,0.0424999999999999,-0.105,0.993453572141144,0.0449999999999999
373,B4_K06_I01-02-05-07-08-09,Branch4,6,4,Location4,1,1,4.72912490366468,5.38343557468632,0.834028613693244,0.3575,0.933578464833032,0.0249999999999999,0.3475,0.937026547115929,0.0349999999999999
374,B4_K06_I01-02-06-07-08-09,Branch4,6,1,Location1,1,1,11.9850090552187,11.2092054617996,1.4547808797825,-0.535,0.829563138043151,-0.16,-0.535,0.83399640286994,-0.135
374,B4_K06_I01-02-06-07-08-09,Branch4,6,2,Location2,1,1,16.7641002986764,16.8963485690724,0.47149124963111,-0.8025,0.589438291935636,-0.0925,-0.805,0.587154153523587,-0.085
374,B4_K06_I01-02-06-07-08-09,Branch4,6,3,Location3,1,1,8.37227853953572,8.4741818022773,0.144018104997293,-0.1025,0.993824682728297,0.0424999999999999,-0.105,0.993563661775128,0.0424999999999999
374,B4_K06_I01-02-06-07-08-09,Branch4,6,4,Location4,1,1,5.29968523915861,5.6642885045171,0.67244331199232,0.3575,0.933257065336234,0.0349999999999999,0.3475,0.936826424691362,0.0399999999999999
375,B4_K06_I01-03-04-05-06-07,Branch4,6,1,Location1,1,1,12.1577667257075,11.0538294724398,1.77107018723549,-0.535,0.82858312799622,-0.165,-0.5325,0.835594847997521,-0.135
375,B4_K06_I01-03-04-05-06-07,Branch4,6,2,Location2,1,1,16.7263201816587,16.3225615992363,0.787708775077569,-0.8025,0.589825185966147,-0.09,-0.8,0.594973738916265,-0.0775
375,B4_K06_I01-03-04-05-06-07,Branch4,6,3,Location3,1,1,8.37227853953572,8.57595304950169,0.203684170294959,-0.1025,0.993824682728297,0.0424999999999999,-0.105,0.993453572141144,0.0449999999999999
375,B4_K06_I01-03-04-05-06-07,Branch4,6,4,Location4,1,1,5.00357370735474,5.49720433075537,0.744196806263626,0.36,0.932469838654313,0.0299999999999999,0.35,0.935998798076151,0.0374999999999999
376,B4_K06_I01-03-04-05-06-08,Branch4,6,1,Location1,1,1,11.9007118142778,10.9842034657581,1.47944229325081,-0.535,0.830041414629415,-0.1575,-0.5325,0.835994916252485,-0.1325
376,B4_K06_I01-03-04-05-06-08,Branch4,6,2,Location2,1,1,16.7641002986764,16.3521859430315,0.788913945774887,-0.8025,0.589438291935636,-0.0925,-0.8,0.59464274989274,-0.08
376,B4_K06_I01-03-04-05-06-08,Branch4,6,3,Location3,1,1,8.37227853953572,8.57595304950169,0.203684170294959,-0.1025,0.993824682728297,0.0424999999999999,-0.105,0.993453572141144,0.0449999999999999
376,B4_K06_I01-03-04-05-06-08,Branch4,6,4,Location4,1,1,4.86058692263444,5.49720433075537,0.83408021684274,0.36,0.932546915709875,0.0274999999999999,0.35,0.935998798076151,0.0374999999999999
377,B4_K06_I01-03-04-05-06-09,Branch4,6,1,Location1,1,1,12.0499372541413,10.9842034657581,1.5238412472704,-0.5375,0.828424709916357,-0.1575,-0.5325,0.835994916252485,-0.1325
377,B4_K06_I01-03-04-05-06-09,Branch4,6,2,Location2,1,1,16.9306973648369,16.483688053051,1.06501307402952,-0.805,0.58678680114672,-0.0875,-0.8025,0.592531644724567,-0.07
377,B4_K06_I01-03-04-05-06-09,Branch4,6,3,Location3,1,1,8.37227853953572,8.47525337559886,0.143378227897481,-0.1025,0.993824682728297,0.0424999999999999,-0.1025,0.993714622011773,0.0449999999999999
377,B4_K06_I01-03-04-05-06-09,Branch4,6,4,Location4,1,1,5.01433039477221,5.49720433075537,0.625269693620439,0.3575,0.933431170467325,0.0299999999999999,0.35,0.935998798076151,0.0374999999999999
378,B4_K06_I01-03-04-05-07-08,Branch4,6,1,Location1,1,1,12.1577667257075,11.1251288876582,1.62680332327494,-0.535,0.82858312799622,-0.165,-0.5325,0.835187104785509,-0.1375
378,B4_K06_I01-03-04-05-07-08,Branch4,6,2,Location2,1,1,16.7641002986764,16.3834900282326,0.653015862570388,-0.8025,0.589438291935636,-0.0925,-0.8,0.594301060069726,-0.0825
378,B4_K06_I01-03-04-05-07-08,Branch4,6,3,Location3,1,1,8.27053568153326,8.47525337559886,0.286741030339623,-0.1025,0.993928443098395,0.0399999999999999,-0.1025,0.993714622011773,0.0449999999999999
378,B4_K06_I01-03-04-05-07-08,Branch4,6,4,Location4,1,1,5.00357370735474,5.49720433075537,0.744196806263626,0.36,0.932469838654313,0.0299999999999999,0.35,0.935998798076151,0.0374999999999999
379,B4_K06_I01-03-04-05-07-09,Branch4,6,1,Location1,1,1,12.0707025089191,11.1251288876582,1.48153642359229,-0.535,0.82907704708308,-0.1625,-0.5325,0.835187104785509,-0.1375
379,B4_K06_I01-03-04-05-07-09,Branch4,6,2,Location2,1,1,17.0042954972734,16.6228504728193,0.65396531770004,-0.805,0.58601941094131,-0.0925,-0.8025,0.590920891490561,-0.0825
379,B4_K06_I01-03-04-05-07-09,Branch4,6,3,Location3,1,1,8.37227853953572,8.47525337559886,0.143378227897481,-0.1025,0.993824682728297,0.0424999999999999,-0.1025,0.993714622011773,0.0449999999999999
379,B4_K06_I01-03-04-05-07-09,Branch4,6,4,Location4,1,1,5.00357370735474,5.49720433075537,0.744196806263626,0.36,0.932469838654313,0.0299999999999999,0.35,0.935998798076151,0.0374999999999999
380,B4_K06_I01-03-04-05-08-09,Branch4,6,1,Location1,1,1,11.9850090552187,11.0538294724398,1.48048200195783,-0.535,0.829563138043151,-0.16,-0.5325,0.835594847997521,-0.135
380,B4_K06_I01-03-04-05-08-09,Branch4,6,2,Location2,1,1,18.038293810809,17.2459838141404,1.19208992170243,-0.8125,0.572489082865342,-0.11,-0.8075,0.58256973831465,-0.0925
380,B4_K06_I01-03-04-05-08-09,Branch4,6,3,Location3,1,1,8.37227853953572,8.47525337559886,0.143378227897481,-0.1025,0.993824682728297,0.0424999999999999,-0.1025,0.993714622011773,0.0449999999999999
380,B4_K06_I01-03-04-05-08-09,Branch4,6,4,Location4,1,1,4.72912490366468,5.52379292677837,0.937075212086908,0.3575,0.933578464833032,0.0249999999999999,0.3475,0.936929826614566,0.0374999999999999
381,B4_K06_I01-03-04-06-07-08,Branch4,6,1,Location1,1,1,11.9850090552187,11.0538294724398,1.48048200195783,-0.535,0.829563138043151,-0.16,-0.5325,0.835594847997521,-0.135
381,B4_K06_I01-03-04-06-07-08,Branch4,6,2,Location2,1,1,16.7263201816587,16.3834900282326,0.520522039815599,-0.8025,0.589825185966147,-0.09,-0.8,0.594301060069726,-0.0825
381,B4_K06_I01-03-04-06-07-08,Branch4,6,3,Location3,1,1,8.27053568153326,8.57595304950169,0.32144711891694,-0.1025,0.993928443098395,0.0399999999999999,-0.105,0.993453572141144,0.0449999999999999
381,B4_K06_I01-03-04-06-07-08,Branch4,6,4,Location4,1,1,5.15698973655785,5.63841616718822,0.625003685057808,0.3575,0.933347470131033,0.0324999999999999,0.35,0.935895293288731,0.0399999999999999
382,B4_K06_I01-03-04-06-07-09,Branch4,6,1,Location1,1,1,12.3046281920336,11.0538294724398,1.81147308245025,-0.5375,0.826963572353704,-0.165,-0.5325,0.835594847997521,-0.135
382,B4_K06_I01-03-04-06-07-09,Branch4,6,2,Location2,1,1,16.5916732698491,16.3225615992363,0.293599660762337,-0.8025,0.591264534705067,-0.08,-0.8,0.594973738916265,-0.0775
382,B4_K06_I01-03-04-06-07-09,Branch4,6,3,Location3,1,1,8.37227853953572,8.47525337559886,0.143378227897481,-0.1025,0.993824682728297,0.0424999999999999,-0.1025,0.993714622011773,0.0449999999999999
382,B4_K06_I01-03-04-06-07-09,Branch4,6,4,Location4,1,1,5.14658169849668,5.49720433075537,0.673203520217203,0.36,0.932386052019227,0.0324999999999999,0.35,0.935998798076151,0.0374999999999999
383,B4_K06_I01-03-04-06-08-09,Branch4,6,1,Location1,1,1,12.1334478650566,10.9842034657581,1.66661079352138,-0.5375,0.827945499414062,-0.16,-0.5325,0.835994916252485,-0.1325
383,B4_K06_I01-03-04-06-08-09,Branch4,6,2,Location2,1,1,16.9306973648369,16.5343249680969,0.787370040491858,-0.805,0.58678680114672,-0.0875,-0.8025,0.591919546898056,-0.075
383,B4_K06_I01-03-04-06-08-09,Branch4,6,3,Location3,1,1,8.37227853953572,8.47525337559886,0.143378227897481,-0.1025,0.993824682728297,0.0424999999999999,-0.1025,0.993714622011773,0.0449999999999999
383,B4_K06_I01-03-04-06-08-09,Branch4,6,4,Location4,1,1,4.86058692263444,5.63841616718822,0.937040188992648,0.36,0.932546915709875,0.0274999999999999,0.35,0.935895293288731,0.0399999999999999
384,B4_K06_I01-03-04-07-08-09,Branch4,6,1,Location1,1,1,12.3046281920336,11.2092054617996,1.77134499034969,-0.5375,0.826963572353704,-0.165,-0.535,0.83399640286994,-0.135
384,B4_K06_I01-03-04-07-08-09,Branch4,6,2,Location2,1,1,17.0843810761806,16.6901805169901,0.656232777920926,-0.805,0.585208296250147,-0.0975,-0.8025,0.590201236867562,-0.0875
384,B4_K06_I01-03-04-07-08-09,Branch4,6,3,Location3,1,1,8.16867893876482,8.47525337559886,0.321416234833608,-0.1,0.994183081730925,0.0399999999999999,-0.1025,0.993714622011773,0.0449999999999999
384,B4_K06_I01-03-04-07-08-09,Branch4,6,4,Location4,1,1,5.15698973655785,5.63841616718822,0.625003685057808,0.3575,0.933347470131033,0.0324999999999999,0.35,0.935895293288731,0.0399999999999999
385,B4_K06_I01-03-05-06-07-08,Branch4,6,1,Location1,1,1,11.8374867342012,11.0538294724398,1.45469565877742,-0.5325,0.831170108942809,-0.16,-0.5325,0.835594847997521,-0.135
385,B4_K06_I01-03-05-06-07-08,Branch4,6,2,Location2,1,1,16.7263201816587,16.3521859430315,0.651914991989285,-0.8025,0.589825185966147,-0.09,-0.8,0.59464274989274,-0.08
385,B4_K06_I01-03-05-06-07-08,Branch4,6,3,Location3,1,1,8.37227853953572,8.47525337559886,0.143378227897481,-0.1025,0.993824682728297,0.0424999999999999,-0.1025,0.993714622011773,0.0449999999999999
385,B4_K06_I01-03-05-06-07-08,Branch4,6,4,Location4,1,1,4.86058692263444,5.35609750914218,0.744504897034751,0.36,0.932546915709875,0.0274999999999999,0.35,0.936095614774474,0.0349999999999999
386,B4_K06_I01-03-05-06-07-09,Branch4,6,1,Location1,1,1,12.0707025089191,11.0538294724398,1.6256618406613,-0.535,0.82907704708308,-0.1625,-0.5325,0.835594847997521,-0.135
386,B4_K06_I01-03-05-06-07-09,Branch4,6,2,Location2,1,1,16.8636420220125,16.3225615992363,0.589057469728518,-0.805,0.587510638201556,-0.0825,-0.8,0.594973738916265,-0.0775
386,B4_K06_I01-03-05-06-07-09,Branch4,6,3,Location3,1,1,8.37227853953572,8.47525337559886,0.143378227897481,-0.1025,0.993824682728297,0.0424999999999999,-0.1025,0.993714622011773,0.0449999999999999
386,B4_K06_I01-03-05-06-07-09,Branch4,6,4,Location4,1,1,4.86058692263444,5.35609750914218,0.744504897034751,0.36,0.932546915709875,0.0274999999999999,0.35,0.936095614774474,0.0349999999999999
387,B4_K06_I01-03-05-06-08-09,Branch4,6,1,Location1,1,1,11.8178365547027,11.0538294724398,1.19101101900154,-0.535,0.830511890342336,-0.155,-0.5325,0.835594847997521,-0.135
387,B4_K06_I01-03-05-06-08-09,Branch4,6,2,Location2,1,1,17.2459838141404,16.5916732698491,0.918262035729134,-0.8075,0.58256973831465,-0.0925,-0.8025,0.591264534705067,-0.08
387,B4_K06_I01-03-05-06-08-09,Branch4,6,3,Location3,1,1,8.37227853953572,8.47525337559886,0.143378227897481,-0.1025,0.993824682728297,0.0424999999999999,-0.1025,0.993714622011773,0.0449999999999999
387,B4_K06_I01-03-05-06-08-09,Branch4,6,4,Location4,1,1,4.57467674719183,5.35609750914218,0.937825211727724,0.36,0.932680947591404,0.0224999999999999,0.35,0.936095614774474,0.0349999999999999
388,B4_K06_I01-03-05-07-08-09,Branch4,6,1,Location1,1,1,12.2183531178971,11.1251288876582,1.52645028085708,-0.5375,0.827458458171768,-0.1625,-0.5325,0.835187104785509,-0.1375
388,B4_K06_I01-03-05-07-08-09,Branch4,6,2,Location2,1,1,17.0435309927201,16.4164675000547,0.798820568736842,-0.805,0.585619330282053,-0.095,-0.8,0.59394865097919,-0.085
388,B4_K06_I01-03-05-07-08-09,Branch4,6,3,Location3,1,1,8.37227853953572,8.47525337559886,0.143378227897481,-0.1025,0.993824682728297,0.0424999999999999,-0.1025,0.993714622011773,0.0449999999999999
388,B4_K06_I01-03-05-07-08-09,Branch4,6,4,Location4,1,1,4.71762125934191,5.35609750914218,0.834440846174308,0.36,0.932617284849471,0.0249999999999999,0.35,0.936095614774474,0.0349999999999999
389,B4_K06_I01-03-06-07-08-09,Branch4,6,1,Location1,1,1,11.8374867342012,11.0538294724398,1.45469565877742,-0.5325,0.831170108942809,-0.16,-0.5325,0.835594847997521,-0.135
389,B4_K06_I01-03-06-07-08-09,Branch4,6,2,Location2,1,1,16.7263201816587,16.3521859430315,0.651914991989285,-0.8025,0.589825185966147,-0.09,-0.8,0.59464274989274,-0.08
389,B4_K06_I01-03-06-07-08-09,Branch4,6,3,Location3,1,1,8.37227853953572,8.47525337559886,0.143378227897481,-0.1025,0.993824682728297,0.0424999999999999,-0.1025,0.993714622011773,0.0449999999999999
389,B4_K06_I01-03-06-07-08-09,Branch4,6,4,Location4,1,1,5.00357370735474,5.49720433075537,0.744196806263626,0.36,0.932469838654313,0.0299999999999999,0.35,0.935998798076151,0.0374999999999999
390,B4_K06_I01-04-05-06-07-08,Branch4,6,1,Location1,1,1,12.3922485773178,11.0538294724398,1.95545163801348,-0.5375,0.826460827867843,-0.1675,-0.5325,0.835594847997521,-0.135
390,B4_K06_I01-04-05-06-07-08,Branch4,6,2,Location2,1,1,16.6556883643547,16.2946229961618,0.649748760051249,-0.8025,0.590566465353393,-0.085,-0.8,0.595294044989533,-0.075
390,B4_K06_I01-04-05-06-07-08,Branch4,6,3,Location3,1,1,8.37227853953572,8.67892896291791,0.321509195763922,-0.1025,0.993824682728297,0.0424999999999999,-0.105,0.993337178404191,0.0474999999999999
390,B4_K06_I01-04-05-06-07-08,Branch4,6,4,Location4,1,1,5.00357370735474,5.47473766066972,0.625576881391288,0.36,0.932469838654313,0.0299999999999999,0.3525,0.93506015849249,0.0374999999999999
391,B4_K06_I01-04-05-06-07-09,Branch4,6,1,Location1,1,1,12.3922485773178,11.0538294724398,1.95545163801348,-0.5375,0.826460827867843,-0.1675,-0.5325,0.835594847997521,-0.135
391,B4_K06_I01-04-05-06-07-09,Branch4,6,2,Location2,1,1,16.5621628506824,16.0563034102923,0.515138543613401,-0.8025,0.591597413787451,-0.0775,-0.7975,0.598639081584221,-0.075
391,B4_K06_I01-04-05-06-07-09,Branch4,6,3,Location3,1,1,8.47525337559886,8.57941727273049,0.143394563631841,-0.1025,0.993714622011773,0.0449999999999999,-0.1025,0.993598258855157,0.0474999999999999
391,B4_K06_I01-04-05-06-07-09,Branch4,6,4,Location4,1,1,5.00357370735474,5.47473766066972,0.625576881391288,0.36,0.932469838654313,0.0299999999999999,0.3525,0.93506015849249,0.0374999999999999
392,B4_K06_I01-04-05-06-08-09,Branch4,6,1,Location1,1,1,12.1334478650566,10.9842034657581,1.66661079352138,-0.5375,0.827945499414062,-0.16,-0.5325,0.835994916252485,-0.1325
392,B4_K06_I01-04-05-06-08-09,Branch4,6,2,Location2,1,1,16.9666819329403,16.5621628506824,0.788576421618396,-0.805,0.586408560646926,-0.09,-0.8025,0.591597413787451,-0.0775
392,B4_K06_I01-04-05-06-08-09,Branch4,6,3,Location3,1,1,8.47525337559886,8.57941727273049,0.143394563631841,-0.1025,0.993714622011773,0.0449999999999999,-0.1025,0.993598258855157,0.0474999999999999
392,B4_K06_I01-04-05-06-08-09,Branch4,6,4,Location4,1,1,4.86058692263444,5.63841616718822,0.937040188992648,0.36,0.932546915709875,0.0274999999999999,0.35,0.935895293288731,0.0399999999999999
393,B4_K06_I01-04-05-07-08-09,Branch4,6,1,Location1,1,1,12.6274334821224,11.2797465158819,1.95755123466532,-0.54,0.824317899842045,-0.17,-0.535,0.833587877790938,-0.1375
393,B4_K06_I01-04-05-07-08-09,Branch4,6,2,Location2,1,1,16.5253715850573,16.4164675000547,0.434499133196503,-0.8,0.592826914031406,-0.0925,-0.8,0.59394865097919,-0.085
393,B4_K06_I01-04-05-07-08-09,Branch4,6,3,Location3,1,1,8.37227853953572,8.47525337559886,0.143378227897481,-0.1025,0.993824682728297,0.0424999999999999,-0.1025,0.993714622011773,0.0449999999999999
393,B4_K06_I01-04-05-07-08-09,Branch4,6,4,Location4,1,1,5.14658169849668,5.63841616718822,0.743890640320068,0.36,0.932386052019227,0.0324999999999999,0.35,0.935895293288731,0.0399999999999999
394,B4_K06_I01-04-06-07-08-09,Branch4,6,1,Location1,1,1,12.3922485773178,11.2092054617996,1.91696069916655,-0.5375,0.826460827867843,-0.1675,-0.535,0.83399640286994,-0.135
394,B4_K06_I01-04-06-07-08-09,Branch4,6,2,Location2,1,1,16.6901805169901,16.3521859430315,0.519554897985861,-0.8025,0.590201236867562,-0.0875,-0.8,0.59464274989274,-0.08
394,B4_K06_I01-04-06-07-08-09,Branch4,6,3,Location3,1,1,8.37227853953572,8.47525337559886,0.143378227897481,-0.1025,0.993824682728297,0.0424999999999999,-0.1025,0.993714622011773,0.0449999999999999
394,B4_K06_I01-04-06-07-08-09,Branch4,6,4,Location4,1,1,5.28961108043064,5.6165691875335,0.538493611309501,0.36,0.93229555399562,0.0349999999999999,0.3525,0.934956549792556,0.0399999999999999
395,B4_K06_I01-05-06-07-08-09,Branch4,6,1,Location1,1,1,12.6274334821224,11.2092054617996,2.10036035979651,-0.54,0.824317899842045,-0.17,-0.535,0.83399640286994,-0.135
395,B4_K06_I01-05-06-07-08-09,Branch4,6,2,Location2,1,1,16.3225615992363,16.0053319811977,0.514828547923399,-0.8,0.594973738916265,-0.0775,-0.7975,0.599244315784472,-0.07
395,B4_K06_I01-05-06-07-08-09,Branch4,6,3,Location3,1,1,8.47525337559886,8.57941727273049,0.143394563631841,-0.1025,0.993714622011773,0.0449999999999999,-0.1025,0.993598258855157,0.0474999999999999
395,B4_K06_I01-05-06-07-08-09,Branch4,6,4,Location4,1,1,4.86058692263444,5.49720433075537,0.83408021684274,0.36,0.932546915709875,0.0274999999999999,0.35,0.935998798076151,0.0374999999999999
396,B4_K06_I02-03-04-05-06-07,Branch4,6,1,Location1,1,1,12.3046281920336,11.0538294724398,1.81147308245025,-0.5375,0.826963572353704,-0.165,-0.5325,0.835594847997521,-0.135
396,B4_K06_I02-03-04-05-06-07,Branch4,6,2,Location2,1,1,16.5621628506824,16.2683757672907,0.394053356495827,-0.8025,0.591597413787451,-0.0775,-0.8,0.5956036853479,-0.0725
396,B4_K06_I02-03-04-05-06-07,Branch4,6,3,Location3,1,1,8.47525337559886,8.57595304950169,0.144018277058768,-0.1025,0.993714622011773,0.0449999999999999,-0.105,0.993453572141144,0.0449999999999999
396,B4_K06_I02-03-04-05-06-07,Branch4,6,4,Location4,1,1,5.14658169849668,5.47473766066972,0.538706779795394,0.36,0.932386052019227,0.0324999999999999,0.3525,0.93506015849249,0.0374999999999999
397,B4_K06_I02-03-04-05-06-08,Branch4,6,1,Location1,1,1,11.8178365547027,11.0538294724398,1.19101101900154,-0.535,0.830511890342336,-0.155,-0.5325,0.835594847997521,-0.135
397,B4_K06_I02-03-04-05-06-08,Branch4,6,2,Location2,1,1,16.8035135090549,16.6228504728193,0.724260069321196,-0.8025,0.589040533410053,-0.095,-0.8025,0.590920891490561,-0.0825
397,B4_K06_I02-03-04-05-06-08,Branch4,6,3,Location3,1,1,8.37227853953572,8.57595304950169,0.203684170294959,-0.1025,0.993824682728297,0.0424999999999999,-0.105,0.993453572141144,0.0449999999999999
397,B4_K06_I02-03-04-05-06-08,Branch4,6,4,Location4,1,1,4.86058692263444,5.49720433075537,0.83408021684274,0.36,0.932546915709875,0.0274999999999999,0.35,0.935998798076151,0.0374999999999999
398,B4_K06_I02-03-04-05-06-09,Branch4,6,1,Location1,1,1,11.9678463979394,11.0538294724398,1.24199962344582,-0.5375,0.828896103260234,-0.155,-0.5325,0.835594847997521,-0.135
398,B4_K06_I02-03-04-05-06-09,Branch4,6,2,Location2,1,1,17.1384751886569,16.483688053051,1.03736920505035,-0.8075,0.58371118714652,-0.085,-0.8025,0.592531644724567,-0.07
398,B4_K06_I02-03-04-05-06-09,Branch4,6,3,Location3,1,1,8.37227853953572,8.47525337559886,0.143378227897481,-0.1025,0.993824682728297,0.0424999999999999,-0.1025,0.993714622011773,0.0449999999999999
398,B4_K06_I02-03-04-05-06-09,Branch4,6,4,Location4,1,1,4.86058692263444,5.49720433075537,0.83408021684274,0.36,0.932546915709875,0.0274999999999999,0.35,0.935998798076151,0.0374999999999999
399,B4_K06_I02-03-04-05-07-08,Branch4,6,1,Location1,1,1,12.2183531178971,11.1251288876582,1.52645028085708,-0.5375,0.827458458171768,-0.1625,-0.5325,0.835187104785509,-0.1375
399,B4_K06_I02-03-04-05-07-08,Branch4,6,2,Location2,1,1,17.0042954972734,16.5916732698491,0.789797604388921,-0.805,0.58601941094131,-0.0925,-0.8025,0.591264534705067,-0.08
399,B4_K06_I02-03-04-05-07-08,Branch4,6,3,Location3,1,1,8.37227853953572,8.57595304950169,0.203684170294959,-0.1025,0.993824682728297,0.0424999999999999,-0.105,0.993453572141144,0.0449999999999999
399,B4_K06_I02-03-04-05-07-08,Branch4,6,4,Location4,1,1,5.01433039477221,5.49720433075537,0.625269693620439,0.3575,0.933431170467325,0.0299999999999999,0.35,0.935998798076151,0.0374999999999999
400,B4_K06_I02-03-04-05-07-09,Branch4,6,1,Location1,1,1,12.2183531178971,11.1251288876582,1.52645028085708,-0.5375,0.827458458171768,-0.1625,-0.5325,0.835187104785509,-0.1375
400,B4_K06_I02-03-04-05-07-09,Branch4,6,2,Location2,1,1,16.6556883643547,16.5621628506824,0.433760189356362,-0.8025,0.590566465353393,-0.085,-0.8025,0.591597413787451,-0.0775
400,B4_K06_I02-03-04-05-07-09,Branch4,6,3,Location3,1,1,8.37227853953572,8.57595304950169,0.203684170294959,-0.1025,0.993824682728297,0.0424999999999999,-0.105,0.993453572141144,0.0449999999999999
400,B4_K06_I02-03-04-05-07-09,Branch4,6,4,Location4,1,1,5.00357370735474,5.35609750914218,0.673433453140358,0.36,0.932469838654313,0.0299999999999999,0.35,0.936095614774474,0.0349999999999999
401,B4_K06_I02-03-04-05-08-09,Branch4,6,1,Location1,1,1,12.0499372541413,11.1251288876582,1.24313153144813,-0.5375,0.828424709916357,-0.1575,-0.5325,0.835187104785509,-0.1375
401,B4_K06_I02-03-04-05-08-09,Branch4,6,2,Location2,1,1,17.7947745090209,17.2850512570873,0.939781661421334,-0.81,0.576020832956587,-0.11,-0.8075,0.582167286954532,-0.095
401,B4_K06_I02-03-04-05-08-09,Branch4,6,3,Location3,1,1,8.37227853953572,8.57595304950169,0.203684170294959,-0.1025,0.993824682728297,0.0424999999999999,-0.105,0.993453572141144,0.0449999999999999
401,B4_K06_I02-03-04-05-08-09,Branch4,6,4,Location4,1,1,4.87170832758958,5.49720433075537,0.730280589444576,0.3575,0.933508168148517,0.0274999999999999,0.35,0.935998798076151,0.0374999999999999
402,B4_K06_I02-03-04-06-07-08,Branch4,6,1,Location1,1,1,11.9850090552187,10.9842034657581,1.62453655606511,-0.535,0.829563138043151,-0.16,-0.5325,0.835994916252485,-0.1325
402,B4_K06_I02-03-04-06-07-08,Branch4,6,2,Location2,1,1,16.7641002986764,16.6228504728193,0.579223129428854,-0.8025,0.589438291935636,-0.0925,-0.8025,0.590920891490561,-0.0825
402,B4_K06_I02-03-04-06-07-08,Branch4,6,3,Location3,1,1,8.37227853953572,8.4741818022773,0.144018104997293,-0.1025,0.993824682728297,0.0424999999999999,-0.105,0.993563661775128,0.0424999999999999
402,B4_K06_I02-03-04-06-07-08,Branch4,6,4,Location4,1,1,5.14658169849668,5.6165691875335,0.625308406418575,0.36,0.932386052019227,0.0324999999999999,0.3525,0.934956549792556,0.0399999999999999
403,B4_K06_I02-03-04-06-07-09,Branch4,6,1,Location1,1,1,12.1334478650566,11.0538294724398,1.52513828416861,-0.5375,0.827945499414062,-0.16,-0.5325,0.835594847997521,-0.135
403,B4_K06_I02-03-04-06-07-09,Branch4,6,2,Location2,1,1,16.803180018571,16.2683757672907,0.586960496501783,-0.805,0.588191082897386,-0.0775,-0.8,0.5956036853479,-0.0725
403,B4_K06_I02-03-04-06-07-09,Branch4,6,3,Location3,1,1,8.37227853953572,8.57595304950169,0.203684170294959,-0.1025,0.993824682728297,0.0424999999999999,-0.105,0.993453572141144,0.0449999999999999
403,B4_K06_I02-03-04-06-07-09,Branch4,6,4,Location4,1,1,5.00357370735474,5.47473766066972,0.625576881391288,0.36,0.932469838654313,0.0299999999999999,0.3525,0.93506015849249,0.0374999999999999
404,B4_K06_I02-03-04-06-08-09,Branch4,6,1,Location1,1,1,11.8178365547027,10.9842034657581,1.33462042558672,-0.535,0.830511890342336,-0.155,-0.5325,0.835994916252485,-0.1325
404,B4_K06_I02-03-04-06-08-09,Branch4,6,2,Location2,1,1,16.9666819329403,16.5916732698491,0.652849866961939,-0.805,0.586408560646926,-0.09,-0.8025,0.591264534705067,-0.08
404,B4_K06_I02-03-04-06-08-09,Branch4,6,3,Location3,1,1,8.37227853953572,8.4741818022773,0.144018104997293,-0.1025,0.993824682728297,0.0424999999999999,-0.105,0.993563661775128,0.0424999999999999
404,B4_K06_I02-03-04-06-08-09,Branch4,6,4,Location4,1,1,4.87170832758958,5.49720433075537,0.730280589444576,0.3575,0.933508168148517,0.0274999999999999,0.35,0.935998798076151,0.0374999999999999
405,B4_K06_I02-03-04-07-08-09,Branch4,6,1,Location1,1,1,12.3046281920336,11.2797465158819,1.62707466358191,-0.5375,0.826963572353704,-0.165,-0.535,0.833587877790938,-0.1375
405,B4_K06_I02-03-04-07-08-09,Branch4,6,2,Location2,1,1,16.9666819329403,16.8963485690724,0.289646816229905,-0.805,0.586408560646926,-0.09,-0.805,0.587154153523587,-0.085
405,B4_K06_I02-03-04-07-08-09,Branch4,6,3,Location3,1,1,8.37227853953572,8.4741818022773,0.144018104997293,-0.1025,0.993824682728297,0.0424999999999999,-0.105,0.993563661775128,0.0424999999999999
405,B4_K06_I02-03-04-07-08-09,Branch4,6,4,Location4,1,1,5.15698973655785,5.6165691875335,0.524623269996732,0.3575,0.933347470131033,0.0324999999999999,0.3525,0.934956549792556,0.0399999999999999
406,B4_K06_I02-03-05-06-07-08,Branch4,6,1,Location1,1,1,11.9850090552187,11.0538294724398,1.48048200195783,-0.535,0.829563138043151,-0.16,-0.5325,0.835594847997521,-0.135
406,B4_K06_I02-03-05-06-07-08,Branch4,6,2,Location2,1,1,16.4874154723043,16.3521859430315,0.578798163368026,-0.8,0.593211597998556,-0.09,-0.8,0.59464274989274,-0.08
406,B4_K06_I02-03-05-06-07-08,Branch4,6,3,Location3,1,1,8.37227853953572,8.57595304950169,0.203684170294959,-0.1025,0.993824682728297,0.0424999999999999,-0.105,0.993453572141144,0.0449999999999999
406,B4_K06_I02-03-05-06-07-08,Branch4,6,4,Location4,1,1,4.87170832758958,5.35609750914218,0.625537845248521,0.3575,0.933508168148517,0.0274999999999999,0.35,0.936095614774474,0.0349999999999999
407,B4_K06_I02-03-05-06-07-09,Branch4,6,1,Location1,1,1,12.2183531178971,11.1251288876582,1.52645028085708,-0.5375,0.827458458171768,-0.1625,-0.5325,0.835187104785509,-0.1375
407,B4_K06_I02-03-05-06-07-09,Branch4,6,2,Location2,1,1,16.8636420220125,16.3225615992363,0.589057469728518,-0.805,0.587510638201556,-0.0825,-0.8,0.594973738916265,-0.0775
407,B4_K06_I02-03-05-06-07-09,Branch4,6,3,Location3,1,1,8.37227853953572,8.47525337559886,0.143378227897481,-0.1025,0.993824682728297,0.0424999999999999,-0.1025,0.993714622011773,0.0449999999999999
407,B4_K06_I02-03-05-06-07-09,Branch4,6,4,Location4,1,1,4.86058692263444,5.35609750914218,0.744504897034751,0.36,0.932546915709875,0.0274999999999999,0.35,0.936095614774474,0.0349999999999999
408,B4_K06_I02-03-05-06-08-09,Branch4,6,1,Location1,1,1,11.9678463979394,11.0538294724398,1.24199962344582,-0.5375,0.828896103260234,-0.155,-0.5325,0.835594847997521,-0.135
408,B4_K06_I02-03-05-06-08-09,Branch4,6,2,Location2,1,1,16.7263201816587,16.3521859430315,0.651914991989285,-0.8025,0.589825185966147,-0.09,-0.8,0.59464274989274,-0.08
408,B4_K06_I02-03-05-06-08-09,Branch4,6,3,Location3,1,1,8.37227853953572,8.47525337559886,0.143378227897481,-0.1025,0.993824682728297,0.0424999999999999,-0.1025,0.993714622011773,0.0449999999999999
408,B4_K06_I02-03-05-06-08-09,Branch4,6,4,Location4,1,1,4.71762125934191,5.38343557468632,0.951347942673709,0.36,0.932617284849471,0.0249999999999999,0.3475,0.937026547115929,0.0349999999999999
409,B4_K06_I02-03-05-07-08-09,Branch4,6,1,Location1,1,1,12.1334478650566,11.2797465158819,1.33679922414836,-0.5375,0.827945499414062,-0.16,-0.535,0.833587877790938,-0.1375
409,B4_K06_I02-03-05-07-08-09,Branch4,6,2,Location2,1,1,17.0843810761806,16.6901805169901,0.656232777920926,-0.805,0.585208296250147,-0.0975,-0.8025,0.590201236867562,-0.0875
409,B4_K06_I02-03-05-07-08-09,Branch4,6,3,Location3,1,1,8.37227853953572,8.47525337559886,0.143378227897481,-0.1025,0.993824682728297,0.0424999999999999,-0.1025,0.993714622011773,0.0449999999999999
409,B4_K06_I02-03-05-07-08-09,Branch4,6,4,Location4,1,1,4.86058692263444,5.35609750914218,0.744504897034751,0.36,0.932546915709875,0.0274999999999999,0.35,0.936095614774474,0.0349999999999999
410,B4_K06_I02-03-06-07-08-09,Branch4,6,1,Location1,1,1,11.9850090552187,11.0538294724398,1.48048200195783,-0.535,0.829563138043151,-0.16,-0.5325,0.835594847997521,-0.135
410,B4_K06_I02-03-06-07-08-09,Branch4,6,2,Location2,1,1,16.4511116590468,16.3834900282326,0.289398001255797,-0.8,0.593585503529188,-0.0875,-0.8,0.594301060069726,-0.0825
410,B4_K06_I02-03-06-07-08-09,Branch4,6,3,Location3,1,1,8.37227853953572,8.47525337559886,0.143378227897481,-0.1025,0.993824682728297,0.0424999999999999,-0.1025,0.993714622011773,0.0449999999999999
410,B4_K06_I02-03-06-07-08-09,Branch4,6,4,Location4,1,1,4.86058692263444,5.49720433075537,0.83408021684274,0.36,0.932546915709875,0.0274999999999999,0.35,0.935998798076151,0.0374999999999999
411,B4_K06_I02-04-05-06-07-08,Branch4,6,1,Location1,1,1,12.0707025089191,11.0538294724398,1.6256618406613,-0.535,0.82907704708308,-0.1625,-0.5325,0.835594847997521,-0.135
411,B4_K06_I02-04-05-06-07-08,Branch4,6,2,Location2,1,1,17.0456405468795,16.5343249680969,0.520706273347985,-0.8075,0.584754221874456,-0.0775,-0.8025,0.591919546898056,-0.075
411,B4_K06_I02-04-05-06-07-08,Branch4,6,3,Location3,1,1,8.37227853953572,8.57595304950169,0.203684170294959,-0.1025,0.993824682728297,0.0424999999999999,-0.105,0.993453572141144,0.0449999999999999
411,B4_K06_I02-04-05-06-07-08,Branch4,6,4,Location4,1,1,5.14658169849668,5.47473766066972,0.538706779795394,0.36,0.932386052019227,0.0324999999999999,0.3525,0.93506015849249,0.0374999999999999
412,B4_K06_I02-04-05-06-07-09,Branch4,6,1,Location1,1,1,12.2183531178971,11.0538294724398,1.66799684881308,-0.5375,0.827458458171768,-0.1625,-0.5325,0.835594847997521,-0.135
412,B4_K06_I02-04-05-06-07-09,Branch4,6,2,Location2,1,1,16.749356783422,16.5081650225967,0.241922307006,-0.805,0.588828285665694,-0.0725,-0.8025,0.592230951572104,-0.0725
412,B4_K06_I02-04-05-06-07-09,Branch4,6,3,Location3,1,1,8.47525337559886,8.57595304950169,0.144018277058768,-0.1025,0.993714622011773,0.0449999999999999,-0.105,0.993453572141144,0.0449999999999999
412,B4_K06_I02-04-05-06-07-09,Branch4,6,4,Location4,1,1,5.14658169849668,5.47473766066972,0.538706779795394,0.36,0.932386052019227,0.0324999999999999,0.3525,0.93506015849249,0.0374999999999999
413,B4_K06_I02-04-05-06-08-09,Branch4,6,1,Location1,1,1,12.0499372541413,11.0538294724398,1.38306027296757,-0.5375,0.828424709916357,-0.1575,-0.5325,0.835594847997521,-0.135
413,B4_K06_I02-04-05-06-08-09,Branch4,6,2,Location2,1,1,16.9666819329403,16.5916732698491,0.652849866961939,-0.805,0.586408560646926,-0.09,-0.8025,0.591264534705067,-0.08
413,B4_K06_I02-04-05-06-08-09,Branch4,6,3,Location3,1,1,8.47525337559886,8.57595304950169,0.144018277058768,-0.1025,0.993714622011773,0.0449999999999999,-0.105,0.993453572141144,0.0449999999999999
413,B4_K06_I02-04-05-06-08-09,Branch4,6,4,Location4,1,1,5.00357370735474,5.63841616718822,0.833722453261178,0.36,0.932469838654313,0.0299999999999999,0.35,0.935895293288731,0.0399999999999999
414,B4_K06_I02-04-05-07-08-09,Branch4,6,1,Location1,1,1,12.452420828803,11.2797465158819,1.66990291063715,-0.54,0.82533326602046,-0.165,-0.535,0.833587877790938,-0.1375
414,B4_K06_I02-04-05-07-08-09,Branch4,6,2,Location2,1,1,17.2459838141404,16.8636420220125,0.654938415459928,-0.8075,0.58256973831465,-0.0925,-0.805,0.587510638201556,-0.0825
414,B4_K06_I02-04-05-07-08-09,Branch4,6,3,Location3,1,1,8.37227853953572,8.57595304950169,0.203684170294959,-0.1025,0.993824682728297,0.0424999999999999,-0.105,0.993453572141144,0.0449999999999999
414,B4_K06_I02-04-05-07-08-09,Branch4,6,4,Location4,1,1,5.00357370735474,5.49720433075537,0.744196806263626,0.36,0.932469838654313,0.0299999999999999,0.35,0.935998798076151,0.0374999999999999
415,B4_K06_I02-04-06-07-08-09,Branch4,6,1,Location1,1,1,12.2183531178971,11.2092054617996,1.62592739328637,-0.5375,0.827458458171768,-0.1625,-0.535,0.83399640286994,-0.135
415,B4_K06_I02-04-06-07-08-09,Branch4,6,2,Location2,1,1,17.1384751886569,16.5916732698491,0.592821725490263,-0.8075,0.58371118714652,-0.085,-0.8025,0.591264534705067,-0.08
415,B4_K06_I02-04-06-07-08-09,Branch4,6,3,Location3,1,1,8.37227853953572,8.4741818022773,0.144018104997293,-0.1025,0.993824682728297,0.0424999999999999,-0.105,0.993563661775128,0.0424999999999999
415,B4_K06_I02-04-06-07-08-09,Branch4,6,4,Location4,1,1,5.14658169849668,5.6165691875335,0.625308406418575,0.36,0.932386052019227,0.0324999999999999,0.3525,0.934956549792556,0.0399999999999999
416,B4_K06_I02-05-06-07-08-09,Branch4,6,1,Location1,1,1,12.3669196298846,11.2092054617996,1.66849234336246,-0.54,0.825829128815398,-0.1625,-0.535,0.83399640286994,-0.135
416,B4_K06_I02-05-06-07-08-09,Branch4,6,2,Location2,1,1,16.5916732698491,16.2946229961618,0.394830454990555,-0.8025,0.591264534705067,-0.08,-0.8,0.595294044989533,-0.075
416,B4_K06_I02-05-06-07-08-09,Branch4,6,3,Location3,1,1,8.47525337559886,8.57595304950169,0.144018277058768,-0.1025,0.993714622011773,0.0449999999999999,-0.105,0.993453572141144,0.0449999999999999
416,B4_K06_I02-05-06-07-08-09,Branch4,6,4,Location4,1,1,4.71762125934191,5.35609750914218,0.834440846174308,0.36,0.932617284849471,0.0249999999999999,0.35,0.936095614774474,0.0349999999999999
417,B4_K06_I03-04-05-06-07-08,Branch4,6,1,Location1,1,1,12.1577667257075,11.0538294724398,1.77107018723549,-0.535,0.82858312799622,-0.165,-0.5325,0.835594847997521,-0.135
417,B4_K06_I03-04-05-06-07-08,Branch4,6,2,Location2,1,1,16.6556883643547,16.3225615992363,0.518596819614635,-0.8025,0.590566465353393,-0.085,-0.8,0.594973738916265,-0.0775
417,B4_K06_I03-04-05-06-07-08,Branch4,6,3,Location3,1,1,8.27053568153326,8.57595304950169,0.32144711891694,-0.1025,0.993928443098395,0.0399999999999999,-0.105,0.993453572141144,0.0449999999999999
417,B4_K06_I03-04-05-06-07-08,Branch4,6,4,Location4,1,1,5.14658169849668,5.49720433075537,0.673203520217203,0.36,0.932386052019227,0.0324999999999999,0.35,0.935998798076151,0.0374999999999999
418,B4_K06_I03-04-05-06-07-09,Branch4,6,1,Location1,1,1,12.2183531178971,11.0538294724398,1.66799684881308,-0.5375,0.827458458171768,-0.1625,-0.5325,0.835594847997521,-0.135
418,B4_K06_I03-04-05-06-07-09,Branch4,6,2,Location2,1,1,16.5916732698491,16.2683757672907,0.516707493435352,-0.8025,0.591264534705067,-0.08,-0.8,0.5956036853479,-0.0725
418,B4_K06_I03-04-05-06-07-09,Branch4,6,3,Location3,1,1,8.37227853953572,8.47525337559886,0.143378227897481,-0.1025,0.993824682728297,0.0424999999999999,-0.1025,0.993714622011773,0.0449999999999999
418,B4_K06_I03-04-05-06-07-09,Branch4,6,4,Location4,1,1,5.00357370735474,5.49720433075537,0.744196806263626,0.36,0.932469838654313,0.0299999999999999,0.35,0.935998798076151,0.0374999999999999
419,B4_K06_I03-04-05-06-08-09,Branch4,6,1,Location1,1,1,12.2183531178971,11.0538294724398,1.66799684881308,-0.5375,0.827458458171768,-0.1625,-0.5325,0.835594847997521,-0.135
419,B4_K06_I03-04-05-06-08-09,Branch4,6,2,Location2,1,1,16.8035135090549,16.3521859430315,0.928546259806,-0.8025,0.589040533410053,-0.095,-0.8,0.59464274989274,-0.08
419,B4_K06_I03-04-05-06-08-09,Branch4,6,3,Location3,1,1,8.37227853953572,8.47525337559886,0.143378227897481,-0.1025,0.993824682728297,0.0424999999999999,-0.1025,0.993714622011773,0.0449999999999999
419,B4_K06_I03-04-05-06-08-09,Branch4,6,4,Location4,1,1,4.86058692263444,5.49720433075537,0.83408021684274,0.36,0.932546915709875,0.0274999999999999,0.35,0.935998798076151,0.0374999999999999
420,B4_K06_I03-04-05-07-08-09,Branch4,6,1,Location1,1,1,12.3046281920336,11.1251288876582,1.66939937400942,-0.5375,0.826963572353704,-0.165,-0.5325,0.835187104785509,-0.1375
420,B4_K06_I03-04-05-07-08-09,Branch4,6,2,Location2,1,1,16.5649723325997,16.6228504728193,0.735495705638186,-0.8,0.592431430631427,-0.095,-0.8025,0.590920891490561,-0.0825
420,B4_K06_I03-04-05-07-08-09,Branch4,6,3,Location3,1,1,8.37227853953572,8.47525337559886,0.143378227897481,-0.1025,0.993824682728297,0.0424999999999999,-0.1025,0.993714622011773,0.0449999999999999
420,B4_K06_I03-04-05-07-08-09,Branch4,6,4,Location4,1,1,5.00357370735474,5.49720433075537,0.744196806263626,0.36,0.932469838654313,0.0299999999999999,0.35,0.935998798076151,0.0374999999999999
421,B4_K06_I03-04-06-07-08-09,Branch4,6,1,Location1,1,1,12.0707025089191,10.9842034657581,1.76985798886141,-0.535,0.82907704708308,-0.1625,-0.5325,0.835994916252485,-0.1325
421,B4_K06_I03-04-06-07-08-09,Branch4,6,2,Location2,1,1,16.7641002986764,16.6228504728193,0.579223129428854,-0.8025,0.589438291935636,-0.0925,-0.8025,0.590920891490561,-0.0825
421,B4_K06_I03-04-06-07-08-09,Branch4,6,3,Location3,1,1,8.27165546653221,8.37227853953572,0.143980745013554,-0.1,0.99407934793959,0.0424999999999999,-0.1025,0.993824682728297,0.0424999999999999
421,B4_K06_I03-04-06-07-08-09,Branch4,6,4,Location4,1,1,5.14658169849668,5.63841616718822,0.743890640320068,0.36,0.932386052019227,0.0324999999999999,0.35,0.935895293288731,0.0399999999999999
422,B4_K06_I03-05-06-07-08-09,Branch4,6,1,Location1,1,1,11.9007118142778,11.0538294724398,1.33557583565521,-0.535,0.830041414629415,-0.1575,-0.5325,0.835594847997521,-0.135
422,B4_K06_I03-05-06-07-08-09,Branch4,6,2,Location2,1,1,16.2880837664561,16.1140955535098,0.723635586914891,-0.7975,0.596185793188667,-0.0925,-0.7975,0.597991429704473,-0.08
422,B4_K06_I03-05-06-07-08-09,Branch4,6,3,Location3,1,1,8.37227853953572,8.47525337559886,0.143378227897481,-0.1025,0.993824682728297,0.0424999999999999,-0.1025,0.993714622011773,0.0449999999999999
422,B4_K06_I03-05-06-07-08-09,Branch4,6,4,Location4,1,1,4.86058692263444,5.35609750914218,0.744504897034751,0.36,0.932546915709875,0.0274999999999999,0.35,0.936095614774474,0.0349999999999999
423,B4_K06_I04-05-06-07-08-09,Branch4,6,1,Location1,1,1,12.3046281920336,11.2092054617996,1.77134499034969,-0.5375,0.826963572353704,-0.165,-0.535,0.83399640286994,-0.135
423,B4_K06_I04-05-06-07-08-09,Branch4,6,2,Location2,1,1,16.1455344685618,16.3225615992363,0.355147667804498,-0.7975,0.597651654394096,-0.0825,-0.8,0.594973738916265,-0.0775
423,B4_K06_I04-05-06-07-08-09,Branch4,6,3,Location3,1,1,8.47525337559886,8.57941727273049,0.143394563631841,-0.1025,0.993714622011773,0.0449999999999999,-0.1025,0.993598258855157,0.0474999999999999
423,B4_K06_I04-05-06-07-08-09,Branch4,6,4,Location4,1,1,5.1407334322927,5.63841616718822,0.873756378266272,0.3625,0.931416931347074,0.0324999999999999,0.35,0.935895293288731,0.0399999999999999
424,B4_K07_I01-02-03-04-05-06-07,Branch4,7,1,Location1,1,1,12.0707025089191,11.0538294724398,1.6256618406613,-0.535,0.82907704708308,-0.1625,-0.5325,0.835594847997521,-0.135
424,B4_K07_I01-02-03-04-05-06-07,Branch4,7,2,Location2,1,1,16.8325838898585,16.5343249680969,0.395964698712442,-0.805,0.587856274951625,-0.08,-0.8025,0.591919546898056,-0.075
424,B4_K07_I01-02-03-04-05-06-07,Branch4,7,3,Location3,1,1,8.37227853953572,8.57595304950169,0.203684170294959,-0.1025,0.993824682728297,0.0424999999999999,-0.105,0.993453572141144,0.0449999999999999
424,B4_K07_I01-02-03-04-05-06-07,Branch4,7,4,Location4,1,1,5.00357370735474,5.47473766066972,0.625576881391288,0.36,0.932469838654313,0.0299999999999999,0.3525,0.93506015849249,0.0374999999999999
425,B4_K07_I01-02-03-04-05-06-08,Branch4,7,1,Location1,1,1,11.9007118142778,11.0538294724398,1.33557583565521,-0.535,0.830041414629415,-0.1575,-0.5325,0.835594847997521,-0.135
425,B4_K07_I01-02-03-04-05-06-08,Branch4,7,2,Location2,1,1,16.9306973648369,16.5916732698491,0.520574537954425,-0.805,0.58678680114672,-0.0875,-0.8025,0.591264534705067,-0.08
425,B4_K07_I01-02-03-04-05-06-08,Branch4,7,3,Location3,1,1,8.37227853953572,8.57595304950169,0.203684170294959,-0.1025,0.993824682728297,0.0424999999999999,-0.105,0.993453572141144,0.0449999999999999
425,B4_K07_I01-02-03-04-05-06-08,Branch4,7,4,Location4,1,1,4.86058692263444,5.49720433075537,0.83408021684274,0.36,0.932546915709875,0.0274999999999999,0.35,0.935998798076151,0.0374999999999999
426,B4_K07_I01-02-03-04-05-06-09,Branch4,7,1,Location1,1,1,11.9678463979394,10.9842034657581,1.38185179022636,-0.5375,0.828896103260234,-0.155,-0.5325,0.835994916252485,-0.1325
426,B4_K07_I01-02-03-04-05-06-09,Branch4,7,2,Location2,1,1,16.8963485690724,16.749356783422,0.722596841145008,-0.805,0.587154153523587,-0.085,-0.805,0.588828285665694,-0.0725
426,B4_K07_I01-02-03-04-05-06-09,Branch4,7,3,Location3,1,1,8.37227853953572,8.57595304950169,0.203684170294959,-0.1025,0.993824682728297,0.0424999999999999,-0.105,0.993453572141144,0.0449999999999999
426,B4_K07_I01-02-03-04-05-06-09,Branch4,7,4,Location4,1,1,5.01433039477221,5.49720433075537,0.625269693620439,0.3575,0.933431170467325,0.0299999999999999,0.35,0.935998798076151,0.0374999999999999
427,B4_K07_I01-02-03-04-05-07-08,Branch4,7,1,Location1,1,1,12.0707025089191,11.2797465158819,1.45556350661097,-0.535,0.82907704708308,-0.1625,-0.535,0.833587877790938,-0.1375
427,B4_K07_I01-02-03-04-05-07-08,Branch4,7,2,Location2,1,1,17.2459838141404,16.8963485690724,0.523613975873036,-0.8075,0.58256973831465,-0.0925,-0.805,0.587154153523587,-0.085
427,B4_K07_I01-02-03-04-05-07-08,Branch4,7,3,Location3,1,1,8.37227853953572,8.57595304950169,0.203684170294959,-0.1025,0.993824682728297,0.0424999999999999,-0.105,0.993453572141144,0.0449999999999999
427,B4_K07_I01-02-03-04-05-07-08,Branch4,7,4,Location4,1,1,4.86058692263444,5.49720433075537,0.83408021684274,0.36,0.932546915709875,0.0274999999999999,0.35,0.935998798076151,0.0374999999999999
428,B4_K07_I01-02-03-04-05-07-09,Branch4,7,1,Location1,1,1,12.3046281920336,11.2797465158819,1.62707466358191,-0.5375,0.826963572353704,-0.165,-0.535,0.833587877790938,-0.1375
428,B4_K07_I01-02-03-04-05-07-09,Branch4,7,2,Location2,1,1,16.9306973648369,16.5916732698491,0.520574537954425,-0.805,0.58678680114672,-0.0875,-0.8025,0.591264534705067,-0.08
428,B4_K07_I01-02-03-04-05-07-09,Branch4,7,3,Location3,1,1,8.37227853953572,8.57595304950169,0.203684170294959,-0.1025,0.993824682728297,0.0424999999999999,-0.105,0.993453572141144,0.0449999999999999
428,B4_K07_I01-02-03-04-05-07-09,Branch4,7,4,Location4,1,1,4.86058692263444,5.49720433075537,0.83408021684274,0.36,0.932546915709875,0.0274999999999999,0.35,0.935998798076151,0.0374999999999999
429,B4_K07_I01-02-03-04-05-08-09,Branch4,7,1,Location1,1,1,12.0499372541413,11.0538294724398,1.38306027296757,-0.5375,0.828424709916357,-0.1575,-0.5325,0.835594847997521,-0.135
429,B4_K07_I01-02-03-04-05-08-09,Branch4,7,2,Location2,1,1,17.654363989048,17.2459838141404,0.660645191399599,-0.81,0.577402589187129,-0.1025,-0.8075,0.58256973831465,-0.0925
429,B4_K07_I01-02-03-04-05-08-09,Branch4,7,3,Location3,1,1,8.37227853953572,8.57595304950169,0.203684170294959,-0.1025,0.993824682728297,0.0424999999999999,-0.105,0.993453572141144,0.0449999999999999
429,B4_K07_I01-02-03-04-05-08-09,Branch4,7,4,Location4,1,1,4.72912490366468,5.49720433075537,0.84666411037753,0.3575,0.933578464833032,0.0249999999999999,0.35,0.935998798076151,0.0374999999999999
430,B4_K07_I01-02-03-04-06-07-08,Branch4,7,1,Location1,1,1,11.9850090552187,11.2092054617996,1.4547808797825,-0.535,0.829563138043151,-0.16,-0.535,0.83399640286994,-0.135
430,B4_K07_I01-02-03-04-06-07-08,Branch4,7,2,Location2,1,1,16.6901805169901,16.3834900282326,0.397199629787914,-0.8025,0.590201236867562,-0.0875,-0.8,0.594301060069726,-0.0825
430,B4_K07_I01-02-03-04-06-07-08,Branch4,7,3,Location3,1,1,8.37227853953572,8.57595304950169,0.203684170294959,-0.1025,0.993824682728297,0.0424999999999999,-0.105,0.993453572141144,0.0449999999999999
430,B4_K07_I01-02-03-04-06-07-08,Branch4,7,4,Location4,1,1,5.00357370735474,5.6165691875335,0.730236746508071,0.36,0.932469838654313,0.0299999999999999,0.3525,0.934956549792556,0.0399999999999999
431,B4_K07_I01-02-03-04-06-07-09,Branch4,7,1,Location1,1,1,12.2183531178971,11.0538294724398,1.66799684881308,-0.5375,0.827458458171768,-0.1625,-0.5325,0.835594847997521,-0.135
431,B4_K07_I01-02-03-04-06-07-09,Branch4,7,2,Location2,1,1,16.803180018571,16.5343249680969,0.294399419255232,-0.805,0.588191082897386,-0.0775,-0.8025,0.591919546898056,-0.075
431,B4_K07_I01-02-03-04-06-07-09,Branch4,7,3,Location3,1,1,8.37227853953572,8.47525337559886,0.143378227897481,-0.1025,0.993824682728297,0.0424999999999999,-0.1025,0.993714622011773,0.0449999999999999
431,B4_K07_I01-02-03-04-06-07-09,Branch4,7,4,Location4,1,1,5.14658169849668,5.47473766066972,0.538706779795394,0.36,0.932386052019227,0.0324999999999999,0.3525,0.93506015849249,0.0374999999999999
432,B4_K07_I01-02-03-04-06-08-09,Branch4,7,1,Location1,1,1,12.1334478650566,10.9842034657581,1.66661079352138,-0.5375,0.827945499414062,-0.16,-0.5325,0.835994916252485,-0.1325
432,B4_K07_I01-02-03-04-06-08-09,Branch4,7,2,Location2,1,1,16.9306973648369,16.5916732698491,0.520574537954425,-0.805,0.58678680114672,-0.0875,-0.8025,0.591264534705067,-0.08
432,B4_K07_I01-02-03-04-06-08-09,Branch4,7,3,Location3,1,1,8.37227853953572,8.57595304950169,0.203684170294959,-0.1025,0.993824682728297,0.0424999999999999,-0.105,0.993453572141144,0.0449999999999999
432,B4_K07_I01-02-03-04-06-08-09,Branch4,7,4,Location4,1,1,4.86058692263444,5.63841616718822,0.937040188992648,0.36,0.932546915709875,0.0274999999999999,0.35,0.935895293288731,0.0399999999999999
433,B4_K07_I01-02-03-04-07-08-09,Branch4,7,1,Location1,1,1,12.3046281920336,11.2797465158819,1.62707466358191,-0.5375,0.826963572353704,-0.165,-0.535,0.833587877790938,-0.1375
433,B4_K07_I01-02-03-04-07-08-09,Branch4,7,2,Location2,1,1,16.7263201816587,16.8963485690724,0.354977467032905,-0.8025,0.589825185966147,-0.09,-0.805,0.587154153523587,-0.085
433,B4_K07_I01-02-03-04-07-08-09,Branch4,7,3,Location3,1,1,8.37227853953572,8.47525337559886,0.143378227897481,-0.1025,0.993824682728297,0.0424999999999999,-0.1025,0.993714622011773,0.0449999999999999
433,B4_K07_I01-02-03-04-07-08-09,Branch4,7,4,Location4,1,1,5.15698973655785,5.63841616718822,0.625003685057808,0.3575,0.933347470131033,0.0324999999999999,0.35,0.935895293288731,0.0399999999999999
434,B4_K07_I01-02-03-05-06-07-08,Branch4,7,1,Location1,1,1,11.9007118142778,11.0538294724398,1.33557583565521,-0.535,0.830041414629415,-0.1575,-0.5325,0.835594847997521,-0.135
434,B4_K07_I01-02-03-05-06-07-08,Branch4,7,2,Location2,1,1,16.9306973648369,16.3521859430315,0.685080328687126,-0.805,0.58678680114672,-0.0875,-0.8,0.59464274989274,-0.08
434,B4_K07_I01-02-03-05-06-07-08,Branch4,7,3,Location3,1,1,8.37227853953572,8.57595304950169,0.203684170294959,-0.1025,0.993824682728297,0.0424999999999999,-0.105,0.993453572141144,0.0449999999999999
434,B4_K07_I01-02-03-05-06-07-08,Branch4,7,4,Location4,1,1,4.86058692263444,5.35609750914218,0.744504897034751,0.36,0.932546915709875,0.0274999999999999,0.35,0.936095614774474,0.0349999999999999
435,B4_K07_I01-02-03-05-06-07-09,Branch4,7,1,Location1,1,1,12.1334478650566,11.0538294724398,1.52513828416861,-0.5375,0.827945499414062,-0.16,-0.5325,0.835594847997521,-0.135
435,B4_K07_I01-02-03-05-06-07-09,Branch4,7,2,Location2,1,1,17.1058918822708,16.3521859430315,0.756413592778653,-0.8075,0.584069773229192,-0.0825,-0.8,0.59464274989274,-0.08
435,B4_K07_I01-02-03-05-06-07-09,Branch4,7,3,Location3,1,1,8.37227853953572,8.47525337559886,0.143378227897481,-0.1025,0.993824682728297,0.0424999999999999,-0.1025,0.993714622011773,0.0449999999999999
435,B4_K07_I01-02-03-05-06-07-09,Branch4,7,4,Location4,1,1,4.86058692263444,5.35609750914218,0.744504897034751,0.36,0.932546915709875,0.0274999999999999,0.35,0.936095614774474,0.0349999999999999
436,B4_K07_I01-02-03-05-06-08-09,Branch4,7,1,Location1,1,1,11.9678463979394,11.0538294724398,1.24199962344582,-0.5375,0.828896103260234,-0.155,-0.5325,0.835594847997521,-0.135
436,B4_K07_I01-02-03-05-06-08-09,Branch4,7,2,Location2,1,1,16.9306973648369,16.5916732698491,0.520574537954425,-0.805,0.58678680114672,-0.0875,-0.8025,0.591264534705067,-0.08
436,B4_K07_I01-02-03-05-06-08-09,Branch4,7,3,Location3,1,1,8.37227853953572,8.47525337559886,0.143378227897481,-0.1025,0.993824682728297,0.0424999999999999,-0.1025,0.993714622011773,0.0449999999999999
436,B4_K07_I01-02-03-05-06-08-09,Branch4,7,4,Location4,1,1,4.72912490366468,5.38343557468632,0.834028613693244,0.3575,0.933578464833032,0.0249999999999999,0.3475,0.937026547115929,0.0349999999999999
437,B4_K07_I01-02-03-05-07-08-09,Branch4,7,1,Location1,1,1,12.2183531178971,11.2797465158819,1.4817989808822,-0.5375,0.827458458171768,-0.1625,-0.535,0.833587877790938,-0.1375
437,B4_K07_I01-02-03-05-07-08-09,Branch4,7,2,Location2,1,1,17.2459838141404,16.6901805169901,0.596098490128087,-0.8075,0.58256973831465,-0.0925,-0.8025,0.590201236867562,-0.0875
437,B4_K07_I01-02-03-05-07-08-09,Branch4,7,3,Location3,1,1,8.37227853953572,8.47525337559886,0.143378227897481,-0.1025,0.993824682728297,0.0424999999999999,-0.1025,0.993714622011773,0.0449999999999999
437,B4_K07_I01-02-03-05-07-08-09,Branch4,7,4,Location4,1,1,4.71762125934191,5.35609750914218,0.834440846174308,0.36,0.932617284849471,0.0249999999999999,0.35,0.936095614774474,0.0349999999999999
438,B4_K07_I01-02-03-06-07-08-09,Branch4,7,1,Location1,1,1,12.0707025089191,11.2092054617996,1.60069768071354,-0.535,0.82907704708308,-0.1625,-0.535,0.83399640286994,-0.135
438,B4_K07_I01-02-03-06-07-08-09,Branch4,7,2,Location2,1,1,16.8963485690724,16.3521859430315,0.590118751904308,-0.805,0.587154153523587,-0.085,-0.8,0.59464274989274,-0.08
438,B4_K07_I01-02-03-06-07-08-09,Branch4,7,3,Location3,1,1,8.37227853953572,8.47525337559886,0.143378227897481,-0.1025,0.993824682728297,0.0424999999999999,-0.1025,0.993714622011773,0.0449999999999999
438,B4_K07_I01-02-03-06-07-08-09,Branch4,7,4,Location4,1,1,5.00357370735474,5.49720433075537,0.744196806263626,0.36,0.932469838654313,0.0299999999999999,0.35,0.935998798076151,0.0374999999999999
439,B4_K07_I01-02-04-05-06-07-08,Branch4,7,1,Location1,1,1,12.3046281920336,11.2092054617996,1.77134499034969,-0.5375,0.826963572353704,-0.165,-0.535,0.83399640286994,-0.135
439,B4_K07_I01-02-04-05-06-07-08,Branch4,7,2,Location2,1,1,16.8325838898585,16.5621628506824,0.294926808463761,-0.805,0.587856274951625,-0.08,-0.8025,0.591597413787451,-0.0775
439,B4_K07_I01-02-04-05-06-07-08,Branch4,7,3,Location3,1,1,8.37227853953572,8.57595304950169,0.203684170294959,-0.1025,0.993824682728297,0.0424999999999999,-0.105,0.993453572141144,0.0449999999999999
439,B4_K07_I01-02-04-05-06-07-08,Branch4,7,4,Location4,1,1,5.00357370735474,5.49720433075537,0.744196806263626,0.36,0.932469838654313,0.0299999999999999,0.35,0.935998798076151,0.0374999999999999
440,B4_K07_I01-02-04-05-06-07-09,Branch4,7,1,Location1,1,1,12.3669196298846,11.2092054617996,1.66849234336246,-0.54,0.825829128815398,-0.1625,-0.535,0.83399640286994,-0.135
440,B4_K07_I01-02-04-05-06-07-09,Branch4,7,2,Location2,1,1,16.5343249680969,16.2946229961618,0.240623606350729,-0.8025,0.591919546898056,-0.075,-0.8,0.595294044989533,-0.075
440,B4_K07_I01-02-04-05-06-07-09,Branch4,7,3,Location3,1,1,8.47525337559886,8.57595304950169,0.144018277058768,-0.1025,0.993714622011773,0.0449999999999999,-0.105,0.993453572141144,0.0449999999999999
440,B4_K07_I01-02-04-05-06-07-09,Branch4,7,4,Location4,1,1,5.00357370735474,5.49720433075537,0.744196806263626,0.36,0.932469838654313,0.0299999999999999,0.35,0.935998798076151,0.0374999999999999
441,B4_K07_I01-02-04-05-06-08-09,Branch4,7,1,Location1,1,1,12.1334478650566,11.0538294724398,1.52513828416837,-0.5375,0.827945499414062,-0.16,-0.5325,0.835594847997521,-0.135
441,B4_K07_I01-02-04-05-06-08-09,Branch4,7,2,Location2,1,1,16.9666819329403,16.8325838898585,0.578933367454934,-0.805,0.586408560646926,-0.09,-0.805,0.587856274951625,-0.08
441,B4_K07_I01-02-04-05-06-08-09,Branch4,7,3,Location3,1,1,8.47525337559886,8.57595304950169,0.144018277058768,-0.1025,0.993714622011773,0.0449999999999999,-0.105,0.993453572141144,0.0449999999999999
441,B4_K07_I01-02-04-05-06-08-09,Branch4,7,4,Location4,1,1,4.87170832758958,5.63841616718822,0.846354540339582,0.3575,0.933508168148517,0.0274999999999999,0.35,0.935895293288731,0.0399999999999999
442,B4_K07_I01-02-04-05-07-08-09,Branch4,7,1,Location1,1,1,12.5392666515639,11.2797465158819,1.81347462086227,-0.54,0.824829527841966,-0.1675,-0.535,0.833587877790938,-0.1375
442,B4_K07_I01-02-04-05-07-08-09,Branch4,7,2,Location2,1,1,16.9666819329403,16.8636420220125,0.434333943959997,-0.805,0.586408560646926,-0.09,-0.805,0.587510638201556,-0.0825
442,B4_K07_I01-02-04-05-07-08-09,Branch4,7,3,Location3,1,1,8.37227853953572,8.57595304950169,0.203684170294959,-0.1025,0.993824682728297,0.0424999999999999,-0.105,0.993453572141144,0.0449999999999999
442,B4_K07_I01-02-04-05-07-08-09,Branch4,7,4,Location4,1,1,5.01433039477221,5.49720433075537,0.625269693620439,0.3575,0.933431170467325,0.0299999999999999,0.35,0.935998798076151,0.0374999999999999
443,B4_K07_I01-02-04-06-07-08-09,Branch4,7,1,Location1,1,1,12.3046281920336,11.2092054617996,1.77134499034969,-0.5375,0.826963572353704,-0.165,-0.535,0.83399640286994,-0.135
443,B4_K07_I01-02-04-06-07-08-09,Branch4,7,2,Location2,1,1,16.9306973648369,16.6228504728193,0.398363911469226,-0.805,0.58678680114672,-0.0875,-0.8025,0.590920891490561,-0.0825
443,B4_K07_I01-02-04-06-07-08-09,Branch4,7,3,Location3,1,1,8.37227853953572,8.57595304950169,0.203684170294959,-0.1025,0.993824682728297,0.0424999999999999,-0.105,0.993453572141144,0.0449999999999999
443,B4_K07_I01-02-04-06-07-08-09,Branch4,7,4,Location4,1,1,5.14658169849668,5.63841616718822,0.743890640320068,0.36,0.932386052019227,0.0324999999999999,0.35,0.935895293288731,0.0399999999999999
444,B4_K07_I01-02-05-06-07-08-09,Branch4,7,1,Location1,1,1,12.3669196298846,11.2797465158819,1.52695157387518,-0.54,0.825829128815398,-0.1625,-0.535,0.833587877790938,-0.1375
444,B4_K07_I01-02-05-06-07-08-09,Branch4,7,2,Location2,1,1,16.803180018571,16.5343249680969,0.294399419255232,-0.805,0.588191082897386,-0.0775,-0.8025,0.591919546898056,-0.075
444,B4_K07_I01-02-05-06-07-08-09,Branch4,7,3,Location3,1,1,8.37227853953572,8.57595304950169,0.203684170294959,-0.1025,0.993824682728297,0.0424999999999999,-0.105,0.993453572141144,0.0449999999999999
444,B4_K07_I01-02-05-06-07-08-09,Branch4,7,4,Location4,1,1,4.87170832758958,5.35609750914218,0.625537845248521,0.3575,0.933508168148517,0.0274999999999999,0.35,0.936095614774474,0.0349999999999999
445,B4_K07_I01-03-04-05-06-07-08,Branch4,7,1,Location1,1,1,12.0707025089191,11.0538294724398,1.6256618406613,-0.535,0.82907704708308,-0.1625,-0.5325,0.835594847997521,-0.135
445,B4_K07_I01-03-04-05-06-07-08,Branch4,7,2,Location2,1,1,16.7641002986764,16.3521859430315,0.788913945774887,-0.8025,0.589438291935636,-0.0925,-0.8,0.59464274989274,-0.08
445,B4_K07_I01-03-04-05-06-07-08,Branch4,7,3,Location3,1,1,8.37227853953572,8.57595304950169,0.203684170294959,-0.1025,0.993824682728297,0.0424999999999999,-0.105,0.993453572141144,0.0449999999999999
445,B4_K07_I01-03-04-05-06-07-08,Branch4,7,4,Location4,1,1,5.00357370735474,5.49720433075537,0.744196806263626,0.36,0.932469838654313,0.0299999999999999,0.35,0.935998798076151,0.0374999999999999
446,B4_K07_I01-03-04-05-06-07-09,Branch4,7,1,Location1,1,1,12.2183531178971,11.0538294724398,1.66799684881308,-0.5375,0.827458458171768,-0.1625,-0.5325,0.835594847997521,-0.135
446,B4_K07_I01-03-04-05-06-07-09,Branch4,7,2,Location2,1,1,16.6556883643547,16.3225615992363,0.518596819614635,-0.8025,0.590566465353393,-0.085,-0.8,0.594973738916265,-0.0775
446,B4_K07_I01-03-04-05-06-07-09,Branch4,7,3,Location3,1,1,8.37227853953572,8.47525337559886,0.143378227897481,-0.1025,0.993824682728297,0.0424999999999999,-0.1025,0.993714622011773,0.0449999999999999
446,B4_K07_I01-03-04-05-06-07-09,Branch4,7,4,Location4,1,1,5.00357370735474,5.49720433075537,0.744196806263626,0.36,0.932469838654313,0.0299999999999999,0.35,0.935998798076151,0.0374999999999999
447,B4_K07_I01-03-04-05-06-08-09,Branch4,7,1,Location1,1,1,12.1334478650566,11.0538294724398,1.52513828416861,-0.5375,0.827945499414062,-0.16,-0.5325,0.835594847997521,-0.135
447,B4_K07_I01-03-04-05-06-08-09,Branch4,7,2,Location2,1,1,17.0435309927201,16.5916732698491,0.929400599509843,-0.805,0.585619330282053,-0.095,-0.8025,0.591264534705067,-0.08
447,B4_K07_I01-03-04-05-06-08-09,Branch4,7,3,Location3,1,1,8.37227853953572,8.47525337559886,0.143378227897481,-0.1025,0.993824682728297,0.0424999999999999,-0.1025,0.993714622011773,0.0449999999999999
447,B4_K07_I01-03-04-05-06-08-09,Branch4,7,4,Location4,1,1,4.86058692263444,5.49720433075537,0.83408021684274,0.36,0.932546915709875,0.0274999999999999,0.35,0.935998798076151,0.0374999999999999
448,B4_K07_I01-03-04-05-07-08-09,Branch4,7,1,Location1,1,1,12.2183531178971,11.1251288876582,1.52645028085708,-0.5375,0.827458458171768,-0.1625,-0.5325,0.835187104785509,-0.1375
448,B4_K07_I01-03-04-05-07-08-09,Branch4,7,2,Location2,1,1,17.0435309927201,16.6556883643547,0.655092916831637,-0.805,0.585619330282053,-0.095,-0.8025,0.590566465353393,-0.085
448,B4_K07_I01-03-04-05-07-08-09,Branch4,7,3,Location3,1,1,8.37227853953572,8.47525337559886,0.143378227897481,-0.1025,0.993824682728297,0.0424999999999999,-0.1025,0.993714622011773,0.0449999999999999
448,B4_K07_I01-03-04-05-07-08-09,Branch4,7,4,Location4,1,1,4.86058692263444,5.49720433075537,0.83408021684274,0.36,0.932546915709875,0.0274999999999999,0.35,0.935998798076151,0.0374999999999999
449,B4_K07_I01-03-04-06-07-08-09,Branch4,7,1,Location1,1,1,12.1577667257075,11.0538294724398,1.77107018723549,-0.535,0.82858312799622,-0.165,-0.5325,0.835594847997521,-0.135
449,B4_K07_I01-03-04-06-07-08-09,Branch4,7,2,Location2,1,1,17.0042954972734,16.3834900282326,0.797191732192943,-0.805,0.58601941094131,-0.0925,-0.8,0.594301060069726,-0.0825
449,B4_K07_I01-03-04-06-07-08-09,Branch4,7,3,Location3,1,1,8.37227853953572,8.47525337559886,0.143378227897481,-0.1025,0.993824682728297,0.0424999999999999,-0.1025,0.993714622011773,0.0449999999999999
449,B4_K07_I01-03-04-06-07-08-09,Branch4,7,4,Location4,1,1,5.00357370735474,5.63841616718822,0.833722453261178,0.36,0.932469838654313,0.0299999999999999,0.35,0.935895293288731,0.0399999999999999
450,B4_K07_I01-03-05-06-07-08-09,Branch4,7,1,Location1,1,1,11.9850090552187,11.0538294724398,1.48048200195783,-0.535,0.829563138043151,-0.16,-0.5325,0.835594847997521,-0.135
450,B4_K07_I01-03-05-06-07-08-09,Branch4,7,2,Location2,1,1,16.9666819329403,16.3521859430315,0.79557613143557,-0.805,0.586408560646926,-0.09,-0.8,0.59464274989274,-0.08
450,B4_K07_I01-03-05-06-07-08-09,Branch4,7,3,Location3,1,1,8.37227853953572,8.47525337559886,0.143378227897481,-0.1025,0.993824682728297,0.0424999999999999,-0.1025,0.993714622011773,0.0449999999999999
450,B4_K07_I01-03-05-06-07-08-09,Branch4,7,4,Location4,1,1,4.86058692263444,5.35609750914218,0.744504897034751,0.36,0.932546915709875,0.0274999999999999,0.35,0.936095614774474,0.0349999999999999
451,B4_K07_I01-04-05-06-07-08-09,Branch4,7,1,Location1,1,1,12.3922485773178,11.2092054617996,1.91696069916655,-0.5375,0.826460827867843,-0.1675,-0.535,0.83399640286994,-0.135
451,B4_K07_I01-04-05-06-07-08-09,Branch4,7,2,Location2,1,1,16.6228504728193,16.3225615992363,0.395613818204844,-0.8025,0.590920891490561,-0.0825,-0.8,0.594973738916265,-0.0775
451,B4_K07_I01-04-05-06-07-08-09,Branch4,7,3,Location3,1,1,8.37227853953572,8.47525337559886,0.143378227897481,-0.1025,0.993824682728297,0.0424999999999999,-0.1025,0.993714622011773,0.0449999999999999
451,B4_K07_I01-04-05-06-07-08-09,Branch4,7,4,Location4,1,1,5.00357370735474,5.63841616718822,0.833722453261178,0.36,0.932469838654313,0.0299999999999999,0.35,0.935895293288731,0.0399999999999999
452,B4_K07_I02-03-04-05-06-07-08,Branch4,7,1,Location1,1,1,12.0707025089191,11.0538294724398,1.6256618406613,-0.535,0.82907704708308,-0.1625,-0.5325,0.835594847997521,-0.135
452,B4_K07_I02-03-04-05-06-07-08,Branch4,7,2,Location2,1,1,16.9306973648369,16.5916732698491,0.520574537954425,-0.805,0.58678680114672,-0.0875,-0.8025,0.591264534705067,-0.08
452,B4_K07_I02-03-04-05-06-07-08,Branch4,7,3,Location3,1,1,8.37227853953572,8.57595304950169,0.203684170294959,-0.1025,0.993824682728297,0.0424999999999999,-0.105,0.993453572141144,0.0449999999999999
452,B4_K07_I02-03-04-05-06-07-08,Branch4,7,4,Location4,1,1,4.86058692263444,5.49720433075537,0.83408021684274,0.36,0.932546915709875,0.0274999999999999,0.35,0.935998798076151,0.0374999999999999
453,B4_K07_I02-03-04-05-06-07-09,Branch4,7,1,Location1,1,1,12.2183531178971,11.0538294724398,1.66799684881308,-0.5375,0.827458458171768,-0.1625,-0.5325,0.835594847997521,-0.135
453,B4_K07_I02-03-04-05-06-07-09,Branch4,7,2,Location2,1,1,16.7754359241675,16.5343249680969,0.242005448225301,-0.805,0.588515080520457,-0.075,-0.8025,0.591919546898056,-0.075
453,B4_K07_I02-03-04-05-06-07-09,Branch4,7,3,Location3,1,1,8.37227853953572,8.57595304950169,0.203684170294959,-0.1025,0.993824682728297,0.0424999999999999,-0.105,0.993453572141144,0.0449999999999999
453,B4_K07_I02-03-04-05-06-07-09,Branch4,7,4,Location4,1,1,5.00357370735474,5.47473766066972,0.625576881391288,0.36,0.932469838654313,0.0299999999999999,0.3525,0.93506015849249,0.0374999999999999
454,B4_K07_I02-03-04-05-06-08-09,Branch4,7,1,Location1,1,1,12.0499372541413,11.0538294724398,1.38306027296757,-0.5375,0.828424709916357,-0.1575,-0.5325,0.835594847997521,-0.135
454,B4_K07_I02-03-04-05-06-08-09,Branch4,7,2,Location2,1,1,17.0042954972734,16.5916732698491,0.789797604388921,-0.805,0.58601941094131,-0.0925,-0.8025,0.591264534705067,-0.08
454,B4_K07_I02-03-04-05-06-08-09,Branch4,7,3,Location3,1,1,8.37227853953572,8.57595304950169,0.203684170294959,-0.1025,0.993824682728297,0.0424999999999999,-0.105,0.993453572141144,0.0449999999999999
454,B4_K07_I02-03-04-05-06-08-09,Branch4,7,4,Location4,1,1,4.86058692263444,5.49720433075537,0.83408021684274,0.36,0.932546915709875,0.0274999999999999,0.35,0.935998798076151,0.0374999999999999
455,B4_K07_I02-03-04-05-07-08-09,Branch4,7,1,Location1,1,1,12.2183531178971,11.2797465158819,1.4817989808822,-0.5375,0.827458458171768,-0.1625,-0.535,0.833587877790938,-0.1375
455,B4_K07_I02-03-04-05-07-08-09,Branch4,7,2,Location2,1,1,17.0435309927201,16.8963485690724,0.579669518090355,-0.805,0.585619330282053,-0.095,-0.805,0.587154153523587,-0.085
455,B4_K07_I02-03-04-05-07-08-09,Branch4,7,3,Location3,1,1,8.37227853953572,8.57595304950169,0.203684170294959,-0.1025,0.993824682728297,0.0424999999999999,-0.105,0.993453572141144,0.0449999999999999
455,B4_K07_I02-03-04-05-07-08-09,Branch4,7,4,Location4,1,1,5.00357370735474,5.49720433075537,0.744196806263626,0.36,0.932469838654313,0.0299999999999999,0.35,0.935998798076151,0.0374999999999999
456,B4_K07_I02-03-04-06-07-08-09,Branch4,7,1,Location1,1,1,12.2183531178971,11.2092054617996,1.62592739328637,-0.5375,0.827458458171768,-0.1625,-0.535,0.83399640286994,-0.135
456,B4_K07_I02-03-04-06-07-08-09,Branch4,7,2,Location2,1,1,16.9306973648369,16.6228504728193,0.398363911469226,-0.805,0.58678680114672,-0.0875,-0.8025,0.590920891490561,-0.0825
456,B4_K07_I02-03-04-06-07-08-09,Branch4,7,3,Location3,1,1,8.37227853953572,8.4741818022773,0.144018104997293,-0.1025,0.993824682728297,0.0424999999999999,-0.105,0.993563661775128,0.0424999999999999
456,B4_K07_I02-03-04-06-07-08-09,Branch4,7,4,Location4,1,1,5.00357370735474,5.49720433075537,0.744196806263626,0.36,0.932469838654313,0.0299999999999999,0.35,0.935998798076151,0.0374999999999999
457,B4_K07_I02-03-05-06-07-08-09,Branch4,7,1,Location1,1,1,12.0499372541413,11.0538294724398,1.38306027296757,-0.5375,0.828424709916357,-0.1575,-0.5325,0.835594847997521,-0.135
457,B4_K07_I02-03-05-06-07-08-09,Branch4,7,2,Location2,1,1,16.6901805169901,16.3834900282326,0.397199629787914,-0.8025,0.590201236867562,-0.0875,-0.8,0.594301060069726,-0.0825
457,B4_K07_I02-03-05-06-07-08-09,Branch4,7,3,Location3,1,1,8.37227853953572,8.47525337559886,0.143378227897481,-0.1025,0.993824682728297,0.0424999999999999,-0.1025,0.993714622011773,0.0449999999999999
457,B4_K07_I02-03-05-06-07-08-09,Branch4,7,4,Location4,1,1,4.86058692263444,5.35609750914218,0.744504897034751,0.36,0.932546915709875,0.0274999999999999,0.35,0.936095614774474,0.0349999999999999
458,B4_K07_I02-04-05-06-07-08-09,Branch4,7,1,Location1,1,1,12.2183531178971,11.2092054617996,1.62592739328637,-0.5375,0.827458458171768,-0.1625,-0.535,0.83399640286994,-0.135
458,B4_K07_I02-04-05-06-07-08-09,Branch4,7,2,Location2,1,1,16.6556883643547,16.5621628506824,0.433760189356362,-0.8025,0.590566465353393,-0.085,-0.8025,0.591597413787451,-0.0775
458,B4_K07_I02-04-05-06-07-08-09,Branch4,7,3,Location3,1,1,8.37227853953572,8.57595304950169,0.203684170294959,-0.1025,0.993824682728297,0.0424999999999999,-0.105,0.993453572141144,0.0449999999999999
458,B4_K07_I02-04-05-06-07-08-09,Branch4,7,4,Location4,1,1,5.00357370735474,5.49720433075537,0.744196806263626,0.36,0.932469838654313,0.0299999999999999,0.35,0.935998798076151,0.0374999999999999
459,B4_K07_I03-04-05-06-07-08-09,Branch4,7,1,Location1,1,1,12.3046281920336,11.0538294724398,1.81147308245025,-0.5375,0.826963572353704,-0.165,-0.5325,0.835594847997521,-0.135
459,B4_K07_I03-04-05-06-07-08-09,Branch4,7,2,Location2,1,1,16.5253715850573,16.3834900282326,0.579152293320996,-0.8,0.592826914031406,-0.0925,-0.8,0.594301060069726,-0.0825
459,B4_K07_I03-04-05-06-07-08-09,Branch4,7,3,Location3,1,1,8.37227853953572,8.47525337559886,0.143378227897481,-0.1025,0.993824682728297,0.0424999999999999,-0.1025,0.993714622011773,0.0449999999999999
459,B4_K07_I03-04-05-06-07-08-09,Branch4,7,4,Location4,1,1,4.86058692263444,5.49720433075537,0.83408021684274,0.36,0.932546915709875,0.0274999999999999,0.35,0.935998798076151,0.0374999999999999
460,B4_K08_I01-02-03-04-05-06-07-08,Branch4,8,1,Location1,1,1,12.0707025089191,11.0538294724398,1.6256618406613,-0.535,0.82907704708308,-0.1625,-0.5325,0.835594847997521,-0.135
460,B4_K08_I01-02-03-04-05-06-07-08,Branch4,8,2,Location2,1,1,16.8963485690724,16.5916732698491,0.397557684164912,-0.805,0.587154153523587,-0.085,-0.8025,0.591264534705067,-0.08
460,B4_K08_I01-02-03-04-05-06-07-08,Branch4,8,3,Location3,1,1,8.37227853953572,8.57595304950169,0.203684170294959,-0.1025,0.993824682728297,0.0424999999999999,-0.105,0.993453572141144,0.0449999999999999
460,B4_K08_I01-02-03-04-05-06-07-08,Branch4,8,4,Location4,1,1,4.86058692263444,5.49720433075537,0.83408021684274,0.36,0.932546915709875,0.0274999999999999,0.35,0.935998798076151,0.0374999999999999
461,B4_K08_I01-02-03-04-05-06-07-09,Branch4,8,1,Location1,1,1,12.2183531178971,11.0538294724398,1.66799684881308,-0.5375,0.827458458171768,-0.1625,-0.5325,0.835594847997521,-0.135
461,B4_K08_I01-02-03-04-05-06-07-09,Branch4,8,2,Location2,1,1,16.8636420220125,16.5621628506824,0.396757971777655,-0.805,0.587510638201556,-0.0825,-0.8025,0.591597413787451,-0.0775
461,B4_K08_I01-02-03-04-05-06-07-09,Branch4,8,3,Location3,1,1,8.37227853953572,8.57595304950169,0.203684170294959,-0.1025,0.993824682728297,0.0424999999999999,-0.105,0.993453572141144,0.0449999999999999
461,B4_K08_I01-02-03-04-05-06-07-09,Branch4,8,4,Location4,1,1,5.00357370735474,5.49720433075537,0.744196806263626,0.36,0.932469838654313,0.0299999999999999,0.35,0.935998798076151,0.0374999999999999
462,B4_K08_I01-02-03-04-05-06-08-09,Branch4,8,1,Location1,1,1,12.0499372541413,11.0538294724398,1.38306027296757,-0.5375,0.828424709916357,-0.1575,-0.5325,0.835594847997521,-0.135
462,B4_K08_I01-02-03-04-05-06-08-09,Branch4,8,2,Location2,1,1,16.9666819329403,16.5916732698491,0.652849866961939,-0.805,0.586408560646926,-0.09,-0.8025,0.591264534705067,-0.08
462,B4_K08_I01-02-03-04-05-06-08-09,Branch4,8,3,Location3,1,1,8.37227853953572,8.57595304950169,0.203684170294959,-0.1025,0.993824682728297,0.0424999999999999,-0.105,0.993453572141144,0.0449999999999999
462,B4_K08_I01-02-03-04-05-06-08-09,Branch4,8,4,Location4,1,1,4.86058692263444,5.49720433075537,0.83408021684274,0.36,0.932546915709875,0.0274999999999999,0.35,0.935998798076151,0.0374999999999999
463,B4_K08_I01-02-03-04-05-07-08-09,Branch4,8,1,Location1,1,1,12.2183531178971,11.2797465158819,1.4817989808822,-0.5375,0.827458458171768,-0.1625,-0.535,0.833587877790938,-0.1375
463,B4_K08_I01-02-03-04-05-07-08-09,Branch4,8,2,Location2,1,1,17.0042954972734,16.8963485690724,0.434609983801654,-0.805,0.58601941094131,-0.0925,-0.805,0.587154153523587,-0.085
463,B4_K08_I01-02-03-04-05-07-08-09,Branch4,8,3,Location3,1,1,8.37227853953572,8.57595304950169,0.203684170294959,-0.1025,0.993824682728297,0.0424999999999999,-0.105,0.993453572141144,0.0449999999999999
463,B4_K08_I01-02-03-04-05-07-08-09,Branch4,8,4,Location4,1,1,4.86058692263444,5.49720433075537,0.83408021684274,0.36,0.932546915709875,0.0274999999999999,0.35,0.935998798076151,0.0374999999999999
464,B4_K08_I01-02-03-04-06-07-08-09,Branch4,8,1,Location1,1,1,12.0707025089191,11.2092054617996,1.60069768071354,-0.535,0.82907704708308,-0.1625,-0.535,0.83399640286994,-0.135
464,B4_K08_I01-02-03-04-06-07-08-09,Branch4,8,2,Location2,1,1,16.9306973648369,16.6228504728193,0.398363911469226,-0.805,0.58678680114672,-0.0875,-0.8025,0.590920891490561,-0.0825
464,B4_K08_I01-02-03-04-06-07-08-09,Branch4,8,3,Location3,1,1,8.37227853953572,8.47525337559886,0.143378227897481,-0.1025,0.993824682728297,0.0424999999999999,-0.1025,0.993714622011773,0.0449999999999999
464,B4_K08_I01-02-03-04-06-07-08-09,Branch4,8,4,Location4,1,1,5.00357370735474,5.63841616718822,0.833722453261178,0.36,0.932469838654313,0.0299999999999999,0.35,0.935895293288731,0.0399999999999999
465,B4_K08_I01-02-03-05-06-07-08-09,Branch4,8,1,Location1,1,1,12.0499372541413,11.2092054617996,1.33582549126571,-0.5375,0.828424709916357,-0.1575,-0.535,0.83399640286994,-0.135
465,B4_K08_I01-02-03-05-06-07-08-09,Branch4,8,2,Location2,1,1,16.8963485690724,16.3521859430315,0.590118751904308,-0.805,0.587154153523587,-0.085,-0.8,0.59464274989274,-0.08
465,B4_K08_I01-02-03-05-06-07-08-09,Branch4,8,3,Location3,1,1,8.37227853953572,8.47525337559886,0.143378227897481,-0.1025,0.993824682728297,0.0424999999999999,-0.1025,0.993714622011773,0.0449999999999999
465,B4_K08_I01-02-03-05-06-07-08-09,Branch4,8,4,Location4,1,1,4.86058692263444,5.35609750914218,0.744504897034751,0.36,0.932546915709875,0.0274999999999999,0.35,0.936095614774474,0.0349999999999999
466,B4_K08_I01-02-04-05-06-07-08-09,Branch4,8,1,Location1,1,1,12.3046281920336,11.2797465158819,1.62707466358191,-0.5375,0.826963572353704,-0.165,-0.535,0.833587877790938,-0.1375
466,B4_K08_I01-02-04-05-06-07-08-09,Branch4,8,2,Location2,1,1,16.8963485690724,16.5621628506824,0.519603939950699,-0.805,0.587154153523587,-0.085,-0.8025,0.591597413787451,-0.0775
466,B4_K08_I01-02-04-05-06-07-08-09,Branch4,8,3,Location3,1,1,8.37227853953572,8.57595304950169,0.203684170294959,-0.1025,0.993824682728297,0.0424999999999999,-0.105,0.993453572141144,0.0449999999999999
466,B4_K08_I01-02-04-05-06-07-08-09,Branch4,8,4,Location4,1,1,4.86058692263444,5.49720433075537,0.83408021684274,0.36,0.932546915709875,0.0274999999999999,0.35,0.935998798076151,0.0374999999999999
467,B4_K08_I01-03-04-05-06-07-08-09,Branch4,8,1,Location1,1,1,12.3046281920336,11.0538294724398,1.81147308245025,-0.5375,0.826963572353704,-0.165,-0.5325,0.835594847997521,-0.135
467,B4_K08_I01-03-04-05-06-07-08-09,Branch4,8,2,Location2,1,1,16.7641002986764,16.3834900282326,0.653015862570388,-0.8025,0.589438291935636,-0.0925,-0.8,0.594301060069726,-0.0825
467,B4_K08_I01-03-04-05-06-07-08-09,Branch4,8,3,Location3,1,1,8.37227853953572,8.47525337559886,0.143378227897481,-0.1025,0.993824682728297,0.0424999999999999,-0.1025,0.993714622011773,0.0449999999999999
467,B4_K08_I01-03-04-05-06-07-08-09,Branch4,8,4,Location4,1,1,4.86058692263444,5.49720433075537,0.83408021684274,0.36,0.932546915709875,0.0274999999999999,0.35,0.935998798076151,0.0374999999999999
468,B4_K08_I02-03-04-05-06-07-08-09,Branch4,8,1,Location1,1,1,12.1334478650566,11.0538294724398,1.52513828416861,-0.5375,0.827945499414062,-0.16,-0.5325,0.835594847997521,-0.135
468,B4_K08_I02-03-04-05-06-07-08-09,Branch4,8,2,Location2,1,1,16.8963485690724,16.3521859430315,0.590118751904308,-0.805,0.587154153523587,-0.085,-0.8,0.59464274989274,-0.08
468,B4_K08_I02-03-04-05-06-07-08-09,Branch4,8,3,Location3,1,1,8.37227853953572,8.57595304950169,0.203684170294959,-0.1025,0.993824682728297,0.0424999999999999,-0.105,0.993453572141144,0.0449999999999999
468,B4_K08_I02-03-04-05-06-07-08-09,Branch4,8,4,Location4,1,1,5.00357370735474,5.49720433075537,0.744196806263626,0.36,0.932469838654313,0.0299999999999999,0.35,0.935998798076151,0.0374999999999999
469,B4_K09_I01-02-03-04-05-06-07-08-09,Branch4,9,1,Location1,1,1,12.2183531178971,11.0538294724398,1.66799684881308,-0.5375,0.827458458171768,-0.1625,-0.5325,0.835594847997521,-0.135
469,B4_K09_I01-02-03-04-05-06-07-08-09,Branch4,9,2,Location2,1,1,16.9306973648369,16.5916732698491,0.520574537954425,-0.805,0.58678680114672,-0.0875,-0.8025,0.591264534705067,-0.08
469,B4_K09_I01-02-03-04-05-06-07-08-09,Branch4,9,3,Location3,1,1,8.37227853953572,8.57595304950169,0.203684170294959,-0.1025,0.993824682728297,0.0424999999999999,-0.105,0.993453572141144,0.0449999999999999
469,B4_K09_I01-02-03-04-05-06-07-08-09,Branch4,9,4,Location4,1,1,4.86058692263444,5.49720433075537,0.83408021684274,0.36,0.932546915709875,0.0274999999999999,0.35,0.935998798076151,0.0374999999999999
