MethodIndex,MethodId,Branch,StateCount,StationCount,Stations,LocalizationValid,FailureReason,ErrorM,EstimatedX_M,EstimatedY_M,EstimatedZ_M,RmsRayDistanceM,AllRaysForward
1,B1_DFT8,Branch1,8,2,L1-L2,1,,1.7130302704202,0.345629748903517,1.41278180603892,1.45581953039297,0.0214193243260425,1
1,B1_DFT8,Branch1,8,2,L1-L3,1,,1.1160550311514,-0.121315385183987,1.98190662837892,1.55468536957412,0.236350039614633,1
1,B1_DFT8,Branch1,8,2,L1-L4,1,,0.823064845205064,-0.286809656790318,2.31938207841935,1.53638652391985,0.258658983154399,1
1,B1_DFT8,Branch1,8,2,L2-L3,1,,1.34082614602273,-0.160609701151768,1.76230102244427,1.59609736079412,0.17092928461195,1
1,B1_DFT8,Branch1,8,2,L2-L4,1,,1.19414120518449,-0.44755440508243,1.98625068791727,1.58605654238738,0.189852895237717,1
1,B1_DFT8,Branch1,8,2,L3-L4,1,,0.694030064213452,-0.26659420457419,2.52265249033888,1.79786249075859,4.47267930256615e-05,1
1,B1_DFT8,Branch1,8,3,L1-L2-L3,1,,1.32628204350608,-0.0514200721136144,1.7647247044123,1.50504242158285,0.210092263510907,1
1,B1_DFT8,Branch1,8,3,L1-L2-L4,1,,1.10191188234868,-0.29802202896956,2.0296951833747,1.46614202381604,0.25817491974835,1
1,B1_DFT8,Branch1,8,3,L1-L3-L4,1,,0.710797736186944,-0.269470208741338,2.50066065195484,1.7920588317704,0.30828255353146,1
1,B1_DFT8,Branch1,8,3,L2-L3-L4,1,,1.08169969238106,-0.347155595071494,2.09145427428848,1.72904945092945,0.226040517943263,1
1,B1_DFT8,Branch1,8,4,L1-L2-L3-L4,1,,1.12707549868413,-0.27386534291208,2.00060211835795,1.5922453747325,0.255989115961077,1
2,B2_ONOFF,Branch2,NaN,2,L1-L2,1,,1.74513070881984,0.369825606572405,1.38474937189546,1.47118148271566,0.00883790627814039,1
2,B2_ONOFF,Branch2,NaN,2,L1-L3,1,,1.14411849083308,-0.101937124773552,1.95452092812228,1.59645320620278,0.244296194894804,1
2,B2_ONOFF,Branch2,NaN,2,L1-L4,1,,0.800727374244768,-0.284051707598708,2.34351808083807,1.55695348663163,0.244425324084332,1
2,B2_ONOFF,Branch2,NaN,2,L2-L3,1,,1.38160890401768,-0.14093632733308,1.720700040245,1.61831202607406,0.190783595563941,1
2,B2_ONOFF,Branch2,NaN,2,L2-L4,1,,1.21058642815109,-0.452930663276735,1.97083468826567,1.58855687041623,0.19198657633854,1
2,B2_ONOFF,Branch2,NaN,2,L3-L4,1,,0.69152069599503,-0.257240684325182,2.54192174341357,1.83412322274057,0.0286854995390401,1
2,B2_ONOFF,Branch2,NaN,3,L1-L2-L3,1,,1.38033690130624,0.00243725423542629,1.7096854594067,1.50746926543947,0.226614597211159,1
2,B2_ONOFF,Branch2,NaN,3,L1-L2-L4,1,,1.11750240180034,-0.298767172468206,2.01340703916238,1.47769772747498,0.258781815803821,1
2,B2_ONOFF,Branch2,NaN,3,L1-L3-L4,1,,0.783907616304663,-0.27119132032563,2.41289801742403,1.78722695533704,0.279285571674865,1
2,B2_ONOFF,Branch2,NaN,3,L2-L3-L4,1,,1.1348323150191,-0.340390092413457,2.03269451023414,1.73255981920648,0.23137623578843,1
2,B2_ONOFF,Branch2,NaN,4,L1-L2-L3-L4,1,,1.12527196335669,-0.275928579426083,2.00517709656375,1.61515067847245,0.264088240273228,1
3,B3_HADAMARD,Branch3,NaN,2,L1-L2,1,,1.71354717006868,0.345258554034257,1.41233341707754,1.45024789992536,0.0204725723485921,1
3,B3_HADAMARD,Branch3,NaN,2,L1-L3,1,,1.17296251161318,-0.0958145503548052,1.92286594174756,1.5667736149792,0.248602348835659,1
3,B3_HADAMARD,Branch3,NaN,2,L1-L4,1,,0.826129692422023,-0.286527283290049,2.31584968553836,1.53291922311777,0.262230983029473,1
3,B3_HADAMARD,Branch3,NaN,2,L2-L3,1,,1.35816084665292,-0.145335517073337,1.7436156865127,1.60357486786536,0.18496416013914,1
3,B3_HADAMARD,Branch3,NaN,2,L2-L4,1,,1.19555380637675,-0.447300926897877,1.9842853491488,1.58164493634779,0.194260833854614,1
3,B3_HADAMARD,Branch3,NaN,2,L3-L4,1,,0.678134249575398,-0.25672300600717,2.54706506996262,1.8149301833409,0.0160608649945581,1
3,B3_HADAMARD,Branch3,NaN,3,L1-L2-L3,1,,1.34919257377037,-0.0329588562038371,1.74122420497134,1.50617815989272,0.219933662175018,1
3,B3_HADAMARD,Branch3,NaN,3,L1-L2-L4,1,,1.09218924538809,-0.29330192316331,2.03865843677277,1.46085607274403,0.260671815214214,1
3,B3_HADAMARD,Branch3,NaN,3,L1-L3-L4,1,,0.746090765793179,-0.268000201021895,2.456617145375,1.78922911769247,0.307658652813319,1
3,B3_HADAMARD,Branch3,NaN,3,L2-L3-L4,1,,1.09667344816064,-0.344060553996459,2.07460964815175,1.73086234092571,0.233450372164353,1
3,B3_HADAMARD,Branch3,NaN,4,L1-L2-L3-L4,1,,1.13543483207186,-0.269248009189463,1.99020542555117,1.58467385335802,0.264409271057783,1
4,B4_K03_I01-02-03,Branch4,3,2,L1-L2,1,,5.40731393400647,2.40560127835829,-1.74102336909226,1.83665958733705,0.121062753452956,0
4,B4_K03_I01-02-03,Branch4,3,2,L1-L3,1,,1.09262770359144,-0.146884034064858,2.00864259396686,1.5540975009554,0.225975603208883,1
4,B4_K03_I01-02-03,Branch4,3,2,L1-L4,1,,0.863276137041614,-0.276790586240032,2.27415369247437,1.55502238318342,0.256656222822568,1
4,B4_K03_I01-02-03,Branch4,3,2,L2-L3,1,,21.1753912487201,2.29498000827927,-17.9606583133972,1.50677278186083,0.559122668916754,0
4,B4_K03_I01-02-03,Branch4,3,2,L2-L4,1,,6.29283242131504,2.29876846497222,8.93812847673648,1.83881668611057,0.311747647149416,1
4,B4_K03_I01-02-03,Branch4,3,2,L3-L4,1,,0.782602705310797,-0.274709122953988,2.42025292079926,1.79738988218785,0.0159796931849921,1
4,B4_K03_I01-02-03,Branch4,3,3,L1-L2-L3,1,,4.01050758305563,1.41299661688537,-0.657611492997707,1.70741198607778,0.973782660537504,0
4,B4_K03_I01-02-03,Branch4,3,3,L1-L2-L4,1,,0.887275234666638,0.00673987128055653,2.20609060903028,1.57691621898787,1.41434723494198,1
4,B4_K03_I01-02-03,Branch4,3,3,L1-L3-L4,1,,0.840987678058732,-0.281366828114696,2.34174870209413,1.76117614336972,0.27109072762882,1
4,B4_K03_I01-02-03,Branch4,3,3,L2-L3-L4,1,,0.928791028441292,0.567907120278844,3.76232308104354,1.7968433121122,1.21522978840049,1
4,B4_K03_I01-02-03,Branch4,3,4,L1-L2-L3-L4,1,,0.878745001289607,-0.166402533738159,2.24383476467878,1.6688412526333,1.30295618196225,1
5,B4_K03_I01-02-04,Branch4,3,2,L1-L2,1,,1.64858204983976,0.306195162443547,1.47034272209662,1.47211452556215,0.0332218120088122,1
5,B4_K03_I01-02-04,Branch4,3,2,L1-L3,1,,1.08358568061699,-0.142911748222556,2.01753822826603,1.55966496147138,0.225745900302747,1
5,B4_K03_I01-02-04,Branch4,3,2,L1-L4,1,,0.822171965216602,-0.291747238661949,2.32258086256224,1.54379676489808,0.244230274309679,1
5,B4_K03_I01-02-04,Branch4,3,2,L2-L3,1,,1.28573614239583,-0.181628662721162,1.82220107256661,1.61320042552822,0.151320868664644,1
5,B4_K03_I01-02-04,Branch4,3,2,L2-L4,1,,1.15629664533151,-0.437898823036979,2.02507043333359,1.60579022084967,0.166006139412594,1
5,B4_K03_I01-02-04,Branch4,3,2,L3-L4,1,,0.716281912889279,-0.276505413106551,2.49641705853738,1.7902823226786,0.000265272385551942,1
5,B4_K03_I01-02-04,Branch4,3,3,L1-L2-L3,1,,1.28383159185121,-0.066881944186593,1.80795292208395,1.51027870536396,0.198369997658796,1
5,B4_K03_I01-02-04,Branch4,3,3,L1-L2-L4,1,,1.10585313044723,-0.315448353704196,2.03019449592256,1.48531069122069,0.240739165172745,1
5,B4_K03_I01-02-04,Branch4,3,3,L1-L3-L4,1,,0.731435037623115,-0.278993261579594,2.47668049399973,1.78460350984394,0.288812297467156,1
5,B4_K03_I01-02-04,Branch4,3,3,L2-L3-L4,1,,1.06004678943788,-0.345280943081094,2.11414238391942,1.72843419026083,0.197742899242452,1
5,B4_K03_I01-02-04,Branch4,3,4,L1-L2-L3-L4,1,,1.10088013189963,-0.286133419235334,2.03193185666276,1.60274500115782,0.236259239844426,1
6,B4_K03_I01-02-05,Branch4,3,2,L1-L2,1,,1.68042202045986,0.32752057210116,1.44218126660853,1.46475991513855,0.0162913346686803,1
6,B4_K03_I01-02-05,Branch4,3,2,L1-L3,1,,1.07465999303551,-0.138888022675137,2.02635327880769,1.56526768178302,0.225521395365683,1
6,B4_K03_I01-02-05,Branch4,3,2,L1-L4,1,,0.799980306913527,-0.297096564656155,2.34867446974961,1.5462447934145,0.242517912274337,1
6,B4_K03_I01-02-05,Branch4,3,2,L2-L3,1,,1.31800452584817,-0.168480291940495,1.78662213173632,1.59978203197137,0.168225665376432,1
6,B4_K03_I01-02-05,Branch4,3,2,L2-L4,1,,1.17361819766657,-0.451976968109945,2.01044580654009,1.58751707019421,0.183798950617054,1
6,B4_K03_I01-02-05,Branch4,3,2,L3-L4,1,,0.680999898110769,-0.275047212732745,2.54138326154052,1.79517717777109,0.00355736567549083,1
6,B4_K03_I01-02-05,Branch4,3,3,L1-L2-L3,1,,1.3006930436483,-0.0598345823208493,1.79072281303633,1.51005027309887,0.203920996206383,1
6,B4_K03_I01-02-05,Branch4,3,3,L1-L2-L4,1,,1.08092920152511,-0.308831018137505,2.05442241128078,1.47529375203848,0.247896967810135,1
6,B4_K03_I01-02-05,Branch4,3,3,L1-L3-L4,1,,0.698535753149465,-0.278074108375827,2.51807842801236,1.78902024872709,0.290593961148043,1
6,B4_K03_I01-02-05,Branch4,3,3,L2-L3-L4,1,,1.06981277573208,-0.352463762370453,2.10514915706209,1.72436017583283,0.218819718307124,1
6,B4_K03_I01-02-05,Branch4,3,4,L1-L2-L3-L4,1,,1.09630615416661,-0.284733980958108,2.03615677132505,1.6011345298466,0.246864603507579,1
7,B4_K03_I01-02-06,Branch4,3,2,L1-L2,1,,1.73584502854833,0.359373735712882,1.39201299281749,1.47086918032225,0.0146054956715409,1
7,B4_K03_I01-02-06,Branch4,3,2,L1-L3,1,,1.08071981804959,-0.133729863979337,2.01959846303128,1.56566733023515,0.224623759615288,1
7,B4_K03_I01-02-06,Branch4,3,2,L1-L4,1,,0.809433390870723,-0.29214098143659,2.3370004713072,1.55317679014531,0.248020517873072,1
7,B4_K03_I01-02-06,Branch4,3,2,L2-L3,1,,1.35531509598845,-0.160473733519533,1.74794774134846,1.60011456094292,0.166156704754428,1
7,B4_K03_I01-02-06,Branch4,3,2,L2-L4,1,,1.20788895190243,-0.457888722567769,1.97612045041366,1.59276845846801,0.187850866534933,1
7,B4_K03_I01-02-06,Branch4,3,2,L3-L4,1,,0.683558318539037,-0.268303989106598,2.53851742273255,1.80188062416103,0.00329177736811861,1
7,B4_K03_I01-02-06,Branch4,3,3,L1-L2-L3,1,,1.33801173066962,-0.0431194716950829,1.75271805534,1.50964899251742,0.205592232183164,1
7,B4_K03_I01-02-06,Branch4,3,3,L1-L2-L4,1,,1.12512264550022,-0.309067645931248,2.00839269345509,1.47755468680151,0.258041742739823,1
7,B4_K03_I01-02-06,Branch4,3,3,L1-L3-L4,1,,0.700475807891409,-0.271307542144491,2.51604579955703,1.79603234757456,0.294549281109618,1
7,B4_K03_I01-02-06,Branch4,3,3,L2-L3-L4,1,,1.10012709726372,-0.353111429759748,2.0733265513384,1.7279628195418,0.222996761965352,1
7,B4_K03_I01-02-06,Branch4,3,4,L1-L2-L3-L4,1,,1.12569657007537,-0.276229725828795,2.00401886375625,1.60740055014167,0.252719832119543,1
8,B4_K03_I01-02-07,Branch4,3,2,L1-L2,1,,1.71722333954111,0.351540772647362,1.40929601760647,1.47743439347724,0.0330194292131803,1
8,B4_K03_I01-02-07,Branch4,3,2,L1-L3,1,,1.09700845294148,-0.125028624280892,2.00166690734603,1.55767554394816,0.227286224224845,1
8,B4_K03_I01-02-07,Branch4,3,2,L1-L4,1,,0.812638974707722,-0.291823101517089,2.33278126142291,1.54290877046348,0.252153375056905,1
8,B4_K03_I01-02-07,Branch4,3,2,L2-L3,1,,1.32898910073065,-0.163681480525903,1.77604014603918,1.61370974000928,0.148833757668936,1
8,B4_K03_I01-02-07,Branch4,3,2,L2-L4,1,,1.18661553038019,-0.453491378671069,1.99879049234483,1.6079990593173,0.168016796229653,1
8,B4_K03_I01-02-07,Branch4,3,2,L3-L4,1,,0.66769292976565,-0.263251248932679,2.5524270034195,1.79585114794755,0.00312790322123782,1
8,B4_K03_I01-02-07,Branch4,3,3,L1-L2-L3,1,,1.32668108182321,-0.0413520496283668,1.76401213621416,1.51135279489028,0.201040188231099,1
8,B4_K03_I01-02-07,Branch4,3,3,L1-L2-L4,1,,1.16364652417727,-0.326778786792197,1.9734071081147,1.47743517064784,0.259311309413173,1
8,B4_K03_I01-02-07,Branch4,3,3,L1-L3-L4,1,,0.685949265134744,-0.266540331958033,2.52841949767729,1.7900172153331,0.301577912075883,1
8,B4_K03_I01-02-07,Branch4,3,3,L2-L3-L4,1,,1.0959991450276,-0.35175098929069,2.07585451214457,1.72134655383969,0.201475631440441,1
8,B4_K03_I01-02-07,Branch4,3,4,L1-L2-L3-L4,1,,1.13227049436623,-0.27516033272945,1.99612010747416,1.59874231328176,0.246366174347042,1
9,B4_K03_I01-02-08,Branch4,3,2,L1-L2,1,,5.40320791248742,2.4045705417008,-1.73842797077345,1.81461021376298,0.15535465209021,0
9,B4_K03_I01-02-08,Branch4,3,2,L1-L3,1,,1.11343692746486,-0.109404976457666,1.98320052995497,1.55260490164166,0.232605197623484,1
9,B4_K03_I01-02-08,Branch4,3,2,L1-L4,1,,0.824425246078823,-0.273820301585374,2.31342341037799,1.54035132293839,0.26100977663175,1
9,B4_K03_I01-02-08,Branch4,3,2,L2-L3,1,,30.5636765260545,2.78853812396432,-27.3409733505022,0.935873363936601,0.362061597723602,0
9,B4_K03_I01-02-08,Branch4,3,2,L2-L4,1,,6.40873758516478,2.24866396875141,9.07321935096315,1.96531063753469,0.137914321833918,1
9,B4_K03_I01-02-08,Branch4,3,2,L3-L4,1,,0.681115157628494,-0.248188685731662,2.53032208086655,1.79846417048036,0.0066795239135817,1
9,B4_K03_I01-02-08,Branch4,3,3,L1-L2-L3,1,,4.03495392555484,1.49432041175873,-0.652354884058718,1.70649360792402,0.987976789427074,0
9,B4_K03_I01-02-08,Branch4,3,3,L1-L2-L4,1,,0.854399806656648,-0.0139557644165165,2.23777361206859,1.55928279655898,1.41339333246923,1
9,B4_K03_I01-02-08,Branch4,3,3,L1-L3-L4,1,,0.712660116101156,-0.253782646957792,2.48940473149892,1.78768756079907,0.304414967943229,1
9,B4_K03_I01-02-08,Branch4,3,3,L2-L3-L4,1,,1.52329929197294,0.727302250465812,4.38410427679838,1.84171082828141,1.15538219407055,1
9,B4_K03_I01-02-08,Branch4,3,4,L1-L2-L3-L4,1,,0.828748638209845,-0.14651609729405,2.29120437792182,1.66517533931288,1.28293029665522,1
10,B4_K03_I01-02-09,Branch4,3,2,L1-L2,0,OneOrMoreStationsHaveInvalidDOA,NaN,NaN,NaN,NaN,NaN,0
10,B4_K03_I01-02-09,Branch4,3,2,L1-L3,0,OneOrMoreStationsHaveInvalidDOA,NaN,NaN,NaN,NaN,NaN,0
10,B4_K03_I01-02-09,Branch4,3,2,L1-L4,0,OneOrMoreStationsHaveInvalidDOA,NaN,NaN,NaN,NaN,NaN,0
10,B4_K03_I01-02-09,Branch4,3,2,L2-L3,0,OneOrMoreStationsHaveInvalidDOA,NaN,NaN,NaN,NaN,NaN,0
10,B4_K03_I01-02-09,Branch4,3,2,L2-L4,0,OneOrMoreStationsHaveInvalidDOA,NaN,NaN,NaN,NaN,NaN,0
10,B4_K03_I01-02-09,Branch4,3,2,L3-L4,0,OneOrMoreStationsHaveInvalidDOA,NaN,NaN,NaN,NaN,NaN,0
10,B4_K03_I01-02-09,Branch4,3,3,L1-L2-L3,0,OneOrMoreStationsHaveInvalidDOA,NaN,NaN,NaN,NaN,NaN,0
10,B4_K03_I01-02-09,Branch4,3,3,L1-L2-L4,0,OneOrMoreStationsHaveInvalidDOA,NaN,NaN,NaN,NaN,NaN,0
10,B4_K03_I01-02-09,Branch4,3,3,L1-L3-L4,0,OneOrMoreStationsHaveInvalidDOA,NaN,NaN,NaN,NaN,NaN,0
10,B4_K03_I01-02-09,Branch4,3,3,L2-L3-L4,0,OneOrMoreStationsHaveInvalidDOA,NaN,NaN,NaN,NaN,NaN,0
10,B4_K03_I01-02-09,Branch4,3,4,L1-L2-L3-L4,0,OneOrMoreStationsHaveInvalidDOA,NaN,NaN,NaN,NaN,NaN,0
11,B4_K03_I01-03-04,Branch4,3,2,L1-L2,1,,5.35459544219616,2.37786440531392,-1.6983851717566,1.79802796249773,0.144892432756585,0
11,B4_K03_I01-03-04,Branch4,3,2,L1-L3,1,,1.07977577012148,-0.131062062604199,2.02007343074366,1.56321064694107,0.22137088437137,1
11,B4_K03_I01-03-04,Branch4,3,2,L1-L4,1,,0.799533501902519,-0.289015622268995,2.34531006561151,1.53406893554883,0.228949148346176,1
11,B4_K03_I01-03-04,Branch4,3,2,L2-L3,1,,25.3040307720953,2.32194861041954,-22.1028006479589,1.02531749777361,0.22877849430227,0
11,B4_K03_I01-03-04,Branch4,3,2,L2-L4,1,,7.12812447972672,2.4435868585007,9.77222442966847,1.9323407625749,0.044661378397411,1
11,B4_K03_I01-03-04,Branch4,3,2,L3-L4,1,,0.673347364381592,-0.261736733282446,2.53550258082113,1.77825018902823,0.0137819148608638,1
11,B4_K03_I01-03-04,Branch4,3,3,L1-L2-L3,1,,4.09178487654262,1.52053146679845,-0.702954791550778,1.71019391910956,0.985126198378337,0
11,B4_K03_I01-03-04,Branch4,3,3,L1-L2-L4,1,,0.827074892019897,-0.0512978556307697,2.26656204676158,1.55806327741294,1.45621803827343,1
11,B4_K03_I01-03-04,Branch4,3,3,L1-L3-L4,1,,0.732862274453058,-0.271387305258214,2.45900046458572,1.75549095907323,0.26676681841948,1
11,B4_K03_I01-03-04,Branch4,3,3,L2-L3-L4,1,,1.32293964440128,0.712878572837928,4.15850281129512,1.81666257336723,1.205923040446,1
11,B4_K03_I01-03-04,Branch4,3,4,L1-L2-L3-L4,1,,0.816195934320687,-0.172163818061538,2.30863620786685,1.66126390574271,1.31630708957584,1
12,B4_K03_I01-03-05,Branch4,3,2,L1-L2,1,,1.76300502222635,0.388253547063595,1.37034218311122,1.48507068651308,0.02894765656724,1
12,B4_K03_I01-03-05,Branch4,3,2,L1-L3,1,,1.07034797839694,-0.129045211446412,2.02944020041963,1.56484627803667,0.232538986106682,1
12,B4_K03_I01-03-05,Branch4,3,2,L1-L4,1,,0.783768676614809,-0.284795560078711,2.36087245924216,1.53946969356863,0.243663295087038,1
12,B4_K03_I01-03-05,Branch4,3,2,L2-L3,1,,1.34674300659448,-0.165253335227664,1.75866053563291,1.61808171588365,0.152711791451898,1
12,B4_K03_I01-03-05,Branch4,3,2,L2-L4,1,,1.2002230717069,-0.459245801677206,1.98586336313308,1.60252318092806,0.162281988246133,1
12,B4_K03_I01-03-05,Branch4,3,2,L3-L4,1,,0.680821788535261,-0.268384128981313,2.53815715962273,1.79488598912061,0.0100748077024836,1
12,B4_K03_I01-03-05,Branch4,3,3,L1-L2-L3,1,,1.33742996161516,-0.0352609967033845,1.75317663897971,1.51946447450687,0.20799050056924,1
12,B4_K03_I01-03-05,Branch4,3,3,L1-L2-L4,1,,1.21724419906932,-0.334425577202185,1.92031188792556,1.4591014186967,0.275291342332746,1
12,B4_K03_I01-03-05,Branch4,3,3,L1-L3-L4,1,,0.721213876063326,-0.274824873050921,2.4839349663357,1.77803942013376,0.284763689334832,1
12,B4_K03_I01-03-05,Branch4,3,3,L2-L3-L4,1,,1.11946947289588,-0.357259406896496,2.05079987489287,1.71363688096177,0.198580395067309,1
12,B4_K03_I01-03-05,Branch4,3,4,L1-L2-L3-L4,1,,1.12657020205071,-0.284535013437365,2.00568872559685,1.61166604890918,0.250177516842769,1
13,B4_K03_I01-03-06,Branch4,3,2,L1-L2,1,,1.69664408299265,0.345167297174938,1.42895660272095,1.4801124744979,0.0290217421879146,1
13,B4_K03_I01-03-06,Branch4,3,2,L1-L3,1,,1.08194066553269,-0.129152162411119,2.01814032086946,1.57093765524755,0.230630492609256,1
13,B4_K03_I01-03-06,Branch4,3,2,L1-L4,1,,0.79848809574415,-0.284241106377569,2.34529260928413,1.54691625201926,0.241874262221658,1
13,B4_K03_I01-03-06,Branch4,3,2,L2-L3,1,,1.31377731314231,-0.167759033522288,1.79254451948861,1.62032045250105,0.156609424812325,1
13,B4_K03_I01-03-06,Branch4,3,2,L2-L4,1,,1.17164124333608,-0.443376468522884,2.01064878001821,1.60564778355514,0.16556484730172,1
13,B4_K03_I01-03-06,Branch4,3,2,L3-L4,1,,0.69600043713232,-0.266678964597744,2.52183489805586,1.80081116213043,0.00976959561747264,1
13,B4_K03_I01-03-06,Branch4,3,3,L1-L2-L3,1,,1.31040765424371,-0.0449544957276442,1.78048866534635,1.51809359079933,0.204821565445754,1
13,B4_K03_I01-03-06,Branch4,3,3,L1-L2-L4,1,,1.14529581839612,-0.318715369803929,1.99012215509929,1.48020729975586,0.252066041586599,1
13,B4_K03_I01-03-06,Branch4,3,3,L1-L3-L4,1,,0.735604433344444,-0.273099964144104,2.46895314945716,1.78430810992885,0.283016303157833,1
13,B4_K03_I01-03-06,Branch4,3,3,L2-L3-L4,1,,1.08523657346076,-0.347700368932259,2.08729355757494,1.72676565908554,0.200528592232813,1
13,B4_K03_I01-03-06,Branch4,3,4,L1-L2-L3-L4,1,,1.10637322099693,-0.28215750525568,2.02603796166865,1.61150617631687,0.243383936680771,1
14,B4_K03_I01-03-07,Branch4,3,2,L1-L2,1,,1.63423310279916,0.304116159155324,1.48462227175092,1.46847944056681,0.0362429593098447,1
14,B4_K03_I01-03-07,Branch4,3,2,L1-L3,1,,1.11848131904796,-0.117518439494446,1.97968043302565,1.56618411162781,0.234243751420183,1
14,B4_K03_I01-03-07,Branch4,3,2,L1-L4,1,,0.814620016946724,-0.287597189659237,2.3288919931959,1.54010274914622,0.248446546387903,1
14,B4_K03_I01-03-07,Branch4,3,2,L2-L3,1,,1.28202341129196,-0.166147404896905,1.82450793809017,1.62045292935382,0.158017425505209,1
14,B4_K03_I01-03-07,Branch4,3,2,L2-L4,1,,1.14100332504702,-0.432438183909403,2.03944556321735,1.60593007232035,0.166448197193295,1
14,B4_K03_I01-03-07,Branch4,3,2,L3-L4,1,,0.683386522067336,-0.261652121505039,2.5352730831718,1.80138572229202,0.00980575344535718,1
14,B4_K03_I01-03-07,Branch4,3,3,L1-L2-L3,1,,1.27524804605615,-0.0644820722064741,1.81659487588685,1.52321704581463,0.202032539405023,1
14,B4_K03_I01-03-07,Branch4,3,3,L1-L2-L4,1,,1.09055515308483,-0.310491023036648,2.04470634515356,1.4836585902902,0.24153628859548,1
14,B4_K03_I01-03-07,Branch4,3,3,L1-L3-L4,1,,0.727764467066273,-0.269171821101521,2.47688495169627,1.78509224435727,0.293518994471198,1
14,B4_K03_I01-03-07,Branch4,3,3,L2-L3-L4,1,,1.05429730646321,-0.339515576885028,2.11879790267761,1.73030082419433,0.200692882678426,1
14,B4_K03_I01-03-07,Branch4,3,4,L1-L2-L3-L4,1,,1.09700869960052,-0.276944251176889,2.03268749131014,1.5939160673541,0.241224202353003,1
15,B4_K03_I01-03-08,Branch4,3,2,L1-L2,1,,1.5821120923946,0.27540258254849,1.5333070912091,1.43723633099508,0.0225481622117156,1
15,B4_K03_I01-03-08,Branch4,3,2,L1-L3,1,,1.13684299950104,-0.104229928696345,1.95972854730452,1.56351827060075,0.242665699881655,1
15,B4_K03_I01-03-08,Branch4,3,2,L1-L4,1,,0.819303536707735,-0.274277158265159,2.31871259918726,1.53385367134191,0.254928352425235,1
15,B4_K03_I01-03-08,Branch4,3,2,L2-L3,1,,1.26904769237194,-0.15438969336798,1.83426763276475,1.59890444870703,0.185456552979114,1
15,B4_K03_I01-03-08,Branch4,3,2,L2-L4,1,,1.12119376634709,-0.410391536947045,2.04968436314535,1.57998514745576,0.193404726401521,1
15,B4_K03_I01-03-08,Branch4,3,2,L3-L4,1,,0.697245943570345,-0.253379191433961,2.51583688202093,1.80378875082222,0.0127834556549337,1
15,B4_K03_I01-03-08,Branch4,3,3,L1-L2-L3,1,,1.26870161586455,-0.0485922425662439,1.82224492512753,1.49370284232291,0.214445411680147,1
15,B4_K03_I01-03-08,Branch4,3,3,L1-L2-L4,1,,1.03860716662132,-0.267072788947956,2.08772369424702,1.44690405960072,0.248211581770903,1
15,B4_K03_I01-03-08,Branch4,3,3,L1-L3-L4,1,,0.749272147775511,-0.261854062133388,2.44754069911289,1.78299690507145,0.29801098697778,1
15,B4_K03_I01-03-08,Branch4,3,3,L2-L3-L4,1,,1.01406830821731,-0.321267131370268,2.15872676249646,1.7405246788617,0.231215045793608,1
15,B4_K03_I01-03-08,Branch4,3,4,L1-L2-L3-L4,1,,1.0732567456344,-0.262616239149113,2.05240024138279,1.57936935115287,0.250306998338844,1
16,B4_K03_I01-03-09,Branch4,3,2,L1-L2,0,OneOrMoreStationsHaveInvalidDOA,NaN,NaN,NaN,NaN,NaN,0
16,B4_K03_I01-03-09,Branch4,3,2,L1-L3,0,OneOrMoreStationsHaveInvalidDOA,NaN,NaN,NaN,NaN,NaN,0
16,B4_K03_I01-03-09,Branch4,3,2,L1-L4,0,OneOrMoreStationsHaveInvalidDOA,NaN,NaN,NaN,NaN,NaN,0
16,B4_K03_I01-03-09,Branch4,3,2,L2-L3,0,OneOrMoreStationsHaveInvalidDOA,NaN,NaN,NaN,NaN,NaN,0
16,B4_K03_I01-03-09,Branch4,3,2,L2-L4,0,OneOrMoreStationsHaveInvalidDOA,NaN,NaN,NaN,NaN,NaN,0
16,B4_K03_I01-03-09,Branch4,3,2,L3-L4,0,OneOrMoreStationsHaveInvalidDOA,NaN,NaN,NaN,NaN,NaN,0
16,B4_K03_I01-03-09,Branch4,3,3,L1-L2-L3,0,OneOrMoreStationsHaveInvalidDOA,NaN,NaN,NaN,NaN,NaN,0
16,B4_K03_I01-03-09,Branch4,3,3,L1-L2-L4,0,OneOrMoreStationsHaveInvalidDOA,NaN,NaN,NaN,NaN,NaN,0
16,B4_K03_I01-03-09,Branch4,3,3,L1-L3-L4,0,OneOrMoreStationsHaveInvalidDOA,NaN,NaN,NaN,NaN,NaN,0
16,B4_K03_I01-03-09,Branch4,3,3,L2-L3-L4,0,OneOrMoreStationsHaveInvalidDOA,NaN,NaN,NaN,NaN,NaN,0
16,B4_K03_I01-03-09,Branch4,3,4,L1-L2-L3-L4,0,OneOrMoreStationsHaveInvalidDOA,NaN,NaN,NaN,NaN,NaN,0
17,B4_K03_I01-04-05,Branch4,3,2,L1-L2,1,,1.79009608387372,0.398708747198925,1.34696170482337,1.41460195579017,0.0445685152547282,1
17,B4_K03_I01-04-05,Branch4,3,2,L1-L3,1,,1.08536423330577,-0.123814032805445,2.0140333266614,1.5705784817388,0.237236416419861,1
17,B4_K03_I01-04-05,Branch4,3,2,L1-L4,1,,0.798594849426899,-0.279384499011166,2.34375092285928,1.55301273535735,0.255345066261428,1
17,B4_K03_I01-04-05,Branch4,3,2,L2-L3,1,,1.42824211037456,-0.124106114222063,1.6675676539744,1.53405024581397,0.244885346503233,1
17,B4_K03_I01-04-05,Branch4,3,2,L2-L4,1,,1.2464857708885,-0.447344495912379,1.92662055901874,1.5125680271533,0.273321355930535,1
17,B4_K03_I01-04-05,Branch4,3,2,L3-L4,1,,0.701815660651687,-0.266601318707881,2.52184697320663,1.81411955772399,0.00283068544004272,1
17,B4_K03_I01-04-05,Branch4,3,3,L1-L2-L3,1,,1.53023746800587,0.153065486082157,1.57040675693421,1.40495242723654,0.286946725133589,1
17,B4_K03_I01-04-05,Branch4,3,3,L1-L2-L4,1,,1.1583838802404,-0.225208050991559,1.95959815588517,1.38456075801018,0.312532594734511,1
17,B4_K03_I01-04-05,Branch4,3,3,L1-L3-L4,1,,0.716488317927207,-0.269111384588335,2.50185109533356,1.80824574344308,0.303162286915604,1
17,B4_K03_I01-04-05,Branch4,3,3,L2-L3-L4,1,,1.07226675988864,-0.337122734615348,2.10160981707838,1.74328812645035,0.322374009182871,1
17,B4_K03_I01-04-05,Branch4,3,4,L1-L2-L3-L4,1,,1.10229647107526,-0.262062243340436,2.02397216258475,1.5998275543932,0.300787599586915,1
18,B4_K03_I01-04-06,Branch4,3,2,L1-L2,1,,1.75455422926819,0.379393894799571,1.37697152693666,1.49263341965494,0.0334398691556023,1
18,B4_K03_I01-04-06,Branch4,3,2,L1-L3,1,,1.08194066553269,-0.129152162411119,2.01814032086946,1.57093765524755,0.230630492609256,1
18,B4_K03_I01-04-06,Branch4,3,2,L1-L4,1,,0.805570581585612,-0.279546552145468,2.33618504204833,1.55060332269806,0.244313543728248,1
18,B4_K03_I01-04-06,Branch4,3,2,L2-L3,1,,1.34369720274264,-0.167129719800824,1.76291751498898,1.62822600124264,0.147060569776419,1
18,B4_K03_I01-04-06,Branch4,3,2,L2-L4,1,,1.20277105449837,-0.44995261431693,1.98071867252361,1.61702901743031,0.158260537550883,1
18,B4_K03_I01-04-06,Branch4,3,2,L3-L4,1,,0.709367508985007,-0.264945867991165,2.50615443178606,1.80352973876532,0.00630421762556149,1
18,B4_K03_I01-04-06,Branch4,3,3,L1-L2-L3,1,,1.33828690847232,-0.0353664226757013,1.75242203738786,1.52542163389504,0.205119311925539,1
18,B4_K03_I01-04-06,Branch4,3,3,L1-L2-L4,1,,1.22067996144977,-0.330199537230397,1.91511702883738,1.47396467841685,0.270613586244445,1
18,B4_K03_I01-04-06,Branch4,3,3,L1-L3-L4,1,,0.735616128372342,-0.269298314241356,2.47120639934457,1.79275243134118,0.287737964415579,1
18,B4_K03_I01-04-06,Branch4,3,3,L2-L3-L4,1,,1.12501991922134,-0.347996223265437,2.04391743295828,1.72423137641552,0.192038850158001,1
18,B4_K03_I01-04-06,Branch4,3,4,L1-L2-L3-L4,1,,1.13725489123937,-0.280549066549929,1.99454044452159,1.62086881821573,0.245680091784516,1
19,B4_K03_I01-04-07,Branch4,3,2,L1-L2,1,,1.65416472993168,0.3117135116513,1.46613084214201,1.45369018935981,0.0185934479014626,1
19,B4_K03_I01-04-07,Branch4,3,2,L1-L3,1,,1.11127042089813,-0.120034052454623,1.98705008760938,1.56336612164215,0.231937194339664,1
19,B4_K03_I01-04-07,Branch4,3,2,L1-L4,1,,0.82163625652161,-0.282916247192924,2.31985277848396,1.54379260549725,0.250847790185975,1
19,B4_K03_I01-04-07,Branch4,3,2,L2-L3,1,,1.31090623551742,-0.158138310599442,1.7923867705602,1.59832263128089,0.174585018603472,1
19,B4_K03_I01-04-07,Branch4,3,2,L2-L4,1,,1.16486704548283,-0.431778472335192,2.01157893946614,1.58654825634761,0.190544256871393,1
19,B4_K03_I01-04-07,Branch4,3,2,L3-L4,1,,0.695178491826181,-0.259913581761765,2.51978602096191,1.80095528508906,0.00314911100105398,1
19,B4_K03_I01-04-07,Branch4,3,3,L1-L2-L3,1,,1.29900370417079,-0.0528471006535456,1.79207951651045,1.50449732589369,0.207131433370029,1
19,B4_K03_I01-04-07,Branch4,3,3,L1-L2-L4,1,,1.06470879623406,-0.284400400348799,2.06453530653804,1.46618586800478,0.249567810495966,1
19,B4_K03_I01-04-07,Branch4,3,3,L1-L3-L4,1,,0.712158064877682,-0.262920591725089,2.49759166292707,1.79511732240541,0.301067707844822,1
19,B4_K03_I01-04-07,Branch4,3,3,L2-L3-L4,1,,1.05622302025833,-0.332944854855057,2.1152160833703,1.73356178632052,0.225748858487144,1
19,B4_K03_I01-04-07,Branch4,3,4,L1-L2-L3-L4,1,,1.10138931680812,-0.269326496919415,2.02611167590538,1.59307684508682,0.24912611290257,1
20,B4_K03_I01-04-08,Branch4,3,2,L1-L2,1,,1.61139290160411,0.294488698085062,1.50635695539008,1.45597503777512,0.0268135738725015,1
20,B4_K03_I01-04-08,Branch4,3,2,L1-L3,1,,1.11307018058526,-0.115326740161904,1.98504687405845,1.56858250056478,0.237865124387945,1
20,B4_K03_I01-04-08,Branch4,3,2,L1-L4,1,,0.81129131559532,-0.279021060683633,2.32944791700493,1.5436047647307,0.251488800841462,1
20,B4_K03_I01-04-08,Branch4,3,2,L2-L3,1,,1.27449956689843,-0.16247252390383,1.83075967414618,1.61075029004107,0.173045089585023,1
20,B4_K03_I01-04-08,Branch4,3,2,L2-L4,1,,1.13177977178182,-0.421300123970385,2.04392273885139,1.59567664848264,0.18266416487526,1
20,B4_K03_I01-04-08,Branch4,3,2,L3-L4,1,,0.698669005034701,-0.259986283859722,2.51892041018232,1.8072679822153,0.00949432449565603,1
20,B4_K03_I01-04-08,Branch4,3,3,L1-L2-L3,1,,1.26499390864916,-0.0638991305999775,1.82674178011615,1.51746882720547,0.207721768949095,1
20,B4_K03_I01-04-08,Branch4,3,3,L1-L2-L4,1,,1.0338142370475,-0.283026856826798,2.09600794465337,1.47455458892781,0.243456308345318,1
20,B4_K03_I01-04-08,Branch4,3,3,L1-L3-L4,1,,0.738280061783338,-0.266561479645124,2.46624169872315,1.79142410467294,0.295516885784259,1
20,B4_K03_I01-04-08,Branch4,3,3,L2-L3-L4,1,,1.0367923151876,-0.326392424752004,2.13539733729826,1.73903984240982,0.216547007552556,1
20,B4_K03_I01-04-08,Branch4,3,4,L1-L2-L3-L4,1,,1.07998163453176,-0.270776403984459,2.04886363993238,1.59526567963484,0.24609310098383,1
21,B4_K03_I01-04-09,Branch4,3,2,L1-L2,0,OneOrMoreStationsHaveInvalidDOA,NaN,NaN,NaN,NaN,NaN,0
21,B4_K03_I01-04-09,Branch4,3,2,L1-L3,0,OneOrMoreStationsHaveInvalidDOA,NaN,NaN,NaN,NaN,NaN,0
21,B4_K03_I01-04-09,Branch4,3,2,L1-L4,0,OneOrMoreStationsHaveInvalidDOA,NaN,NaN,NaN,NaN,NaN,0
21,B4_K03_I01-04-09,Branch4,3,2,L2-L3,0,OneOrMoreStationsHaveInvalidDOA,NaN,NaN,NaN,NaN,NaN,0
21,B4_K03_I01-04-09,Branch4,3,2,L2-L4,0,OneOrMoreStationsHaveInvalidDOA,NaN,NaN,NaN,NaN,NaN,0
21,B4_K03_I01-04-09,Branch4,3,2,L3-L4,0,OneOrMoreStationsHaveInvalidDOA,NaN,NaN,NaN,NaN,NaN,0
21,B4_K03_I01-04-09,Branch4,3,3,L1-L2-L3,0,OneOrMoreStationsHaveInvalidDOA,NaN,NaN,NaN,NaN,NaN,0
21,B4_K03_I01-04-09,Branch4,3,3,L1-L2-L4,0,OneOrMoreStationsHaveInvalidDOA,NaN,NaN,NaN,NaN,NaN,0
21,B4_K03_I01-04-09,Branch4,3,3,L1-L3-L4,0,OneOrMoreStationsHaveInvalidDOA,NaN,NaN,NaN,NaN,NaN,0
21,B4_K03_I01-04-09,Branch4,3,3,L2-L3-L4,0,OneOrMoreStationsHaveInvalidDOA,NaN,NaN,NaN,NaN,NaN,0
21,B4_K03_I01-04-09,Branch4,3,4,L1-L2-L3-L4,0,OneOrMoreStationsHaveInvalidDOA,NaN,NaN,NaN,NaN,NaN,0
22,B4_K03_I01-05-06,Branch4,3,2,L1-L2,1,,1.68581564081962,0.33266331481112,1.43755255788918,1.47303808477927,0.0284825490884461,1
22,B4_K03_I01-05-06,Branch4,3,2,L1-L3,1,,1.10383350755694,-0.125585215573588,1.99547907225879,1.56856168588449,0.232251582512879,1
22,B4_K03_I01-05-06,Branch4,3,2,L1-L4,1,,0.809134039611927,-0.284067488971935,2.33314589867799,1.53428447286955,0.235025873537247,1
22,B4_K03_I01-05-06,Branch4,3,2,L2-L3,1,,1.31627711997755,-0.166358198714141,1.78947108256734,1.61633976628142,0.160545358212567,1
22,B4_K03_I01-05-06,Branch4,3,2,L2-L4,1,,1.17139000836833,-0.438773198597445,2.00790755624996,1.59331974644628,0.161733604740249,1
22,B4_K03_I01-05-06,Branch4,3,2,L3-L4,1,,0.705415401630487,-0.265256964151268,2.5042240559727,1.79002788697931,0.0197086874563825,1
22,B4_K03_I01-05-06,Branch4,3,3,L1-L2-L3,1,,1.3023976813992,-0.059856555370241,1.78919492835226,1.52372928293751,0.203970754624385,1
22,B4_K03_I01-05-06,Branch4,3,3,L1-L2-L4,1,,1.14642758680306,-0.318169238438384,1.98898500707461,1.47118103318768,0.245190156416948,1
22,B4_K03_I01-05-06,Branch4,3,3,L1-L3-L4,1,,0.774009963815654,-0.275137003533553,2.41398103938462,1.75766144116065,0.269432209930319,1
22,B4_K03_I01-05-06,Branch4,3,3,L2-L3-L4,1,,1.10027803150074,-0.337900422193834,2.06421816846871,1.71025385938118,0.196001865203134,1
22,B4_K03_I01-05-06,Branch4,3,4,L1-L2-L3-L4,1,,1.10635001821839,-0.285100658741862,2.02584586552178,1.60150839999572,0.24065282018322,1
23,B4_K03_I01-05-07,Branch4,3,2,L1-L2,1,,1.68797708181733,0.345392200873494,1.4377608765986,1.49124012453932,0.0509481195589789,1
23,B4_K03_I01-05-07,Branch4,3,2,L1-L3,1,,1.10568649878421,-0.11788643723262,1.99258445464853,1.56576125250645,0.235558323923202,1
23,B4_K03_I01-05-07,Branch4,3,2,L1-L4,1,,0.801723061230591,-0.283938708733424,2.34113625615035,1.53663017525524,0.246009423030776,1
23,B4_K03_I01-05-07,Branch4,3,2,L2-L3,1,,1.28809027738482,-0.171061595806171,1.82107373969263,1.64050138446252,0.137341528403453,1
23,B4_K03_I01-05-07,Branch4,3,2,L2-L4,1,,1.15081767174254,-0.439059814870451,2.03363751392194,1.62532394251624,0.141104050911342,1
23,B4_K03_I01-05-07,Branch4,3,2,L3-L4,1,,0.682257120557396,-0.261722416955938,2.53485446688276,1.79797582464687,0.0131936409286096,1
23,B4_K03_I01-05-07,Branch4,3,3,L1-L2-L3,1,,1.29999630669814,-0.047557948960478,1.79121423067379,1.52973490062564,0.20172954515812,1
23,B4_K03_I01-05-07,Branch4,3,3,L1-L2-L4,1,,1.11357063024877,-0.335770617920837,2.02838866278892,1.51670357442662,0.241975042769795,1
23,B4_K03_I01-05-07,Branch4,3,3,L1-L3-L4,1,,0.736154645233601,-0.270412079092193,2.46352707855214,1.77628363663567,0.287084190004474,1
23,B4_K03_I01-05-07,Branch4,3,3,L2-L3-L4,1,,1.09431313719227,-0.338522265623242,2.07200045892669,1.71587230550354,0.173984965944313,1
23,B4_K03_I01-05-07,Branch4,3,4,L1-L2-L3-L4,1,,1.11617955503291,-0.283256074877595,2.01552099046815,1.60544028259567,0.238885458531451,1
24,B4_K03_I01-05-08,Branch4,3,2,L1-L2,1,,1.68120135446525,0.326179243661977,1.44149945522726,1.45008958882272,0.0110914998000849,1
24,B4_K03_I01-05-08,Branch4,3,2,L1-L3,1,,1.12574338247122,-0.114991199119528,1.97227174744723,1.56898362666685,0.236537652756876,1
24,B4_K03_I01-05-08,Branch4,3,2,L1-L4,1,,0.814620016946724,-0.287597189659237,2.3288919931959,1.54010274914622,0.248446546387903,1
24,B4_K03_I01-05-08,Branch4,3,2,L2-L3,1,,1.33770245132637,-0.151673483564522,1.76432666444382,1.59504320103693,0.185836716074866,1
24,B4_K03_I01-05-08,Branch4,3,2,L2-L4,1,,1.18061933111634,-0.441688827764071,1.99766525923048,1.57468466068727,0.196510021134792,1
24,B4_K03_I01-05-08,Branch4,3,2,L3-L4,1,,0.685356419755472,-0.261717785662626,2.53460312951073,1.80455137336518,0.0129976373747974,1
24,B4_K03_I01-05-08,Branch4,3,3,L1-L2-L3,1,,1.33946047224314,-0.0187906811443519,1.75076794012661,1.48391408034231,0.218594077521518,1
24,B4_K03_I01-05-08,Branch4,3,3,L1-L2-L4,1,,1.08216922286699,-0.287587323457317,2.04768196381615,1.45576347941982,0.254406075286582,1
24,B4_K03_I01-05-08,Branch4,3,3,L1-L3-L4,1,,0.740704210922101,-0.270859272291879,2.46142526797475,1.78314623245,0.2912364812085,1
24,B4_K03_I01-05-08,Branch4,3,3,L2-L3-L4,1,,1.08137697645093,-0.336448471674217,2.08732117124095,1.72541907076516,0.232669640816441,1
24,B4_K03_I01-05-08,Branch4,3,4,L1-L2-L3-L4,1,,1.10625486195348,-0.273387308659622,2.0219439410031,1.59118911064135,0.256133714173992,1
25,B4_K03_I01-05-09,Branch4,3,2,L1-L2,0,OneOrMoreStationsHaveInvalidDOA,NaN,NaN,NaN,NaN,NaN,0
25,B4_K03_I01-05-09,Branch4,3,2,L1-L3,0,OneOrMoreStationsHaveInvalidDOA,NaN,NaN,NaN,NaN,NaN,0
25,B4_K03_I01-05-09,Branch4,3,2,L1-L4,0,OneOrMoreStationsHaveInvalidDOA,NaN,NaN,NaN,NaN,NaN,0
25,B4_K03_I01-05-09,Branch4,3,2,L2-L3,0,OneOrMoreStationsHaveInvalidDOA,NaN,NaN,NaN,NaN,NaN,0
25,B4_K03_I01-05-09,Branch4,3,2,L2-L4,0,OneOrMoreStationsHaveInvalidDOA,NaN,NaN,NaN,NaN,NaN,0
25,B4_K03_I01-05-09,Branch4,3,2,L3-L4,0,OneOrMoreStationsHaveInvalidDOA,NaN,NaN,NaN,NaN,NaN,0
25,B4_K03_I01-05-09,Branch4,3,3,L1-L2-L3,0,OneOrMoreStationsHaveInvalidDOA,NaN,NaN,NaN,NaN,NaN,0
25,B4_K03_I01-05-09,Branch4,3,3,L1-L2-L4,0,OneOrMoreStationsHaveInvalidDOA,NaN,NaN,NaN,NaN,NaN,0
25,B4_K03_I01-05-09,Branch4,3,3,L1-L3-L4,0,OneOrMoreStationsHaveInvalidDOA,NaN,NaN,NaN,NaN,NaN,0
25,B4_K03_I01-05-09,Branch4,3,3,L2-L3-L4,0,OneOrMoreStationsHaveInvalidDOA,NaN,NaN,NaN,NaN,NaN,0
25,B4_K03_I01-05-09,Branch4,3,4,L1-L2-L3-L4,0,OneOrMoreStationsHaveInvalidDOA,NaN,NaN,NaN,NaN,NaN,0
26,B4_K03_I01-06-07,Branch4,3,2,L1-L2,1,,1.53590466716539,0.284897495439443,1.58107156340235,1.53116948731873,0.111053741226342,1
26,B4_K03_I01-06-07,Branch4,3,2,L1-L3,1,,1.09085979681912,-0.126014116376201,2.00858794515774,1.56814327870022,0.23356724451808,1
26,B4_K03_I01-06-07,Branch4,3,2,L1-L4,1,,0.813020213653134,-0.274834840632603,2.32631929233885,1.54753372412507,0.247258635078961,1
26,B4_K03_I01-06-07,Branch4,3,2,L2-L3,1,,1.1068432587823,-0.207453742319721,2.02216081218455,1.70441236086647,0.0823985518975603,1
26,B4_K03_I01-06-07,Branch4,3,2,L2-L4,1,,1.01723517263905,-0.382578480848036,2.16897542295403,1.70028687157,0.0826275544620955,1
26,B4_K03_I01-06-07,Branch4,3,2,L3-L4,1,,0.721515566034293,-0.263277327299294,2.49038349921773,1.80286930011071,0.00621060401718106,1
26,B4_K03_I01-06-07,Branch4,3,3,L1-L2-L3,1,,1.12570644877985,-0.135137186315393,1.97820764177703,1.6134491158904,0.194866067523869,1
26,B4_K03_I01-06-07,Branch4,3,3,L1-L2-L4,1,,0.948509207465077,-0.300474703449611,2.19436122968651,1.58494623207787,0.215608585910282,1
26,B4_K03_I01-06-07,Branch4,3,3,L1-L3-L4,1,,0.7465111829869,-0.267339065497544,2.45725940413095,1.79231508466496,0.290578715918325,1
26,B4_K03_I01-06-07,Branch4,3,3,L2-L3-L4,1,,0.989685626259994,-0.315742813401444,2.18509776189777,1.74685229204637,0.105504624174491,1
26,B4_K03_I01-06-07,Branch4,3,4,L1-L2-L3-L4,1,,1.00520067090192,-0.292346650417384,2.14478557334951,1.67757114749642,0.218005232863143,1
27,B4_K03_I01-06-08,Branch4,3,2,L1-L2,1,,5.38744522369092,2.38275639448373,-1.73010023391115,1.83715239561166,0.117427858645003,0
27,B4_K03_I01-06-08,Branch4,3,2,L1-L3,1,,1.11271464670136,-0.122461169596431,1.98600396174683,1.56580193345273,0.23516045480607,1
27,B4_K03_I01-06-08,Branch4,3,2,L1-L4,1,,0.815187034485413,-0.291582228205632,2.33014529419204,1.54615768028471,0.25520653199143,1
27,B4_K03_I01-06-08,Branch4,3,2,L2-L3,1,,18.9326497999845,1.98365701683286,-15.7384204840227,1.46974499614121,0.621075904478951,0
27,B4_K03_I01-06-08,Branch4,3,2,L2-L4,1,,7.02176499435603,2.43624628389737,9.66819898785771,1.81174630119349,0.322380885672678,1
27,B4_K03_I01-06-08,Branch4,3,2,L3-L4,1,,0.686628675052006,-0.268302920141714,2.53823661222775,1.80826878590152,0.00310264878107741,1
27,B4_K03_I01-06-08,Branch4,3,3,L1-L2-L3,1,,4.22983780265815,1.5588169314616,-0.835955612304729,1.72020477105999,0.986269948159703,0
27,B4_K03_I01-06-08,Branch4,3,3,L1-L2-L4,1,,0.859405888468509,0.0093560551918018,2.23350426893007,1.57004290131468,1.43438428351592,1
27,B4_K03_I01-06-08,Branch4,3,3,L1-L3-L4,1,,0.70367651081384,-0.271311643482459,2.51542586931939,1.80234945400084,0.30688347037186,1
27,B4_K03_I01-06-08,Branch4,3,3,L2-L3-L4,1,,1.12566407190574,0.663892830534615,3.94866753833541,1.79842247059018,1.23048104385224,1
27,B4_K03_I01-06-08,Branch4,3,4,L1-L2-L3-L4,1,,0.840125849884655,-0.168826013863051,2.28559655243856,1.67390892512689,1.32281702911978,1
28,B4_K03_I01-06-09,Branch4,3,2,L1-L2,0,OneOrMoreStationsHaveInvalidDOA,NaN,NaN,NaN,NaN,NaN,0
28,B4_K03_I01-06-09,Branch4,3,2,L1-L3,0,OneOrMoreStationsHaveInvalidDOA,NaN,NaN,NaN,NaN,NaN,0
28,B4_K03_I01-06-09,Branch4,3,2,L1-L4,0,OneOrMoreStationsHaveInvalidDOA,NaN,NaN,NaN,NaN,NaN,0
28,B4_K03_I01-06-09,Branch4,3,2,L2-L3,0,OneOrMoreStationsHaveInvalidDOA,NaN,NaN,NaN,NaN,NaN,0
28,B4_K03_I01-06-09,Branch4,3,2,L2-L4,0,OneOrMoreStationsHaveInvalidDOA,NaN,NaN,NaN,NaN,NaN,0
28,B4_K03_I01-06-09,Branch4,3,2,L3-L4,0,OneOrMoreStationsHaveInvalidDOA,NaN,NaN,NaN,NaN,NaN,0
28,B4_K03_I01-06-09,Branch4,3,3,L1-L2-L3,0,OneOrMoreStationsHaveInvalidDOA,NaN,NaN,NaN,NaN,NaN,0
28,B4_K03_I01-06-09,Branch4,3,3,L1-L2-L4,0,OneOrMoreStationsHaveInvalidDOA,NaN,NaN,NaN,NaN,NaN,0
28,B4_K03_I01-06-09,Branch4,3,3,L1-L3-L4,0,OneOrMoreStationsHaveInvalidDOA,NaN,NaN,NaN,NaN,NaN,0
28,B4_K03_I01-06-09,Branch4,3,3,L2-L3-L4,0,OneOrMoreStationsHaveInvalidDOA,NaN,NaN,NaN,NaN,NaN,0
28,B4_K03_I01-06-09,Branch4,3,4,L1-L2-L3-L4,0,OneOrMoreStationsHaveInvalidDOA,NaN,NaN,NaN,NaN,NaN,0
29,B4_K03_I01-07-08,Branch4,3,2,L1-L2,1,,5.37725264766893,2.37677955634097,-1.72279969611866,1.82050594762387,0.13905544612118,0
29,B4_K03_I01-07-08,Branch4,3,2,L1-L3,1,,1.06017650591606,-0.135663312879202,2.03973532827174,1.55013789539407,0.232291012751869,1
29,B4_K03_I01-07-08,Branch4,3,2,L1-L4,1,,0.787639940190241,-0.288500707326306,2.35794789890549,1.535266677448,0.254654248963382,1
29,B4_K03_I01-07-08,Branch4,3,2,L2-L3,1,,22.6926991215714,2.21608598465991,-19.493328211572,1.29790294615087,0.359907250891607,0
29,B4_K03_I01-07-08,Branch4,3,2,L2-L4,1,,7.24881866309761,2.45090007147536,9.90014780844049,1.90043436079779,0.186394720465824,1
29,B4_K03_I01-07-08,Branch4,3,2,L3-L4,1,,0.678016633766612,-0.275043259333854,2.54167304789542,1.78878246961151,0.00284391999921837,1
29,B4_K03_I01-07-08,Branch4,3,3,L1-L2-L3,1,,4.2436515224334,1.56414214267929,-0.848827776408617,1.71834227519631,0.985820154391271,0
29,B4_K03_I01-07-08,Branch4,3,3,L1-L2-L4,1,,0.830785397220099,0.00906418860354995,2.26178632982486,1.56468642248686,1.43238293827221,1
29,B4_K03_I01-07-08,Branch4,3,3,L1-L3-L4,1,,0.693202474486486,-0.277543083563684,2.521361221408,1.78310677646701,0.299540833188957,1
29,B4_K03_I01-07-08,Branch4,3,3,L2-L3-L4,1,,1.2573758988579,0.703860601939049,4.08645516576674,1.80438710006091,1.2219102334195,1
29,B4_K03_I01-07-08,Branch4,3,4,L1-L2-L3-L4,1,,0.810606025987893,-0.171013378418552,2.31400855048891,1.66023053409207,1.32061910573861,1
30,B4_K03_I01-07-09,Branch4,3,2,L1-L2,0,OneOrMoreStationsHaveInvalidDOA,NaN,NaN,NaN,NaN,NaN,0
30,B4_K03_I01-07-09,Branch4,3,2,L1-L3,0,OneOrMoreStationsHaveInvalidDOA,NaN,NaN,NaN,NaN,NaN,0
30,B4_K03_I01-07-09,Branch4,3,2,L1-L4,0,OneOrMoreStationsHaveInvalidDOA,NaN,NaN,NaN,NaN,NaN,0
30,B4_K03_I01-07-09,Branch4,3,2,L2-L3,0,OneOrMoreStationsHaveInvalidDOA,NaN,NaN,NaN,NaN,NaN,0
30,B4_K03_I01-07-09,Branch4,3,2,L2-L4,0,OneOrMoreStationsHaveInvalidDOA,NaN,NaN,NaN,NaN,NaN,0
30,B4_K03_I01-07-09,Branch4,3,2,L3-L4,0,OneOrMoreStationsHaveInvalidDOA,NaN,NaN,NaN,NaN,NaN,0
30,B4_K03_I01-07-09,Branch4,3,3,L1-L2-L3,0,OneOrMoreStationsHaveInvalidDOA,NaN,NaN,NaN,NaN,NaN,0
30,B4_K03_I01-07-09,Branch4,3,3,L1-L2-L4,0,OneOrMoreStationsHaveInvalidDOA,NaN,NaN,NaN,NaN,NaN,0
30,B4_K03_I01-07-09,Branch4,3,3,L1-L3-L4,0,OneOrMoreStationsHaveInvalidDOA,NaN,NaN,NaN,NaN,NaN,0
30,B4_K03_I01-07-09,Branch4,3,3,L2-L3-L4,0,OneOrMoreStationsHaveInvalidDOA,NaN,NaN,NaN,NaN,NaN,0
30,B4_K03_I01-07-09,Branch4,3,4,L1-L2-L3-L4,0,OneOrMoreStationsHaveInvalidDOA,NaN,NaN,NaN,NaN,NaN,0
31,B4_K03_I01-08-09,Branch4,3,2,L1-L2,0,OneOrMoreStationsHaveInvalidDOA,NaN,NaN,NaN,NaN,NaN,0
31,B4_K03_I01-08-09,Branch4,3,2,L1-L3,0,OneOrMoreStationsHaveInvalidDOA,NaN,NaN,NaN,NaN,NaN,0
31,B4_K03_I01-08-09,Branch4,3,2,L1-L4,0,OneOrMoreStationsHaveInvalidDOA,NaN,NaN,NaN,NaN,NaN,0
31,B4_K03_I01-08-09,Branch4,3,2,L2-L3,0,OneOrMoreStationsHaveInvalidDOA,NaN,NaN,NaN,NaN,NaN,0
31,B4_K03_I01-08-09,Branch4,3,2,L2-L4,0,OneOrMoreStationsHaveInvalidDOA,NaN,NaN,NaN,NaN,NaN,0
31,B4_K03_I01-08-09,Branch4,3,2,L3-L4,0,OneOrMoreStationsHaveInvalidDOA,NaN,NaN,NaN,NaN,NaN,0
31,B4_K03_I01-08-09,Branch4,3,3,L1-L2-L3,0,OneOrMoreStationsHaveInvalidDOA,NaN,NaN,NaN,NaN,NaN,0
31,B4_K03_I01-08-09,Branch4,3,3,L1-L2-L4,0,OneOrMoreStationsHaveInvalidDOA,NaN,NaN,NaN,NaN,NaN,0
31,B4_K03_I01-08-09,Branch4,3,3,L1-L3-L4,0,OneOrMoreStationsHaveInvalidDOA,NaN,NaN,NaN,NaN,NaN,0
31,B4_K03_I01-08-09,Branch4,3,3,L2-L3-L4,0,OneOrMoreStationsHaveInvalidDOA,NaN,NaN,NaN,NaN,NaN,0
31,B4_K03_I01-08-09,Branch4,3,4,L1-L2-L3-L4,0,OneOrMoreStationsHaveInvalidDOA,NaN,NaN,NaN,NaN,NaN,0
32,B4_K03_I02-03-04,Branch4,3,2,L1-L2,1,,25.2711448590817,1.9250051568947,-22.107593521698,1.57998968621087,0.491934955049953,0
32,B4_K03_I02-03-04,Branch4,3,2,L1-L3,1,,16.8573461995577,1.34845977439065,-13.7118578084674,1.27784844669638,0.220701713908303,0
32,B4_K03_I02-03-04,Branch4,3,2,L1-L4,1,,104.12112749788,1.44398302451319,-101.0027314791,-0.45636338002695,0.894886514609337,0
32,B4_K03_I02-03-04,Branch4,3,2,L2-L3,1,,23.0388251654179,2.10842449195923,-19.8511862408574,1.29027392462406,0.563198798694208,0
32,B4_K03_I02-03-04,Branch4,3,2,L2-L4,1,,55.3629159361034,1.06273835350121,-52.2612793749432,1.10135266582824,1.49222324880214,0
32,B4_K03_I02-03-04,Branch4,3,2,L3-L4,1,,12.6821621025745,-1.4897937474027,15.6614200597963,2.2597024854037,0.14274332180266,1
32,B4_K03_I02-03-04,Branch4,3,3,L1-L2-L3,1,,19.1930624737882,1.61866324548916,-16.0336771031073,1.30365724732267,0.57216202480705,0
32,B4_K03_I02-03-04,Branch4,3,3,L1-L2-L4,1,,52.8812430567742,1.42626409173153,-49.7708159531777,1.14535266171966,1.27367058065028,0
32,B4_K03_I02-03-04,Branch4,3,3,L1-L3-L4,1,,8.31187376406242,0.342324420014318,-5.21473691501362,1.53747310476989,1.02644397735031,0
32,B4_K03_I02-03-04,Branch4,3,3,L2-L3-L4,1,,16.2639142984159,1.08360489887861,-13.137359928007,1.38381697087924,1.42180291636915,0
32,B4_K03_I02-03-04,Branch4,3,4,L1-L2-L3-L4,1,,18.4896263521332,1.38518483300292,-15.3473308119725,1.38874286625956,1.27940152415216,0
33,B4_K03_I02-03-05,Branch4,3,2,L1-L2,1,,5.30874959024524,2.35082176439332,-1.6613948118801,1.78408904523513,0.158996898800987,0
33,B4_K03_I02-03-05,Branch4,3,2,L1-L3,1,,1.10632937212975,-0.113617848072285,1.99218789795499,1.5765784097506,0.240930315929595,1
33,B4_K03_I02-03-05,Branch4,3,2,L1-L4,1,,0.795259453299961,-0.271569571440788,2.3434895884543,1.53754692243441,0.238656935357293,1
33,B4_K03_I02-03-05,Branch4,3,2,L2-L3,1,,23.2263357092997,2.09360743295119,-20.0299988326252,0.76166919528302,0.182637089483087,0
33,B4_K03_I02-03-05,Branch4,3,2,L2-L4,1,,7.34646979275625,2.5708929872791,9.94978236343683,2.05182750032975,0.0157117859065686,1
33,B4_K03_I02-03-05,Branch4,3,2,L3-L4,1,,0.712619451468256,-0.258862267834978,2.49904937246711,1.80264527870221,0.0257260392644191,1
33,B4_K03_I02-03-05,Branch4,3,3,L1-L2-L3,1,,4.21762731144891,1.54247849849673,-0.830298902357506,1.70098939307734,0.983665352363794,0
33,B4_K03_I02-03-05,Branch4,3,3,L1-L2-L4,1,,0.842491441560379,-0.0215608531415823,2.25033938033891,1.56555152557075,1.45954218656625,1
33,B4_K03_I02-03-05,Branch4,3,3,L1-L3-L4,1,,0.786839973643702,-0.268483362006002,2.39770524787142,1.76031097676588,0.27062851890698,1
33,B4_K03_I02-03-05,Branch4,3,3,L2-L3-L4,1,,1.17594276488865,0.705866288689784,3.95886827892917,1.86008621558725,1.22889348616003,1
33,B4_K03_I02-03-05,Branch4,3,4,L1-L2-L3-L4,1,,0.835109584900391,-0.158607058805137,2.29039486344158,1.68133793116464,1.32661297533097,1
34,B4_K03_I02-03-06,Branch4,3,2,L1-L2,1,,1.62310064980954,0.292591101359712,1.49441352557131,1.44568637889538,0.0103359423485793,1
34,B4_K03_I02-03-06,Branch4,3,2,L1-L3,1,,1.11846215422153,-0.120463831141372,1.98052030915575,1.57416785972881,0.236870388948758,1
34,B4_K03_I02-03-06,Branch4,3,2,L1-L4,1,,0.820697896214577,-0.27494516187008,2.31768380861045,1.53844340428229,0.236845254385021,1
34,B4_K03_I02-03-06,Branch4,3,2,L2-L3,1,,1.30267495475332,-0.158439770201696,1.80064236080109,1.59703481436795,0.190390204384666,1
34,B4_K03_I02-03-06,Branch4,3,2,L2-L4,1,,1.15253210623334,-0.416634687708255,2.01770121083415,1.57015054989336,0.191208934522932,1
34,B4_K03_I02-03-06,Branch4,3,2,L3-L4,1,,0.734857279148363,-0.262038448483524,2.47166777364931,1.79835604584101,0.0222942070870086,1
34,B4_K03_I02-03-06,Branch4,3,3,L1-L2-L3,1,,1.31310553620806,-0.0194551424881975,1.77725974477587,1.47590292621272,0.22162592419302,1
34,B4_K03_I02-03-06,Branch4,3,3,L1-L2-L4,1,,1.07227861946215,-0.270798899871621,2.05375187234106,1.44862674326742,0.242798407200592,1
34,B4_K03_I02-03-06,Branch4,3,3,L1-L3-L4,1,,0.802955670312887,-0.27111730091442,2.38087169304441,1.76147707721099,0.269575165267862,1
34,B4_K03_I02-03-06,Branch4,3,3,L2-L3-L4,1,,1.06730679429387,-0.319349443506867,2.09687864842341,1.72554313804772,0.226001206595039,1
34,B4_K03_I02-03-06,Branch4,3,4,L1-L2-L3-L4,1,,1.07977617843166,-0.274566623097648,2.05014550622244,1.5960853618396,0.247491477042142,1
35,B4_K03_I02-03-07,Branch4,3,2,L1-L2,1,,1.5986242993304,0.274422796868995,1.51756624876503,1.41200069917697,0.000502939305422179,1
35,B4_K03_I02-03-07,Branch4,3,2,L1-L3,1,,1.13986202061913,-0.112976231724834,1.95721837195338,1.55768518245806,0.243780158388968,1
35,B4_K03_I02-03-07,Branch4,3,2,L1-L4,1,,0.834702481519488,-0.273720871958357,2.30194568417691,1.52784802006889,0.254155733181246,1
35,B4_K03_I02-03-07,Branch4,3,2,L2-L3,1,,1.30195119897427,-0.1514806435192,1.79872197925652,1.56878671597301,0.210340663497867,1
35,B4_K03_I02-03-07,Branch4,3,2,L2-L4,1,,1.1483585583758,-0.409360913956168,2.01809722751569,1.54664190240929,0.220760625085804,1
35,B4_K03_I02-03-07,Branch4,3,2,L3-L4,1,,0.731509390706761,-0.261737386701793,2.47416601031359,1.79554699497985,0.0127524731910603,1
35,B4_K03_I02-03-07,Branch4,3,3,L1-L2-L3,1,,1.3695936939526,0.0519828457359606,1.72397929703286,1.41590416580433,0.251772049824588,1
35,B4_K03_I02-03-07,Branch4,3,3,L1-L2-L4,1,,1.07667137116711,-0.243777662113886,2.04568105290614,1.40412701274119,0.264510659659793,1
35,B4_K03_I02-03-07,Branch4,3,3,L1-L3-L4,1,,0.778640330233532,-0.268736089548012,2.41284972788805,1.7748257393683,0.294961575548695,1
35,B4_K03_I02-03-07,Branch4,3,3,L2-L3-L4,1,,1.02432401919465,-0.315608790587009,2.14444474833047,1.73570331699716,0.260939199943495,1
35,B4_K03_I02-03-07,Branch4,3,4,L1-L2-L3-L4,1,,1.07935468046619,-0.26366570055277,2.04589169755427,1.57297107207777,0.261083623826792,1
36,B4_K03_I02-03-08,Branch4,3,2,L1-L2,1,,5.43464277827185,2.4147060666508,-1.76565696221217,1.85655603265499,0.119675348947744,0
36,B4_K03_I02-03-08,Branch4,3,2,L1-L3,1,,1.13945533032112,-0.1200749164617,1.95822049669923,1.55491466236061,0.241110895923931,1
36,B4_K03_I02-03-08,Branch4,3,2,L1-L4,1,,0.852398899614403,-0.276940744263355,2.28472727100013,1.53772983116581,0.262555016284949,1
36,B4_K03_I02-03-08,Branch4,3,2,L2-L3,1,,18.8145092428097,2.15228715232351,-15.6008739705637,1.56817828261087,0.746135090560774,0
36,B4_K03_I02-03-08,Branch4,3,2,L2-L4,1,,6.17537168521584,2.24411255727934,8.83742895731483,1.75736095555782,0.341839339186595,1
36,B4_K03_I02-03-08,Branch4,3,2,L3-L4,1,,0.745842639817843,-0.266503724557064,2.46219709386489,1.80186175513962,0.000302430500499098,1
36,B4_K03_I02-03-08,Branch4,3,3,L1-L2-L3,1,,4.12673344791959,1.54052687654131,-0.731975894743152,1.72182459925466,0.988265786668776,0
36,B4_K03_I02-03-08,Branch4,3,3,L1-L2-L4,1,,0.871795322352778,0.0100211095678553,2.22027953752892,1.55927038550836,1.4067126539027,1
36,B4_K03_I02-03-08,Branch4,3,3,L1-L3-L4,1,,0.760652452120439,-0.268900621703669,2.4430012105988,1.7961033182482,0.309512825316025,1
36,B4_K03_I02-03-08,Branch4,3,3,L2-L3-L4,1,,1.24050204627992,0.703492564829165,4.07236011788759,1.78091304141787,1.18838417587229,1
36,B4_K03_I02-03-08,Branch4,3,4,L1-L2-L3-L4,1,,0.865654768138415,-0.158890321997988,2.25555099580063,1.66675401814299,1.29539192133997,1
37,B4_K03_I02-03-09,Branch4,3,2,L1-L2,1,,5.34329519435263,2.38403435430883,-1.68010487489094,1.83657571809165,0.148122807366437,0
37,B4_K03_I02-03-09,Branch4,3,2,L1-L3,1,,1.13959044921471,-0.127351745855064,1.95787726309658,1.52731361117411,0.238588310117842,1
37,B4_K03_I02-03-09,Branch4,3,2,L1-L4,1,,0.869541216052349,-0.276291888999729,2.26560832176831,1.51196157803517,0.263368549531189,1
37,B4_K03_I02-03-09,Branch4,3,2,L2-L3,1,,23.6972169893188,2.36978189488208,-20.4882402285282,1.40611424303928,0.349778819987931,0
37,B4_K03_I02-03-09,Branch4,3,2,L2-L4,1,,6.61658910190624,2.37995920209638,9.25439157485283,1.8395910065131,0.17379911041835,1
37,B4_K03_I02-03-09,Branch4,3,2,L3-L4,1,,0.757503583675197,-0.269717891354963,2.43533358932524,1.76921335237692,0.00567144092540285,1
37,B4_K03_I02-03-09,Branch4,3,3,L1-L2-L3,1,,4.13094685742826,1.5369867843679,-0.737879272055497,1.72301085655796,0.984823214262723,0
37,B4_K03_I02-03-09,Branch4,3,3,L1-L2-L4,1,,0.899452595516705,0.00352300502542001,2.19151729041606,1.54160986176407,1.4249930545699,1
37,B4_K03_I02-03-09,Branch4,3,3,L1-L3-L4,1,,0.784378485478006,-0.273608307542639,2.40182761160263,1.75847024272028,0.301956885029923,1
37,B4_K03_I02-03-09,Branch4,3,3,L2-L3-L4,1,,1.22089318166714,0.725558910615975,4.03174859727398,1.77794605195891,1.20162718663066,1
37,B4_K03_I02-03-09,Branch4,3,4,L1-L2-L3-L4,1,,0.88522322641872,-0.158669188497348,2.23045538333499,1.64009747026608,1.30686624478454,1
38,B4_K03_I02-04-05,Branch4,3,2,L1-L2,1,,5.39749398569459,2.38221515367337,-1.7414924660413,1.83863378125097,0.127628254604968,0
38,B4_K03_I02-04-05,Branch4,3,2,L1-L3,1,,1.12087438525448,-0.111466672890605,1.97658755440027,1.56517126926749,0.24819837645269,1
38,B4_K03_I02-04-05,Branch4,3,2,L1-L4,1,,0.819533828352429,-0.269448299699222,2.31743582138797,1.54666797112265,0.26776064520624,1
38,B4_K03_I02-04-05,Branch4,3,2,L2-L3,1,,19.0883904995991,2.01102665267251,-15.8918308125747,1.38809526276431,0.631704875065918,0
38,B4_K03_I02-04-05,Branch4,3,2,L2-L4,1,,6.74704828196476,2.4130267028926,9.3806350447152,1.85759388206704,0.314675724922373,1
38,B4_K03_I02-04-05,Branch4,3,2,L3-L4,1,,0.728948403757486,-0.263248245367919,2.4898243860335,1.81914787959695,0.00247459744587101,1
38,B4_K03_I02-04-05,Branch4,3,3,L1-L2-L3,1,,4.11929287639592,1.52591335971706,-0.730007479189666,1.71841492416539,0.983877147322047,0
38,B4_K03_I02-04-05,Branch4,3,3,L1-L2-L4,1,,0.869713020583446,0.0487815200627858,2.22475579614033,1.57330463259573,1.41256837630249,1
38,B4_K03_I02-04-05,Branch4,3,3,L1-L3-L4,1,,0.742855767179567,-0.265530845550775,2.47097916137453,1.81327505843979,0.316281518867177,1
38,B4_K03_I02-04-05,Branch4,3,3,L2-L3-L4,1,,1.11048515783307,0.670340649390306,3.91625479701648,1.81799954394586,1.22142056766981,1
38,B4_K03_I02-04-05,Branch4,3,4,L1-L2-L3-L4,1,,0.851272541024741,-0.152081670332645,2.27224323346139,1.68113524072327,1.31327458214114,1
39,B4_K03_I02-04-06,Branch4,3,2,L1-L2,1,,1.78103634728298,0.393160045523111,1.35296918548094,1.48452103496228,0.0305511622823888,1
39,B4_K03_I02-04-06,Branch4,3,2,L1-L3,1,,1.09405622280143,-0.127854364185503,2.00538547984301,1.5649894058589,0.237421426447159,1
39,B4_K03_I02-04-06,Branch4,3,2,L1-L4,1,,0.815899995950229,-0.274576482427671,2.32295349547531,1.5440479123874,0.250834626886778,1
39,B4_K03_I02-04-06,Branch4,3,2,L2-L3,1,,1.36297693468258,-0.167503251984909,1.74270358936108,1.62017140646039,0.154342028267992,1
39,B4_K03_I02-04-06,Branch4,3,2,L2-L4,1,,1.22163208729878,-0.450390924662089,1.95958882397506,1.60818292294963,0.166392912167604,1
39,B4_K03_I02-04-06,Branch4,3,2,L3-L4,1,,0.73389075705865,-0.268211529884076,2.47740325814802,1.80229695732128,0.00619416624838382,1
39,B4_K03_I02-04-06,Branch4,3,3,L1-L2-L3,1,,1.35506474302588,-0.0345006276609467,1.73551036059753,1.5191828369686,0.211264697855606,1
39,B4_K03_I02-04-06,Branch4,3,3,L1-L2-L4,1,,1.22685141695817,-0.321773544818744,1.90653311935495,1.46787014529564,0.27370393542543,1
39,B4_K03_I02-04-06,Branch4,3,3,L1-L3-L4,1,,0.757274161063166,-0.271821934436719,2.4462455365595,1.7918170347554,0.293704122099564,1
39,B4_K03_I02-04-06,Branch4,3,3,L2-L3-L4,1,,1.13536764992845,-0.34760415606565,2.03293599901642,1.72549223714915,0.200323545552582,1
39,B4_K03_I02-04-06,Branch4,3,4,L1-L2-L3-L4,1,,1.14936870804423,-0.280621726976421,1.98182382411716,1.61935424829361,0.25273171158292,1
40,B4_K03_I02-04-07,Branch4,3,2,L1-L2,1,,1.79910741144414,0.398776300709364,1.33567612204219,1.48938533406729,0.0330532489330679,1
40,B4_K03_I02-04-07,Branch4,3,2,L1-L3,1,,1.09960371813901,-0.130032598952392,1.99990630083286,1.56257465294299,0.233765734637615,1
40,B4_K03_I02-04-07,Branch4,3,2,L1-L4,1,,0.826196054435735,-0.278479303687775,2.31340963531388,1.54423350833288,0.250198088142729,1
40,B4_K03_I02-04-07,Branch4,3,2,L2-L3,1,,1.37638920609861,-0.167889688341879,1.72933978852786,1.6219183666631,0.147446569158868,1
40,B4_K03_I02-04-07,Branch4,3,2,L2-L4,1,,1.23606639439795,-0.456203882568691,1.94671471325965,1.61241397605385,0.161547012306362,1
40,B4_K03_I02-04-07,Branch4,3,2,L3-L4,1,,0.732318025801755,-0.268186004640693,2.47774788956036,1.79918775224139,0.00307273668727384,1
40,B4_K03_I02-04-07,Branch4,3,3,L1-L2-L3,1,,1.37168175620529,-0.0305574912966063,1.71878943039606,1.51893815826644,0.20860257205178,1
40,B4_K03_I02-04-07,Branch4,3,3,L1-L2-L4,1,,1.25519361057328,-0.33178826012923,1.87990130731945,1.46700447852769,0.278368359747202,1
40,B4_K03_I02-04-07,Branch4,3,3,L1-L3-L4,1,,0.746533169652791,-0.270501327578328,2.45911479327512,1.79347003442585,0.296055725329396,1
40,B4_K03_I02-04-07,Branch4,3,3,L2-L3-L4,1,,1.14950519858493,-0.354598314076162,2.01954008092022,1.72301972753961,0.196362540495768,1
40,B4_K03_I02-04-07,Branch4,3,4,L1-L2-L3-L4,1,,1.16682756124287,-0.280681438726162,1.96362172065308,1.61822207681334,0.251035530920236,1
41,B4_K03_I02-04-08,Branch4,3,2,L1-L2,1,,1.82109184654052,0.408010045622117,1.31543121349174,1.4715581618315,0.0208065470991501,1
41,B4_K03_I02-04-08,Branch4,3,2,L1-L3,1,,1.11031886712781,-0.126269954389721,1.98822008108289,1.55426689220333,0.237274903793996,1
41,B4_K03_I02-04-08,Branch4,3,2,L1-L4,1,,0.827560728407907,-0.28237428629857,2.31297750529665,1.53684514032252,0.257989170317649,1
41,B4_K03_I02-04-08,Branch4,3,2,L2-L3,1,,1.40449934744836,-0.160158186983313,1.69826604050747,1.60022154519031,0.163880723439306,1
41,B4_K03_I02-04-08,Branch4,3,2,L2-L4,1,,1.25620171595766,-0.465379661424428,1.92666263360006,1.59005939065486,0.183274784259904,1
41,B4_K03_I02-04-08,Branch4,3,2,L3-L4,1,,0.718736725207614,-0.269867677127633,2.49356821576081,1.79668677717949,5.09981785163602e-06,1
41,B4_K03_I02-04-08,Branch4,3,3,L1-L2-L3,1,,1.39825394048542,-0.021726576623081,1.69191520143179,1.50096641799517,0.215750530449165,1
41,B4_K03_I02-04-08,Branch4,3,3,L1-L2-L4,1,,1.22818498502778,-0.318604599749415,1.90462923791161,1.45727269196182,0.278379427842052,1
41,B4_K03_I02-04-08,Branch4,3,3,L1-L3-L4,1,,0.733849106242787,-0.272337512291815,2.47379245844639,1.7909554190327,0.304772503330982,1
41,B4_K03_I02-04-08,Branch4,3,3,L2-L3-L4,1,,1.15078672571672,-0.358581233614342,2.01895676176305,1.72044493374159,0.21985619488784,1
41,B4_K03_I02-04-08,Branch4,3,4,L1-L2-L3-L4,1,,1.17235479589875,-0.277329206672127,1.9559182867267,1.60659712103291,0.262624697068357,1
42,B4_K03_I02-04-09,Branch4,3,2,L1-L2,1,,5.52591573859257,2.44846691592487,-1.84712833644754,1.90683940454828,0.0915659119578102,0
42,B4_K03_I02-04-09,Branch4,3,2,L1-L3,1,,1.11006681060315,-0.129464810772423,1.98813438499292,1.53713964511639,0.240002232061349,1
42,B4_K03_I02-04-09,Branch4,3,2,L1-L4,1,,0.817692389463172,-0.28739582493316,2.32450447579273,1.5064098374098,0.251147768628116,1
42,B4_K03_I02-04-09,Branch4,3,2,L2-L3,1,,14.1552688482384,1.95308507639737,-10.9245279800801,1.88742785885031,0.9422683489377,0
42,B4_K03_I02-04-09,Branch4,3,2,L2-L4,1,,5.83517270048194,2.09736515472952,8.53520150614076,1.49103285449872,0.441592601808939,1
42,B4_K03_I02-04-09,Branch4,3,2,L3-L4,1,,0.70731449648541,-0.276603006010404,2.49642346654689,1.7673040832801,0.0106538175987681,1
42,B4_K03_I02-04-09,Branch4,3,3,L1-L2-L3,1,,3.98830481957481,1.44464786935819,-0.620929126054286,1.72039257883253,0.979899927233092,0
42,B4_K03_I02-04-09,Branch4,3,3,L1-L2-L4,1,,0.818095213404661,-0.0184365709312001,2.27236337607064,1.52025394424087,1.40160067534459,1
42,B4_K03_I02-04-09,Branch4,3,3,L1-L3-L4,1,,0.748822403360011,-0.282470793563654,2.44324113255646,1.75029624435963,0.292335923418434,1
42,B4_K03_I02-04-09,Branch4,3,3,L2-L3-L4,1,,1.23149015587387,0.673617290101781,4.10417947835606,1.68506143891045,1.1806538172528,1
42,B4_K03_I02-04-09,Branch4,3,4,L1-L2-L3-L4,1,,0.818877344542735,-0.17394497328066,2.30169899754644,1.63742190948487,1.28761775666703,1
43,B4_K03_I02-05-06,Branch4,3,2,L1-L2,1,,1.77635650049648,0.389067374445107,1.3568927447371,1.4797951304486,0.0220384443246574,1
43,B4_K03_I02-05-06,Branch4,3,2,L1-L3,1,,1.09085979681912,-0.126014116376201,2.00858794515774,1.56814327870022,0.23356724451808,1
43,B4_K03_I02-05-06,Branch4,3,2,L1-L4,1,,0.79634960784062,-0.280381863300932,2.34527725745326,1.53076922770338,0.232525067583457,1
43,B4_K03_I02-05-06,Branch4,3,2,L2-L3,1,,1.37061181181869,-0.160077794765635,1.73341795094156,1.61241433401612,0.161824778501456,1
43,B4_K03_I02-05-06,Branch4,3,2,L2-L4,1,,1.21805427262134,-0.455292808749172,1.96351637210446,1.58601921550279,0.162377779954589,1
43,B4_K03_I02-05-06,Branch4,3,2,L3-L4,1,,0.704822888845136,-0.265384641391378,2.50332877146059,1.7866411804986,0.0230551221602901,1
43,B4_K03_I02-05-06,Branch4,3,3,L1-L2-L3,1,,1.36418260567227,-0.0273455834433922,1.72615610437283,1.5132751288294,0.211528903863684,1
43,B4_K03_I02-05-06,Branch4,3,3,L1-L2-L4,1,,1.22966319484491,-0.329709218519978,1.9064527183613,1.44921381974605,0.269761231287979,1
43,B4_K03_I02-05-06,Branch4,3,3,L1-L3-L4,1,,0.776730375057006,-0.274926971449843,2.40745684706946,1.74871686772964,0.264420788795457,1
43,B4_K03_I02-05-06,Branch4,3,3,L2-L3-L4,1,,1.14024156956413,-0.355286483312343,2.02566271511749,1.70275230145806,0.202025612715758,1
43,B4_K03_I02-05-06,Branch4,3,4,L1-L2-L3-L4,1,,1.13107558217005,-0.287415374434659,2.00141066826313,1.60815563761812,0.249724359213939,1
44,B4_K03_I02-05-07,Branch4,3,2,L1-L2,1,,1.6735095074845,0.331741588063903,1.45002646804133,1.46731353697815,0.0337820753165455,1
44,B4_K03_I02-05-07,Branch4,3,2,L1-L3,1,,1.10151882460104,-0.122283550548341,1.99692345584761,1.5597839680819,0.237077051478842,1
44,B4_K03_I02-05-07,Branch4,3,2,L1-L4,1,,0.80221077662934,-0.283900219097838,2.34029927619391,1.52986001441852,0.246541320869259,1
44,B4_K03_I02-05-07,Branch4,3,2,L2-L3,1,,1.29725211881895,-0.168821036112582,1.80884636431764,1.61405209039737,0.159177376840768,1
44,B4_K03_I02-05-07,Branch4,3,2,L2-L4,1,,1.15548477956442,-0.437946681712334,2.02503692179817,1.59592404208058,0.165056768863728,1
44,B4_K03_I02-05-07,Branch4,3,2,L3-L4,1,,0.691939920729672,-0.266752090610949,2.52165675121495,1.79087820065198,0.0133337074548353,1
44,B4_K03_I02-05-07,Branch4,3,3,L1-L2-L3,1,,1.28952789421935,-0.0585295699129674,1.80190387746144,1.51627447439183,0.206165616448963,1
44,B4_K03_I02-05-07,Branch4,3,3,L1-L2-L4,1,,1.12587165536044,-0.315390727099683,2.00960156723149,1.47076132569803,0.248885563247638,1
44,B4_K03_I02-05-07,Branch4,3,3,L1-L3-L4,1,,0.743580494748225,-0.27463792561875,2.45354062808439,1.76908257075223,0.286463377043085,1
44,B4_K03_I02-05-07,Branch4,3,3,L2-L3-L4,1,,1.07517995474427,-0.340096756629749,2.09325147456797,1.7164220604811,0.198479110531787,1
44,B4_K03_I02-05-07,Branch4,3,4,L1-L2-L3-L4,1,,1.09997486176138,-0.282379126072945,2.03118607789048,1.59549766495741,0.244339218466722,1
45,B4_K03_I02-05-08,Branch4,3,2,L1-L2,1,,1.76489983902892,0.374288892753315,1.36576591101711,1.45761989906614,0.0109026347477516,1
45,B4_K03_I02-05-08,Branch4,3,2,L1-L3,1,,1.11435906096997,-0.121889499016646,1.98396639665325,1.56023898291933,0.235754673249235,1
45,B4_K03_I02-05-08,Branch4,3,2,L1-L4,1,,0.810602509825038,-0.29202095763373,2.33454117402239,1.53289607103985,0.249635597334988,1
45,B4_K03_I02-05-08,Branch4,3,2,L2-L3,1,,1.38276192035347,-0.153531932221762,1.71878519768441,1.59071074951995,0.179030757825438,1
45,B4_K03_I02-05-08,Branch4,3,2,L2-L4,1,,1.22477191605086,-0.463096482975274,1.95840930970234,1.57148708578835,0.19276923024143,1
45,B4_K03_I02-05-08,Branch4,3,2,L3-L4,1,,0.680821788535261,-0.268384128981313,2.53815715962273,1.79488598912061,0.0100748077024836,1
45,B4_K03_I02-05-08,Branch4,3,3,L1-L2-L3,1,,1.37015425240889,-0.0270044189518179,1.72012067335559,1.49509416841686,0.216528826560948,1
45,B4_K03_I02-05-08,Branch4,3,3,L1-L2-L4,1,,1.14070769029406,-0.308401288716549,1.99263301510733,1.45654450228645,0.263340004867742,1
45,B4_K03_I02-05-08,Branch4,3,3,L1-L3-L4,1,,0.725489617023635,-0.275696804128357,2.47937406826916,1.77832072883698,0.294241504007162,1
45,B4_K03_I02-05-08,Branch4,3,3,L2-L3-L4,1,,1.12377611343448,-0.352882398903879,2.04435175011487,1.71205306690054,0.229885149289676,1
45,B4_K03_I02-05-08,Branch4,3,4,L1-L2-L3-L4,1,,1.13627330124433,-0.279556039998929,1.99264042412887,1.5936343786477,0.261588830810357,1
46,B4_K03_I02-05-09,Branch4,3,2,L1-L2,1,,1.65699523267519,0.340529962004853,1.46840721444767,1.51045867725436,0.0854529813131536,1
46,B4_K03_I02-05-09,Branch4,3,2,L1-L3,1,,1.08258269999193,-0.131956884562423,2.01656013646105,1.54795354318388,0.233940083825495,1
46,B4_K03_I02-05-09,Branch4,3,2,L1-L4,1,,0.798249239795866,-0.288336647542812,2.34598865940693,1.52260423826079,0.247731284246378,1
46,B4_K03_I02-05-09,Branch4,3,2,L2-L3,1,,1.21076804886254,-0.19763368693341,1.90677765369062,1.66396668298662,0.0982816579381209,1
46,B4_K03_I02-05-09,Branch4,3,2,L2-L4,1,,1.09790873744113,-0.429224821101329,2.0915794936904,1.65596839833951,0.101112667602198,1
46,B4_K03_I02-05-09,Branch4,3,2,L3-L4,1,,0.685960634470509,-0.273342273833043,2.52564830645586,1.77808840208255,0.00723866320748777,1
46,B4_K03_I02-05-09,Branch4,3,3,L1-L2-L3,1,,1.22171513298738,-0.113881611175067,1.87605827311325,1.57722906531709,0.19563708243347,1
46,B4_K03_I02-05-09,Branch4,3,3,L1-L2-L4,1,,1.0167870506788,-0.338332125030338,2.13335645179152,1.56496461553523,0.229460958446999,1
46,B4_K03_I02-05-09,Branch4,3,3,L1-L3-L4,1,,0.716969666745842,-0.278189411634212,2.48519733558826,1.76621399551623,0.291515534720497,1
46,B4_K03_I02-05-09,Branch4,3,3,L2-L3-L4,1,,1.0497093384072,-0.357561780335973,2.12709892959977,1.71647354804764,0.134875251816192,1
46,B4_K03_I02-05-09,Branch4,3,4,L1-L2-L3-L4,1,,1.07498463443356,-0.300748514936291,2.06644718052545,1.63221921485763,0.228167713476868,1
47,B4_K03_I02-06-07,Branch4,3,2,L1-L2,1,,1.76812488534658,0.391348540312853,1.36575815293204,1.51009866310685,0.0491642235365229,1
47,B4_K03_I02-06-07,Branch4,3,2,L1-L3,1,,1.07596383638694,-0.134253910592146,2.02477926655826,1.57056099311271,0.231552521400855,1
47,B4_K03_I02-06-07,Branch4,3,2,L1-L4,1,,0.812726236560003,-0.274870835928759,2.3270946493301,1.55427140193547,0.246739739536912,1
47,B4_K03_I02-06-07,Branch4,3,2,L2-L3,1,,1.33079741830672,-0.178011041906169,1.77950494598733,1.64810992856531,0.127618851952179,1
47,B4_K03_I02-06-07,Branch4,3,2,L2-L4,1,,1.20107455991523,-0.446060655849174,1.98390248800164,1.64197987086208,0.13863019747013,1
47,B4_K03_I02-06-07,Branch4,3,2,L3-L4,1,,0.735206301105835,-0.268184966619922,2.47746431479052,1.80562258295118,0.00287495985748157,1
47,B4_K03_I02-06-07,Branch4,3,3,L1-L2-L3,1,,1.35903505012785,-0.0479999566591163,1.73254132159911,1.54447705105826,0.201974072909377,1
47,B4_K03_I02-06-07,Branch4,3,3,L1-L2-L4,1,,1.11545404433603,-0.334712432946063,2.02731786715808,1.55396292056099,0.2455392953349,1
47,B4_K03_I02-06-07,Branch4,3,3,L1-L3-L4,1,,0.748303914479476,-0.270303546339763,2.45995516747074,1.79989706611541,0.290643592901699,1
47,B4_K03_I02-06-07,Branch4,3,3,L2-L3-L4,1,,1.13523833131948,-0.349185778551419,2.03441501448383,1.72929391467569,0.170664082354648,1
47,B4_K03_I02-06-07,Branch4,3,4,L1-L2-L3-L4,1,,1.15275220686273,-0.283878308660562,1.98061888392822,1.63237936244843,0.241158714457741,1
48,B4_K03_I02-06-08,Branch4,3,2,L1-L2,1,,1.708877983117,0.343301372547135,1.41638555291691,1.46227982895013,0.014491246200547,1
48,B4_K03_I02-06-08,Branch4,3,2,L1-L3,1,,1.08941784894276,-0.130657671148527,2.01027513869033,1.56288120891764,0.227581751206128,1
48,B4_K03_I02-06-08,Branch4,3,2,L1-L4,1,,0.809745974383747,-0.292101396320808,2.3362022648028,1.54641434810157,0.248556924870902,1
48,B4_K03_I02-06-08,Branch4,3,2,L2-L3,1,,1.34082614602273,-0.160609701151768,1.76230102244427,1.59609736079412,0.17092928461195,1
48,B4_K03_I02-06-08,Branch4,3,2,L2-L4,1,,1.19277105353028,-0.452287112984481,1.98965021324037,1.5858457939909,0.190127462277905,1
48,B4_K03_I02-06-08,Branch4,3,2,L3-L4,1,,0.681884435663247,-0.268294419952917,2.53874298871965,1.79849655833219,9.88858544472027e-05,1
48,B4_K03_I02-06-08,Branch4,3,3,L1-L2-L3,1,,1.32344046518883,-0.0493885427066305,1.7674972837418,1.50648091338064,0.206673120334027,1
48,B4_K03_I02-06-08,Branch4,3,3,L1-L2-L4,1,,1.0917832513839,-0.301701099626693,2.04108995385619,1.47252583786468,0.254424205274262,1
48,B4_K03_I02-06-08,Branch4,3,3,L1-L3-L4,1,,0.698940210846374,-0.271298355821968,2.51619173981688,1.79267507753803,0.297069761246503,1
48,B4_K03_I02-06-08,Branch4,3,3,L2-L3-L4,1,,1.0817634256535,-0.350874012181883,2.09233401995384,1.72751292032656,0.226314771965875,1
48,B4_K03_I02-06-08,Branch4,3,4,L1-L2-L3-L4,1,,1.11448410362063,-0.276782801614679,2.01504111315965,1.59964682411571,0.252372251469295,1
49,B4_K03_I02-06-09,Branch4,3,2,L1-L2,1,,1.8585448409348,0.436147035182767,1.28339837608902,1.48753958472351,0.0266257565373203,1
49,B4_K03_I02-06-09,Branch4,3,2,L1-L3,1,,1.07950462417088,-0.13002702001219,2.01957456119217,1.55111347793025,0.230069537630542,1
49,B4_K03_I02-06-09,Branch4,3,2,L1-L4,1,,0.800130960237013,-0.288141332049553,2.34426755379193,1.53266871541774,0.250267830576817,1
49,B4_K03_I02-06-09,Branch4,3,2,L2-L3,1,,1.41380577782576,-0.159522115252505,1.68936569667287,1.60781011317225,0.146977424550547,1
49,B4_K03_I02-06-09,Branch4,3,2,L2-L4,1,,1.26390769723605,-0.481170092809089,1.92534682508204,1.59757556595854,0.165004995645209,1
49,B4_K03_I02-06-09,Branch4,3,2,L3-L4,1,,0.675796696745296,-0.268294620114986,2.53926969811885,1.78533367613919,0.000486035873729413,1
49,B4_K03_I02-06-09,Branch4,3,3,L1-L2-L3,1,,1.41382819214026,-0.0163661502317007,1.67630859062974,1.51090436105067,0.21041024830605,1
49,B4_K03_I02-06-09,Branch4,3,3,L1-L2-L4,1,,1.23427528220273,-0.347745063974901,1.90592481760007,1.47820997562431,0.278096861610521,1
49,B4_K03_I02-06-09,Branch4,3,3,L1-L3-L4,1,,0.692333402643582,-0.271113003542885,2.51762014111415,1.77965081238539,0.297950184160091,1
49,B4_K03_I02-06-09,Branch4,3,3,L2-L3-L4,1,,1.17921067230099,-0.370331246759822,1.98852709115991,1.70037467013874,0.203097813901947,1
49,B4_K03_I02-06-09,Branch4,3,4,L1-L2-L3-L4,1,,1.18186868562998,-0.279460400024032,1.94661136051575,1.60666721140763,0.259618471135427,1
50,B4_K03_I02-07-08,Branch4,3,2,L1-L2,1,,1.7444904540936,0.350228719738065,1.38188933069471,1.44573463627928,0.00729474549651522,1
50,B4_K03_I02-07-08,Branch4,3,2,L1-L3,1,,1.12179154331688,-0.130473464698291,1.97692396224689,1.5495446853529,0.230062694339148,1
50,B4_K03_I02-07-08,Branch4,3,2,L1-L4,1,,0.830095752176045,-0.303923101474933,2.31810280001325,1.52940100037721,0.252619975831885,1
50,B4_K03_I02-07-08,Branch4,3,2,L2-L3,1,,1.38099163272761,-0.157649940239906,1.72015490904067,1.57621556783663,0.180703499138308,1
50,B4_K03_I02-07-08,Branch4,3,2,L2-L4,1,,1.22661822060775,-0.467244669979611,1.95758041274069,1.56245443053968,0.201873469054914,1
50,B4_K03_I02-07-08,Branch4,3,2,L3-L4,1,,0.676428225668823,-0.275036516240779,2.54185897955329,1.78539705835773,0.00054612729077519,1
50,B4_K03_I02-07-08,Branch4,3,3,L1-L2-L3,1,,1.38103360437637,-0.0181392554591073,1.70940968090926,1.470080864633,0.216438372801812,1
50,B4_K03_I02-07-08,Branch4,3,3,L1-L2-L4,1,,1.11604450799231,-0.305472234299521,2.01787170200379,1.44724613258152,0.262889071342938,1
50,B4_K03_I02-07-08,Branch4,3,3,L1-L3-L4,1,,0.69511727225807,-0.278257478849882,2.51767758441354,1.77965666498921,0.304607249079456,1
50,B4_K03_I02-07-08,Branch4,3,3,L2-L3-L4,1,,1.10626134333094,-0.359853871013033,2.06559231868967,1.71191567600751,0.23952981114398,1
50,B4_K03_I02-07-08,Branch4,3,4,L1-L2-L3-L4,1,,1.13972424854937,-0.280800513737245,1.98833993670045,1.58042101185104,0.260614470307571,1
51,B4_K03_I02-07-09,Branch4,3,2,L1-L2,1,,1.51901805606706,0.236064152044329,1.59049648558173,1.443619320467,0.0389511175257602,1
51,B4_K03_I02-07-09,Branch4,3,2,L1-L3,1,,1.10879353602275,-0.123878209476121,1.98936737946277,1.55181823378104,0.234043372592154,1
51,B4_K03_I02-07-09,Branch4,3,2,L1-L4,1,,0.809163488759343,-0.296209373035362,2.33755843652945,1.52893531456854,0.253897831675746,1
51,B4_K03_I02-07-09,Branch4,3,2,L2-L3,1,,1.20934627927338,-0.177351177196998,1.89834741500591,1.60501952111927,0.162820808124619,1
51,B4_K03_I02-07-09,Branch4,3,2,L2-L4,1,,1.07830264266714,-0.420278633642504,2.1014632097932,1.59432642097622,0.17489460036827,1
51,B4_K03_I02-07-09,Branch4,3,2,L3-L4,1,,0.665133661633619,-0.270023705367251,2.55529739005906,1.78910742864933,0.00375288749434527,1
51,B4_K03_I02-07-09,Branch4,3,3,L1-L2-L3,1,,1.20810668487278,-0.0908489128783366,1.88536551143108,1.51113490069224,0.199631718351286,1
51,B4_K03_I02-07-09,Branch4,3,3,L1-L2-L4,1,,0.992110299713037,-0.300251852380882,2.14492306484004,1.46899582984171,0.234852568395337,1
51,B4_K03_I02-07-09,Branch4,3,3,L1-L3-L4,1,,0.685866626469026,-0.273614989588991,2.52805460591008,1.78242740808452,0.305865728407623,1
51,B4_K03_I02-07-09,Branch4,3,3,L2-L3-L4,1,,0.975769117482086,-0.334614176649794,2.20344993795675,1.73278253995491,0.208364125262612,1
51,B4_K03_I02-07-09,Branch4,3,4,L1-L2-L3-L4,1,,1.04776536228064,-0.278123295392708,2.08217732663422,1.56894306350038,0.237803885390313,1
52,B4_K03_I02-08-09,Branch4,3,2,L1-L2,1,,5.34847747269198,2.38294675663214,-1.68746960597381,1.82180769870593,0.176627350914731,0
52,B4_K03_I02-08-09,Branch4,3,2,L1-L3,1,,1.16773753534144,-0.0982937853573033,1.92712283952362,1.54081657565051,0.264349978768024,1
52,B4_K03_I02-08-09,Branch4,3,2,L1-L4,1,,0.83086464215867,-0.276489845635286,2.3067050956005,1.5183986845132,0.290992245461727,1
52,B4_K03_I02-08-09,Branch4,3,2,L2-L3,1,,26.8379403643738,2.63458184336884,-23.6106670130825,0.860936177865547,0.310363180639432,0
52,B4_K03_I02-08-09,Branch4,3,2,L2-L4,1,,6.68629803175909,2.29386284028982,9.34884181074402,2.02122339502897,0.118557709193729,1
52,B4_K03_I02-08-09,Branch4,3,2,L3-L4,1,,0.712679716631531,-0.271574019578464,2.50874484759581,1.81032624476762,0.000328877697933283,1
52,B4_K03_I02-08-09,Branch4,3,3,L1-L2-L3,1,,4.02366881607254,1.45308489046249,-0.65657242804761,1.70408352196503,0.979283120540378,0
52,B4_K03_I02-08-09,Branch4,3,3,L1-L2-L4,1,,0.865019021773434,0.0222749632607866,2.22692677672493,1.55353826021815,1.40877345458697,1
52,B4_K03_I02-08-09,Branch4,3,3,L1-L3-L4,1,,0.727800015773444,-0.273941921260338,2.48838079105859,1.80447169682704,0.343661933324255,1
52,B4_K03_I02-08-09,Branch4,3,3,L2-L3-L4,1,,1.13316841457489,0.570140233556013,4.00216701422416,1.85631742594524,1.19805087759248,1
52,B4_K03_I02-08-09,Branch4,3,4,L1-L2-L3-L4,1,,0.851713800635409,-0.148066418787377,2.26770941203097,1.66532066645717,1.29502130786726,1
53,B4_K03_I03-04-05,Branch4,3,2,L1-L2,1,,74.5816283403092,2.40511180013547,-71.4406244823955,2.84934702171505,0.0904903858146885,0
53,B4_K03_I03-04-05,Branch4,3,2,L1-L3,1,,12.0145944509908,1.22843712491519,-8.86158596921217,1.53185706263523,0.382785559366727,0
53,B4_K03_I03-04-05,Branch4,3,2,L1-L4,1,,3.41938774126602,1.18328098331176,6.28386826307656,1.80209958253092,0.227680416177695,1
53,B4_K03_I03-04-05,Branch4,3,2,L2-L3,1,,18.9154170890127,2.10092055930407,-15.7080662235788,1.39117578966918,0.621004504762404,0
53,B4_K03_I03-04-05,Branch4,3,2,L2-L4,1,,6.73042275822091,2.36108438969246,9.38183490831873,1.86970866312595,0.327410349763282,1
53,B4_K03_I03-04-05,Branch4,3,2,L3-L4,1,,0.743439979723129,-0.281389660605095,2.4818491576319,1.821986669417,0.000672788238837107,1
53,B4_K03_I03-04-05,Branch4,3,3,L1-L2-L3,1,,14.4972700089848,1.61719006749499,-11.3152724023437,1.70895217941272,0.634559817139702,0
53,B4_K03_I03-04-05,Branch4,3,3,L1-L2-L4,1,,4.33124348967568,1.51774265523534,7.13391929921448,1.82069315673688,0.604881076753069,1
53,B4_K03_I03-04-05,Branch4,3,3,L1-L3-L4,1,,0.489452835387051,0.263552496679254,3.37383330637355,1.79923705277858,0.706700843571339,1
53,B4_K03_I03-04-05,Branch4,3,3,L2-L3-L4,1,,1.08862181442553,0.653084316991331,3.89998941863622,1.82014913937172,1.22443683316202,1
53,B4_K03_I03-04-05,Branch4,3,4,L1-L2-L3-L4,1,,1.68353761649651,0.88927697430345,4.4928172894524,1.77493457684666,1.07900779392906,1
54,B4_K03_I03-04-06,Branch4,3,2,L1-L2,1,,1.8743889722342,0.44055445928313,1.26812954033048,1.4941848626408,0.0269594361965216,1
54,B4_K03_I03-04-06,Branch4,3,2,L1-L3,1,,1.10695288039365,-0.127432487274809,1.99235428690401,1.56541811003641,0.2360846854528,1
54,B4_K03_I03-04-06,Branch4,3,2,L1-L4,1,,0.816700706938829,-0.283369520084869,2.32494429482999,1.53730318737142,0.244747085165524,1
54,B4_K03_I03-04-06,Branch4,3,2,L2-L3,1,,1.43216718122326,-0.160739858892208,1.67195848891507,1.62009914894061,0.15094899049657,1
54,B4_K03_I03-04-06,Branch4,3,2,L2-L4,1,,1.28098282046186,-0.477771139242972,1.90585114213678,1.60219201165509,0.159736644441013,1
54,B4_K03_I03-04-06,Branch4,3,2,L3-L4,1,,0.719590816040894,-0.270015140381377,2.49238685745563,1.79624533473705,0.0129574258689867,1
54,B4_K03_I03-04-06,Branch4,3,3,L1-L2-L3,1,,1.42798389542235,-0.0141126333275496,1.66223609889528,1.52071429140451,0.214681979951659,1
54,B4_K03_I03-04-06,Branch4,3,3,L1-L2-L4,1,,1.21925760558005,-0.346455285846716,1.92100193110692,1.50116558909414,0.26813397056874,1
54,B4_K03_I03-04-06,Branch4,3,3,L1-L3-L4,1,,0.767164070960826,-0.277075178441392,2.42948784348576,1.77476125702466,0.283603431039303,1
54,B4_K03_I03-04-06,Branch4,3,3,L2-L3-L4,1,,1.20436259473097,-0.367784847046306,1.96178191071943,1.70578510366482,0.199837986800101,1
54,B4_K03_I03-04-06,Branch4,3,4,L1-L2-L3-L4,1,,1.1943183138797,-0.286524118404373,1.93657438859916,1.61793864254631,0.259425588982803,1
55,B4_K03_I03-04-07,Branch4,3,2,L1-L2,1,,1.99280151566173,0.506144203041364,1.16255786264805,1.50653710267978,0.0106879419594876,1
55,B4_K03_I03-04-07,Branch4,3,2,L1-L3,1,,1.07211691249261,-0.136779786055468,2.02885137153078,1.56848030722196,0.221648290984542,1
55,B4_K03_I03-04-07,Branch4,3,2,L1-L4,1,,0.808361536524471,-0.284140295942571,2.33473341138567,1.54780215556587,0.233963081003363,1
55,B4_K03_I03-04-07,Branch4,3,2,L2-L3,1,,1.52271493606919,-0.146898646338049,1.57827325271733,1.60846107957419,0.150135670858922,1
55,B4_K03_I03-04-07,Branch4,3,2,L2-L4,1,,1.36300689724959,-0.505935065934804,1.82776937137658,1.59268954187187,0.166404148412236,1
55,B4_K03_I03-04-07,Branch4,3,2,L3-L4,1,,0.703470398300092,-0.264950441313283,2.50667313156428,1.79051958538688,0.00669844110944058,1
55,B4_K03_I03-04-07,Branch4,3,3,L1-L2-L3,1,,1.52680386135483,0.0099304406431675,1.56338047559569,1.52154634781608,0.217530572109938,1
55,B4_K03_I03-04-07,Branch4,3,3,L1-L2-L4,1,,1.23486305691517,-0.357974190540549,1.90841623397137,1.52451636388853,0.279145343728389,1
55,B4_K03_I03-04-07,Branch4,3,3,L1-L3-L4,1,,0.733054216317801,-0.269900828872762,2.46819008654581,1.77905995442771,0.275844024991248,1
55,B4_K03_I03-04-07,Branch4,3,3,L2-L3-L4,1,,1.28374666237741,-0.382098962833509,1.8792241701887,1.68980981458153,0.211664087266149,1
55,B4_K03_I03-04-07,Branch4,3,4,L1-L2-L3-L4,1,,1.23407506744729,-0.276917353326743,1.89413827545848,1.62717227409358,0.269946598510608,1
56,B4_K03_I03-04-08,Branch4,3,2,L1-L2,1,,1.93288790160318,0.479229779415284,1.21749296961048,1.51057732609615,0.026634409264271,1
56,B4_K03_I03-04-08,Branch4,3,2,L1-L3,1,,1.0601843451093,-0.136792477484614,2.04052645924275,1.56232135243151,0.223518201797678,1
56,B4_K03_I03-04-08,Branch4,3,2,L1-L4,1,,0.796040606503243,-0.28446516787601,2.3478040101835,1.54365006492129,0.23879229837258,1
56,B4_K03_I03-04-08,Branch4,3,2,L2-L3,1,,1.46060989285378,-0.157439333329243,1.6430083816296,1.62169376232575,0.135230005869369,1
56,B4_K03_I03-04-08,Branch4,3,2,L2-L4,1,,1.30944699554878,-0.49405723620683,1.88238087026758,1.6105211247124,0.150346892613439,1
56,B4_K03_I03-04-08,Branch4,3,2,L3-L4,1,,0.689581901726105,-0.266605790401503,2.52296268279086,1.78794657942896,0.00361221180098805,1
56,B4_K03_I03-04-08,Branch4,3,3,L1-L2-L3,1,,1.4888530499703,-0.00800408634596095,1.60141441249828,1.52706081465524,0.211188154497401,1
56,B4_K03_I03-04-08,Branch4,3,3,L1-L2-L4,1,,1.17283234907711,-0.358909910179643,1.97437956068663,1.54593942536454,0.268368700769691,1
56,B4_K03_I03-04-08,Branch4,3,3,L1-L3-L4,1,,0.706453459004011,-0.269485383213096,2.50087461377661,1.78175414332422,0.284196270552494,1
56,B4_K03_I03-04-08,Branch4,3,3,L2-L3-L4,1,,1.2387907980642,-0.381005275827958,1.92746377867243,1.69480029584477,0.194108167098237,1
56,B4_K03_I03-04-08,Branch4,3,4,L1-L2-L3-L4,1,,1.21542724847499,-0.279929599375533,1.91381694298142,1.62448386285525,0.260034008607364,1
57,B4_K03_I03-04-09,Branch4,3,2,L1-L2,1,,5.39283431527308,2.39161219958036,-1.73351907723968,1.81067145074834,0.141682673058484,0
57,B4_K03_I03-04-09,Branch4,3,2,L1-L3,1,,1.06794813656413,-0.131048979542288,2.03165957470038,1.55705200722435,0.223227420093589,1
57,B4_K03_I03-04-09,Branch4,3,2,L1-L4,1,,0.789462789871548,-0.28508526229081,2.35430429770114,1.52701339362852,0.230050826547233,1
57,B4_K03_I03-04-09,Branch4,3,2,L2-L3,1,,26.0433309310264,2.44406230294548,-22.8359731468322,1.14565294976103,0.329471646955797,0
57,B4_K03_I03-04-09,Branch4,3,2,L2-L4,1,,6.90383737298237,2.36812464602313,9.56464027868526,1.86604561889525,0.0793662002614629,1
57,B4_K03_I03-04-09,Branch4,3,2,L3-L4,1,,0.670509611481778,-0.261741646685878,2.53568333458552,1.77167532814627,0.013978106769978,1
57,B4_K03_I03-04-09,Branch4,3,3,L1-L2-L3,1,,4.07633208976518,1.51809666973949,-0.687117116333713,1.71272540251251,0.986311284878694,0
57,B4_K03_I03-04-09,Branch4,3,3,L1-L2-L4,1,,0.814484484249615,-0.0514896477368122,2.27849100542439,1.54676476218463,1.4454604657027,1
57,B4_K03_I03-04-09,Branch4,3,3,L1-L3-L4,1,,0.728244058389798,-0.270826293453346,2.46141818787743,1.74875174938696,0.267045325470857,1
57,B4_K03_I03-04-09,Branch4,3,3,L2-L3-L4,1,,1.42793043098418,0.736660439359786,4.27627865193058,1.79842867286283,1.18959665277855,1
57,B4_K03_I03-04-09,Branch4,3,4,L1-L2-L3-L4,1,,0.800906269718342,-0.170392871620773,2.32290648737986,1.65486983266945,1.30634147812228,1
58,B4_K03_I03-05-06,Branch4,3,2,L1-L2,1,,5.24129684233508,2.31889075580934,-1.60175932848448,1.78518880706032,0.157737967462965,0
58,B4_K03_I03-05-06,Branch4,3,2,L1-L3,1,,1.11645985336832,-0.117062808738143,1.98162613235226,1.56546963043376,0.241683568583216,1
58,B4_K03_I03-05-06,Branch4,3,2,L1-L4,1,,0.792887397342669,-0.284794371408189,2.35021391777101,1.51670758568205,0.234215460448691,1
58,B4_K03_I03-05-06,Branch4,3,2,L2-L3,1,,19.9633865717542,1.78385145608172,-16.7860406432731,0.954394150611175,0.109730483577845,0
58,B4_K03_I03-05-06,Branch4,3,2,L2-L4,1,,8.21741854843174,2.82613768704675,10.7883189444045,2.02421255630472,0.0750581478121302,1
58,B4_K03_I03-05-06,Branch4,3,2,L3-L4,1,,0.6944441227521,-0.267568544905899,2.51529810648353,1.78350916561984,0.0331233035188291,1
58,B4_K03_I03-05-06,Branch4,3,3,L1-L2-L3,1,,4.17269062740175,1.52944304443956,-0.786639098844372,1.70933309134718,0.976931686772012,0
58,B4_K03_I03-05-06,Branch4,3,3,L1-L2-L4,1,,0.872972188772805,-0.0359878420346503,2.21866446498039,1.5394930754507,1.49693557640226,1
58,B4_K03_I03-05-06,Branch4,3,3,L1-L3-L4,1,,0.787694575327081,-0.278389862452554,2.39011538396703,1.73048503796068,0.264223298825948,1
58,B4_K03_I03-05-06,Branch4,3,3,L2-L3-L4,1,,0.553713912271407,-0.16097852548385,2.64551727191949,1.788305593796,1.55087334478942,1
58,B4_K03_I03-05-06,Branch4,3,4,L1-L2-L3-L4,1,,0.843857072807138,-0.171073150007942,2.2804297009261,1.66560394781039,1.35856392487111,1
59,B4_K03_I03-05-07,Branch4,3,2,L1-L2,1,,1.6778134105617,0.337584418574119,1.4469771364759,1.46037083228561,0.0211897807423951,1
59,B4_K03_I03-05-07,Branch4,3,2,L1-L3,1,,1.08696711053967,-0.123243159926431,2.01199701292705,1.56494753873785,0.237823047092144,1
59,B4_K03_I03-05-07,Branch4,3,2,L1-L4,1,,0.788800302768275,-0.280267089249335,2.35341378281198,1.53312130703439,0.243545689876279,1
59,B4_K03_I03-05-07,Branch4,3,2,L2-L3,1,,1.30706819521918,-0.163553513497529,1.79741427983731,1.60440149044749,0.173229924723863,1
59,B4_K03_I03-05-07,Branch4,3,2,L2-L4,1,,1.15910713449428,-0.437254520000991,2.01971510622379,1.58263219789331,0.178358848055773,1
59,B4_K03_I03-05-07,Branch4,3,2,L3-L4,1,,0.693966095453468,-0.266836210145893,2.52084449006645,1.79402276120427,0.0165078694832402,1
59,B4_K03_I03-05-07,Branch4,3,3,L1-L2-L3,1,,1.29292029688564,-0.0543906714938674,1.79828837149034,1.51286925507618,0.211225201234872,1
59,B4_K03_I03-05-07,Branch4,3,3,L1-L2-L4,1,,1.08910205513754,-0.299539635700854,2.04342768079052,1.46674832615495,0.247992387537744,1
59,B4_K03_I03-05-07,Branch4,3,3,L1-L3-L4,1,,0.750998736651594,-0.27506885813234,2.44415425850411,1.76686982581342,0.280277880544993,1
59,B4_K03_I03-05-07,Branch4,3,3,L2-L3-L4,1,,1.07396148885829,-0.336677068854917,2.09365684535161,1.71758251088557,0.212665616992632,1
59,B4_K03_I03-05-07,Branch4,3,4,L1-L2-L3-L4,1,,1.08655180839375,-0.281161902176988,2.04517709045188,1.59943794432379,0.249643004537836,1
60,B4_K03_I03-05-08,Branch4,3,2,L1-L2,1,,1.69143583711645,0.337985271830385,1.43331625693988,1.45395521106724,0.00845709833687797,1
60,B4_K03_I03-05-08,Branch4,3,2,L1-L3,1,,1.08350284671019,-0.128589906768201,2.0161376842909,1.56528998090307,0.231225320944638,1
60,B4_K03_I03-05-08,Branch4,3,2,L1-L4,1,,0.794302180819466,-0.288687134241143,2.35108141618158,1.53968651491349,0.243042083056507,1
60,B4_K03_I03-05-08,Branch4,3,2,L2-L3,1,,1.33125017954003,-0.158215568594291,1.77127930071959,1.59039132518748,0.181822963294864,1
60,B4_K03_I03-05-08,Branch4,3,2,L2-L4,1,,1.17823221628121,-0.446598501170947,2.00205221790775,1.57176738587524,0.194144727779743,1
60,B4_K03_I03-05-08,Branch4,3,2,L3-L4,1,,0.680821788535261,-0.268384128981313,2.53815715962273,1.79488598912061,0.0100748077024836,1
60,B4_K03_I03-05-08,Branch4,3,3,L1-L2-L3,1,,1.33206656849681,-0.0205044237604278,1.75820186711909,1.48283478028006,0.216486688406489,1
60,B4_K03_I03-05-08,Branch4,3,3,L1-L2-L4,1,,1.07733944108714,-0.293005332168566,2.05408650800681,1.4588735638644,0.253313938333244,1
60,B4_K03_I03-05-08,Branch4,3,3,L1-L3-L4,1,,0.723312003973725,-0.275290328059291,2.48166098201076,1.77806317548605,0.285029205657704,1
60,B4_K03_I03-05-08,Branch4,3,3,L2-L3-L4,1,,1.07339891416882,-0.344075706821883,2.09740721129353,1.72035583205745,0.23049795790394,1
60,B4_K03_I03-05-08,Branch4,3,4,L1-L2-L3-L4,1,,1.09214821287361,-0.27921487972865,2.03858416410005,1.59670320491042,0.254106205621606,1
61,B4_K03_I03-05-09,Branch4,3,2,L1-L2,1,,1.78802080405263,0.40104027780611,1.3476598863214,1.47911891840285,0.0238971102934963,1
61,B4_K03_I03-05-09,Branch4,3,2,L1-L3,1,,1.08538131731305,-0.120827752285281,2.0131758040769,1.56247326887928,0.234551371331071,1
61,B4_K03_I03-05-09,Branch4,3,2,L1-L4,1,,0.784208988513929,-0.284757440030324,2.36004753376623,1.53265478606053,0.24419291583617,1
61,B4_K03_I03-05-09,Branch4,3,2,L2-L3,1,,1.37162721213459,-0.156250681549869,1.73177730469012,1.61035417313571,0.159367691223417,1
61,B4_K03_I03-05-09,Branch4,3,2,L2-L4,1,,1.21714295736022,-0.464439627443597,1.96863086889921,1.59090700152289,0.168088161297532,1
61,B4_K03_I03-05-09,Branch4,3,2,L3-L4,1,,0.666953390273877,-0.263406603172367,2.55131969498122,1.79200567663641,0.0135194545709824,1
61,B4_K03_I03-05-09,Branch4,3,3,L1-L2-L3,1,,1.36655821201751,-0.0205397058543005,1.72363725530242,1.51059798180716,0.212157667182952,1
61,B4_K03_I03-05-09,Branch4,3,3,L1-L2-L4,1,,1.22839218078526,-0.332494797914035,1.90856774863348,1.44888841026247,0.279225609121281,1
61,B4_K03_I03-05-09,Branch4,3,3,L1-L3-L4,1,,0.721498629365091,-0.2720998570488,2.47868497634271,1.76984418063137,0.284427722458111,1
61,B4_K03_I03-05-09,Branch4,3,3,L2-L3-L4,1,,1.13396848116503,-0.359521933316167,2.03454664891658,1.70651082157384,0.206969273107611,1
61,B4_K03_I03-05-09,Branch4,3,4,L1-L2-L3-L4,1,,1.13712978042982,-0.281135259809725,1.99311403548276,1.60425106271486,0.255610805906367,1
62,B4_K03_I03-06-07,Branch4,3,2,L1-L2,1,,1.70021147120759,0.349963002200057,1.42648697840333,1.46886527829995,0.00776952671448163,1
62,B4_K03_I03-06-07,Branch4,3,2,L1-L3,1,,1.05223857353108,-0.138506682949398,2.04989127285262,1.5787130873294,0.229315748178903,1
62,B4_K03_I03-06-07,Branch4,3,2,L1-L4,1,,0.79687946043103,-0.271459587951537,2.34328153585572,1.5611400185806,0.240199010120109,1
62,B4_K03_I03-06-07,Branch4,3,2,L2-L3,1,,1.32624363721498,-0.164265375727364,1.77797446519319,1.60260637214759,0.178766647898695,1
62,B4_K03_I03-06-07,Branch4,3,2,L2-L4,1,,1.18265228848809,-0.432389691212827,1.99285330082649,1.58930123678683,0.192436946083086,1
62,B4_K03_I03-06-07,Branch4,3,2,L3-L4,1,,0.73679919053565,-0.268209406560137,2.47712031678693,1.8087316882202,0.0059967891048651,1
62,B4_K03_I03-06-07,Branch4,3,3,L1-L2-L3,1,,1.32072624051742,-0.0273999874004628,1.76955807392888,1.50040367724021,0.215011376214093,1
62,B4_K03_I03-06-07,Branch4,3,3,L1-L2-L4,1,,1.08508489234986,-0.278838708321078,2.04158554871149,1.47796964191958,0.252140094433782,1
62,B4_K03_I03-06-07,Branch4,3,3,L1-L3-L4,1,,0.757632989440033,-0.271414928350908,2.44860728574825,1.79825671737764,0.279932811156031,1
62,B4_K03_I03-06-07,Branch4,3,3,L2-L3-L4,1,,1.06942900114474,-0.337253686936756,2.10493922290915,1.74411801362082,0.229686073163942,1
62,B4_K03_I03-06-07,Branch4,3,4,L1-L2-L3-L4,1,,1.08939726729103,-0.27666865193294,2.04398362349189,1.62684874100916,0.252114024127013,1
63,B4_K03_I03-06-08,Branch4,3,2,L1-L2,1,,1.66361424868755,0.323689552192812,1.45859463536134,1.46320355362707,0.0168199684693778,1
63,B4_K03_I03-06-08,Branch4,3,2,L1-L3,1,,1.07463071323118,-0.131712380848585,2.02564686999744,1.56808401577969,0.228272603664256,1
63,B4_K03_I03-06-08,Branch4,3,2,L1-L4,1,,0.79848809574415,-0.284241106377569,2.34529260928413,1.54691625201926,0.241874262221658,1
63,B4_K03_I03-06-08,Branch4,3,2,L2-L3,1,,1.3052600574196,-0.164441449309999,1.79917334083476,1.60212425388788,0.171002028958837,1
63,B4_K03_I03-06-08,Branch4,3,2,L2-L4,1,,1.16104877583974,-0.436961071375569,2.01792449895092,1.58805340442965,0.183723603921465,1
63,B4_K03_I03-06-08,Branch4,3,2,L3-L4,1,,0.694204964405088,-0.266632808990885,2.52234725090208,1.79765388325348,0.00659333161839039,1
63,B4_K03_I03-06-08,Branch4,3,3,L1-L2-L3,1,,1.28865575686475,-0.058033333475213,1.80271178766802,1.51244388595098,0.205383182307963,1
63,B4_K03_I03-06-08,Branch4,3,3,L1-L2-L4,1,,1.06170708218637,-0.293564811473478,2.06995721273195,1.47645553203706,0.245148272332432,1
63,B4_K03_I03-06-08,Branch4,3,3,L1-L3-L4,1,,0.722757626781353,-0.27140098378985,2.48445802777214,1.78642453271134,0.285380514718392,1
63,B4_K03_I03-06-08,Branch4,3,3,L2-L3-L4,1,,1.05567317593729,-0.342305599201881,2.11837364819468,1.73068368738609,0.219845625563166,1
63,B4_K03_I03-06-08,Branch4,3,4,L1-L2-L3-L4,1,,1.08649412383323,-0.277832489035288,2.04481055009625,1.60419982231505,0.245932746842503,1
64,B4_K03_I03-06-09,Branch4,3,2,L1-L2,1,,1.69865948596124,0.346468925871307,1.42719509087739,1.47801894339532,0.0313356300984742,1
64,B4_K03_I03-06-09,Branch4,3,2,L1-L3,1,,1.08947294434641,-0.123526935605864,2.00954725588763,1.56568302964014,0.230310573526574,1
64,B4_K03_I03-06-09,Branch4,3,2,L1-L4,1,,0.801313199687254,-0.28397678558506,2.34195170382409,1.54340248645081,0.24547946427815,1
64,B4_K03_I03-06-09,Branch4,3,2,L2-L3,1,,1.3149071313,-0.16375432799351,1.79069289452852,1.61817922693223,0.154076170109668,1
64,B4_K03_I03-06-09,Branch4,3,2,L2-L4,1,,1.17164124333608,-0.443376468522884,2.01064878001821,1.60564778355514,0.16556484730172,1
64,B4_K03_I03-06-09,Branch4,3,2,L3-L4,1,,0.681553434207234,-0.261604834315061,2.53579133576586,1.79821259334655,0.00661340381312476,1
64,B4_K03_I03-06-09,Branch4,3,3,L1-L2-L3,1,,1.31309703399887,-0.0415677620251532,1.77764839842669,1.51513987136112,0.203695545582252,1
64,B4_K03_I03-06-09,Branch4,3,3,L1-L2-L4,1,,1.14793806951009,-0.319022586939639,1.98749515170547,1.47833297574784,0.253852090126392,1
64,B4_K03_I03-06-09,Branch4,3,3,L1-L3-L4,1,,0.712043002272187,-0.266857373694997,2.49552230245418,1.78703422498026,0.291276053887627,1
64,B4_K03_I03-06-09,Branch4,3,3,L2-L3-L4,1,,1.08984811425641,-0.341475856363924,2.07889927826472,1.72099430349034,0.198626137139458,1
64,B4_K03_I03-06-09,Branch4,3,4,L1-L2-L3-L4,1,,1.11247587280501,-0.277161263710627,2.01772259780078,1.60490650220305,0.244081173444418,1
65,B4_K03_I03-07-08,Branch4,3,2,L1-L2,1,,1.662340489421,0.31954594996472,1.45902004415168,1.46578491194507,0.0342258995816313,1
65,B4_K03_I03-07-08,Branch4,3,2,L1-L3,1,,1.09987070324705,-0.126997797517154,1.99884721850988,1.55452275427137,0.231122462471418,1
65,B4_K03_I03-07-08,Branch4,3,2,L1-L4,1,,0.810602509825038,-0.29202095763373,2.33454117402239,1.53289607103985,0.249635597334988,1
65,B4_K03_I03-07-08,Branch4,3,2,L2-L3,1,,1.2938741453988,-0.17045437533314,1.81208328979862,1.60947370391712,0.154680262607677,1
65,B4_K03_I03-07-08,Branch4,3,2,L2-L4,1,,1.15498176656108,-0.442614644574338,2.02774638968527,1.59845011361189,0.16799609415588,1
65,B4_K03_I03-07-08,Branch4,3,2,L3-L4,1,,0.677332351011056,-0.268306396934365,2.53905109880641,1.7885240013653,0.0036823747505421,1
65,B4_K03_I03-07-08,Branch4,3,3,L1-L2-L3,1,,1.29496284376514,-0.0530533374632636,1.79613108403283,1.5041639416735,0.202463594905719,1
65,B4_K03_I03-07-08,Branch4,3,3,L1-L2-L4,1,,1.11185173968192,-0.318070350035953,2.02491857183378,1.47456194116841,0.2472080701242,1
65,B4_K03_I03-07-08,Branch4,3,3,L1-L3-L4,1,,0.696067219574022,-0.27154003286796,2.51460329575331,1.78230164267609,0.299878067625966,1
65,B4_K03_I03-07-08,Branch4,3,3,L2-L3-L4,1,,1.06184573287445,-0.347384847601839,2.11106081516086,1.72026847361074,0.201605508183477,1
65,B4_K03_I03-07-08,Branch4,3,4,L1-L2-L3-L4,1,,1.10421520212187,-0.28077929793486,2.02587101534729,1.5899094125787,0.242587281850896,1
66,B4_K03_I03-07-09,Branch4,3,2,L1-L2,1,,1.65476338219422,0.311388976937755,1.46563176560678,1.4479750522655,0.0176493208320669,1
66,B4_K03_I03-07-09,Branch4,3,2,L1-L3,1,,1.12011312851989,-0.116955010593623,1.97766105691996,1.56063845221682,0.234837632146859,1
66,B4_K03_I03-07-09,Branch4,3,2,L1-L4,1,,0.820060426698666,-0.287088615731041,2.32286891307045,1.53986383851462,0.255081819355866,1
66,B4_K03_I03-07-09,Branch4,3,2,L2-L3,1,,1.31382745704154,-0.156599588639768,1.78895759565183,1.59438123649347,0.178498300668381,1
66,B4_K03_I03-07-09,Branch4,3,2,L2-L4,1,,1.16481095718516,-0.436301986558117,2.01309921749267,1.58191365660955,0.195242022862765,1
66,B4_K03_I03-07-09,Branch4,3,2,L3-L4,1,,0.682958087678421,-0.261574751387821,2.53588637200021,1.80160982448634,0.00322359686045505,1
66,B4_K03_I03-07-09,Branch4,3,3,L1-L2-L3,1,,1.30580940429496,-0.0461968864976958,1.78501495978862,1.49574643119739,0.210457184873373,1
66,B4_K03_I03-07-09,Branch4,3,3,L1-L2-L4,1,,1.06733753381482,-0.285543872309314,2.06244295255279,1.45756625967371,0.254002769138421,1
66,B4_K03_I03-07-09,Branch4,3,3,L1-L3-L4,1,,0.700914204591849,-0.2647822087143,2.51227058108318,1.79563461005951,0.307352259964377,1
66,B4_K03_I03-07-09,Branch4,3,3,L2-L3-L4,1,,1.05132672403038,-0.337817732022945,2.12226488179778,1.73378580279703,0.231895402606192,1
66,B4_K03_I03-07-09,Branch4,3,4,L1-L2-L3-L4,1,,1.10229326837265,-0.269838900651239,2.02476534829769,1.58667499066999,0.253093451025181,1
67,B4_K03_I03-08-09,Branch4,3,2,L1-L2,1,,1.58914861247543,0.284351672119444,1.52691545680323,1.46388698413575,0.0379853303025042,1
67,B4_K03_I03-08-09,Branch4,3,2,L1-L3,1,,1.11482799030737,-0.117640225011356,1.98367376619083,1.57102457192883,0.241098746151923,1
67,B4_K03_I03-08-09,Branch4,3,2,L1-L4,1,,0.815899995950229,-0.274576482427671,2.32295349547531,1.5440479123874,0.250834626886778,1
67,B4_K03_I03-08-09,Branch4,3,2,L2-L3,1,,1.24811078912073,-0.172597508059052,1.86022057812194,1.62503285830789,0.164701491897841,1
67,B4_K03_I03-08-09,Branch4,3,2,L2-L4,1,,1.11477295003539,-0.411676883882148,2.05981183767805,1.60933079904317,0.169581176057177,1
67,B4_K03_I03-08-09,Branch4,3,2,L3-L4,1,,0.725124703383948,-0.263382435554183,2.48925512137003,1.80909726446391,0.0124838115295587,1
67,B4_K03_I03-08-09,Branch4,3,3,L1-L2-L3,1,,1.24389046683667,-0.0736985888919521,1.84859115617271,1.52713105139617,0.206498072158613,1
67,B4_K03_I03-08-09,Branch4,3,3,L1-L2-L4,1,,1.04418461997282,-0.288379365452484,2.0865106944182,1.48703559673742,0.236858850846807,1
67,B4_K03_I03-08-09,Branch4,3,3,L1-L3-L4,1,,0.769765492343997,-0.27014746682526,2.42936283065921,1.78830156062165,0.290856725455393,1
67,B4_K03_I03-08-09,Branch4,3,3,L2-L3-L4,1,,1.03183662752858,-0.322208309457975,2.14059835624448,1.74393677471858,0.201522738905175,1
67,B4_K03_I03-08-09,Branch4,3,4,L1-L2-L3-L4,1,,1.07320252166398,-0.274590004958101,2.05755990889829,1.60213442107797,0.24044249603804,1
68,B4_K03_I04-05-06,Branch4,3,2,L1-L2,1,,5.23923051591038,2.35380525567533,-1.57841018022087,1.83923974768876,0.168327061989915,0
68,B4_K03_I04-05-06,Branch4,3,2,L1-L3,1,,1.34878369184004,-0.0572773582874367,1.74314328708231,1.54374638807724,0.278529021174343,1
68,B4_K03_I04-05-06,Branch4,3,2,L1-L4,1,,0.87620196008886,-0.33026212649015,2.27907651891988,1.46744373328124,0.285004069478933,1
68,B4_K03_I04-05-06,Branch4,3,2,L2-L3,1,,20.7436221935008,2.02833308564873,-17.5502345649691,1.09448341165998,0.512948666803189,0
68,B4_K03_I04-05-06,Branch4,3,2,L2-L4,1,,7.81887477705105,2.52188770653567,10.4824907847271,1.85491572598951,0.0855594219240114,1
68,B4_K03_I04-05-06,Branch4,3,2,L3-L4,1,,0.622205319892724,-0.273899152843848,2.61893550923426,1.80036138186166,0.0479602481592792,1
68,B4_K03_I04-05-06,Branch4,3,3,L1-L2-L3,1,,4.0687025754849,1.51744233601713,-0.678917826261985,1.71672061162931,0.985309614196916,0
68,B4_K03_I04-05-06,Branch4,3,3,L1-L2-L4,1,,0.938608732486853,-0.022000855368014,2.15165786648438,1.50404419744976,1.46334824380664,1
68,B4_K03_I04-05-06,Branch4,3,3,L1-L3-L4,1,,0.806901142360757,-0.2998884442163,2.37874608211508,1.73510474019459,0.330485363433849,1
68,B4_K03_I04-05-06,Branch4,3,3,L2-L3-L4,1,,1.3402145536254,0.711891848448948,4.17914763983741,1.82115800550177,1.2316855453216,1
68,B4_K03_I04-05-06,Branch4,3,4,L1-L2-L3-L4,1,,0.907551798590274,-0.169930422682071,2.21093336774795,1.64837713648865,1.33446185999523,1
69,B4_K03_I04-05-07,Branch4,3,2,L1-L2,1,,5.30463072360849,2.34064347148888,-1.65672244737862,1.85933446923387,0.0971446446315461,0
69,B4_K03_I04-05-07,Branch4,3,2,L1-L3,1,,1.19372359364903,-0.102133727798232,1.90268734915909,1.56952257786866,0.249940816139993,1
69,B4_K03_I04-05-07,Branch4,3,2,L1-L4,1,,0.844920329087454,-0.298440666096118,2.30036650493656,1.53608981572768,0.264590432254278,1
69,B4_K03_I04-05-07,Branch4,3,2,L2-L3,1,,14.1044314364217,1.57180888108954,-10.9259692722621,1.63041604599977,0.708333691333431,0
69,B4_K03_I04-05-07,Branch4,3,2,L2-L4,1,,7.55372166961536,2.69663550031729,10.1437501616,1.67741673588978,0.493227501675144,1
69,B4_K03_I04-05-07,Branch4,3,2,L3-L4,1,,0.694405446595673,-0.268517612749207,2.5358477105606,1.82095553588352,0.0158908259597431,1
69,B4_K03_I04-05-07,Branch4,3,3,L1-L2-L3,1,,4.17970361508493,1.53288514389688,-0.791707685383483,1.72919618410677,0.977176591179996,0
69,B4_K03_I04-05-07,Branch4,3,3,L1-L2-L4,1,,0.936726594971152,-0.00162592701656511,2.15459239578392,1.54966572321346,1.48112407516837,1
69,B4_K03_I04-05-07,Branch4,3,3,L1-L3-L4,1,,0.761804376768118,-0.279457696843888,2.44580908303707,1.79541050529769,0.311029738274309,1
69,B4_K03_I04-05-07,Branch4,3,3,L2-L3-L4,1,,0.665543526164316,-0.247354368527104,2.56145575435325,1.82000778425453,1.60722839050095,1
69,B4_K03_I04-05-07,Branch4,3,4,L1-L2-L3-L4,1,,0.897074930188675,-0.168403473159613,2.22684120011197,1.6770327279817,1.36163019851523,1
70,B4_K03_I04-05-08,Branch4,3,2,L1-L2,1,,1.84651400642639,0.429268059551303,1.29702797855242,1.39707167890189,0.0698518836306626,1
70,B4_K03_I04-05-08,Branch4,3,2,L1-L3,1,,1.11149341363508,-0.115891059397588,1.98705443267242,1.57414813833342,0.237278651120348,1
70,B4_K03_I04-05-08,Branch4,3,2,L1-L4,1,,0.80445087499027,-0.287743235794579,2.34062506634336,1.55274703152005,0.255338128591189,1
70,B4_K03_I04-05-08,Branch4,3,2,L2-L3,1,,1.48603575783923,-0.100510007653337,1.60738619822911,1.50750511404483,0.274534058915438,1
70,B4_K03_I04-05-08,Branch4,3,2,L2-L4,1,,1.28242684016273,-0.454566228938285,1.89104483832335,1.47775895309372,0.307796795353277,1
70,B4_K03_I04-05-08,Branch4,3,2,L3-L4,1,,0.679131155748263,-0.263276124349176,2.55117432985826,1.81870316322867,0.00612236223245132,1
70,B4_K03_I04-05-08,Branch4,3,3,L1-L2-L3,1,,1.53326817826079,0.136847057273529,1.56614611521787,1.39973272110432,0.291567226428405,1
70,B4_K03_I04-05-08,Branch4,3,3,L1-L2-L4,1,,1.14133099760392,-0.211462445937873,1.97556565607088,1.37368225334184,0.332111927378096,1
70,B4_K03_I04-05-08,Branch4,3,3,L1-L3-L4,1,,0.707689266305887,-0.268366143402061,2.5122410219797,1.80821790025403,0.304951834698418,1
70,B4_K03_I04-05-08,Branch4,3,3,L2-L3-L4,1,,1.09066968858669,-0.337879098708315,2.08083017551772,1.73869300285567,0.360668252231413,1
70,B4_K03_I04-05-08,Branch4,3,4,L1-L2-L3-L4,1,,1.11301790362748,-0.255199428310285,2.01016538095947,1.58740309552308,0.323245450184412,1
71,B4_K03_I04-05-09,Branch4,3,2,L1-L2,1,,1.81152868948596,0.412557104052543,1.32629410733012,1.47217280308666,0.0136125907815569,1
71,B4_K03_I04-05-09,Branch4,3,2,L1-L3,1,,1.10034362944625,-0.115654167323524,1.99787735161926,1.56817871616196,0.239203869733289,1
71,B4_K03_I04-05-09,Branch4,3,2,L1-L4,1,,0.801547285262002,-0.279109884345235,2.34025006005366,1.54950505552094,0.258934188693111,1
71,B4_K03_I04-05-09,Branch4,3,2,L2-L3,1,,1.40015296248537,-0.148767406048594,1.7015898015097,1.60302280321488,0.174311239719149,1
71,B4_K03_I04-05-09,Branch4,3,2,L2-L4,1,,1.24262658109846,-0.463897183506795,1.94079525502591,1.59082222919491,0.193560122729148,1
71,B4_K03_I04-05-09,Branch4,3,2,L3-L4,1,,0.68934710551735,-0.26157259685448,2.53529057230406,1.81476445047875,0.00282902398466684,1
71,B4_K03_I04-05-09,Branch4,3,3,L1-L2-L3,1,,1.38112937406194,-0.0222414205664122,1.70911756125818,1.51368785894002,0.218548392918813,1
71,B4_K03_I04-05-09,Branch4,3,3,L1-L2-L4,1,,1.18542464312679,-0.306476916507615,1.94538753420686,1.46585637202633,0.278168614943262,1
71,B4_K03_I04-05-09,Branch4,3,3,L1-L3-L4,1,,0.705170915437697,-0.26436686002127,2.51380674613555,1.80883250719901,0.309158228231606,1
71,B4_K03_I04-05-09,Branch4,3,3,L2-L3-L4,1,,1.13819567762415,-0.353332267582655,2.0328173426915,1.73024017532428,0.230998225416791,1
71,B4_K03_I04-05-09,Branch4,3,4,L1-L2-L3-L4,1,,1.15320695669439,-0.270222252294554,1.97467006308451,1.61360172161234,0.26835561199007,1
72,B4_K03_I04-06-07,Branch4,3,2,L1-L2,1,,1.65335157315803,0.309588979947113,1.46689478122145,1.44294268904606,0.0110320284577989,1
72,B4_K03_I04-06-07,Branch4,3,2,L1-L3,1,,1.08759629509665,-0.13739473527923,2.01444981463276,1.58473598162533,0.232310944624015,1
72,B4_K03_I04-06-07,Branch4,3,2,L1-L4,1,,0.824732633962616,-0.274627447867813,2.31505980868715,1.5650490760006,0.241388651582033,1
72,B4_K03_I04-06-07,Branch4,3,2,L2-L3,1,,1.32970362087417,-0.158347641233254,1.77238915863046,1.58330314872326,0.207862532462133,1
72,B4_K03_I04-06-07,Branch4,3,2,L2-L4,1,,1.17936624815095,-0.420342898574216,1.99006479408641,1.56602376608249,0.221625763816432,1
72,B4_K03_I04-06-07,Branch4,3,2,L3-L4,1,,0.765510735130032,-0.271436893000113,2.4481981815877,1.81688976726999,0.0087785947483706,1
72,B4_K03_I04-06-07,Branch4,3,3,L1-L2-L3,1,,1.41682105208861,0.0807527989917753,1.67674713177696,1.4401902219047,0.255431318915383,1
72,B4_K03_I04-06-07,Branch4,3,3,L1-L2-L4,1,,1.11821786345564,-0.247881006986102,2.00182132913732,1.43047750862932,0.267408334113174,1
72,B4_K03_I04-06-07,Branch4,3,3,L1-L3-L4,1,,0.794191472107523,-0.275641399182953,2.40896985035589,1.8015955051066,0.279651217640289,1
72,B4_K03_I04-06-07,Branch4,3,3,L2-L3-L4,1,,1.04311824966521,-0.329112615238169,2.13480217105119,1.75957210336856,0.265486807538017,1
72,B4_K03_I04-06-07,Branch4,3,4,L1-L2-L3-L4,1,,1.08266309903857,-0.273814854901319,2.04929168375682,1.6187897796844,0.260682036500926,1
73,B4_K03_I04-06-08,Branch4,3,2,L1-L2,1,,1.71843093163761,0.353608760478046,1.40883502214729,1.4593794563847,0.00538823035369561,1
73,B4_K03_I04-06-08,Branch4,3,2,L1-L3,1,,1.08194066553269,-0.129152162411119,2.01814032086946,1.57093765524755,0.230630492609256,1
73,B4_K03_I04-06-08,Branch4,3,2,L1-L4,1,,0.808102203144215,-0.279322444783621,2.33362171829868,1.55385199659435,0.247380721089274,1
73,B4_K03_I04-06-08,Branch4,3,2,L2-L3,1,,1.35025371156827,-0.155741105463944,1.75196731554992,1.59272717517563,0.18305591547955,1
73,B4_K03_I04-06-08,Branch4,3,2,L2-L4,1,,1.19943666989742,-0.442165189453683,1.9779214622534,1.58012238272419,0.201006942546863,1
73,B4_K03_I04-06-08,Branch4,3,2,L3-L4,1,,0.710745518030996,-0.26491817327037,2.50622303086279,1.8068908652554,0.00294989330824703,1
73,B4_K03_I04-06-08,Branch4,3,3,L1-L2-L3,1,,1.35491267439085,-0.00679345022949929,1.73520900317223,1.48316078465697,0.219635276997156,1
73,B4_K03_I04-06-08,Branch4,3,3,L1-L2-L4,1,,1.08934402438956,-0.280994536985334,2.03803559064011,1.46708563994642,0.259167562279816,1
73,B4_K03_I04-06-08,Branch4,3,3,L1-L3-L4,1,,0.725544601841919,-0.267453940858319,2.48648201247166,1.80108038380313,0.293773777561348,1
73,B4_K03_I04-06-08,Branch4,3,3,L2-L3-L4,1,,1.08211238740425,-0.339945409787463,2.09034723171616,1.73685159953145,0.238246518347079,1
73,B4_K03_I04-06-08,Branch4,3,4,L1-L2-L3-L4,1,,1.10823668679867,-0.272312791933962,2.02150175943888,1.61111168810442,0.257759905109417,1
74,B4_K03_I04-06-09,Branch4,3,2,L1-L2,1,,1.81113975708881,0.412140913886438,1.32637682647739,1.49937660398449,0.0366909799621434,1
74,B4_K03_I04-06-09,Branch4,3,2,L1-L3,1,,1.09676021238966,-0.120993682382286,2.00209006409562,1.56852345339451,0.232646093152691,1
74,B4_K03_I04-06-09,Branch4,3,2,L1-L4,1,,0.810946525819471,-0.279058652544007,2.33024639800367,1.55034878779662,0.25096495342396,1
74,B4_K03_I04-06-09,Branch4,3,2,L2-L3,1,,1.37878727883217,-0.160413940219148,1.72696984594931,1.63217612190317,0.141245309566129,1
74,B4_K03_I04-06-09,Branch4,3,2,L2-L4,1,,1.23372722690659,-0.461167462292884,1.95241182500555,1.62369553850388,0.155564874066642,1
74,B4_K03_I04-06-09,Branch4,3,2,L3-L4,1,,0.698268778276235,-0.259912479681103,2.51949837482766,1.80749420368054,0.00294970794517647,1
74,B4_K03_I04-06-09,Branch4,3,3,L1-L2-L3,1,,1.38561250210353,-0.0239022324135424,1.70492015280974,1.53007500920447,0.206825433158872,1
74,B4_K03_I04-06-09,Branch4,3,3,L1-L2-L4,1,,1.19101843167545,-0.338206104603871,1.94807501307184,1.51220080441878,0.263694081421875,1
74,B4_K03_I04-06-09,Branch4,3,3,L1-L3-L4,1,,0.71425338187868,-0.262735265292489,2.49826742690018,1.80162996507225,0.299738583756851,1
74,B4_K03_I04-06-09,Branch4,3,3,L2-L3-L4,1,,1.15826055229573,-0.355916913198371,2.01046165795724,1.72245814429533,0.191760416830259,1
74,B4_K03_I04-06-09,Branch4,3,4,L1-L2-L3-L4,1,,1.17243422149185,-0.275403295086958,1.95684318365011,1.62128750281963,0.252139463137584,1
75,B4_K03_I04-07-08,Branch4,3,2,L1-L2,1,,1.53473355599352,0.239274635792144,1.57590789031328,1.42463541983482,0.0023238949031887,1
75,B4_K03_I04-07-08,Branch4,3,2,L1-L3,1,,1.08941784894276,-0.130657671148527,2.01027513869033,1.56288120891764,0.227581751206128,1
75,B4_K03_I04-07-08,Branch4,3,2,L1-L4,1,,0.814234605992091,-0.287636196295014,2.32970487257825,1.54684796041207,0.247912215191903,1
75,B4_K03_I04-07-08,Branch4,3,2,L2-L3,1,,1.25294713264993,-0.161936335256186,1.84985943416038,1.57552825629168,0.196135084302651,1
75,B4_K03_I04-07-08,Branch4,3,2,L2-L4,1,,1.11017958433586,-0.413391693545878,2.06169063376671,1.5646982573206,0.21494642961481,1
75,B4_K03_I04-07-08,Branch4,3,2,L3-L4,1,,0.694030064213452,-0.26659420457419,2.52265249033888,1.79786249075859,4.47267930256615e-05,1
75,B4_K03_I04-07-08,Branch4,3,3,L1-L2-L3,1,,1.30640652828484,0.0173498703429564,1.78548927669594,1.43181809676277,0.233014032645013,1
75,B4_K03_I04-07-08,Branch4,3,3,L1-L2-L4,1,,1.03705767164222,-0.256662309482615,2.088180442829,1.42273003123636,0.256546369981217,1
75,B4_K03_I04-07-08,Branch4,3,3,L1-L3-L4,1,,0.710475056213823,-0.26945734802048,2.5010500615595,1.79207107544353,0.295129734172115,1
75,B4_K03_I04-07-08,Branch4,3,3,L2-L3-L4,1,,0.969018231482423,-0.324378111237798,2.21123604871307,1.74809089425793,0.256827596479946,1
75,B4_K03_I04-07-08,Branch4,3,4,L1-L2-L3-L4,1,,1.04601774951199,-0.267953390819739,2.0819911690668,1.57919791287029,0.248854960766798,1
76,B4_K03_I04-07-09,Branch4,3,2,L1-L2,1,,1.70950582975948,0.343051522678022,1.41582772269669,1.45672159107626,0.0135387547416574,1
76,B4_K03_I04-07-09,Branch4,3,2,L1-L3,1,,1.11127042089813,-0.120034052454623,1.98705008760938,1.56336612164215,0.231937194339664,1
76,B4_K03_I04-07-09,Branch4,3,2,L1-L4,1,,0.82417071188023,-0.282685874883531,2.31725531781984,1.54702887012014,0.253890850871229,1
76,B4_K03_I04-07-09,Branch4,3,2,L2-L3,1,,1.34816315284016,-0.153547854465693,1.75395237710904,1.59457109723544,0.176662868293513,1
76,B4_K03_I04-07-09,Branch4,3,2,L2-L4,1,,1.19795977734442,-0.442422818390371,1.97994350641928,1.58452371833932,0.196611692996131,1
76,B4_K03_I04-07-09,Branch4,3,2,L3-L4,1,,0.696706702109402,-0.259904639992038,2.51970656712049,1.80432746719491,0.000223256233623194,1
76,B4_K03_I04-07-09,Branch4,3,3,L1-L2-L3,1,,1.33723332944014,-0.0351561331093393,1.75323077146198,1.49775204443137,0.211202991597451,1
76,B4_K03_I04-07-09,Branch4,3,3,L1-L2-L4,1,,1.09595447733564,-0.286158503230272,2.03261733648568,1.46577383573305,0.25828425995014,1
76,B4_K03_I04-07-09,Branch4,3,3,L1-L3-L4,1,,0.713655698720325,-0.262915655313178,2.49746122168749,1.79845872529238,0.30293381611405,1
76,B4_K03_I04-07-09,Branch4,3,3,L2-L3-L4,1,,1.08162408612978,-0.340481279300953,2.0905500997424,1.73469780360444,0.233489179924208,1
76,B4_K03_I04-07-09,Branch4,3,4,L1-L2-L3-L4,1,,1.12327608932698,-0.267866173968973,2.00357992579781,1.59842920332622,0.255877122841036,1
77,B4_K03_I04-08-09,Branch4,3,2,L1-L2,1,,1.6086436885317,0.291079990195996,1.50810778794281,1.47502030037845,0.0416192869482614,1
77,B4_K03_I04-08-09,Branch4,3,2,L1-L3,1,,1.11112201338827,-0.123030412702674,1.98801934002539,1.57137416358978,0.234567377865176,1
77,B4_K03_I04-08-09,Branch4,3,2,L1-L4,1,,0.82128481728967,-0.282954514680582,2.32065378564136,1.55051629622633,0.250318545594769,1
77,B4_K03_I04-08-09,Branch4,3,2,L2-L3,1,,1.25869225887945,-0.174660299059169,1.85036021972665,1.63074095631996,0.153529157304824,1
77,B4_K03_I04-08-09,Branch4,3,2,L2-L4,1,,1.12733026481358,-0.422309887992632,2.05174470509051,1.62063924345215,0.163230682780342,1
77,B4_K03_I04-08-09,Branch4,3,2,L3-L4,1,,0.712408578334747,-0.264943685248554,2.50586886977736,1.81003491551223,0.00610709906724437,1
77,B4_K03_I04-08-09,Branch4,3,3,L1-L2-L3,1,,1.26328754542631,-0.0614706386160566,1.8283716039517,1.52026260846886,0.202133531848179,1
77,B4_K03_I04-08-09,Branch4,3,3,L1-L2-L4,1,,1.07829804425968,-0.305350643478654,2.05584397862798,1.49700329490792,0.238282671484453,1
77,B4_K03_I04-08-09,Branch4,3,3,L1-L3-L4,1,,0.739089416700606,-0.269457624489114,2.47043161136906,1.79963438770072,0.296443014518306,1
77,B4_K03_I04-08-09,Branch4,3,3,L2-L3-L4,1,,1.04227589216271,-0.331565014762205,2.13251078279468,1.74416812917507,0.194655055978895,1
77,B4_K03_I04-08-09,Branch4,3,4,L1-L2-L3-L4,1,,1.08871793629087,-0.277226717596965,2.04244358174105,1.6052503796494,0.237374657360978,1
78,B4_K03_I05-06-07,Branch4,3,2,L1-L2,1,,5.3516493434608,2.36930338167689,-1.69623109701351,1.84430229002985,0.130220590545776,0
78,B4_K03_I05-06-07,Branch4,3,2,L1-L3,1,,1.165681612404,-0.112479608888994,1.93129320742321,1.55967015935436,0.258986850276453,1
78,B4_K03_I05-06-07,Branch4,3,2,L1-L4,1,,1.23568698053979,-1.13480484532584,3.5611114912032,1.36887319207408,0.342880649481079,1
78,B4_K03_I05-06-07,Branch4,3,2,L2-L3,1,,17.5995325069775,1.93755069279859,-14.402350686612,1.41568372886439,0.606075346203689,0
78,B4_K03_I05-06-07,Branch4,3,2,L2-L4,1,,93.1128613471248,0.268017087239344,-90.0184639193608,2.36432729154834,1.36582774936087,0
78,B4_K03_I05-06-07,Branch4,3,2,L3-L4,1,,6.04863826343685,-1.13855721530244,9.01336227032285,1.95110056961933,0.265497219543187,1
78,B4_K03_I05-06-07,Branch4,3,3,L1-L2-L3,1,,4.25991075887651,1.55905899807191,-0.868160268405956,1.72167995790176,0.981458594770404,0
78,B4_K03_I05-06-07,Branch4,3,3,L1-L2-L4,1,,2.83747559669783,0.913077521195995,0.407743966945763,1.65185445428576,1.5072886824455,1
78,B4_K03_I05-06-07,Branch4,3,3,L1-L3-L4,1,,0.723194097965085,-0.70615334991416,2.93598899844305,1.52525393307921,0.479403211140399,1
78,B4_K03_I05-06-07,Branch4,3,3,L2-L3-L4,1,,7.85459551349908,0.536299094838186,-4.74626186851942,1.49265905018882,1.46246535473679,0
78,B4_K03_I05-06-07,Branch4,3,4,L1-L2-L3-L4,1,,1.33605523403212,-0.0521049878445699,1.75981782242466,1.61377184663734,1.39090114265282,1
79,B4_K03_I05-06-08,Branch4,3,2,L1-L2,1,,5.43715416726824,2.40237873942242,-1.77417893062339,1.86191872277213,0.0984463981955106,0
79,B4_K03_I05-06-08,Branch4,3,2,L1-L3,1,,1.11271464670136,-0.122461169596431,1.98600396174683,1.56580193345273,0.23516045480607,1
79,B4_K03_I05-06-08,Branch4,3,2,L1-L4,1,,0.814228535742253,-0.279568560482968,2.32578442698214,1.5280015421618,0.234935868679914,1
79,B4_K03_I05-06-08,Branch4,3,2,L2-L3,1,,16.1315025838358,1.89474648652688,-12.9289566120052,1.66834615168784,0.796288578987491,0
79,B4_K03_I05-06-08,Branch4,3,2,L2-L4,1,,6.53362265173959,2.35249367760158,9.18429676146032,1.61638485908153,0.351250785834839,1
79,B4_K03_I05-06-08,Branch4,3,2,L3-L4,1,,0.717102743872247,-0.263711665904566,2.48762526397434,1.78607198383092,0.0228732086216192,1
79,B4_K03_I05-06-08,Branch4,3,3,L1-L2-L3,1,,4.04289260060037,1.43709981370628,-0.682849000429512,1.71292046729394,0.976287265671851,0
79,B4_K03_I05-06-08,Branch4,3,3,L1-L2-L4,1,,0.841144694431044,-0.00559035098568715,2.25013187520517,1.54598562709124,1.42732844690772,1
79,B4_K03_I05-06-08,Branch4,3,3,L1-L3-L4,1,,0.790212539099287,-0.273500029075159,2.39159859596548,1.7487349390179,0.267554830759379,1
79,B4_K03_I05-06-08,Branch4,3,3,L2-L3-L4,1,,1.00594586337993,0.617793208268672,3.84359552555193,1.74970465701788,1.2216105992678,1
79,B4_K03_I05-06-08,Branch4,3,4,L1-L2-L3-L4,1,,0.834937854637884,-0.169134849890215,2.28884695492836,1.66330469078493,1.31303259040974,1
80,B4_K03_I05-06-09,Branch4,3,2,L1-L2,1,,1.65622054848332,0.314933564518863,1.46434367735618,1.46646083176347,0.0261764072555702,1
80,B4_K03_I05-06-09,Branch4,3,2,L1-L3,1,,1.10968135718478,-0.120592418894153,1.98904695477381,1.5689389236635,0.231341435590283,1
80,B4_K03_I05-06-09,Branch4,3,2,L1-L4,1,,0.804578098449904,-0.288541631331489,2.3397030910032,1.53382590492023,0.235647904472102,1
80,B4_K03_I05-06-09,Branch4,3,2,L2-L3,1,,1.30441474645881,-0.161724134821551,1.80054591199612,1.61247795306419,0.165036139707426,1
80,B4_K03_I05-06-09,Branch4,3,2,L2-L4,1,,1.15570484999133,-0.437858596335932,2.02414221622724,1.58877350212329,0.166802401266742,1
80,B4_K03_I05-06-09,Branch4,3,2,L3-L4,1,,0.680480604717001,-0.261924949326504,2.53350544538744,1.79114083362334,0.0199642342564198,1
80,B4_K03_I05-06-09,Branch4,3,3,L1-L2-L3,1,,1.28890340952673,-0.0640394380365535,1.80291915652961,1.52436907542632,0.202988621113508,1
80,B4_K03_I05-06-09,Branch4,3,3,L1-L2-L4,1,,1.10448313521584,-0.312938695175394,2.03113328272534,1.47254742113893,0.239317569937813,1
80,B4_K03_I05-06-09,Branch4,3,3,L1-L3-L4,1,,0.75688093372582,-0.273663084368993,2.43344950137304,1.75868650301863,0.271663679477846,1
80,B4_K03_I05-06-09,Branch4,3,3,L2-L3-L4,1,,1.08290974898005,-0.336033480550455,2.08220020841082,1.7100347696406,0.201348941454586,1
80,B4_K03_I05-06-09,Branch4,3,4,L1-L2-L3-L4,1,,1.09446180513545,-0.281970397702572,2.03659380157315,1.59313817066966,0.240820836511356,1
81,B4_K03_I05-07-08,Branch4,3,2,L1-L2,1,,5.41042267948333,2.3909378080515,-1.75152369158912,1.84020333989941,0.107051484749877,0
81,B4_K03_I05-07-08,Branch4,3,2,L1-L3,1,,1.08785217010177,-0.131216149966313,2.01226622214112,1.56851693254351,0.226980717468453,1
81,B4_K03_I05-07-08,Branch4,3,2,L1-L4,1,,0.80652522486278,-0.288356982288117,2.33806261770467,1.54385615364451,0.238185684876406,1
81,B4_K03_I05-07-08,Branch4,3,2,L2-L3,1,,18.4632773060496,1.97962337915198,-15.2667691039046,1.55223239164377,0.66367475564821,0
81,B4_K03_I05-07-08,Branch4,3,2,L2-L4,1,,6.88711426441596,2.41348949386865,9.53606658258011,1.73587489703529,0.315902366799031,1
81,B4_K03_I05-07-08,Branch4,3,2,L3-L4,1,,0.692993320621207,-0.266682374484388,2.52208612784913,1.79426873327552,0.00996416893402282,1
81,B4_K03_I05-07-08,Branch4,3,3,L1-L2-L3,1,,4.14956763566415,1.5367101919204,-0.758214360444158,1.72063450562121,0.984724970086716,0
81,B4_K03_I05-07-08,Branch4,3,3,L1-L2-L4,1,,0.841871698426788,-0.00374853869613261,2.25061132864744,1.56450242999017,1.43466644505997,1
81,B4_K03_I05-07-08,Branch4,3,3,L1-L3-L4,1,,0.735650910237939,-0.273676591160392,2.46608050236483,1.77750287503991,0.279385628516749,1
81,B4_K03_I05-07-08,Branch4,3,3,L2-L3-L4,1,,1.11417508644448,0.661464716662614,3.94341410842489,1.77483615374504,1.22515369565665,1
81,B4_K03_I05-07-08,Branch4,3,4,L1-L2-L3-L4,1,,0.827625401267989,-0.173114905428227,2.29858023634409,1.66926249447944,1.32015831173943,1
82,B4_K03_I05-07-09,Branch4,3,2,L1-L2,1,,1.68420224837282,0.331006677951706,1.43892677129112,1.46952072808829,0.0252078011676767,1
82,B4_K03_I05-07-09,Branch4,3,2,L1-L3,1,,1.10968135718478,-0.120592418894153,1.98904695477381,1.5689389236635,0.231341435590283,1
82,B4_K03_I05-07-09,Branch4,3,2,L1-L4,1,,0.813859362728057,-0.28362991019854,2.32825395675638,1.54079340563842,0.241157204213645,1
82,B4_K03_I05-07-09,Branch4,3,2,L2-L3,1,,1.32164551036644,-0.160157268324412,1.78292652526743,1.6124963827203,0.164150569207454,1
82,B4_K03_I05-07-09,Branch4,3,2,L2-L4,1,,1.17437925418848,-0.438288948123571,2.00456007593143,1.59428468517764,0.171497622848898,1
82,B4_K03_I05-07-09,Branch4,3,2,L3-L4,1,,0.694500898840806,-0.260059227148361,2.51878152960074,1.79733845351789,0.0130626845014678,1
82,B4_K03_I05-07-09,Branch4,3,3,L1-L2-L3,1,,1.30526669963189,-0.0581758030025076,1.78624594371179,1.52370851798375,0.203962217581447,1
82,B4_K03_I05-07-09,Branch4,3,3,L1-L2-L4,1,,1.11919613061825,-0.307867738238711,2.01423875061609,1.47643797829978,0.245166264478601,1
82,B4_K03_I05-07-09,Branch4,3,3,L1-L3-L4,1,,0.748577700025211,-0.268856073944901,2.44806828351048,1.77569667361575,0.281430926094456,1
82,B4_K03_I05-07-09,Branch4,3,3,L2-L3-L4,1,,1.08511981040221,-0.341893724133538,2.08451573151383,1.72269950640328,0.207601027220542,1
82,B4_K03_I05-07-09,Branch4,3,4,L1-L2-L3-L4,1,,1.11049731352474,-0.276996884147196,2.01927760868333,1.60015273461831,0.244064370655949,1
83,B4_K03_I05-08-09,Branch4,3,2,L1-L2,1,,1.76741061323373,0.37922519592422,1.36384905237688,1.48179471045935,0.0255568573103633,1
83,B4_K03_I05-08-09,Branch4,3,2,L1-L3,1,,1.11112201338827,-0.123030412702674,1.98801934002539,1.57137416358978,0.234567377865176,1
83,B4_K03_I05-08-09,Branch4,3,2,L1-L4,1,,0.814234605992091,-0.287636196295014,2.32970487257825,1.54684796041207,0.247912215191903,1
83,B4_K03_I05-08-09,Branch4,3,2,L2-L3,1,,1.36972559745719,-0.160677618092285,1.73490548417046,1.61853171956209,0.160092155264777,1
83,B4_K03_I05-08-09,Branch4,3,2,L2-L4,1,,1.22004340101594,-0.459566595180434,1.9645624023964,1.60341498371625,0.171269738825291,1
83,B4_K03_I05-08-09,Branch4,3,2,L3-L4,1,,0.699070290626033,-0.266675622266302,2.52156611350214,1.80735370569717,0.0095750407028488,1
83,B4_K03_I05-08-09,Branch4,3,3,L1-L2-L3,1,,1.36450434678581,-0.0303241512749342,1.72594085752318,1.51718179479034,0.210319765277903,1
83,B4_K03_I05-08-09,Branch4,3,3,L1-L2-L4,1,,1.20386177377059,-0.326800378186833,1.93171086399537,1.47082877142381,0.26754865020156,1
83,B4_K03_I05-08-09,Branch4,3,3,L1-L3-L4,1,,0.739774824633187,-0.273412791467455,2.46736054007818,1.79125991755011,0.291639664839588,1
83,B4_K03_I05-08-09,Branch4,3,3,L2-L3-L4,1,,1.13694281025337,-0.351953065560765,2.03194771770098,1.72202108312284,0.206885598103904,1
83,B4_K03_I05-08-09,Branch4,3,4,L1-L2-L3-L4,1,,1.14749328566454,-0.281354653923644,1.98319388248135,1.61207416108986,0.253192010587244,1
84,B4_K03_I06-07-08,Branch4,3,2,L1-L2,1,,5.42745091994919,2.40847651814029,-1.76222116981096,1.83528207417409,0.114731868582335,0
84,B4_K03_I06-07-08,Branch4,3,2,L1-L3,1,,1.10101218664786,-0.130713792146128,1.9989509258337,1.56894677259127,0.225700043896513,1
84,B4_K03_I06-07-08,Branch4,3,2,L1-L4,1,,0.812524759419009,-0.296713347318142,2.33484799886719,1.54362487108624,0.238202978882176,1
84,B4_K03_I06-07-08,Branch4,3,2,L2-L3,1,,20.287053163507,2.17693816242391,-17.0798960700678,1.47245333767531,0.668767628794213,0
84,B4_K03_I06-07-08,Branch4,3,2,L2-L4,1,,6.69690317530787,2.30800288329929,9.37080874081635,1.77032645341459,0.273015012069728,1
84,B4_K03_I06-07-08,Branch4,3,2,L3-L4,1,,0.680821788535261,-0.268384128981313,2.53815715962273,1.79488598912061,0.0100748077024836,1
84,B4_K03_I06-07-08,Branch4,3,3,L1-L2-L3,1,,4.04359806287839,1.50942764049655,-0.655094890580949,1.7158187961308,0.985344430237238,0
84,B4_K03_I06-07-08,Branch4,3,3,L1-L2-L4,1,,0.828016694474189,-0.0390247116592708,2.26533984506917,1.56343774174206,1.43548403580969,1
84,B4_K03_I06-07-08,Branch4,3,3,L1-L3-L4,1,,0.727563457960906,-0.276258397928831,2.47699868050115,1.7779555094372,0.281288340843506,1
84,B4_K03_I06-07-08,Branch4,3,3,L2-L3-L4,1,,1.39399078293268,0.737396326307263,4.2387298134667,1.78262479810271,1.19469459245348,1
84,B4_K03_I06-07-08,Branch4,3,4,L1-L2-L3-L4,1,,0.823256351652771,-0.176926406435929,2.30397840196588,1.66916889390837,1.30715690594831,1
85,B4_K03_I06-07-09,Branch4,3,2,L1-L2,1,,5.44599118721457,2.40880333199843,-1.78260438494958,1.83795417846543,0.103764480656824,0
85,B4_K03_I06-07-09,Branch4,3,2,L1-L3,1,,1.07886648010778,-0.137458138226851,2.02288082369631,1.57946575174442,0.226685532298285,1
85,B4_K03_I06-07-09,Branch4,3,2,L1-L4,1,,0.808090869725863,-0.284176099469609,2.33549515266469,1.55456403185311,0.233434465591799,1
85,B4_K03_I06-07-09,Branch4,3,2,L2-L3,1,,18.1433535714822,2.05655245541213,-14.9364132840832,1.51717350816034,0.726910074069139,0
85,B4_K03_I06-07-09,Branch4,3,2,L2-L4,1,,6.54303757893417,2.31810050730444,9.20366330336189,1.74672213217665,0.317689444608385,1
85,B4_K03_I06-07-09,Branch4,3,2,L3-L4,1,,0.722482608685898,-0.270010748925385,2.49213837099041,1.80271568818997,0.0127630313935234,1
85,B4_K03_I06-07-09,Branch4,3,3,L1-L2-L3,1,,4.02583336122894,1.50094491682055,-0.639346607051683,1.71557479798561,0.983111442755724,0
85,B4_K03_I06-07-09,Branch4,3,3,L1-L2-L4,1,,0.825738266574738,-0.0291518519421703,2.26788381217028,1.5715459860686,1.43211239570377,1
85,B4_K03_I06-07-09,Branch4,3,3,L1-L3-L4,1,,0.768336453987243,-0.276995076516391,2.43067587271807,1.78090270432179,0.269936448981771,1
85,B4_K03_I06-07-09,Branch4,3,3,L2-L3-L4,1,,1.25262451292399,0.719906189246232,4.07562943812355,1.78166977077296,1.20387452962386,1
85,B4_K03_I06-07-09,Branch4,3,4,L1-L2-L3-L4,1,,0.827338189045724,-0.174956871173099,2.3017137211119,1.68023128141233,1.30877863220959,1
86,B4_K03_I06-08-09,Branch4,3,2,L1-L2,1,,5.34829908570802,2.37283467536406,-1.69310813090453,1.80957280508831,0.131282413900367,0
86,B4_K03_I06-08-09,Branch4,3,2,L1-L3,1,,1.10940259352558,-0.130715264614082,1.99082593347616,1.57418898570279,0.231255295768318,1
86,B4_K03_I06-08-09,Branch4,3,2,L1-L4,1,,0.826841168505327,-0.291322273741003,2.31828037857344,1.55697786116439,0.249781788652134,1
86,B4_K03_I06-08-09,Branch4,3,2,L2-L3,1,,21.0446529719037,2.08727073793071,-17.848684610661,1.19634501535264,0.433710035717836,0
86,B4_K03_I06-08-09,Branch4,3,2,L2-L4,1,,7.20751609843148,2.49443063955507,9.83702452042833,1.95140249704294,0.213139395676139,1
86,B4_K03_I06-08-09,Branch4,3,2,L3-L4,1,,0.714232995128046,-0.271580939417789,2.5085346086622,1.81348136045212,0.00283273035872956,1
86,B4_K03_I06-08-09,Branch4,3,3,L1-L2-L3,1,,4.23439527205321,1.55560162447489,-0.84263579089727,1.71114602073315,0.984066560007203,0
86,B4_K03_I06-08-09,Branch4,3,3,L1-L2-L4,1,,0.874679035243015,0.00779421700117437,2.21943732816286,1.58439964027635,1.43857817750261,1
86,B4_K03_I06-08-09,Branch4,3,3,L1-L3-L4,1,,0.730206652911677,-0.274354239925501,2.48722533461426,1.8075617169943,0.298647330566832,1
86,B4_K03_I06-08-09,Branch4,3,3,L2-L3-L4,1,,1.18195798167254,0.70735713911401,3.97634010873148,1.83327430119608,1.22977429793289,1
86,B4_K03_I06-08-09,Branch4,3,4,L1-L2-L3-L4,1,,0.855639416913771,-0.171663303446886,2.27204108506753,1.68328593920087,1.32625197114337,1
87,B4_K03_I07-08-09,Branch4,3,2,L1-L2,1,,5.3982962956667,2.40575049273291,-1.73089892157004,1.83600751558406,0.120550089741653,0
87,B4_K03_I07-08-09,Branch4,3,2,L1-L3,1,,1.11289378186848,-0.143702988183027,1.98792054438518,1.55747081364086,0.227034319609493,1
87,B4_K03_I07-08-09,Branch4,3,2,L1-L4,1,,0.848822568767443,-0.302921027539437,2.29864008418852,1.54988073746714,0.256249871740371,1
87,B4_K03_I07-08-09,Branch4,3,2,L2-L3,1,,20.8216716278371,2.27374484637666,-17.6071484235551,1.48813052725811,0.578861925158155,0
87,B4_K03_I07-08-09,Branch4,3,2,L2-L4,1,,6.63210287757372,2.29644686277249,9.30300090663266,1.83127046256166,0.310534053563693,1
87,B4_K03_I07-08-09,Branch4,3,2,L3-L4,1,,0.721838336127895,-0.283234471688433,2.49785496859972,1.8003216264927,0.00968092307526498,1
87,B4_K03_I07-08-09,Branch4,3,3,L1-L2-L3,1,,4.18514877876575,1.54661491791289,-0.792732957664616,1.71871757030185,0.984896079028636,0
87,B4_K03_I07-08-09,Branch4,3,3,L1-L2-L4,1,,0.876955865528833,0.00284303047982452,2.21617373289516,1.57396730480924,1.41887917451105,1
87,B4_K03_I07-08-09,Branch4,3,3,L1-L3-L4,1,,0.765402028601062,-0.290017462195586,2.44073141751002,1.78316151715886,0.290328623598189,1
87,B4_K03_I07-08-09,Branch4,3,3,L2-L3-L4,1,,1.03090695670169,0.575751555909655,3.891540035152,1.79801488434653,1.2186616438391,1
87,B4_K03_I07-08-09,Branch4,3,4,L1-L2-L3-L4,1,,0.86102966578568,-0.181186733631748,2.26512370100467,1.66769777659415,1.31062031989365,1
88,B4_K04_I01-02-03-04,Branch4,4,2,L1-L2,1,,1.62860388431414,0.298169535630289,1.48898439066171,1.4860515706886,0.0452090763335779,1
88,B4_K04_I01-02-03-04,Branch4,4,2,L1-L3,1,,1.08097093091527,-0.140831730812296,2.02008759820496,1.56286516973189,0.221881209829873,1
88,B4_K04_I01-02-03-04,Branch4,4,2,L1-L4,1,,0.814637501935635,-0.29246274871925,2.33076765990443,1.54081732382849,0.234520453731723,1
88,B4_K04_I01-02-03-04,Branch4,4,2,L2-L3,1,,1.26216424205996,-0.18364344411242,1.84798970199995,1.62939891433533,0.13580797457054,1
88,B4_K04_I01-02-03-04,Branch4,4,2,L2-L4,1,,1.13538028010528,-0.433534010456454,2.04733583706128,1.61827123721673,0.143227840256364,1
88,B4_K04_I01-02-03-04,Branch4,4,2,L3-L4,1,,0.701025537498651,-0.271616269793547,2.50951868135134,1.78408246145904,0.00696001701826623,1
88,B4_K04_I01-02-03-04,Branch4,4,3,L1-L2-L3,1,,1.26151958425902,-0.0719067165262696,1.83075527304723,1.52374454103827,0.191445340623398,1
88,B4_K04_I01-02-03-04,Branch4,4,3,L1-L2-L4,1,,1.14388265313562,-0.33476233698434,1.99625395270777,1.48898701157692,0.239546355420226,1
88,B4_K04_I01-02-03-04,Branch4,4,3,L1-L3-L4,1,,0.732638664386131,-0.276809448129601,2.46871969340538,1.77229895816432,0.27692102337001,1
88,B4_K04_I01-02-03-04,Branch4,4,3,L2-L3-L4,1,,1.05945139092434,-0.346850317027528,2.11329526387342,1.71949935247584,0.174986575604944,1
88,B4_K04_I01-02-03-04,Branch4,4,4,L1-L2-L3-L4,1,,1.09460803446751,-0.289112144435349,2.03929327283823,1.60293828518988,0.225992120989753,1
89,B4_K04_I01-02-03-05,Branch4,4,2,L1-L2,1,,1.78096930924911,0.393692952143692,1.35311893296022,1.48991541382063,0.0314906288765561,1
89,B4_K04_I01-02-03-05,Branch4,4,2,L1-L3,1,,1.08350284671019,-0.128589906768201,2.0161376842909,1.56528998090307,0.231225320944638,1
89,B4_K04_I01-02-03-05,Branch4,4,2,L1-L4,1,,0.794302180819466,-0.288687134241143,2.35108141618158,1.53968651491349,0.243042083056507,1
89,B4_K04_I01-02-03-05,Branch4,4,2,L2-L3,1,,1.36171250063599,-0.1649132190217,1.74383057915517,1.62203464656613,0.147976671524542,1
89,B4_K04_I01-02-03-05,Branch4,4,2,L2-L4,1,,1.21473511172681,-0.464964324327726,1.97287051667625,1.60682362216857,0.157435537805753,1
89,B4_K04_I01-02-03-05,Branch4,4,2,L3-L4,1,,0.680821788535261,-0.268384128981313,2.53815715962273,1.79488598912061,0.0100748077024836,1
89,B4_K04_I01-02-03-05,Branch4,4,3,L1-L2-L3,1,,1.35478552360553,-0.0308914307755999,1.73572823013791,1.52091668784356,0.206836635392266,1
89,B4_K04_I01-02-03-05,Branch4,4,3,L1-L2-L4,1,,1.21469658364733,-0.343541735004246,1.92515265864842,1.47555540998678,0.269567021671992,1
89,B4_K04_I01-02-03-05,Branch4,4,3,L1-L3-L4,1,,0.723312003973725,-0.275290328059291,2.48166098201076,1.77806317548605,0.285029205657704,1
89,B4_K04_I01-02-03-05,Branch4,4,3,L2-L3-L4,1,,1.13850247656364,-0.361422596815579,2.03113783168783,1.71064782023526,0.194743602382601,1
89,B4_K04_I01-02-03-05,Branch4,4,4,L1-L2-L3-L4,1,,1.14461432734581,-0.285685264740717,1.9872257443767,1.61142185158128,0.24956607364504,1
90,B4_K04_I01-02-03-06,Branch4,4,2,L1-L2,1,,1.69664408299265,0.345167297174938,1.42895660272095,1.4801124744979,0.0290217421879146,1
90,B4_K04_I01-02-03-06,Branch4,4,2,L1-L3,1,,1.08194066553269,-0.129152162411119,2.01814032086946,1.57093765524755,0.230630492609256,1
90,B4_K04_I01-02-03-06,Branch4,4,2,L1-L4,1,,0.79848809574415,-0.284241106377569,2.34529260928413,1.54691625201926,0.241874262221658,1
90,B4_K04_I01-02-03-06,Branch4,4,2,L2-L3,1,,1.31377731314231,-0.167759033522288,1.79254451948861,1.62032045250105,0.156609424812325,1
90,B4_K04_I01-02-03-06,Branch4,4,2,L2-L4,1,,1.17164124333608,-0.443376468522884,2.01064878001821,1.60564778355514,0.16556484730172,1
90,B4_K04_I01-02-03-06,Branch4,4,2,L3-L4,1,,0.69600043713232,-0.266678964597744,2.52183489805586,1.80081116213043,0.00976959561747264,1
90,B4_K04_I01-02-03-06,Branch4,4,3,L1-L2-L3,1,,1.31040765424371,-0.0449544957276442,1.78048866534635,1.51809359079933,0.204821565445754,1
90,B4_K04_I01-02-03-06,Branch4,4,3,L1-L2-L4,1,,1.14529581839612,-0.318715369803929,1.99012215509929,1.48020729975586,0.252066041586599,1
90,B4_K04_I01-02-03-06,Branch4,4,3,L1-L3-L4,1,,0.735604433344444,-0.273099964144104,2.46895314945716,1.78430810992885,0.283016303157833,1
90,B4_K04_I01-02-03-06,Branch4,4,3,L2-L3-L4,1,,1.08523657346076,-0.347700368932259,2.08729355757494,1.72676565908554,0.200528592232813,1
90,B4_K04_I01-02-03-06,Branch4,4,4,L1-L2-L3-L4,1,,1.10637322099693,-0.28215750525568,2.02603796166865,1.61150617631687,0.243383936680771,1
91,B4_K04_I01-02-03-07,Branch4,4,2,L1-L2,1,,1.6512171061583,0.306534408308951,1.4680168931535,1.45846219436415,0.0337498210205075,1
91,B4_K04_I01-02-03-07,Branch4,4,2,L1-L3,1,,1.14326891154601,-0.115820474755192,1.9542391310955,1.56080025000251,0.239591330817468,1
91,B4_K04_I01-02-03-07,Branch4,4,2,L1-L4,1,,0.83535143623557,-0.286491941451826,2.30604143097345,1.53381348183539,0.254313883237144,1
91,B4_K04_I01-02-03-07,Branch4,4,2,L2-L3,1,,1.30159031201761,-0.166541777389549,1.80400654919282,1.61234776901698,0.165364875399763,1
91,B4_K04_I01-02-03-07,Branch4,4,2,L2-L4,1,,1.16002098164426,-0.432645875567248,2.01806890254537,1.59710791172328,0.174613136823984,1
91,B4_K04_I01-02-03-07,Branch4,4,2,L3-L4,1,,0.708144343691195,-0.264993622609584,2.5059200319426,1.80016226010634,0.00965755507895294,1
91,B4_K04_I01-02-03-07,Branch4,4,3,L1-L2-L3,1,,1.29406254580797,-0.0656950112517487,1.79771698087696,1.51693034098561,0.206877110346249,1
91,B4_K04_I01-02-03-07,Branch4,4,3,L1-L2-L4,1,,1.09020928548884,-0.302208484606575,2.04282542320067,1.47447112021596,0.244845628174277,1
91,B4_K04_I01-02-03-07,Branch4,4,3,L1-L3-L4,1,,0.750169505751709,-0.271834278794681,2.4512341666756,1.78432133653548,0.299715813498064,1
91,B4_K04_I01-02-03-07,Branch4,4,3,L2-L3-L4,1,,1.06544713300343,-0.338605113765877,2.10661874100614,1.73126925782833,0.209421409168939,1
91,B4_K04_I01-02-03-07,Branch4,4,4,L1-L2-L3-L4,1,,1.11355648912558,-0.276919293928738,2.01506744787114,1.58856504670269,0.246453128572516,1
92,B4_K04_I01-02-03-08,Branch4,4,2,L1-L2,1,,1.64912015538548,0.316351535140818,1.47169173492067,1.47555920851106,0.0509321400000141,1
92,B4_K04_I01-02-03-08,Branch4,4,2,L1-L3,1,,1.13073165300725,-0.116155908412695,1.96687128298117,1.56036357395778,0.240924805689241,1
92,B4_K04_I01-02-03-08,Branch4,4,2,L1-L4,1,,0.832096306933121,-0.277949684687463,2.30658649601291,1.53730306374209,0.257321440471599,1
92,B4_K04_I01-02-03-08,Branch4,4,2,L2-L3,1,,1.27206326214025,-0.175130079417689,1.83702703024409,1.6324127457275,0.146403118920043,1
92,B4_K04_I01-02-03-08,Branch4,4,2,L2-L4,1,,1.14212967235775,-0.423287311983257,2.036281156074,1.6223300369871,0.155391730839902,1
92,B4_K04_I01-02-03-08,Branch4,4,2,L3-L4,1,,0.721515566034293,-0.263277327299294,2.49038349921773,1.80286930011071,0.00621060401718106,1
92,B4_K04_I01-02-03-08,Branch4,4,3,L1-L2-L3,1,,1.28009273747525,-0.056816862840831,1.81130695625666,1.5187978859499,0.204964892622302,1
92,B4_K04_I01-02-03-08,Branch4,4,3,L1-L2-L4,1,,1.1337760491188,-0.314595257304269,2.00079380112366,1.4896168421729,0.248459449942508,1
92,B4_K04_I01-02-03-08,Branch4,4,3,L1-L3-L4,1,,0.74798206459905,-0.267605355238676,2.45574387052239,1.79254692790991,0.304063682318907,1
92,B4_K04_I01-02-03-08,Branch4,4,3,L2-L3-L4,1,,1.05924566699238,-0.334385966720715,2.11349088347388,1.73794401367502,0.187173473225001,1
92,B4_K04_I01-02-03-08,Branch4,4,4,L1-L2-L3-L4,1,,1.11129366080448,-0.276510738337045,2.01829812119259,1.59985236646767,0.240749433501241,1
93,B4_K04_I01-02-03-09,Branch4,4,2,L1-L2,1,,5.37947569318792,2.40391951170029,-1.71066413358698,1.83697713773762,0.148489939518362,0
93,B4_K04_I01-02-03-09,Branch4,4,2,L1-L3,1,,1.13206128488583,-0.132876326454532,1.96622841908984,1.53231204951705,0.238899065384355,1
93,B4_K04_I01-02-03-09,Branch4,4,2,L1-L4,1,,0.873765187049164,-0.27587564688766,2.26130531929229,1.52496709274467,0.268782053163789,1
93,B4_K04_I01-02-03-09,Branch4,4,2,L2-L3,1,,25.0296205862486,2.60778033456356,-21.8030085748358,1.36031280883487,0.407845808081218,0
93,B4_K04_I01-02-03-09,Branch4,4,2,L2-L4,1,,6.27208698288424,2.26144577219209,8.92847827297379,1.87028312993353,0.20417707831814,1
93,B4_K04_I01-02-03-09,Branch4,4,2,L3-L4,1,,0.775522300173801,-0.274619917171581,2.42162138857733,1.78158261834182,0.0123306988137487,1
93,B4_K04_I01-02-03-09,Branch4,4,3,L1-L2-L3,1,,4.05342175538304,1.46892560244232,-0.681919559256502,1.7123872406719,0.978930276211899,0
93,B4_K04_I01-02-03-09,Branch4,4,3,L1-L2-L4,1,,0.894478263879589,0.00215310277109054,2.1970003398065,1.55136473104956,1.40951921404131,1
93,B4_K04_I01-02-03-09,Branch4,4,3,L1-L3-L4,1,,0.827529902183288,-0.280910339463597,2.35450152539494,1.75482761632829,0.292679688458666,1
93,B4_K04_I01-02-03-09,Branch4,4,3,L2-L3-L4,1,,1.35332322964068,0.755328467586168,4.17384366039502,1.79367599452547,1.18024350781085,1
93,B4_K04_I01-02-03-09,Branch4,4,4,L1-L2-L3-L4,1,,0.883558576398006,-0.15951507933985,2.23397286129079,1.64982735125134,1.29303378658849,1
94,B4_K04_I01-02-04-05,Branch4,4,2,L1-L2,1,,1.80373470599144,0.405681602124669,1.33250035530536,1.49126351364613,0.0252066525032859,1
94,B4_K04_I01-02-04-05,Branch4,4,2,L1-L3,1,,1.07596383638694,-0.134253910592146,2.02477926655826,1.57056099311271,0.231552521400855,1
94,B4_K04_I01-02-04-05,Branch4,4,2,L1-L4,1,,0.803519821406396,-0.283785220814803,2.34016330025439,1.55343197127823,0.248023780603555,1
94,B4_K04_I01-02-04-05,Branch4,4,2,L2-L3,1,,1.38028582750221,-0.16581231414297,1.72498801667079,1.62015626263184,0.153488975848379,1
94,B4_K04_I01-02-04-05,Branch4,4,2,L2-L4,1,,1.23542369618554,-0.465213499808331,1.95083892634875,1.61027310175457,0.16899619444895,1
94,B4_K04_I01-02-04-05,Branch4,4,2,L3-L4,1,,0.711152021851052,-0.271581930627639,2.508838421448,1.80697177843305,0.00302626696611586,1
94,B4_K04_I01-02-04-05,Branch4,4,3,L1-L2-L3,1,,1.36779884416083,-0.0308512207968933,1.72275043218878,1.52346272752819,0.209802347132424,1
94,B4_K04_I01-02-04-05,Branch4,4,3,L1-L2-L4,1,,1.2439506088495,-0.332145441551372,1.89168418319148,1.4663588629767,0.281421716029614,1
94,B4_K04_I01-02-04-05,Branch4,4,3,L1-L3-L4,1,,0.725498286499603,-0.273982657499836,2.48952183069444,1.80117641888208,0.294046146616761,1
94,B4_K04_I01-02-04-05,Branch4,4,3,L2-L3-L4,1,,1.14603152453227,-0.360727244911449,2.02600753102449,1.72623911236507,0.204751242599099,1
94,B4_K04_I01-02-04-05,Branch4,4,4,L1-L2-L3-L4,1,,1.15346821773763,-0.282739672307582,1.97867819151462,1.62454334594439,0.254675227488558,1
95,B4_K04_I01-02-04-06,Branch4,4,2,L1-L2,1,,1.77745638044658,0.390874343447044,1.35609197007924,1.48853807165431,0.0261411638221053,1
95,B4_K04_I01-02-04-06,Branch4,4,2,L1-L3,1,,1.08194066553269,-0.129152162411119,2.01814032086946,1.57093765524755,0.230630492609256,1
95,B4_K04_I01-02-04-06,Branch4,4,2,L1-L4,1,,0.805570581585612,-0.279546552145468,2.33618504204833,1.55060332269806,0.244313543728248,1
95,B4_K04_I01-02-04-06,Branch4,4,2,L2-L3,1,,1.3656386852816,-0.16283401775537,1.73944972106416,1.62028318862428,0.154043959102102,1
95,B4_K04_I01-02-04-06,Branch4,4,2,L2-L4,1,,1.22026839067548,-0.45508893581502,1.96293170465876,1.60800955243427,0.166626305907482,1
95,B4_K04_I01-02-04-06,Branch4,4,2,L3-L4,1,,0.709367508985007,-0.264945867991165,2.50615443178606,1.80352973876532,0.00630421762556149,1
95,B4_K04_I01-02-04-06,Branch4,4,3,L1-L2-L3,1,,1.35238421149147,-0.0352603429419943,1.73829731809045,1.52448720942744,0.207373955750485,1
95,B4_K04_I01-02-04-06,Branch4,4,3,L1-L2-L4,1,,1.22266630925988,-0.325770794716488,1.91192434448771,1.46960192443191,0.272210289760958,1
95,B4_K04_I01-02-04-06,Branch4,4,3,L1-L3-L4,1,,0.735616128372342,-0.269298314241356,2.47120639934457,1.79275243134118,0.287737964415579,1
95,B4_K04_I01-02-04-06,Branch4,4,3,L2-L3-L4,1,,1.13632778455392,-0.350133682550251,2.03212488925515,1.72259265118056,0.20143724442927,1
95,B4_K04_I01-02-04-06,Branch4,4,4,L1-L2-L3-L4,1,,1.14312012039706,-0.279342885655824,1.9881089520874,1.62052916833747,0.250414826633528,1
96,B4_K04_I01-02-04-07,Branch4,4,2,L1-L2,1,,1.71217477854171,0.346421004082019,1.41356226876611,1.46696224129075,0.0233094194222295,1
96,B4_K04_I01-02-04-07,Branch4,4,2,L1-L3,1,,1.10543479892344,-0.125018642153882,1.99346406679312,1.56297127099736,0.232847707286545,1
96,B4_K04_I01-02-04-07,Branch4,4,2,L1-L4,1,,0.82163625652161,-0.282916247192924,2.31985277848396,1.54379260549725,0.250847790185975,1
96,B4_K04_I01-02-04-07,Branch4,4,2,L2-L3,1,,1.33705591664111,-0.162702008969794,1.76713654479207,1.60620197445211,0.165305588275527,1
96,B4_K04_I01-02-04-07,Branch4,4,2,L2-L4,1,,1.1928999609771,-0.443305740370136,1.98661952223491,1.59508868881696,0.180769742966962,1
96,B4_K04_I01-02-04-07,Branch4,4,2,L3-L4,1,,0.707725279633524,-0.264919247787349,2.50650932344673,1.80038557548514,0.00314741632420033,1
96,B4_K04_I01-02-04-07,Branch4,4,3,L1-L2-L3,1,,1.31984988999059,-0.0558127920655933,1.77144388593721,1.51727537026083,0.206594913539587,1
96,B4_K04_I01-02-04-07,Branch4,4,3,L1-L2-L4,1,,1.12303871854635,-0.302809557864455,2.00882684165716,1.47577322350933,0.253383701619087,1
96,B4_K04_I01-02-04-07,Branch4,4,3,L1-L3-L4,1,,0.723635064836703,-0.267646918308087,2.48565842721314,1.79459140785656,0.299373677122364,1
96,B4_K04_I01-02-04-07,Branch4,4,3,L2-L3-L4,1,,1.09102643092986,-0.343335657481995,2.08019030673499,1.72965992832227,0.215661159768158,1
96,B4_K04_I01-02-04-07,Branch4,4,4,L1-L2-L3-L4,1,,1.12470684087713,-0.275336182171181,2.00441612788362,1.60326239055929,0.250187159852559,1
97,B4_K04_I01-02-04-08,Branch4,4,2,L1-L2,1,,1.76682116411548,0.377065885923082,1.3641881150857,1.46757036034759,0.0204805438834781,1
97,B4_K04_I01-02-04-08,Branch4,4,2,L1-L3,1,,1.11435906096998,-0.121889499016645,1.98396639665325,1.56023898291933,0.235754673249235,1
97,B4_K04_I01-02-04-08,Branch4,4,2,L1-L4,1,,0.824568271074248,-0.28264694845772,2.3164379018115,1.5403139732118,0.254421010075315,1
97,B4_K04_I01-02-04-08,Branch4,4,2,L2-L3,1,,1.37423410757204,-0.158032857753053,1.72872822873846,1.60239220210138,0.167436920224037,1
97,B4_K04_I01-02-04-08,Branch4,4,2,L2-L4,1,,1.22507709340436,-0.454183395980762,1.95582017544715,1.59037396293578,0.18422343623603,1
97,B4_K04_I01-02-04-08,Branch4,4,2,L3-L4,1,,0.707725279633524,-0.264919247787349,2.50650932344673,1.80038557548514,0.00314741632420033,1
97,B4_K04_I01-02-04-08,Branch4,4,3,L1-L2-L3,1,,1.35590752362276,-0.0432692105189325,1.73484723622849,1.5131899537643,0.211206830482577,1
97,B4_K04_I01-02-04-08,Branch4,4,3,L1-L2-L4,1,,1.16836320761381,-0.308434547557652,1.96355706638239,1.46733454299276,0.264341525346974,1
97,B4_K04_I01-02-04-08,Branch4,4,3,L1-L3-L4,1,,0.723750936985255,-0.267653162052258,2.48552029657205,1.79458698507252,0.303739298987093,1
97,B4_K04_I01-02-04-08,Branch4,4,3,L2-L3-L4,1,,1.12219014362592,-0.349307133552347,2.04747588900948,1.7245856694093,0.220208325591046,1
97,B4_K04_I01-02-04-08,Branch4,4,4,L1-L2-L3-L4,1,,1.14861953078569,-0.27482660945509,1.97955416771946,1.60347567254449,0.257484191364737,1
98,B4_K04_I01-02-04-09,Branch4,4,2,L1-L2,1,,5.43548919156123,2.4128415076458,-1.76788719142552,1.85166837495639,0.114355898764758,0
98,B4_K04_I01-02-04-09,Branch4,4,2,L1-L3,1,,1.09405240057569,-0.139187742857417,2.00604993078465,1.55128035580746,0.229312816756099,1
98,B4_K04_I01-02-04-09,Branch4,4,2,L1-L4,1,,0.823089396862364,-0.291667970561324,2.32091895898079,1.53033648827245,0.245313780494203,1
98,B4_K04_I01-02-04-09,Branch4,4,2,L2-L3,1,,19.7417442810673,2.20837319028776,-16.5274477683279,1.62368576473416,0.673380923778265,0
98,B4_K04_I01-02-04-09,Branch4,4,2,L2-L4,1,,6.50788398188141,2.27670794674832,9.18302624264875,1.71020478880221,0.303218841948269,1
98,B4_K04_I01-02-04-09,Branch4,4,2,L3-L4,1,,0.712139051314728,-0.276517731548198,2.49668960241557,1.78046879445864,0.00379318327214594,1
98,B4_K04_I01-02-04-09,Branch4,4,3,L1-L2-L3,1,,4.153969034753,1.52813940218976,-0.766341759747389,1.7210812999562,0.984192020008373,0
98,B4_K04_I01-02-04-09,Branch4,4,3,L1-L2-L4,1,,0.838246647500606,-0.0256472921069429,2.25366800024203,1.55048212192871,1.42597380462132,1
98,B4_K04_I01-02-04-09,Branch4,4,3,L1-L3-L4,1,,0.729479685044197,-0.279301897016909,2.47437944033701,1.77412111873251,0.291416914377209,1
98,B4_K04_I01-02-04-09,Branch4,4,3,L2-L3-L4,1,,1.25503073601185,0.695428000698224,4.10314955797116,1.7549706205863,1.19835468382301,1
98,B4_K04_I01-02-04-09,Branch4,4,4,L1-L2-L3-L4,1,,0.833361964445449,-0.177060879322147,2.29048451389974,1.65464991524054,1.30481432185839,1
99,B4_K04_I01-02-05-06,Branch4,4,2,L1-L2,1,,1.86883770310914,0.43567920298735,1.27269287361053,1.48847606748572,0.0136412025170324,1
99,B4_K04_I01-02-05-06,Branch4,4,2,L1-L3,1,,1.09504095986101,-0.128689168985949,2.00489022759492,1.57134832436733,0.229325004546909,1
99,B4_K04_I01-02-05-06,Branch4,4,2,L1-L4,1,,0.802013863173006,-0.292838507534676,2.3446231267951,1.54341845365555,0.238810835147634,1
99,B4_K04_I01-02-05-06,Branch4,4,2,L2-L3,1,,1.44201738064193,-0.15223888322034,1.66015810181271,1.60857990006175,0.162165271360339,1
99,B4_K04_I01-02-05-06,Branch4,4,2,L2-L4,1,,1.28211910558839,-0.486318396118726,1.90700895339247,1.58863409139666,0.173379657032268,1
99,B4_K04_I01-02-05-06,Branch4,4,2,L3-L4,1,,0.682773236364429,-0.268450069319475,2.53748198685017,1.79805653444085,0.0132703875866093,1
99,B4_K04_I01-02-05-06,Branch4,4,3,L1-L2-L3,1,,1.42833383664408,-0.0104875486215564,1.66179594043371,1.51614696456537,0.214547134021186,1
99,B4_K04_I01-02-05-06,Branch4,4,3,L1-L2-L4,1,,1.27788045987091,-0.345641362943416,1.86062435690034,1.45367456318823,0.287442145307124,1
99,B4_K04_I01-02-05-06,Branch4,4,3,L1-L3-L4,1,,0.737859378627196,-0.277349353336922,2.46440022648862,1.7759324595154,0.278728355795747,1
99,B4_K04_I01-02-05-06,Branch4,4,3,L2-L3-L4,1,,1.19753644788831,-0.372258625544342,1.97009127512178,1.70327692360525,0.215037472882052,1
99,B4_K04_I01-02-05-06,Branch4,4,4,L1-L2-L3-L4,1,,1.17785540207241,-0.284559264675874,1.95279886850516,1.6146427477216,0.262169768886249,1
100,B4_K04_I01-02-05-07,Branch4,4,2,L1-L2,1,,1.69000581510743,0.335372735288233,1.43389790634342,1.46884492162524,0.0331479557799938,1
100,B4_K04_I01-02-05-07,Branch4,4,2,L1-L3,1,,1.11435906096997,-0.121889499016646,1.98396639665325,1.56023898291933,0.235754673249235,1
100,B4_K04_I01-02-05-07,Branch4,4,2,L1-L4,1,,0.81508193386232,-0.287557763265727,2.32805760018819,1.53335972217172,0.248982834867139,1
100,B4_K04_I01-02-05-07,Branch4,4,2,L2-L3,1,,1.31457499491258,-0.167178779290584,1.79109879310491,1.61408035646326,0.158322896529792,1
100,B4_K04_I01-02-05-07,Branch4,4,2,L2-L4,1,,1.17178735219594,-0.443288330316524,2.00978021974137,1.59852046137513,0.167321246219793,1
100,B4_K04_I01-02-05-07,Branch4,4,2,L3-L4,1,,0.692993320621207,-0.266682374484388,2.52208612784913,1.79426873327552,0.00996416893402282,1
100,B4_K04_I01-02-05-07,Branch4,4,3,L1-L2-L3,1,,1.30549765931222,-0.05732526293867,1.78587463915326,1.5171754445373,0.205354887799365,1
100,B4_K04_I01-02-05-07,Branch4,4,3,L1-L2-L4,1,,1.1388391748688,-0.318216727155037,1.99686152817733,1.47277754243705,0.251195238291957,1
100,B4_K04_I01-02-05-07,Branch4,4,3,L1-L3-L4,1,,0.73584102786387,-0.273608978377146,2.46598765135545,1.77786459648233,0.292656002142979,1
100,B4_K04_I01-02-05-07,Branch4,4,3,L2-L3-L4,1,,1.08290805351287,-0.347631091812891,2.08862432029788,1.72156088208238,0.202512272078931,1
100,B4_K04_I01-02-05-07,Branch4,4,4,L1-L2-L3-L4,1,,1.11677372119709,-0.281302040565197,2.01346374446224,1.59551123935422,0.245791375022936,1
101,B4_K04_I01-02-05-08,Branch4,4,2,L1-L2,1,,1.77623394045731,0.387259804725133,1.3568352527916,1.46569527859334,0.016968894017831,1
101,B4_K04_I01-02-05-08,Branch4,4,2,L1-L3,1,,1.10151882460104,-0.122283550548341,1.99692345584761,1.5597839680819,0.237077051478842,1
101,B4_K04_I01-02-05-08,Branch4,4,2,L1-L4,1,,0.800130960237012,-0.288141332049553,2.34426755379193,1.53266871541774,0.250267830576817,1
101,B4_K04_I01-02-05-08,Branch4,4,2,L2-L3,1,,1.37699280906786,-0.156563175884901,1.72548651924265,1.59848923297948,0.171308646691359,1
101,B4_K04_I01-02-05-08,Branch4,4,2,L2-L4,1,,1.22189862730194,-0.463597042229997,1.96231816232799,1.58029763896057,0.183949099261474,1
101,B4_K04_I01-02-05-08,Branch4,4,2,L3-L4,1,,0.680821788535261,-0.268384128981313,2.53815715962273,1.79488598912061,0.0100748077024836,1
101,B4_K04_I01-02-05-08,Branch4,4,3,L1-L2-L3,1,,1.35840909654323,-0.0376969212409264,1.73214721339775,1.50948818301103,0.214260157510038,1
101,B4_K04_I01-02-05-08,Branch4,4,3,L1-L2-L4,1,,1.1770507519345,-0.317633536628097,1.9574794626886,1.45578867106057,0.268656751161381,1
101,B4_K04_I01-02-05-08,Branch4,4,3,L1-L3-L4,1,,0.723465348384574,-0.275250870655285,2.48157231645197,1.77830706496441,0.293916485468306,1
101,B4_K04_I01-02-05-08,Branch4,4,3,L2-L3-L4,1,,1.1298299281838,-0.352459681060747,2.0373504473051,1.71027781399281,0.220004728852799,1
101,B4_K04_I01-02-05-08,Branch4,4,4,L1-L2-L3-L4,1,,1.13694894807089,-0.280690522394159,1.99271121579514,1.59911137783224,0.260331137155814,1
102,B4_K04_I01-02-05-09,Branch4,4,2,L1-L2,1,,1.57974338714925,0.274755088481407,1.53529072450548,1.44543005143221,0.0209951681430561,1
102,B4_K04_I01-02-05-09,Branch4,4,2,L1-L3,1,,1.07180421064853,-0.135719567160805,2.0283169638411,1.55633467658585,0.230385636391112,1
102,B4_K04_I01-02-05-09,Branch4,4,2,L1-L4,1,,0.792691782735908,-0.292904787671389,2.35427482797612,1.53571440922993,0.247307556273532,1
102,B4_K04_I01-02-05-09,Branch4,4,2,L2-L3,1,,1.24959136381879,-0.174516953198402,1.85615682053305,1.59302374997675,0.173454026134533,1
102,B4_K04_I01-02-05-09,Branch4,4,2,L2-L4,1,,1.11254697342388,-0.430237378964437,2.06719259757001,1.58075632081068,0.187388768133363,1
102,B4_K04_I01-02-05-09,Branch4,4,2,L3-L4,1,,0.677966329808956,-0.275048409083488,2.54163722781284,1.78859138430398,0.0037465819013541,1
102,B4_K04_I01-02-05-09,Branch4,4,3,L1-L2-L3,1,,1.23976281678193,-0.0747265673628151,1.85249161019684,1.49912411643879,0.204261345427705,1
102,B4_K04_I01-02-05-09,Branch4,4,3,L1-L2-L4,1,,1.02115675737286,-0.290437168242689,2.11197247100162,1.45676197330191,0.243238754593431,1
102,B4_K04_I01-02-05-09,Branch4,4,3,L1-L3-L4,1,,0.695541145156342,-0.277989294290189,2.51831105147405,1.78226084212787,0.294946417146259,1
102,B4_K04_I01-02-05-09,Branch4,4,3,L2-L3-L4,1,,1.00177224763577,-0.339007508098873,2.17566107898775,1.72935972424989,0.222143494184465,1
102,B4_K04_I01-02-05-09,Branch4,4,4,L1-L2-L3-L4,1,,1.0527423617727,-0.281720153399293,2.07924938389699,1.58534299904988,0.242962385413404,1
103,B4_K04_I01-02-06-07,Branch4,4,2,L1-L2,1,,1.71335188654722,0.348410697490967,1.41261848127872,1.47600179879482,0.0274937322547858,1
103,B4_K04_I01-02-06-07,Branch4,4,2,L1-L3,1,,1.08941784894276,-0.130657671148527,2.01027513869033,1.56288120891764,0.227581751206128,1
103,B4_K04_I01-02-06-07,Branch4,4,2,L1-L4,1,,0.816761235571167,-0.287403396181673,2.32711781382047,1.55008965766428,0.250966272509069,1
103,B4_K04_I01-02-06-07,Branch4,4,2,L2-L3,1,,1.33023756612459,-0.16633493204137,1.77495215240159,1.61186523695346,0.155268576359368,1
103,B4_K04_I01-02-06-07,Branch4,4,2,L2-L4,1,,1.19008451857596,-0.448374655597106,1.99275886894225,1.60641066622975,0.174846356098879,1
103,B4_K04_I01-02-06-07,Branch4,4,2,L3-L4,1,,0.695669569662996,-0.266604037509468,2.52242630141974,1.80122837518844,0.00332779989706165,1
103,B4_K04_I01-02-06-07,Branch4,4,3,L1-L2-L3,1,,1.32532681686123,-0.0441879136659701,1.76545924489227,1.5114187493196,0.203129806831814,1
103,B4_K04_I01-02-06-07,Branch4,4,3,L1-L2-L4,1,,1.1411371092698,-0.31442386939436,1.99317240016618,1.48265789082924,0.25525765763635,1
103,B4_K04_I01-02-06-07,Branch4,4,3,L1-L3-L4,1,,0.712078985166825,-0.269469208884853,2.50078242568871,1.79540730644638,0.2970036418537,1
103,B4_K04_I01-02-06-07,Branch4,4,3,L2-L3-L4,1,,1.0905388924284,-0.348592413290956,2.08284865229959,1.73109428404913,0.208385093008679,1
103,B4_K04_I01-02-06-07,Branch4,4,4,L1-L2-L3-L4,1,,1.12625468324273,-0.276035366350379,2.00338328555291,1.60732289566632,0.246883733354127,1
104,B4_K04_I01-02-06-08,Branch4,4,2,L1-L2,1,,1.76470095809575,0.375285385404696,1.36599410492961,1.46632471576542,0.0150576692481134,1
104,B4_K04_I01-02-06-08,Branch4,4,2,L1-L3,1,,1.09820823733195,-0.12756400191425,2.0008838021232,1.56012208813545,0.230522180761016,1
104,B4_K04_I01-02-06-08,Branch4,4,2,L1-L4,1,,0.812638974707722,-0.291823101517089,2.33278126142291,1.54290877046348,0.252153375056905,1
104,B4_K04_I01-02-06-08,Branch4,4,2,L2-L3,1,,1.37530398000922,-0.157406533973585,1.72713146767626,1.59629945011964,0.169169708318242,1
104,B4_K04_I01-02-06-08,Branch4,4,2,L2-L4,1,,1.22379848082002,-0.463305105573383,1.96052625805674,1.58555797489266,0.189154531340133,1
104,B4_K04_I01-02-06-08,Branch4,4,2,L3-L4,1,,0.681884435663247,-0.268294419952917,2.53874298871965,1.79849655833219,9.88858544472027e-05,1
104,B4_K04_I01-02-06-08,Branch4,4,3,L1-L2-L3,1,,1.35583695105425,-0.0410122862214205,1.73480772023065,1.50810648361198,0.209806719539673,1
104,B4_K04_I01-02-06-08,Branch4,4,3,L1-L2-L4,1,,1.15226615960701,-0.312555229879694,1.98143702007777,1.46661361959886,0.26456857972404,1
104,B4_K04_I01-02-06-08,Branch4,4,3,L1-L3-L4,1,,0.699037509166058,-0.271300351125142,2.51607217605809,1.7926711663382,0.301470852595885,1
104,B4_K04_I01-02-06-08,Branch4,4,3,L2-L3-L4,1,,1.11651569399978,-0.356846891755582,2.0555024843975,1.72154566347469,0.225658778551898,1
104,B4_K04_I01-02-06-08,Branch4,4,4,L1-L2-L3-L4,1,,1.14044419753912,-0.276740539828337,1.98826386636056,1.60102045906337,0.258248584539526,1
105,B4_K04_I01-02-06-09,Branch4,4,2,L1-L2,1,,1.84735277121208,0.425190088511123,1.2922562816968,1.49342936546018,0.025820696517911,1
105,B4_K04_I01-02-06-09,Branch4,4,2,L1-L3,1,,1.0822939374181,-0.133174407779634,2.01760869684986,1.56001364022016,0.225227777534628,1
105,B4_K04_I01-02-06-09,Branch4,4,2,L1-L4,1,,0.8072576475414,-0.292336810473049,2.3387734960548,1.54316061314202,0.245492888269053,1
105,B4_K04_I01-02-06-09,Branch4,4,2,L2-L3,1,,1.41294989127296,-0.160076442630222,1.69077035322462,1.61383902383611,0.145210340098003,1
105,B4_K04_I01-02-06-09,Branch4,4,2,L2-L4,1,,1.26366974559219,-0.481260588997983,1.92624928933421,1.60456459643308,0.163157008964251,1
105,B4_K04_I01-02-06-09,Branch4,4,2,L3-L4,1,,0.678808270038962,-0.268294486922888,2.53901515891928,1.79191512578031,0.000292480066519191,1
105,B4_K04_I01-02-06-09,Branch4,4,3,L1-L2-L3,1,,1.40880013546621,-0.0211883392255202,1.68147936555949,1.5183983239936,0.206496843880682,1
105,B4_K04_I01-02-06-09,Branch4,4,3,L1-L2-L4,1,,1.23902721793009,-0.350579639509519,1.90172075109019,1.48342321673891,0.275145866268031,1
105,B4_K04_I01-02-06-09,Branch4,4,3,L1-L3-L4,1,,0.695935645747476,-0.271296208639003,2.51655431727166,1.7861552710685,0.293423359181504,1
105,B4_K04_I01-02-06-09,Branch4,4,3,L2-L3-L4,1,,1.18184035627991,-0.369987773386212,1.98644280285122,1.70498094520626,0.201093906590611,1
105,B4_K04_I01-02-06-09,Branch4,4,4,L1-L2-L3-L4,1,,1.18194660538139,-0.280413953888445,1.94733287338951,1.61259498301863,0.255459488749274,1
106,B4_K04_I01-02-07-08,Branch4,4,2,L1-L2,1,,1.70085400994611,0.329305982471874,1.42272896897078,1.43166814689501,0.00439372785269043,1
106,B4_K04_I01-02-07-08,Branch4,4,2,L1-L3,1,,1.13057327823562,-0.12033888126575,1.96694646276898,1.54965121981416,0.235641861484324,1
106,B4_K04_I01-02-07-08,Branch4,4,2,L1-L4,1,,0.829522123780814,-0.295080998937573,2.31529437862353,1.52941696985648,0.259216777102918,1
106,B4_K04_I01-02-07-08,Branch4,4,2,L2-L3,1,,1.35740725137162,-0.15204979323831,1.74297910813761,1.57049839245464,0.192054714511696,1
106,B4_K04_I01-02-07-08,Branch4,4,2,L2-L4,1,,1.20115582661638,-0.450827428289466,1.97810486340007,1.55673759707464,0.213958913427871,1
106,B4_K04_I01-02-07-08,Branch4,4,2,L3-L4,1,,0.678808270038962,-0.268294486922888,2.53901515891928,1.79191512578031,0.000292480066519222,1
106,B4_K04_I01-02-07-08,Branch4,4,3,L1-L2-L3,1,,1.38017715293236,0.00986685512336982,1.71088148261684,1.44686118502151,0.227888475509355,1
106,B4_K04_I01-02-07-08,Branch4,4,3,L1-L2-L4,1,,1.0920399291433,-0.28798484295545,2.03864598869268,1.43464956022162,0.266603070278107,1
106,B4_K04_I01-02-07-08,Branch4,4,3,L1-L3-L4,1,,0.697150405863586,-0.271482274064798,2.51514989387964,1.78611784068418,0.311729214292641,1
106,B4_K04_I01-02-07-08,Branch4,4,3,L2-L3-L4,1,,1.0681978020471,-0.347447482708355,2.10509644373836,1.72425827949278,0.25349459961141,1
106,B4_K04_I01-02-07-08,Branch4,4,4,L1-L2-L3-L4,1,,1.12126524922396,-0.271861758535525,2.00475728229358,1.57466717503979,0.264250764434624,1
107,B4_K04_I01-02-07-09,Branch4,4,2,L1-L2,1,,1.73817460811896,0.359473875690333,1.38992807014555,1.45775151687191,0.0149696672061172,1
107,B4_K04_I01-02-07-09,Branch4,4,2,L1-L3,1,,1.10576197770086,-0.121979619224404,1.9923610741345,1.55494826883177,0.23021789633177,1
107,B4_K04_I01-02-07-09,Branch4,4,2,L1-L4,1,,0.808644929673864,-0.296251539072114,2.33842352406713,1.53569942168968,0.253352571202616,1
107,B4_K04_I01-02-07-09,Branch4,4,2,L2-L3,1,,1.36186906091995,-0.153739720314928,1.73984919226155,1.59024540903383,0.171446721056007,1
107,B4_K04_I01-02-07-09,Branch4,4,2,L2-L4,1,,1.20738536103997,-0.462390461266099,1.97742451533201,1.57842360804969,0.191709765121273,1
107,B4_K04_I01-02-07-09,Branch4,4,2,L3-L4,1,,0.653796685045126,-0.264936232403268,2.56906190517524,1.79305699018503,0.000332956131168269,1
107,B4_K04_I01-02-07-09,Branch4,4,3,L1-L2-L3,1,,1.34599941035812,-0.0392215928015257,1.74457223085463,1.49955575339827,0.20900207672872,1
107,B4_K04_I01-02-07-09,Branch4,4,3,L1-L2-L4,1,,1.1186330217506,-0.309982377186466,2.01585223666591,1.46182480243576,0.261232264111522,1
107,B4_K04_I01-02-07-09,Branch4,4,3,L1-L3-L4,1,,0.672771113849441,-0.268363418058227,2.54401126626081,1.78722526021957,0.306222752624447,1
107,B4_K04_I01-02-07-09,Branch4,4,3,L2-L3-L4,1,,1.09934391979147,-0.355667917936295,2.07242438776113,1.71586398381856,0.228397606537349,1
107,B4_K04_I01-02-07-09,Branch4,4,4,L1-L2-L3-L4,1,,1.13047220683958,-0.274242205777854,1.99682842998649,1.5879462422224,0.257901184868287,1
108,B4_K04_I01-02-08-09,Branch4,4,2,L1-L2,1,,5.37534911742345,2.39483140744777,-1.71285767927811,1.80285108004765,0.164411358021373,0
108,B4_K04_I01-02-08-09,Branch4,4,2,L1-L3,1,,1.10901369917229,-0.116755616367172,1.98850281387614,1.55462105784169,0.236740827971586,1
108,B4_K04_I01-02-08-09,Branch4,4,2,L1-L4,1,,0.817953753057474,-0.282442169524965,2.32354591531735,1.54269542233214,0.265409530268987,1
108,B4_K04_I01-02-08-09,Branch4,4,2,L2-L3,1,,29.8737850337017,2.78290092710091,-26.6445574784951,0.755294536190249,0.207608633420067,0
108,B4_K04_I01-02-08-09,Branch4,4,2,L2-L4,1,,6.63779711832694,2.27372463154436,9.30252833146368,2.04315616054594,0.0942804618363533,1
108,B4_K04_I01-02-08-09,Branch4,4,2,L3-L4,1,,0.684892088720467,-0.261606485443243,2.53547097351916,1.80518318884914,0.00675035625786126,1
108,B4_K04_I01-02-08-09,Branch4,4,3,L1-L2-L3,1,,3.96245573657138,1.48503298784122,-0.577718558493374,1.70874162257237,0.985923499867344,0
108,B4_K04_I01-02-08-09,Branch4,4,3,L1-L2-L4,1,,0.847717518752408,-0.0146658685227033,2.24510871960673,1.56759162829546,1.4193264172759,1
108,B4_K04_I01-02-08-09,Branch4,4,3,L1-L3-L4,1,,0.71614512115901,-0.266946464386777,2.49393373125859,1.79378295216017,0.308125877371642,1
108,B4_K04_I01-02-08-09,Branch4,4,3,L2-L3-L4,1,,1.53812604395366,0.634111183431463,4.44001273006194,1.87576636731672,1.17806140536996,1
108,B4_K04_I01-02-08-09,Branch4,4,4,L1-L2-L3-L4,1,,0.82825440121684,-0.155320400875509,2.29450514170998,1.67049591385447,1.29122141715962,1
109,B4_K04_I01-03-04-05,Branch4,4,2,L1-L2,1,,1.81100638518888,0.412799634168736,1.32681195670924,1.47744976227279,0.0145700206344748,1
109,B4_K04_I01-03-04-05,Branch4,4,2,L1-L3,1,,1.07782872850856,-0.126435735135384,2.02175728265125,1.56772200314893,0.234894296345868,1
109,B4_K04_I01-03-04-05,Branch4,4,2,L1-L4,1,,0.790853275685339,-0.2800781375355,2.35166491714083,1.54320238368681,0.246108744774869,1
109,B4_K04_I01-03-04-05,Branch4,4,2,L2-L3,1,,1.39311214317853,-0.155607166751983,1.70956419539717,1.60461760127931,0.16867467321278,1
109,B4_K04_I01-03-04-05,Branch4,4,2,L2-L4,1,,1.23837014474981,-0.464568793072436,1.94540576986812,1.58740995515211,0.181423757869132,1
109,B4_K04_I01-03-04-05,Branch4,4,2,L3-L4,1,,0.696000437132319,-0.266678964597744,2.52183489805586,1.80081116213043,0.00976959561747268,1
109,B4_K04_I01-03-04-05,Branch4,4,3,L1-L2-L3,1,,1.38446908272731,-0.0171312931682681,1.70566484261754,1.50879385336804,0.216829319992928,1
109,B4_K04_I01-03-04-05,Branch4,4,3,L1-L2-L4,1,,1.21769290527758,-0.319012453199549,1.91567786826266,1.45556356023672,0.278219945346623,1
109,B4_K04_I01-03-04-05,Branch4,4,3,L1-L3-L4,1,,0.733712001164203,-0.272637405899621,2.47103444370915,1.78440074838555,0.287209621675849,1
109,B4_K04_I01-03-04-05,Branch4,4,3,L2-L3-L4,1,,1.14820473887649,-0.352682297738118,2.0185509178925,1.71444389404128,0.21778469613408,1
109,B4_K04_I01-03-04-05,Branch4,4,4,L1-L2-L3-L4,1,,1.14169640709452,-0.27955882669828,1.98906442775553,1.61514518728266,0.261547928407765,1
110,B4_K04_I01-03-04-06,Branch4,4,2,L1-L2,1,,1.72782545086892,0.36433719733191,1.40105430245285,1.48991902545836,0.0344646585693687,1
110,B4_K04_I01-03-04-06,Branch4,4,2,L1-L3,1,,1.07463071323118,-0.131712380848585,2.02564686999744,1.56808401577969,0.228272603664256,1
110,B4_K04_I01-03-04-06,Branch4,4,2,L1-L4,1,,0.803084087331978,-0.279768135912352,2.3387131650683,1.54734905608642,0.241241571962859,1
110,B4_K04_I01-03-04-06,Branch4,4,2,L2-L3,1,,1.32477867548986,-0.169549602660916,1.7821738978776,1.62602522714725,0.14567173823732,1
110,B4_K04_I01-03-04-06,Branch4,4,2,L2-L4,1,,1.18642897490115,-0.444539751929698,1.99598004288591,1.61453582354597,0.156050287500389,1
110,B4_K04_I01-03-04-06,Branch4,4,2,L3-L4,1,,0.706387863707551,-0.264948119999216,2.50642251717085,1.79702462732405,0.00650133033548583,1
110,B4_K04_I01-03-04-06,Branch4,4,3,L1-L2-L3,1,,1.32019729789338,-0.0417586585883777,1.77066838140479,1.52326370505384,0.202316344060288,1
110,B4_K04_I01-03-04-06,Branch4,4,3,L1-L2-L4,1,,1.19926311317193,-0.3279991430032,1.93670962119375,1.4761278623301,0.262933858393118,1
110,B4_K04_I01-03-04-06,Branch4,4,3,L1-L3-L4,1,,0.733550168178511,-0.269419150368996,2.47052717789038,1.78594159074313,0.283811000273686,1
110,B4_K04_I01-03-04-06,Branch4,4,3,L2-L3-L4,1,,1.10530015337284,-0.348480528640636,2.06513635013542,1.72339259027688,0.190163059276627,1
110,B4_K04_I01-03-04-06,Branch4,4,4,L1-L2-L3-L4,1,,1.1236574223614,-0.281130574655543,2.00838026707378,1.61692029835029,0.241374298272065,1
111,B4_K04_I01-03-04-07,Branch4,4,2,L1-L2,1,,1.6832956300354,0.32916796130546,1.43967780268002,1.46038590681031,0.0209826777736137,1
111,B4_K04_I01-03-04-07,Branch4,4,2,L1-L3,1,,1.11127042089813,-0.120034052454623,1.98705008760938,1.56336612164215,0.231937194339664,1
111,B4_K04_I01-03-04-07,Branch4,4,2,L1-L4,1,,0.82163625652161,-0.282916247192924,2.31985277848396,1.54379260549725,0.250847790185975,1
111,B4_K04_I01-03-04-07,Branch4,4,2,L2-L3,1,,1.32529066043777,-0.158092812948785,1.77815852526531,1.60234228013593,0.169772517393945,1
111,B4_K04_I01-03-04-07,Branch4,4,2,L2-L4,1,,1.17882800640535,-0.437537701034256,1.99915286490982,1.59082266636037,0.185652730825282,1
111,B4_K04_I01-03-04-07,Branch4,4,2,L3-L4,1,,0.695178491826181,-0.259913581761765,2.51978602096191,1.80095528508906,0.00314911100105398,1
111,B4_K04_I01-03-04-07,Branch4,4,3,L1-L2-L3,1,,1.31017207495944,-0.0536943657189698,1.78098485974451,1.51213027928188,0.206206510048601,1
111,B4_K04_I01-03-04-07,Branch4,4,3,L1-L2-L4,1,,1.08232621511403,-0.292499580468307,2.04826617863045,1.47421867412797,0.250002589870563,1
111,B4_K04_I01-03-04-07,Branch4,4,3,L1-L3-L4,1,,0.712158064877682,-0.262920591725089,2.49759166292707,1.79511732240541,0.301067707844822,1
111,B4_K04_I01-03-04-07,Branch4,4,3,L2-L3-L4,1,,1.07446185286734,-0.33739879214077,2.09632757439736,1.73074973223394,0.220658087439914,1
111,B4_K04_I01-03-04-07,Branch4,4,4,L1-L2-L3-L4,1,,1.11402953437173,-0.270586475208866,2.0136756135307,1.59680174573853,0.249603619278356,1
112,B4_K04_I01-03-04-08,Branch4,4,2,L1-L2,1,,1.6943865916488,0.341282576836611,1.43077617173652,1.46194198599946,0.020625242109214,1
112,B4_K04_I01-03-04-08,Branch4,4,2,L1-L3,1,,1.09835466163243,-0.120434513797032,2.00008284128414,1.56292120272953,0.233238656658539,1
112,B4_K04_I01-03-04-08,Branch4,4,2,L1-L4,1,,0.804200709677322,-0.283708977785293,2.33856396328634,1.53989837211723,0.249079698547808,1
112,B4_K04_I01-03-04-08,Branch4,4,2,L2-L3,1,,1.32529066043777,-0.158092812948785,1.77815852526531,1.60234228013593,0.169772517393945,1
112,B4_K04_I01-03-04-08,Branch4,4,2,L2-L4,1,,1.176403212578,-0.442445706645972,2.00352196040122,1.58793056751766,0.183261724901663,1
112,B4_K04_I01-03-04-08,Branch4,4,2,L3-L4,1,,0.681553434207234,-0.261604834315061,2.53579133576586,1.79821259334655,0.00661340381312476,1
112,B4_K04_I01-03-04-08,Branch4,4,3,L1-L2-L3,1,,1.30978719964581,-0.0505641908991437,1.78124636172263,1.51223459237017,0.207854676031964,1
112,B4_K04_I01-03-04-08,Branch4,4,3,L1-L2-L4,1,,1.09569370053387,-0.299554469883805,2.03644464419557,1.47113969476867,0.251923970525496,1
112,B4_K04_I01-03-04-08,Branch4,4,3,L1-L3-L4,1,,0.712040995955021,-0.266832411508151,2.4955527928669,1.78711558999996,0.295716588875607,1
112,B4_K04_I01-03-04-08,Branch4,4,3,L2-L3-L4,1,,1.07572909522374,-0.34267232435928,2.09551033424438,1.72529773441907,0.219068659786826,1
112,B4_K04_I01-03-04-08,Branch4,4,4,L1-L2-L3-L4,1,,1.10730412795329,-0.273800263938994,2.02149607687342,1.5972379221931,0.251030616527977,1
113,B4_K04_I01-03-04-09,Branch4,4,2,L1-L2,1,,5.38520231875635,2.3895331267691,-1.72630561689502,1.80616279113782,0.145587961209124,0
113,B4_K04_I01-03-04-09,Branch4,4,2,L1-L3,1,,1.06794813656413,-0.131048979542288,2.03165957470037,1.55705200722435,0.223227420093589,1
113,B4_K04_I01-03-04-09,Branch4,4,2,L1-L4,1,,0.791739678071885,-0.284868816284505,2.35190563685695,1.53030159135251,0.233146054002108,1
113,B4_K04_I01-03-04-09,Branch4,4,2,L2-L3,1,,26.6132192501339,2.47475082731955,-23.4044793298097,1.07384012311854,0.27372628283802,0
113,B4_K04_I01-03-04-09,Branch4,4,2,L2-L4,1,,6.91029405702919,2.36901859725747,9.56899800962232,1.90311243068311,0.0679504852228441,1
113,B4_K04_I01-03-04-09,Branch4,4,2,L3-L4,1,,0.671461178382054,-0.26166658418,2.53617567591359,1.7750805897333,0.0105916959069684,1
113,B4_K04_I01-03-04-09,Branch4,4,3,L1-L2-L3,1,,4.12257909625883,1.5337280867363,-0.730806471579934,1.71159978166198,0.987735630750881,0
113,B4_K04_I01-03-04-09,Branch4,4,3,L1-L2-L4,1,,0.81832736300326,-0.0480935328947642,2.27467436867908,1.55089990220726,1.44445504988874,1
113,B4_K04_I01-03-04-09,Branch4,4,3,L1-L3-L4,1,,0.717978046904029,-0.269251561748394,2.47627764471924,1.75756735616303,0.27299308603096,1
113,B4_K04_I01-03-04-09,Branch4,4,3,L2-L3-L4,1,,1.43279851544044,0.736499974776995,4.27944841708119,1.80934097062117,1.18928119141465,1
113,B4_K04_I01-03-04-09,Branch4,4,4,L1-L2-L3-L4,1,,0.803699387211245,-0.169060147269259,2.32011097472006,1.65691481881114,1.30603162024757,1
114,B4_K04_I01-03-05-06,Branch4,4,2,L1-L2,1,,1.69525600756291,0.343063974009823,1.43007235225681,1.47101301718905,0.0248307600897186,1
114,B4_K04_I01-03-05-06,Branch4,4,2,L1-L3,1,,1.09085979681912,-0.126014116376201,2.00858794515774,1.56814327870022,0.23356724451808,1
114,B4_K04_I01-03-05-06,Branch4,4,2,L1-L4,1,,0.798850581431012,-0.284203694340402,2.34449368283911,1.54013530427366,0.24240330746039,1
114,B4_K04_I01-03-05-06,Branch4,4,2,L2-L3,1,,1.31886447763732,-0.164925323003241,1.78632185841554,1.61236748355615,0.164474416465587,1
114,B4_K04_I01-03-05-06,Branch4,4,2,L2-L4,1,,1.17294132773866,-0.443061699135175,2.00804124573417,1.59409007994633,0.17174944957751,1
114,B4_K04_I01-03-05-06,Branch4,4,2,L3-L4,1,,0.694904041475056,-0.266747525607308,2.52142371566717,1.79741955775474,0.0131395349603034,1
114,B4_K04_I01-03-05-06,Branch4,4,3,L1-L2-L3,1,,1.302719302532,-0.0572132185717957,1.78872615836852,1.52214989606653,0.206612246419919,1
114,B4_K04_I01-03-05-06,Branch4,4,3,L1-L2-L4,1,,1.12717304243901,-0.31204148400975,2.00720089925757,1.47363169915216,0.250134275989803,1
114,B4_K04_I01-03-05-06,Branch4,4,3,L1-L3-L4,1,,0.745273813120781,-0.274568842687617,2.45431040837068,1.77557893650082,0.281521174698214,1
114,B4_K04_I01-03-05-06,Branch4,4,3,L2-L3-L4,1,,1.08271529250273,-0.34743095091269,2.08911942561848,1.72316409835116,0.207946407901939,1
114,B4_K04_I01-03-05-06,Branch4,4,4,L1-L2-L3-L4,1,,1.10353531200685,-0.28209932051311,2.0282882812077,1.60477778577162,0.24658874033973,1
115,B4_K04_I01-03-05-07,Branch4,4,2,L1-L2,1,,1.6959883895338,0.342227173624658,1.42938537785192,1.45979731632904,0.0229514551970018,1
115,B4_K04_I01-03-05-07,Branch4,4,2,L1-L3,1,,1.10732417017288,-0.117322234707036,1.99055473307212,1.56018651113231,0.236148999502579,1
115,B4_K04_I01-03-05-07,Branch4,4,2,L1-L4,1,,0.804657620836382,-0.28367023357148,2.33773198322064,1.53313481984891,0.249610588821586,1
115,B4_K04_I01-03-05-07,Branch4,4,2,L2-L3,1,,1.32529066043777,-0.158092812948785,1.77815852526531,1.60234228013593,0.169772517393945,1
115,B4_K04_I01-03-05-07,Branch4,4,2,L2-L4,1,,1.17543367427363,-0.442591469893314,2.00441669579341,1.58524085301067,0.180599250023113,1
115,B4_K04_I01-03-05-07,Branch4,4,2,L3-L4,1,,0.680307628149692,-0.261655632020469,2.53552520054866,1.79480925345726,0.0100022021592665,1
115,B4_K04_I01-03-05-07,Branch4,4,3,L1-L2-L3,1,,1.31124591087451,-0.050545506232212,1.77977719603,1.51127805576468,0.209129961474272,1
115,B4_K04_I01-03-05-07,Branch4,4,3,L1-L2-L4,1,,1.10522207097815,-0.302692828727682,2.02756097393458,1.46659051770465,0.252176164349575,1
115,B4_K04_I01-03-05-07,Branch4,4,3,L1-L3-L4,1,,0.723802061591624,-0.268831770168763,2.47833522011412,1.77836145702911,0.293665961613181,1
115,B4_K04_I01-03-05-07,Branch4,4,3,L2-L3-L4,1,,1.08147780267977,-0.34086952892324,2.08729276752151,1.71904430573755,0.215795200346142,1
115,B4_K04_I01-03-05-07,Branch4,4,4,L1-L2-L3-L4,1,,1.10910569161024,-0.275150674264462,2.01957464976039,1.59272060816476,0.251494054344561,1
116,B4_K04_I01-03-05-08,Branch4,4,2,L1-L2,1,,1.74816555113937,0.369728956799646,1.3820347644172,1.45269200136478,0.00822192645105237,1
116,B4_K04_I01-03-05-08,Branch4,4,2,L1-L3,1,,1.10732417017288,-0.117322234707036,1.99055473307212,1.56018651113231,0.236148999502579,1
116,B4_K04_I01-03-05-08,Branch4,4,2,L1-L4,1,,0.800130960237012,-0.288141332049553,2.34426755379193,1.53266871541774,0.250267830576817,1
116,B4_K04_I01-03-05-08,Branch4,4,2,L2-L3,1,,1.37127240806366,-0.14893462445846,1.72961153396498,1.58688910307405,0.183473153346756,1
116,B4_K04_I01-03-05-08,Branch4,4,2,L2-L4,1,,1.21072903601312,-0.457317739048566,1.97097716232666,1.5671801530385,0.197638064023508,1
116,B4_K04_I01-03-05-08,Branch4,4,2,L3-L4,1,,0.668071106692293,-0.263334320431504,2.55176843561944,1.79543327907397,0.0101136779653793,1
116,B4_K04_I01-03-05-08,Branch4,4,3,L1-L2-L3,1,,1.36889536705577,-0.0100152115965512,1.72125221637673,1.48257225459735,0.220138871108189,1
116,B4_K04_I01-03-05-08,Branch4,4,3,L1-L2-L4,1,,1.1061118228571,-0.297544236425879,2.0255936098135,1.4553925055159,0.262564774928868,1
116,B4_K04_I01-03-05-08,Branch4,4,3,L1-L3-L4,1,,0.713386341862822,-0.27090531258367,2.49184491519986,1.77882051376844,0.295273458135236,1
116,B4_K04_I01-03-05-08,Branch4,4,3,L2-L3-L4,1,,1.10239249401988,-0.351273337736464,2.06757671948569,1.71570092380239,0.236350431970154,1
116,B4_K04_I01-03-05-08,Branch4,4,4,L1-L2-L3-L4,1,,1.12209624068908,-0.274596017612304,2.00583651191036,1.59103038818627,0.262801055594819,1
117,B4_K04_I01-03-05-09,Branch4,4,2,L1-L2,1,,1.76315900191622,0.387766995833141,1.37013025447911,1.47964118317203,0.0280091285319091,1
117,B4_K04_I01-03-05-09,Branch4,4,2,L1-L3,1,,1.08538131731305,-0.120827752285281,2.0131758040769,1.56247326887928,0.234551371331071,1
117,B4_K04_I01-03-05-09,Branch4,4,2,L1-L4,1,,0.786672141840419,-0.284525889343499,2.35746624017316,1.53594951675669,0.247285810496039,1
117,B4_K04_I01-03-05-09,Branch4,4,2,L2-L3,1,,1.35189059135154,-0.159203562196722,1.75238714697949,1.61425520645919,0.156321423942392,1
117,B4_K04_I01-03-05-09,Branch4,4,2,L2-L4,1,,1.20132287434577,-0.459024594028109,1.98417402503762,1.59809171016058,0.16670923364854,1
117,B4_K04_I01-03-05-09,Branch4,4,2,L3-L4,1,,0.668071106692293,-0.263334320431504,2.55176843561944,1.79543327907397,0.0101136779653793,1
117,B4_K04_I01-03-05-09,Branch4,4,3,L1-L2-L3,1,,1.34880368817762,-0.0261823619615917,1.74150778460338,1.51243455581722,0.210000853407766,1
117,B4_K04_I01-03-05-09,Branch4,4,3,L1-L2-L4,1,,1.20643085246908,-0.330079876595559,1.93033894842742,1.45866088630003,0.27350956315401,1
117,B4_K04_I01-03-05-09,Branch4,4,3,L1-L3-L4,1,,0.711285896148217,-0.270476425284813,2.49409461049962,1.778687811339,0.290483065116163,1
117,B4_K04_I01-03-05-09,Branch4,4,3,L2-L3-L4,1,,1.11777471940485,-0.355981722713568,2.05204495726472,1.71294756559976,0.203859013890474,1
117,B4_K04_I01-03-05-09,Branch4,4,4,L1-L2-L3-L4,1,,1.13049440308729,-0.27977380964059,1.9997089508714,1.60492682707932,0.253011750572565,1
118,B4_K04_I01-03-06-07,Branch4,4,2,L1-L2,1,,1.67128973488926,0.330303086427773,1.45196041058344,1.46941319652947,0.0314310266638142,1
118,B4_K04_I01-03-06-07,Branch4,4,2,L1-L3,1,,1.10568649878421,-0.11788643723262,1.99258445464853,1.56576125250645,0.235558323923202,1
118,B4_K04_I01-03-06-07,Branch4,4,2,L1-L4,1,,0.804200709677321,-0.283708977785293,2.33856396328634,1.53989837211723,0.249079698547808,1
118,B4_K04_I01-03-06-07,Branch4,4,2,L2-L3,1,,1.30181714011652,-0.163154936157987,1.80370841651453,1.6164572683986,0.161099759592352,1
118,B4_K04_I01-03-06-07,Branch4,4,2,L2-L4,1,,1.15739199221476,-0.437672915151523,2.02335725135682,1.60135033178307,0.170438905519234,1
118,B4_K04_I01-03-06-07,Branch4,4,2,L3-L4,1,,0.683386522067336,-0.261652121505039,2.5352730831718,1.80138572229202,0.00980575344535718,1
118,B4_K04_I01-03-06-07,Branch4,4,3,L1-L2-L3,1,,1.29160887181563,-0.0563476503678655,1.79979762950809,1.52136031900323,0.20539801272116,1
118,B4_K04_I01-03-06-07,Branch4,4,3,L1-L2-L4,1,,1.11011143933155,-0.309669882512068,2.0241719285313,1.47849433402509,0.248651746494983,1
118,B4_K04_I01-03-06-07,Branch4,4,3,L1-L3-L4,1,,0.72577867729429,-0.268729989260375,2.47904774209457,1.78508984521976,0.293165353743582,1
118,B4_K04_I01-03-06-07,Branch4,4,3,L2-L3-L4,1,,1.06744357952576,-0.342762856001469,2.10524945158011,1.72850771847624,0.205727503479146,1
118,B4_K04_I01-03-06-07,Branch4,4,4,L1-L2-L3-L4,1,,1.10270916820548,-0.276487294868294,2.02711516058167,1.5989853704116,0.245930021033125,1
119,B4_K04_I01-03-06-08,Branch4,4,2,L1-L2,1,,1.69525600756291,0.343063974009823,1.43007235225681,1.47101301718905,0.0248307600897186,1
119,B4_K04_I01-03-06-08,Branch4,4,2,L1-L3,1,,1.08947294434641,-0.123526935605864,2.00954725588763,1.56568302964014,0.230310573526574,1
119,B4_K04_I01-03-06-08,Branch4,4,2,L1-L4,1,,0.801313199687254,-0.28397678558506,2.34195170382409,1.54340248645081,0.24547946427815,1
119,B4_K04_I01-03-06-08,Branch4,4,2,L2-L3,1,,1.31992484959,-0.160986906502862,1.78457624480096,1.61024356607917,0.161938016231525,1
119,B4_K04_I01-03-06-08,Branch4,4,2,L2-L4,1,,1.17389930536336,-0.442922371425727,2.0071829897041,1.59678158005025,0.174417807858167,1
119,B4_K04_I01-03-06-08,Branch4,4,2,L3-L4,1,,0.681553434207234,-0.261604834315061,2.53579133576586,1.79821259334655,0.00661340381312472,1
119,B4_K04_I01-03-06-08,Branch4,4,3,L1-L2-L3,1,,1.30377619886548,-0.0544067408698573,1.7875212328413,1.520526674762,0.204062955628152,1
119,B4_K04_I01-03-06-08,Branch4,4,3,L1-L2-L4,1,,1.12053308484766,-0.309314998283528,2.01325844434816,1.47662804228285,0.250959753820496,1
119,B4_K04_I01-03-06-08,Branch4,4,3,L1-L3-L4,1,,0.71204300227219,-0.266857373694998,2.49552230245418,1.78703422498026,0.291276053887626,1
119,B4_K04_I01-03-06-08,Branch4,4,3,L2-L3-L4,1,,1.08289386246771,-0.341963984856556,2.08702373490644,1.72306582456808,0.208639093085427,1
119,B4_K04_I01-03-06-08,Branch4,4,4,L1-L2-L3-L4,1,,1.10771950247183,-0.275692493312927,2.02205363812932,1.60259977316994,0.246647942032927,1
120,B4_K04_I01-03-06-09,Branch4,4,2,L1-L2,1,,1.70075777953421,0.348459641070656,1.42542416406991,1.4815557697721,0.0345760621489232,1
120,B4_K04_I01-03-06-09,Branch4,4,2,L1-L3,1,,1.08947294434641,-0.123526935605864,2.00954725588763,1.56568302964014,0.230310573526574,1
120,B4_K04_I01-03-06-09,Branch4,4,2,L1-L4,1,,0.801313199687254,-0.28397678558506,2.34195170382409,1.54340248645081,0.24547946427815,1
120,B4_K04_I01-03-06-09,Branch4,4,2,L2-L3,1,,1.31252959572344,-0.165090002871925,1.79363726810449,1.62215931382462,0.150135323927394,1
120,B4_K04_I01-03-06-09,Branch4,4,2,L2-L4,1,,1.1706044754677,-0.443594994998693,2.01230833243723,1.6100862755429,0.161135065692967,1
120,B4_K04_I01-03-06-09,Branch4,4,2,L3-L4,1,,0.681553434207234,-0.261604834315061,2.53579133576586,1.79821259334655,0.00661340381312472,1
120,B4_K04_I01-03-06-09,Branch4,4,3,L1-L2-L3,1,,1.31124163471086,-0.0419115923661979,1.77955137734224,1.51795690393448,0.202765769941098,1
120,B4_K04_I01-03-06-09,Branch4,4,3,L1-L2-L4,1,,1.16133414328759,-0.323718000178807,1.97489904817675,1.478704085635,0.256058264619039,1
120,B4_K04_I01-03-06-09,Branch4,4,3,L1-L3-L4,1,,0.71204300227219,-0.266857373694998,2.49552230245418,1.78703422498026,0.291276053887626,1
120,B4_K04_I01-03-06-09,Branch4,4,3,L2-L3-L4,1,,1.09089899991638,-0.343436205348475,2.07850568485732,1.72134012584353,0.194454465093164,1
120,B4_K04_I01-03-06-09,Branch4,4,4,L1-L2-L3-L4,1,,1.11503127272611,-0.277900160134444,2.01537841904279,1.60608816095814,0.242918320921443,1
121,B4_K04_I01-03-07-08,Branch4,4,2,L1-L2,1,,1.71575118390342,0.348628610344961,1.41045422432884,1.46276823211145,0.0279138992115662,1
121,B4_K04_I01-03-07-08,Branch4,4,2,L1-L3,1,,1.12903999653697,-0.11385681818914,1.96821073088292,1.55793767708333,0.237720495134682,1
121,B4_K04_I01-03-07-08,Branch4,4,2,L1-L4,1,,0.820538516238613,-0.287048255371719,2.32202295626487,1.53313632470524,0.255618002732583,1
121,B4_K04_I01-03-07-08,Branch4,4,2,L2-L3,1,,1.33979062456381,-0.157989553348465,1.76381383539422,1.60634131610083,0.164984496016287,1
121,B4_K04_I01-03-07-08,Branch4,4,2,L2-L4,1,,1.1905260516982,-0.448187435228954,1.99092079081041,1.59222361195581,0.1783850729119,1
121,B4_K04_I01-03-07-08,Branch4,4,2,L3-L4,1,,0.681553434207234,-0.261604834315061,2.53579133576586,1.79821259334655,0.00661340381312472,1
121,B4_K04_I01-03-07-08,Branch4,4,3,L1-L2-L3,1,,1.32773369514798,-0.0489784046622775,1.76323341505868,1.51297344176355,0.208662730987721,1
121,B4_K04_I01-03-07-08,Branch4,4,3,L1-L2-L4,1,,1.13528061082083,-0.310916870871092,1.99858713197024,1.46820823671931,0.256832746613128,1
121,B4_K04_I01-03-07-08,Branch4,4,3,L1-L3-L4,1,,0.713451131789212,-0.267096369484478,2.49405083237147,1.78725709123079,0.305079644522398,1
121,B4_K04_I01-03-07-08,Branch4,4,3,L2-L3-L4,1,,1.0938754094165,-0.347337774450876,2.07691283156997,1.72265280354857,0.214467871844552,1
121,B4_K04_I01-03-07-08,Branch4,4,4,L1-L2-L3-L4,1,,1.13180701443511,-0.274342373204953,1.99571205459991,1.59086953692429,0.253248766025266,1
122,B4_K04_I01-03-07-09,Branch4,4,2,L1-L2,1,,1.65695877171428,0.314036134675127,1.46369432001661,1.45501653044733,0.0243021204635123,1
122,B4_K04_I01-03-07-09,Branch4,4,2,L1-L3,1,,1.12011312851989,-0.116955010593623,1.97766105691996,1.56063845221682,0.234837632146859,1
122,B4_K04_I01-03-07-09,Branch4,4,2,L1-L4,1,,0.817548781812059,-0.287324454431863,2.32548051753731,1.53661460723247,0.252034793664824,1
122,B4_K04_I01-03-07-09,Branch4,4,2,L2-L3,1,,1.30807180857308,-0.159645824116936,1.79574144667356,1.60227347831674,0.17066443816306,1
122,B4_K04_I01-03-07-09,Branch4,4,2,L2-L4,1,,1.16104877583974,-0.436961071375569,2.01792449895092,1.58805340442965,0.183723603921465,1
122,B4_K04_I01-03-07-09,Branch4,4,2,L3-L4,1,,0.681553434207234,-0.261604834315061,2.53579133576586,1.79821259334655,0.00661340381312472,1
122,B4_K04_I01-03-07-09,Branch4,4,3,L1-L2-L3,1,,1.2960414887345,-0.0582294266431228,1.79530982057886,1.51049827149698,0.206670812727107,1
122,B4_K04_I01-03-07-09,Branch4,4,3,L1-L2-L4,1,,1.06564700953939,-0.295505013750175,2.06659864555342,1.46950404115857,0.247676552326605,1
122,B4_K04_I01-03-07-09,Branch4,4,3,L1-L3-L4,1,,0.713481135747008,-0.267126355438654,2.49398928889122,1.78717603232253,0.300638623537769,1
122,B4_K04_I01-03-07-09,Branch4,4,3,L2-L3-L4,1,,1.0584618421501,-0.340009437217396,2.1139998938279,1.72838311374295,0.219528096167499,1
122,B4_K04_I01-03-07-09,Branch4,4,4,L1-L2-L3-L4,1,,1.10372971747882,-0.273084532339224,2.0241915480188,1.58772953395732,0.248973848152466,1
123,B4_K04_I01-03-08-09,Branch4,4,2,L1-L2,1,,1.61523054161161,0.298343926546967,1.50298634465451,1.46328131545929,0.0335313127054687,1
123,B4_K04_I01-03-08-09,Branch4,4,2,L1-L3,1,,1.11307018058526,-0.115326740161904,1.98504687405845,1.56858250056478,0.237865124387945,1
123,B4_K04_I01-03-08-09,Branch4,4,2,L1-L4,1,,0.81129131559532,-0.279021060683633,2.32944791700493,1.5436047647307,0.251488800841462,1
123,B4_K04_I01-03-08-09,Branch4,4,2,L2-L3,1,,1.26908320089554,-0.165456702854538,1.83736585371379,1.61876003466485,0.165133915960095,1
123,B4_K04_I01-03-08-09,Branch4,4,2,L2-L4,1,,1.12940513335274,-0.421774565412935,2.04753607633961,1.60455208788362,0.173805034146147,1
123,B4_K04_I01-03-08-09,Branch4,4,2,L3-L4,1,,0.698669005034701,-0.259986283859722,2.51892041018232,1.8072679822153,0.00949432449565603,1
123,B4_K04_I01-03-08-09,Branch4,4,3,L1-L2-L3,1,,1.26101772509369,-0.0670639613259394,1.83100660177612,1.52457135161996,0.205385405408608,1
123,B4_K04_I01-03-08-09,Branch4,4,3,L1-L2-L4,1,,1.05384719670217,-0.292642926371049,2.07773717302942,1.48332664474296,0.241194776109491,1
123,B4_K04_I01-03-08-09,Branch4,4,3,L1-L3-L4,1,,0.738280061783338,-0.266561479645124,2.46624169872315,1.79142410467294,0.295516885784259,1
123,B4_K04_I01-03-08-09,Branch4,4,3,L2-L3-L4,1,,1.03586908476139,-0.33158218457057,2.13865537004504,1.7408763390117,0.20835651366744,1
123,B4_K04_I01-03-08-09,Branch4,4,4,L1-L2-L3-L4,1,,1.0833687304709,-0.272385282345926,2.046002701839,1.59779420001202,0.243360330557558,1
124,B4_K04_I01-04-05-06,Branch4,4,2,L1-L2,1,,1.72574270969654,0.362387069907546,1.40278946368215,1.48643099957286,0.0312604952336577,1
124,B4_K04_I01-04-05-06,Branch4,4,2,L1-L3,1,,1.08194066553269,-0.129152162411119,2.01814032086946,1.57093765524755,0.230630492609256,1
124,B4_K04_I01-04-05-06,Branch4,4,2,L1-L4,1,,0.805570581585612,-0.279546552145468,2.33618504204833,1.55060332269806,0.244313543728248,1
124,B4_K04_I01-04-05-06,Branch4,4,2,L2-L3,1,,1.3286823781492,-0.167472706390809,1.77778693868566,1.62428449756271,0.15182238612081,1
124,B4_K04_I01-04-05-06,Branch4,4,2,L2-L4,1,,1.18835568480793,-0.444204420312011,1.99357254411709,1.6127763298601,0.163124082781366,1
124,B4_K04_I01-04-05-06,Branch4,4,2,L3-L4,1,,0.709367508985007,-0.264945867991165,2.50615443178606,1.80352973876532,0.00630421762556149,1
124,B4_K04_I01-04-05-06,Branch4,4,3,L1-L2-L3,1,,1.32473715850478,-0.040322873411872,1.76605743831946,1.52187917671933,0.204869096258764,1
124,B4_K04_I01-04-05-06,Branch4,4,3,L1-L2-L4,1,,1.17996504183986,-0.32101567145103,1.95470931312027,1.48046810477335,0.259766473025218,1
124,B4_K04_I01-04-05-06,Branch4,4,3,L1-L3-L4,1,,0.735616128372342,-0.269298314241356,2.47120639934457,1.79275243134118,0.287737964415579,1
124,B4_K04_I01-04-05-06,Branch4,4,3,L2-L3-L4,1,,1.10643159080336,-0.343534353551539,2.06307592871982,1.72716065874824,0.196180869442808,1
124,B4_K04_I01-04-05-06,Branch4,4,4,L1-L2-L3-L4,1,,1.12306969881705,-0.279611367114249,2.00870726223426,1.61793662296586,0.244559110761358,1
125,B4_K04_I01-04-05-07,Branch4,4,2,L1-L2,1,,1.66787616982199,0.326829138742149,1.45489351694248,1.46231152706218,0.0248517939182755,1
125,B4_K04_I01-04-05-07,Branch4,4,2,L1-L3,1,,1.099868510795,-0.122856037199717,1.99897154314201,1.56537615381823,0.236486050793257,1
125,B4_K04_I01-04-05-07,Branch4,4,2,L1-L4,1,,0.804200709677321,-0.283708977785293,2.33856396328634,1.53989837211723,0.249079698547808,1
125,B4_K04_I01-04-05-07,Branch4,4,2,L2-L3,1,,1.304285395899,-0.165063548859808,1.80074814874572,1.60837011963931,0.169301005242088,1
125,B4_K04_I01-04-05-07,Branch4,4,2,L2-L4,1,,1.15976809182972,-0.437204015379386,2.01978423094893,1.59248180057141,0.179297674083485,1
125,B4_K04_I01-04-05-07,Branch4,4,2,L3-L4,1,,0.69600043713232,-0.266678964597744,2.52183489805586,1.80081116213043,0.00976959561747264,1
125,B4_K04_I01-04-05-07,Branch4,4,3,L1-L2-L3,1,,1.28892450575722,-0.0629529414523413,1.80276393792122,1.51966288859476,0.208008728601244,1
125,B4_K04_I01-04-05-07,Branch4,4,3,L1-L2-L4,1,,1.08251526846396,-0.299567613394583,2.05007395229189,1.47445852860816,0.247877091790026,1
125,B4_K04_I01-04-05-07,Branch4,4,3,L1-L3-L4,1,,0.735809217153769,-0.273073101824834,2.46880677662118,1.78454395853091,0.291858810171412,1
125,B4_K04_I01-04-05-07,Branch4,4,3,L2-L3-L4,1,,1.06590761890703,-0.339200122476629,2.10570230194666,1.72860527238629,0.213655933285769,1
125,B4_K04_I01-04-05-07,Branch4,4,4,L1-L2-L3-L4,1,,1.09629868003181,-0.278515563268475,2.03435841217082,1.59960278561477,0.248523091756099,1
126,B4_K04_I01-04-05-08,Branch4,4,2,L1-L2,1,,1.7499214964315,0.369550434939824,1.38052289054653,1.44215769745723,0.00694187844237513,1
126,B4_K04_I01-04-05-08,Branch4,4,2,L1-L3,1,,1.099868510795,-0.122856037199717,1.99897154314201,1.56537615381823,0.236486050793257,1
126,B4_K04_I01-04-05-08,Branch4,4,2,L1-L4,1,,0.806723855171366,-0.283476699570249,2.33595658397784,1.54316093206755,0.252145055565111,1
126,B4_K04_I01-04-05-08,Branch4,4,2,L2-L3,1,,1.38350885864631,-0.145936870269462,1.7161723248568,1.57346230910754,0.201315669673701,1
126,B4_K04_I01-04-05-08,Branch4,4,2,L2-L4,1,,1.22076453975006,-0.451205907949082,1.95702292416502,1.55515646630665,0.220137403275177,1
126,B4_K04_I01-04-05-08,Branch4,4,2,L3-L4,1,,0.697254088741847,-0.266630559408525,2.52207779831145,1.8041969458853,0.00639835189993519,1
126,B4_K04_I01-04-05-08,Branch4,4,3,L1-L2-L3,1,,1.44590737572884,0.0765388347824487,1.6473057814065,1.44149070506246,0.24836146094669,1
126,B4_K04_I01-04-05-08,Branch4,4,3,L1-L2-L4,1,,1.11398652841393,-0.273473695345229,2.01194766172236,1.43690261989548,0.273935446123082,1
126,B4_K04_I01-04-05-08,Branch4,4,3,L1-L3-L4,1,,0.724910731154492,-0.271238715190905,2.48516157053976,1.79342052036727,0.298180021129422,1
126,B4_K04_I01-04-05-08,Branch4,4,3,L2-L3-L4,1,,1.08924711687294,-0.346276783713497,2.08343750299346,1.73104893485367,0.261362166564495,1
126,B4_K04_I01-04-05-08,Branch4,4,4,L1-L2-L3-L4,1,,1.11540209361228,-0.271674305038402,2.01269644252886,1.59865063343218,0.271373353216427,1
127,B4_K04_I01-04-05-09,Branch4,4,2,L1-L2,1,,1.82139653212749,0.415682151422687,1.31765970105576,1.44080928305133,0.0230858742435423,1
127,B4_K04_I01-04-05-09,Branch4,4,2,L1-L3,1,,1.08536423330577,-0.123814032805445,2.0140333266614,1.5705784817388,0.237236416419861,1
127,B4_K04_I01-04-05-09,Branch4,4,2,L1-L4,1,,0.798594849426899,-0.279384499011166,2.34375092285928,1.55301273535735,0.255345066261428,1
127,B4_K04_I01-04-05-09,Branch4,4,2,L2-L3,1,,1.43360664257125,-0.134952204206424,1.66405079271499,1.56070227711941,0.216455303253715,1
127,B4_K04_I01-04-05-09,Branch4,4,2,L2-L4,1,,1.26164650168164,-0.460825593334096,1.91630017043527,1.54266588582838,0.241671622259526,1
127,B4_K04_I01-04-05-09,Branch4,4,2,L3-L4,1,,0.701815660651687,-0.266601318707881,2.52184697320663,1.81411955772399,0.00283068544004272,1
127,B4_K04_I01-04-05-09,Branch4,4,3,L1-L2-L3,1,,1.52213068191781,0.120712040815089,1.57425108675901,1.43060512953682,0.266219603195038,1
127,B4_K04_I01-04-05-09,Branch4,4,3,L1-L2-L4,1,,1.16289441052714,-0.261116071046201,1.95945522723977,1.42247371890015,0.295383755391358,1
127,B4_K04_I01-04-05-09,Branch4,4,3,L1-L3-L4,1,,0.716488317927207,-0.269111384588335,2.50185109533356,1.80824574344308,0.303162286915604,1
127,B4_K04_I01-04-05-09,Branch4,4,3,L2-L3-L4,1,,1.11349248929637,-0.348981952804318,2.05947530890847,1.73684590219595,0.285563644811018,1
127,B4_K04_I01-04-05-09,Branch4,4,4,L1-L2-L3-L4,1,,1.12806373541209,-0.267308846260556,1.99958595026842,1.60986797536454,0.288445046124064,1
128,B4_K04_I01-04-06-07,Branch4,4,2,L1-L2,1,,1.69395381844353,0.341653053033336,1.43117526340654,1.46754659281277,0.021567532191846,1
128,B4_K04_I01-04-06-07,Branch4,4,2,L1-L3,1,,1.09085979681912,-0.126014116376201,2.00858794515774,1.56814327870022,0.23356724451808,1
128,B4_K04_I01-04-06-07,Branch4,4,2,L1-L4,1,,0.80840001578433,-0.279285499254697,2.33283960986118,1.54709924660737,0.247903667992769,1
128,B4_K04_I01-04-06-07,Branch4,4,2,L2-L3,1,,1.3215390618914,-0.16346062738004,1.78309728023628,1.6084038582133,0.168396467267037,1
128,B4_K04_I01-04-06-07,Branch4,4,2,L2-L4,1,,1.17754149334271,-0.437777969872467,2.00101709444055,1.59523995504745,0.1812420584326,1
128,B4_K04_I01-04-06-07,Branch4,4,2,L3-L4,1,,0.709367508985007,-0.264945867991165,2.50615443178606,1.80352973876532,0.00630421762556149,1
128,B4_K04_I01-04-06-07,Branch4,4,3,L1-L2-L3,1,,1.30514960245077,-0.0550357736314415,1.78613935552393,1.51827479643258,0.207876632770571,1
128,B4_K04_I01-04-06-07,Branch4,4,3,L1-L2-L4,1,,1.1003137759573,-0.296776411818863,2.03068480561074,1.47842487809148,0.250556110097343,1
128,B4_K04_I01-04-06-07,Branch4,4,3,L1-L3-L4,1,,0.73567138420857,-0.269286736818712,2.47117182383946,1.79282883619394,0.292143632353088,1
128,B4_K04_I01-04-06-07,Branch4,4,3,L2-L3-L4,1,,1.07616863441194,-0.340826154929313,2.09639993498897,1.73395592024618,0.216680693027333,1
128,B4_K04_I01-04-06-07,Branch4,4,4,L1-L2-L3-L4,1,,1.10662164510296,-0.275966307057085,2.02384331666349,1.60846192583835,0.249333404421333,1
129,B4_K04_I01-04-06-08,Branch4,4,2,L1-L2,1,,1.72141381549356,0.357290331744136,1.4063305610239,1.4705659504626,0.020657671063405,1
129,B4_K04_I01-04-06-08,Branch4,4,2,L1-L3,1,,1.09085979681912,-0.126014116376201,2.00858794515774,1.56814327870022,0.23356724451808,1
129,B4_K04_I01-04-06-08,Branch4,4,2,L1-L4,1,,0.80840001578433,-0.279285499254697,2.33283960986118,1.54709924660737,0.247903667992769,1
129,B4_K04_I01-04-06-08,Branch4,4,2,L2-L3,1,,1.33877953057021,-0.161857958456479,1.76547201586355,1.60843547388892,0.167495682131831,1
129,B4_K04_I01-04-06-08,Branch4,4,2,L2-L4,1,,1.1928999609771,-0.443305740370136,1.98661952223491,1.59508868881696,0.180769742966962,1
129,B4_K04_I01-04-06-08,Branch4,4,2,L3-L4,1,,0.709367508985007,-0.264945867991165,2.50615443178606,1.80352973876532,0.00630421762556149,1
129,B4_K04_I01-04-06-08,Branch4,4,3,L1-L2-L3,1,,1.31951553902731,-0.0527022465057355,1.77170377133845,1.52094718225666,0.208629771095753,1
129,B4_K04_I01-04-06-08,Branch4,4,3,L1-L2-L4,1,,1.12827646337042,-0.302024407846647,2.00315468453291,1.47641409090583,0.255075117763438,1
129,B4_K04_I01-04-06-08,Branch4,4,3,L1-L3-L4,1,,0.73567138420857,-0.269286736818712,2.47117182383946,1.79282883619394,0.292143632353088,1
129,B4_K04_I01-04-06-08,Branch4,4,3,L2-L3-L4,1,,1.09300540178802,-0.343871522034505,2.07854859267003,1.73103946693519,0.216358913361648,1
129,B4_K04_I01-04-06-08,Branch4,4,4,L1-L2-L3-L4,1,,1.11755312234246,-0.276398786928495,2.01283053696388,1.61061030577808,0.251483781618139,1
130,B4_K04_I01-04-06-09,Branch4,4,2,L1-L2,1,,1.80373470599144,0.405681602124669,1.33250035530536,1.49126351364613,0.0252066525032859,1
130,B4_K04_I01-04-06-09,Branch4,4,2,L1-L3,1,,1.08194066553269,-0.129152162411119,2.01814032086946,1.57093765524755,0.230630492609256,1
130,B4_K04_I01-04-06-09,Branch4,4,2,L1-L4,1,,0.805570581585612,-0.279546552145468,2.33618504204833,1.55060332269806,0.244313543728248,1
130,B4_K04_I01-04-06-09,Branch4,4,2,L2-L3,1,,1.38290437151256,-0.161193030908824,1.72179783409122,1.62026695613304,0.153195479825463,1
130,B4_K04_I01-04-06-09,Branch4,4,2,L2-L4,1,,1.23578968296983,-0.460668837002994,1.94836439364715,1.60783554820353,0.166170936128636,1
130,B4_K04_I01-04-06-09,Branch4,4,2,L3-L4,1,,0.709367508985007,-0.264945867991165,2.50615443178606,1.80352973876532,0.00630421762556149,1
130,B4_K04_I01-04-06-09,Branch4,4,3,L1-L2-L3,1,,1.36993299923802,-0.0283674567189258,1.72057471803201,1.52420964492682,0.208811759154713,1
130,B4_K04_I01-04-06-09,Branch4,4,3,L1-L2-L4,1,,1.24863187768691,-0.330491436228461,1.88643299403523,1.4641748871796,0.279922744483827,1
130,B4_K04_I01-04-06-09,Branch4,4,3,L1-L3-L4,1,,0.735616128372342,-0.269298314241356,2.47120639934457,1.79275243134118,0.287737964415579,1
130,B4_K04_I01-04-06-09,Branch4,4,3,L2-L3-L4,1,,1.1525406236295,-0.353925737766802,2.01546699467618,1.72014831757762,0.201905778589733,1
130,B4_K04_I01-04-06-09,Branch4,4,4,L1-L2-L3-L4,1,,1.15450899036931,-0.279402432571554,1.97649734518512,1.62221754062681,0.252812561070341,1
131,B4_K04_I01-04-07-08,Branch4,4,2,L1-L2,1,,1.65476338219422,0.311388976937754,1.46563176560678,1.44797505226551,0.0176493208320668,1
131,B4_K04_I01-04-07-08,Branch4,4,2,L1-L3,1,,1.12011312851989,-0.116955010593625,1.97766105691997,1.56063845221682,0.234837632146859,1
131,B4_K04_I01-04-07-08,Branch4,4,2,L1-L4,1,,0.824568271074248,-0.28264694845772,2.3164379018115,1.5403139732118,0.254421010075315,1
131,B4_K04_I01-04-07-08,Branch4,4,2,L2-L3,1,,1.31382745704154,-0.156599588639768,1.78895759565183,1.59438123649347,0.178498300668381,1
131,B4_K04_I01-04-07-08,Branch4,4,2,L2-L4,1,,1.16627459306334,-0.431525368023727,2.00961292903526,1.5821344024711,0.194955141527098,1
131,B4_K04_I01-04-07-08,Branch4,4,2,L3-L4,1,,0.695178491826181,-0.259913581761765,2.51978602096191,1.80095528508906,0.00314911100105398,1
131,B4_K04_I01-04-07-08,Branch4,4,3,L1-L2-L3,1,,1.30580940429496,-0.046196886497692,1.78501495978861,1.49574643119739,0.210457184873373,1
131,B4_K04_I01-04-07-08,Branch4,4,3,L1-L2-L4,1,,1.07137571881873,-0.281040456067013,2.05702539977024,1.45727216120436,0.253339596847637,1
131,B4_K04_I01-04-07-08,Branch4,4,3,L1-L3-L4,1,,0.712261427852948,-0.26292421561681,2.49746695612671,1.79511318230073,0.305440794288842,1
131,B4_K04_I01-04-07-08,Branch4,4,3,L2-L3-L4,1,,1.05129317694942,-0.334159016952106,2.12141971529929,1.73538761092951,0.231760233436614,1
131,B4_K04_I01-04-07-08,Branch4,4,4,L1-L2-L3-L4,1,,1.10343242557125,-0.268110435046458,2.02331573590871,1.58868254146836,0.252225370550368,1
132,B4_K04_I01-04-07-09,Branch4,4,2,L1-L2,1,,1.70950582975948,0.343051522678022,1.41582772269669,1.45672159107626,0.0135387547416574,1
132,B4_K04_I01-04-07-09,Branch4,4,2,L1-L3,1,,1.11127042089813,-0.120034052454623,1.98705008760938,1.56336612164215,0.231937194339664,1
132,B4_K04_I01-04-07-09,Branch4,4,2,L1-L4,1,,0.82163625652161,-0.282916247192924,2.31985277848396,1.54379260549725,0.250847790185975,1
132,B4_K04_I01-04-07-09,Branch4,4,2,L2-L3,1,,1.34816315284016,-0.153547854465693,1.75395237710904,1.59457109723544,0.176662868293513,1
132,B4_K04_I01-04-07-09,Branch4,4,2,L2-L4,1,,1.1969482944707,-0.442574290782082,1.98089600765383,1.58186300102518,0.193979674404399,1
132,B4_K04_I01-04-07-09,Branch4,4,2,L3-L4,1,,0.695178491826181,-0.259913581761765,2.51978602096191,1.80095528508906,0.00314911100105398,1
132,B4_K04_I01-04-07-09,Branch4,4,3,L1-L2-L3,1,,1.33723332944014,-0.0351561331093393,1.75323077146198,1.49775204443137,0.211202991597451,1
132,B4_K04_I01-04-07-09,Branch4,4,3,L1-L2-L4,1,,1.09025284210537,-0.288141106309788,2.0390399960064,1.46669785924043,0.255600290168241,1
132,B4_K04_I01-04-07-09,Branch4,4,3,L1-L3-L4,1,,0.712158064877682,-0.262920591725089,2.49759166292707,1.79511732240541,0.301067707844822,1
132,B4_K04_I01-04-07-09,Branch4,4,3,L2-L3-L4,1,,1.08473517006477,-0.340732186307859,2.0861446928082,1.72984013707831,0.230862208589128,1
132,B4_K04_I01-04-07-09,Branch4,4,4,L1-L2-L3-L4,1,,1.12113169263114,-0.26958289707919,2.00609709229761,1.59703515084055,0.254751643118929,1
133,B4_K04_I01-04-08-09,Branch4,4,2,L1-L2,1,,1.65955459102328,0.311266402204685,1.46172020205148,1.42293141341808,0.0172793106069112,1
133,B4_K04_I01-04-08-09,Branch4,4,2,L1-L3,1,,1.10968135718478,-0.120592418894153,1.98904695477381,1.5689389236635,0.231341435590283,1
133,B4_K04_I01-04-08-09,Branch4,4,2,L1-L4,1,,0.82128481728967,-0.282954514680582,2.32065378564136,1.55051629622633,0.250318545594769,1
133,B4_K04_I01-04-08-09,Branch4,4,2,L2-L3,1,,1.34602399984736,-0.140322552286149,1.75272954819858,1.56162733341473,0.215523621851363,1
133,B4_K04_I01-04-08-09,Branch4,4,2,L2-L4,1,,1.18278576669953,-0.428822167100764,1.98861860987711,1.54530731067901,0.237175963341681,1
133,B4_K04_I01-04-08-09,Branch4,4,2,L3-L4,1,,0.698268778276235,-0.259912479681103,2.51949837482766,1.80749420368054,0.00294970794517647,1
133,B4_K04_I01-04-08-09,Branch4,4,3,L1-L2-L3,1,,1.46277008690474,0.116345017304711,1.63446791050131,1.41289948030442,0.265983640940127,1
133,B4_K04_I01-04-08-09,Branch4,4,3,L1-L2-L4,1,,1.11531753342537,-0.245138271618268,2.00603596932273,1.40585963484268,0.279482848972781,1
133,B4_K04_I01-04-08-09,Branch4,4,3,L1-L3-L4,1,,0.715084173476838,-0.262920069228046,2.49733116100349,1.8015991704841,0.300319154402377,1
133,B4_K04_I01-04-08-09,Branch4,4,3,L2-L3-L4,1,,1.03194374316246,-0.329266137136955,2.14324070369456,1.74523159430686,0.281932119588511,1
133,B4_K04_I01-04-08-09,Branch4,4,4,L1-L2-L3-L4,1,,1.08774790154085,-0.261613738752765,2.03781583071327,1.58753412423003,0.26874478741814,1
134,B4_K04_I01-05-06-07,Branch4,4,2,L1-L2,1,,1.65732359901422,0.327099005932066,1.46534744237925,1.48477439051866,0.0489300210817979,1
134,B4_K04_I01-05-06-07,Branch4,4,2,L1-L3,1,,1.10568649878421,-0.11788643723262,1.99258445464853,1.56576125250645,0.235558323923202,1
134,B4_K04_I01-05-06-07,Branch4,4,2,L1-L4,1,,0.801723061230591,-0.283938708733424,2.34113625615035,1.53663017525524,0.246009423030776,1
134,B4_K04_I01-05-06-07,Branch4,4,2,L2-L3,1,,1.27280401258331,-0.171469133739762,1.83621177942268,1.63654116069625,0.142120646181694,1
134,B4_K04_I01-05-06-07,Branch4,4,2,L2-L4,1,,1.13630644999683,-0.433413445707237,2.04659118764383,1.62100902314323,0.145951738960293,1
134,B4_K04_I01-05-06-07,Branch4,4,2,L3-L4,1,,0.682257120557396,-0.261722416955938,2.53485446688276,1.79797582464687,0.0131936409286096,1
134,B4_K04_I01-05-06-07,Branch4,4,3,L1-L2-L3,1,,1.27859993694142,-0.050779742375999,1.81264244338507,1.52443131329995,0.201868458210334,1
134,B4_K04_I01-05-06-07,Branch4,4,3,L1-L2-L4,1,,1.15176693556937,-0.331289424632411,1.98699389778651,1.48614613853804,0.251316368529685,1
134,B4_K04_I01-05-06-07,Branch4,4,3,L1-L3-L4,1,,0.736154645233601,-0.270412079092193,2.46352707855214,1.77628363663567,0.287084190004474,1
134,B4_K04_I01-05-06-07,Branch4,4,3,L2-L3-L4,1,,1.07359750728645,-0.336722113809161,2.09460834260125,1.72005743364981,0.178189583780882,1
134,B4_K04_I01-05-06-07,Branch4,4,4,L1-L2-L3-L4,1,,1.10132674297602,-0.281884358075305,2.03023953670054,1.60183105564593,0.237608153527549,1
135,B4_K04_I01-05-06-08,Branch4,4,2,L1-L2,1,,1.67128973488926,0.330303086427773,1.45196041058344,1.46941319652947,0.0314310266638142,1
135,B4_K04_I01-05-06-08,Branch4,4,2,L1-L3,1,,1.10568649878421,-0.11788643723262,1.99258445464853,1.56576125250645,0.235558323923202,1
135,B4_K04_I01-05-06-08,Branch4,4,2,L1-L4,1,,0.801723061230591,-0.283938708733424,2.34113625615035,1.53663017525524,0.246009423030776,1
135,B4_K04_I01-05-06-08,Branch4,4,2,L2-L3,1,,1.30181714011652,-0.163154936157987,1.80370841651453,1.6164572683986,0.161099759592352,1
135,B4_K04_I01-05-06-08,Branch4,4,2,L2-L4,1,,1.15642714001681,-0.437810890921302,2.02420648591524,1.59863842706077,0.167748584513422,1
135,B4_K04_I01-05-06-08,Branch4,4,2,L3-L4,1,,0.682257120557396,-0.261722416955938,2.53485446688276,1.79797582464687,0.0131936409286096,1
135,B4_K04_I01-05-06-08,Branch4,4,3,L1-L2-L3,1,,1.29160887181563,-0.0563476503678655,1.79979762950809,1.52136031900323,0.20539801272116,1
135,B4_K04_I01-05-06-08,Branch4,4,3,L1-L2-L4,1,,1.11641760311454,-0.31234717314827,2.01844159258447,1.47570828397605,0.247734247729403,1
135,B4_K04_I01-05-06-08,Branch4,4,3,L1-L3-L4,1,,0.736154645233601,-0.270412079092193,2.46352707855214,1.77628363663567,0.287084190004474,1
135,B4_K04_I01-05-06-08,Branch4,4,3,L2-L3-L4,1,,1.07116385639477,-0.342548204570711,2.09992800124675,1.72318192596321,0.203170227250376,1
135,B4_K04_I01-05-06-08,Branch4,4,4,L1-L2-L3-L4,1,,1.10076570307949,-0.278328228834372,2.02948878823128,1.59764476341742,0.244871865719217,1
136,B4_K04_I01-05-06-09,Branch4,4,2,L1-L2,1,,1.65184548807203,0.30929646588888,1.46817006548122,1.44904044592652,0.00953213284311883,1
136,B4_K04_I01-05-06-09,Branch4,4,2,L1-L3,1,,1.10968135718478,-0.120592418894153,1.98904695477381,1.5689389236635,0.231341435590283,1
136,B4_K04_I01-05-06-09,Branch4,4,2,L1-L4,1,,0.804578098449904,-0.288541631331489,2.3397030910032,1.53382590492023,0.235647904472102,1
136,B4_K04_I01-05-06-09,Branch4,4,2,L2-L3,1,,1.31871097667919,-0.15409891826612,1.78360964872588,1.59271684583329,0.184610115597169,1
136,B4_K04_I01-05-06-09,Branch4,4,2,L2-L4,1,,1.16233071109363,-0.436664502148061,2.01487555630151,1.56666502139228,0.188965360700749,1
136,B4_K04_I01-05-06-09,Branch4,4,2,L3-L4,1,,0.680480604717001,-0.261924949326504,2.53350544538744,1.79114083362334,0.0199642342564198,1
136,B4_K04_I01-05-06-09,Branch4,4,3,L1-L2-L3,1,,1.32561739393852,-0.0173728702737287,1.7646830658682,1.47775853884574,0.216766036892354,1
136,B4_K04_I01-05-06-09,Branch4,4,3,L1-L2-L4,1,,1.06897779492739,-0.290276246150164,2.06226281851788,1.45299454533819,0.243908324156455,1
136,B4_K04_I01-05-06-09,Branch4,4,3,L1-L3-L4,1,,0.75688093372582,-0.273663084368993,2.43344950137304,1.75868650301863,0.271663679477846,1
136,B4_K04_I01-05-06-09,Branch4,4,3,L2-L3-L4,1,,1.07609711708011,-0.3315586364773,2.08821272093727,1.7108936307088,0.224126842205494,1
136,B4_K04_I01-05-06-09,Branch4,4,4,L1-L2-L3-L4,1,,1.08486400383907,-0.27784772579061,2.04494360556196,1.58710729328184,0.248419715801064,1
137,B4_K04_I01-05-07-08,Branch4,4,2,L1-L2,1,,1.66468522859962,0.321785765349993,1.45699788213639,1.46942362695031,0.0375165024363641,1
137,B4_K04_I01-05-07-08,Branch4,4,2,L1-L3,1,,1.12736629806288,-0.114425217870472,1.97025227232608,1.5634560154153,0.237128497394531,1
137,B4_K04_I01-05-07-08,Branch4,4,2,L1-L4,1,,0.815081933862319,-0.287557763265727,2.32805760018819,1.53335972217172,0.248982834867139,1
137,B4_K04_I01-05-07-08,Branch4,4,2,L2-L3,1,,1.29930754815235,-0.164553800109494,1.80679497079022,1.62044502715319,0.157156490646732,1
137,B4_K04_I01-05-07-08,Branch4,4,2,L2-L4,1,,1.15533755030885,-0.438033482976677,2.02590105659652,1.60307745433689,0.163313041484305,1
137,B4_K04_I01-05-07-08,Branch4,4,2,L3-L4,1,,0.682257120557396,-0.261722416955938,2.53485446688276,1.79797582464687,0.0131936409286096,1
137,B4_K04_I01-05-07-08,Branch4,4,3,L1-L2-L3,1,,1.29537562416477,-0.0550614816955733,1.79593136311807,1.51877775152451,0.20477702750824,1
137,B4_K04_I01-05-07-08,Branch4,4,3,L1-L2-L4,1,,1.12594244383235,-0.318346869488308,2.01024539439111,1.47694248112782,0.247295116618715,1
137,B4_K04_I01-05-07-08,Branch4,4,3,L1-L3-L4,1,,0.738773102921795,-0.270948465307178,2.46076644717211,1.77647380118913,0.291758901218389,1
137,B4_K04_I01-05-07-08,Branch4,4,3,L2-L3-L4,1,,1.07888203842257,-0.338511264682551,2.0894860756664,1.7199283149766,0.19692411452407,1
137,B4_K04_I01-05-07-08,Branch4,4,4,L1-L2-L3-L4,1,,1.11018666903973,-0.27892896642409,2.01937575014712,1.59206947067341,0.243872022774925,1
138,B4_K04_I01-05-07-09,Branch4,4,2,L1-L2,1,,1.69221938790377,0.338151742397431,1.4320556641055,1.47808117278883,0.0373318965286576,1
138,B4_K04_I01-05-07-09,Branch4,4,2,L1-L3,1,,1.11848131904796,-0.117518439494446,1.97968043302565,1.56618411162781,0.234243751420183,1
138,B4_K04_I01-05-07-09,Branch4,4,2,L1-L4,1,,0.812168064276539,-0.287827689326739,2.33143929307491,1.53684887782334,0.245388676443102,1
138,B4_K04_I01-05-07-09,Branch4,4,2,L2-L3,1,,1.3141736336151,-0.164314958492399,1.79208885038473,1.62441696592149,0.152363279589785,1
138,B4_K04_I01-05-07-09,Branch4,4,2,L2-L4,1,,1.16966394681619,-0.44372450930019,2.01311131716308,1.60739214638734,0.158458413749904,1
138,B4_K04_I01-05-07-09,Branch4,4,2,L3-L4,1,,0.682257120557396,-0.261722416955938,2.53485446688276,1.79797582464687,0.0131936409286096,1
138,B4_K04_I01-05-07-09,Branch4,4,3,L1-L2-L3,1,,1.31549397880152,-0.0428499245730343,1.77531519524028,1.51709258204653,0.204363710478946,1
138,B4_K04_I01-05-07-09,Branch4,4,3,L1-L2-L4,1,,1.16299771835365,-0.327396741747928,1.97429084264052,1.47616425850036,0.253302516290826,1
138,B4_K04_I01-05-07-09,Branch4,4,3,L1-L3-L4,1,,0.738695754026369,-0.270977225826918,2.46080021188831,1.7763157374091,0.287330642498852,1
138,B4_K04_I01-05-07-09,Branch4,4,3,L2-L3-L4,1,,1.09974272428692,-0.3401914308468,2.06667676399771,1.71566966559585,0.192101720552858,1
138,B4_K04_I01-05-07-09,Branch4,4,4,L1-L2-L3-L4,1,,1.12046275678302,-0.280725718578726,2.00978978102312,1.59887235753319,0.243025904862557,1
139,B4_K04_I01-05-08-09,Branch4,4,2,L1-L2,1,,1.73817460811896,0.359473875690333,1.38992807014555,1.45775151687191,0.0149696672061172,1
139,B4_K04_I01-05-08-09,Branch4,4,2,L1-L3,1,,1.12905426572533,-0.116735024989691,1.96893076705585,1.5658805270108,0.240335578312613,1
139,B4_K04_I01-05-08-09,Branch4,4,2,L1-L4,1,,0.815593691835138,-0.291541269230738,2.3293138799611,1.53941300897878,0.255744718635879,1
139,B4_K04_I01-05-08-09,Branch4,4,2,L2-L3,1,,1.36621379175673,-0.154862029839245,1.73620001288052,1.59891143197654,0.180387318771767,1
139,B4_K04_I01-05-08-09,Branch4,4,2,L2-L4,1,,1.20967277484269,-0.45753090209604,1.97314471648432,1.5812894304686,0.194050472450855,1
139,B4_K04_I01-05-08-09,Branch4,4,2,L3-L4,1,,0.687042605592915,-0.268377405352269,2.53763437490571,1.8080476041304,0.00968994289494809,1
139,B4_K04_I01-05-08-09,Branch4,4,3,L1-L2-L3,1,,1.35214354203686,-0.0370981379935054,1.73837371182342,1.50471842552061,0.21671725089752,1
139,B4_K04_I01-05-08-09,Branch4,4,3,L1-L2-L4,1,,1.11215495912226,-0.302435964153824,2.02033630137306,1.46477625053569,0.261735232222209,1
139,B4_K04_I01-05-08-09,Branch4,4,3,L1-L3-L4,1,,0.729565383508786,-0.275440090201773,2.48079323405993,1.79200260590756,0.302106095167849,1
139,B4_K04_I01-05-08-09,Branch4,4,3,L2-L3-L4,1,,1.10815915500731,-0.350236438341521,2.06322438880943,1.7260154736928,0.23098443956733,1
139,B4_K04_I01-05-08-09,Branch4,4,4,L1-L2-L3-L4,1,,1.13244867508055,-0.278137582435798,1.99648216624281,1.59642735184294,0.261947060215516,1
140,B4_K04_I01-06-07-08,Branch4,4,2,L1-L2,1,,1.68091804514745,0.336840038244915,1.44318986715399,1.49362430449199,0.0547144119046782,1
140,B4_K04_I01-06-07-08,Branch4,4,2,L1-L3,1,,1.11271464670136,-0.122461169596431,1.98600396174683,1.56580193345273,0.23516045480607,1
140,B4_K04_I01-06-07-08,Branch4,4,2,L1-L4,1,,0.822243941987504,-0.286890444269626,2.321042321203,1.54983032551628,0.257590796971734,1
140,B4_K04_I01-06-07-08,Branch4,4,2,L2-L3,1,,1.28322551896986,-0.177195988530905,1.8273045332183,1.64446270229008,0.133632382911771,1
140,B4_K04_I01-06-07-08,Branch4,4,2,L2-L4,1,,1.15393130266755,-0.438776616488419,2.03205258505076,1.64064067441967,0.147482125677026,1
140,B4_K04_I01-06-07-08,Branch4,4,2,L3-L4,1,,0.700228198258098,-0.266594309633097,2.52205809608436,1.81094854475253,0.00034684394627026,1
140,B4_K04_I01-06-07-08,Branch4,4,3,L1-L2-L3,1,,1.29968812366439,-0.0564513451766342,1.7919796075916,1.53384560996559,0.200073491292998,1
140,B4_K04_I01-06-07-08,Branch4,4,3,L1-L2-L4,1,,1.15294873114153,-0.335141851319167,1.98687603395882,1.50939317203041,0.253856946899811,1
140,B4_K04_I01-06-07-08,Branch4,4,3,L1-L3-L4,1,,0.716666594573622,-0.269470618564181,2.50012538877764,1.80503202543939,0.306774502983971,1
140,B4_K04_I01-06-07-08,Branch4,4,3,L2-L3-L4,1,,1.07822355025864,-0.346571425652533,2.09762602014684,1.74010030271516,0.178594848319249,1
140,B4_K04_I01-06-07-08,Branch4,4,4,L1-L2-L3-L4,1,,1.1253472140167,-0.280338721069714,2.00588108212521,1.61181558688373,0.240375209786928,1
141,B4_K04_I01-06-07-09,Branch4,4,2,L1-L2,1,,5.44986284281291,2.4195929928883,-1.78293040136892,1.81800009064962,0.13645050549139,0
141,B4_K04_I01-06-07-09,Branch4,4,2,L1-L3,1,,1.07596383638694,-0.134253910592146,2.02477926655826,1.57056099311271,0.231552521400855,1
141,B4_K04_I01-06-07-09,Branch4,4,2,L1-L4,1,,0.803084087331978,-0.279768135912352,2.3387131650683,1.54734905608642,0.241241571962859,1
141,B4_K04_I01-06-07-09,Branch4,4,2,L2-L3,1,,24.9000488264216,2.59880021640728,-21.6715105875001,1.14466576508409,0.55248861601799,0
141,B4_K04_I01-06-07-09,Branch4,4,2,L2-L4,1,,6.37906560309781,2.22047342139433,9.05784946058818,1.88307775877022,0.170914887492704,1
141,B4_K04_I01-06-07-09,Branch4,4,2,L3-L4,1,,0.720628156101371,-0.269949009237646,2.49277983904347,1.79960065274417,0.00962293965280911,1
141,B4_K04_I01-06-07-09,Branch4,4,3,L1-L2-L3,1,,4.02900266853245,1.50852656885048,-0.640006742269684,1.71038012438554,0.986504656152386,0
141,B4_K04_I01-06-07-09,Branch4,4,3,L1-L2-L4,1,,0.825222525706155,-0.0420329951253979,2.26799975155077,1.5595066030205,1.42012443884745,1
141,B4_K04_I01-06-07-09,Branch4,4,3,L1-L3-L4,1,,0.755782540237532,-0.275295802778076,2.44565036420935,1.78325433087092,0.280423086570714,1
141,B4_K04_I01-06-07-09,Branch4,4,3,L2-L3-L4,1,,1.43821316761592,0.615581517049982,4.34573119230578,1.83564219645412,1.1775316325946,1
141,B4_K04_I01-06-07-09,Branch4,4,4,L1-L2-L3-L4,1,,0.813660474499836,-0.168928481766685,2.31388986948959,1.67652082350369,1.28834276702634,1
142,B4_K04_I01-06-08-09,Branch4,4,2,L1-L2,1,,5.34686531074963,2.37247930373703,-1.69111551925972,1.81819018861529,0.132053280035173,0
142,B4_K04_I01-06-08-09,Branch4,4,2,L1-L3,1,,1.12550550915641,-0.12205879095869,1.97309419889198,1.56622487555575,0.233846119318307,1
142,B4_K04_I01-06-08-09,Branch4,4,2,L1-L4,1,,0.830005150837408,-0.291006480005126,2.3140898395825,1.54676753117864,0.253893003257215,1
142,B4_K04_I01-06-08-09,Branch4,4,2,L2-L3,1,,21.0665816593272,2.06573889348157,-17.8737132108546,1.26269419286941,0.462363519539271,0
142,B4_K04_I01-06-08-09,Branch4,4,2,L2-L4,1,,7.19003288232292,2.49149317223453,9.82189641260371,1.91304395839524,0.224773399280642,1
142,B4_K04_I01-06-08-09,Branch4,4,2,L3-L4,1,,0.698663764508136,-0.266602335131208,2.52215223734477,1.80757628189884,0.00302610486623518,1
142,B4_K04_I01-06-08-09,Branch4,4,3,L1-L2-L3,1,,4.06071195976926,1.50795467468539,-0.67421279788152,1.71484024663117,0.981879580845125,0
142,B4_K04_I01-06-08-09,Branch4,4,3,L1-L2-L4,1,,0.879029825004538,0.012200828109774,2.21425917443042,1.57498386140795,1.43692855254021,1
142,B4_K04_I01-06-08-09,Branch4,4,3,L1-L3-L4,1,,0.715947531135906,-0.269654009366847,2.49934909363348,1.80166055323888,0.305526468351299,1
142,B4_K04_I01-06-08-09,Branch4,4,3,L2-L3-L4,1,,1.2035235109876,0.71017765897422,4.00705449601232,1.82113484011767,1.22693782321605,1
142,B4_K04_I01-06-08-09,Branch4,4,4,L1-L2-L3-L4,1,,0.856492412388875,-0.167173989223658,2.26841829703388,1.67503032639532,1.32464632961229,1
143,B4_K04_I01-07-08-09,Branch4,4,2,L1-L2,1,,5.39956889498089,2.39876880316386,-1.73622044599238,1.82992224432147,0.127092646930271,0
143,B4_K04_I01-07-08-09,Branch4,4,2,L1-L3,1,,1.08523163069113,-0.142338202604838,2.01550011985583,1.55401421944204,0.226355060197139,1
143,B4_K04_I01-07-08-09,Branch4,4,2,L1-L4,1,,0.816857127695676,-0.304376983671429,2.33333415185986,1.54546441615894,0.255862346469221,1
143,B4_K04_I01-07-08-09,Branch4,4,2,L2-L3,1,,22.2122250893441,2.30974848214986,-19.0016833423376,1.42561941936475,0.49735997951072,0
143,B4_K04_I01-07-08-09,Branch4,4,2,L2-L4,1,,6.91887735194566,2.33176690713282,9.59423033061505,1.8587683213078,0.268755019519601,1
143,B4_K04_I01-07-08-09,Branch4,4,2,L3-L4,1,,0.682401888523745,-0.281868165325699,2.54333186794877,1.795595379254,0.0095641528743006,1
143,B4_K04_I01-07-08-09,Branch4,4,3,L1-L2-L3,1,,4.0150495107802,1.41511632062579,-0.661730957436414,1.70635696287773,0.97421710820162,0
143,B4_K04_I01-07-08-09,Branch4,4,3,L1-L2-L4,1,,0.847752929246708,-0.0011039568773496,2.24525870485515,1.5713859552194,1.42448238671284,1
143,B4_K04_I01-07-08-09,Branch4,4,3,L1-L3-L4,1,,0.72545497641096,-0.288786466031191,2.48602924625408,1.77947563123863,0.291561824273204,1
143,B4_K04_I01-07-08-09,Branch4,4,3,L2-L3-L4,1,,1.24114986101234,0.660518659931398,4.09753306820453,1.79840441325112,1.21164470444315,1
143,B4_K04_I01-07-08-09,Branch4,4,4,L1-L2-L3-L4,1,,0.829405027037296,-0.181107293258248,2.29730509807834,1.66354705644193,1.31341119331744,1
144,B4_K04_I02-03-04-05,Branch4,4,2,L1-L2,1,,1.78501586543853,0.395904490664635,1.34998899153467,1.45637701800292,0.00178466108512872,1
144,B4_K04_I02-03-04-05,Branch4,4,2,L1-L3,1,,1.10217724833938,-0.117960109901958,1.99643238823956,1.57063977447204,0.242461395683293,1
144,B4_K04_I02-03-04-05,Branch4,4,2,L1-L4,1,,0.800926818216384,-0.275117036932115,2.33906090443977,1.54341496155817,0.252132973499612,1
144,B4_K04_I02-03-04-05,Branch4,4,2,L2-L3,1,,1.39436367583048,-0.147593218044263,1.70636060189776,1.58948920874661,0.193053567761189,1
144,B4_K04_I02-03-04-05,Branch4,4,2,L2-L4,1,,1.23244545490167,-0.452931148653027,1.94584348627962,1.56841817009294,0.206167311867839,1
144,B4_K04_I02-03-04-05,Branch4,4,2,L3-L4,1,,0.713054597807477,-0.265052438424747,2.50500407944886,1.8097964449086,0.0126171092679295,1
144,B4_K04_I02-03-04-05,Branch4,4,3,L1-L2-L3,1,,1.40665204662481,0.0223428936157801,1.68374076637283,1.47538814885131,0.233629932180198,1
144,B4_K04_I02-03-04-05,Branch4,4,3,L1-L2-L4,1,,1.12393097350226,-0.282755980404262,2.00305795863489,1.45725789597573,0.270530185406425,1
144,B4_K04_I02-03-04-05,Branch4,4,3,L1-L3-L4,1,,0.757433378884221,-0.271729730360602,2.44465421978614,1.78878556239239,0.292164121424576,1
144,B4_K04_I02-03-04-05,Branch4,4,3,L2-L3-L4,1,,1.12101947397762,-0.345522829311834,2.04841693560052,1.72891779183279,0.245347402543812,1
144,B4_K04_I02-03-04-05,Branch4,4,4,L1-L2-L3-L4,1,,1.12894607690766,-0.273976574446497,2.00037171158092,1.61030083543058,0.271086888893631,1
145,B4_K04_I02-03-04-06,Branch4,4,2,L1-L2,1,,1.76426539166081,0.387080643020751,1.36872659195407,1.4956637845253,0.0441982627207216,1
145,B4_K04_I02-03-04-06,Branch4,4,2,L1-L3,1,,1.099868510795,-0.122856037199717,1.99897154314201,1.56537615381823,0.236486050793257,1
145,B4_K04_I02-03-04-06,Branch4,4,2,L1-L4,1,,0.813390731258709,-0.274798439356571,2.32552252399487,1.54079813850648,0.247779473600517,1
145,B4_K04_I02-03-04-06,Branch4,4,2,L2-L3,1,,1.33937845683085,-0.169655270269622,1.76840793102846,1.63618422494491,0.139200045854355,1
145,B4_K04_I02-03-04-06,Branch4,4,2,L2-L4,1,,1.2014647542302,-0.445731110524895,1.98111872555334,1.62338416409422,0.146582009598771,1
145,B4_K04_I02-03-04-06,Branch4,4,2,L3-L4,1,,0.720321513629582,-0.263324433906094,2.4901574027289,1.79951992255059,0.00954623028736462,1
145,B4_K04_I02-03-04-06,Branch4,4,3,L1-L2-L3,1,,1.35115931297599,-0.0368985890617324,1.73967020829379,1.52965529965557,0.20608708719352,1
145,B4_K04_I02-03-04-06,Branch4,4,3,L1-L2-L4,1,,1.15092233603482,-0.3322995486386,1.98825767166714,1.51905454061702,0.250789140047282,1
145,B4_K04_I02-03-04-06,Branch4,4,3,L1-L3-L4,1,,0.756607168145605,-0.268964413847023,2.44215074645175,1.78355580694146,0.288883327562195,1
145,B4_K04_I02-03-04-06,Branch4,4,3,L2-L3-L4,1,,1.13347572532148,-0.345942476062884,2.03325429399876,1.7199534859839,0.180547709613503,1
145,B4_K04_I02-03-04-06,Branch4,4,4,L1-L2-L3-L4,1,,1.14960290692893,-0.281540573887748,1.98164231063072,1.6177496551604,0.245233429959758,1
146,B4_K04_I02-03-04-07,Branch4,4,2,L1-L2,1,,1.74633328261528,0.368285322756453,1.38308009061162,1.47831410722137,0.0342288134289913,1
146,B4_K04_I02-03-04-07,Branch4,4,2,L1-L3,1,,1.11435906096998,-0.121889499016645,1.98396639665325,1.56023898291933,0.235754673249235,1
146,B4_K04_I02-03-04-07,Branch4,4,2,L1-L4,1,,0.826618413244782,-0.27844159483433,2.31259404734483,1.5375268458273,0.250725262361702,1
146,B4_K04_I02-03-04-07,Branch4,4,2,L2-L3,1,,1.34674300659448,-0.165253335227664,1.75866053563291,1.61808171588365,0.152711791451898,1
146,B4_K04_I02-03-04-07,Branch4,4,2,L2-L4,1,,1.20526227952089,-0.444932214517066,1.97486840766801,1.60570723108633,0.164215947478113,1
146,B4_K04_I02-03-04-07,Branch4,4,2,L3-L4,1,,0.718603003180429,-0.263279581056689,2.49065023628198,1.79640175287892,0.00640985316157885,1
146,B4_K04_I02-03-04-07,Branch4,4,3,L1-L2-L3,1,,1.34575753954471,-0.0358149803598063,1.7447777623172,1.51256079881832,0.2078526181556,1
146,B4_K04_I02-03-04-07,Branch4,4,3,L1-L2-L4,1,,1.2006846452999,-0.320800120480144,1.93333228865337,1.47083314060447,0.263409367439448,1
146,B4_K04_I02-03-04-07,Branch4,4,3,L1-L3-L4,1,,0.745971585018107,-0.267743220230215,2.45505058887275,1.78570337587144,0.295771299463285,1
146,B4_K04_I02-03-04-07,Branch4,4,3,L2-L3-L4,1,,1.12150945937466,-0.342684644046745,2.04514494783678,1.72051898369616,0.197617351837553,1
146,B4_K04_I02-03-04-07,Branch4,4,4,L1-L2-L3-L4,1,,1.145526357701,-0.277544270943757,1.98369750230208,1.606276043591,0.248190463866734,1
147,B4_K04_I02-03-04-08,Branch4,4,2,L1-L2,1,,1.79106403390874,0.389864029335786,1.34221056203003,1.466110581118,0.0110410923038118,1
147,B4_K04_I02-03-04-08,Branch4,4,2,L1-L3,1,,1.09230840476193,-0.132620558255753,2.00741796362109,1.5597124204097,0.231433852012782,1
147,B4_K04_I02-03-04-08,Branch4,4,2,L1-L4,1,,0.819146143840161,-0.283144134909426,2.32241583719761,1.54055067014919,0.24779985723761,1
147,B4_K04_I02-03-04-08,Branch4,4,2,L2-L3,1,,1.3927519610789,-0.158882109662931,1.70942606703944,1.59235862681953,0.172474898074259,1
147,B4_K04_I02-03-04-08,Branch4,4,2,L2-L4,1,,1.24242605630641,-0.459433154852807,1.93833606374401,1.57882803776864,0.189947809415175,1
147,B4_K04_I02-03-04-08,Branch4,4,2,L3-L4,1,,0.717318893213155,-0.269877485206968,2.49362892834667,1.79334976126455,0.00334171225841918,1
147,B4_K04_I02-03-04-08,Branch4,4,3,L1-L2-L3,1,,1.37359421865067,-0.0345789176793336,1.71684485895451,1.50321474462716,0.213511981849423,1
147,B4_K04_I02-03-04-08,Branch4,4,3,L1-L2-L4,1,,1.17511661032236,-0.306507970792261,1.95622036045359,1.46132648650132,0.26606026457002,1
147,B4_K04_I02-03-04-08,Branch4,4,3,L1-L3-L4,1,,0.732182222364923,-0.272323277463586,2.4742195843908,1.7876548609895,0.294199393871034,1
147,B4_K04_I02-03-04-08,Branch4,4,3,L2-L3-L4,1,,1.13150775003434,-0.354174686626736,2.0380100313967,1.71951579828946,0.227214294436642,1
147,B4_K04_I02-03-04-08,Branch4,4,4,L1-L2-L3-L4,1,,1.14626837780116,-0.278557694858067,1.98327501190049,1.6072222239016,0.259538439587293,1
148,B4_K04_I02-03-04-09,Branch4,4,2,L1-L2,1,,1.82905801291698,0.415473717424557,1.30883598470215,1.48298367392006,0.0353652655961112,1
148,B4_K04_I02-03-04-09,Branch4,4,2,L1-L3,1,,1.1105505190154,-0.123304318365809,1.98728566343355,1.54625572708912,0.234642926280655,1
148,B4_K04_I02-03-04-09,Branch4,4,2,L1-L4,1,,0.813874264427436,-0.287708935180289,2.32885671299404,1.51660673238436,0.247006433791224,1
148,B4_K04_I02-03-04-09,Branch4,4,2,L2-L3,1,,1.39415851604244,-0.162464648998365,1.70984719295098,1.61163079715842,0.143861109436387,1
148,B4_K04_I02-03-04-09,Branch4,4,2,L2-L4,1,,1.24577608959378,-0.471523367950668,1.94078589977719,1.59450254350597,0.153052014377556,1
148,B4_K04_I02-03-04-09,Branch4,4,2,L3-L4,1,,0.684356332123588,-0.266693010385847,2.52273453959733,1.77464217622778,0.0105480377067695,1
148,B4_K04_I02-03-04-09,Branch4,4,3,L1-L2-L3,1,,1.40038702242816,-0.0238737916114886,1.68984707128594,1.50925369508554,0.208984258784866,1
148,B4_K04_I02-03-04-09,Branch4,4,3,L1-L2-L4,1,,1.18329696111211,-0.348277304718627,1.95912946281776,1.49485749786182,0.259871881774975,1
148,B4_K04_I02-03-04-09,Branch4,4,3,L1-L3-L4,1,,0.730393443462185,-0.27391579654073,2.46386741908699,1.75768723246839,0.28977969993928,1
148,B4_K04_I02-03-04-09,Branch4,4,3,L2-L3-L4,1,,1.17101585727129,-0.365786486702753,1.99412223323868,1.69112902564682,0.192430182751657,1
148,B4_K04_I02-03-04-09,Branch4,4,4,L1-L2-L3-L4,1,,1.17964445770265,-0.284759125255733,1.94918620741564,1.59495882171481,0.253505617092194,1
149,B4_K04_I02-03-05-06,Branch4,4,2,L1-L2,1,,1.64148217737837,0.312509850695672,1.47897104422903,1.46275707400699,0.0291536305745344,1
149,B4_K04_I02-03-05-06,Branch4,4,2,L1-L3,1,,1.10732289425978,-0.120253727034023,1.99134153159288,1.56820999254947,0.238798920182378,1
149,B4_K04_I02-03-05-06,Branch4,4,2,L1-L4,1,,0.803878336214047,-0.279694803734608,2.33710729452178,1.53381967231971,0.242293454316126,1
149,B4_K04_I02-03-05-06,Branch4,4,2,L2-L3,1,,1.28611678570975,-0.167283439160758,1.81997089453367,1.61462420658533,0.168516823922504,1
149,B4_K04_I02-03-05-06,Branch4,4,2,L2-L4,1,,1.14281373282935,-0.427436757544069,2.03411290168731,1.59177952854731,0.169652412064563,1
149,B4_K04_I02-03-05-06,Branch4,4,2,L3-L4,1,,0.708286434535574,-0.265250125061168,2.50401104591648,1.79652822832617,0.0195132471485584,1
149,B4_K04_I02-03-05-06,Branch4,4,3,L1-L2-L3,1,,1.27433843051878,-0.0665730005554196,1.81761035727087,1.52304491635409,0.207919376565197,1
149,B4_K04_I02-03-05-06,Branch4,4,3,L1-L2-L4,1,,1.08249933136424,-0.300379698179929,2.05033204286486,1.4741663353004,0.239942669665735,1
149,B4_K04_I02-03-05-06,Branch4,4,3,L1-L3-L4,1,,0.773096720393412,-0.274342456793572,2.4173716319219,1.76454835841506,0.27759402624112,1
149,B4_K04_I02-03-05-06,Branch4,4,3,L2-L3-L4,1,,1.0667719258525,-0.330819824678889,2.1002808346146,1.72139683614565,0.20304321355425,1
149,B4_K04_I02-03-05-06,Branch4,4,4,L1-L2-L3-L4,1,,1.08462793280549,-0.281169158538302,2.04706478339102,1.59822316868002,0.243306486742994,1
150,B4_K04_I02-03-05-07,Branch4,4,2,L1-L2,1,,1.6959883895338,0.342227173624658,1.42938537785192,1.45979731632904,0.0229514551970018,1
150,B4_K04_I02-03-05-07,Branch4,4,2,L1-L3,1,,1.10896396178744,-0.119678716392394,1.98929352033406,1.56263640321228,0.23938684196092,1
150,B4_K04_I02-03-05-07,Branch4,4,2,L1-L4,1,,0.806786421725132,-0.279435207783751,2.33375911570872,1.53033182911118,0.245891278195015,1
150,B4_K04_I02-03-05-07,Branch4,4,2,L2-L3,1,,1.3243005342462,-0.161964336459723,1.77979778829639,1.60444914153254,0.172311379494414,1
150,B4_K04_I02-03-05-07,Branch4,4,2,L2-L4,1,,1.17592094301231,-0.437967843448362,2.00182488018589,1.58275953683826,0.177670898240837,1
150,B4_K04_I02-03-05-07,Branch4,4,2,L3-L4,1,,0.706167182212502,-0.265149205926722,2.50495458307014,1.79341071548213,0.0163600852251702,1
150,B4_K04_I02-03-05-07,Branch4,4,3,L1-L2-L3,1,,1.31065192661126,-0.0526767999155008,1.78046565919748,1.512386998805,0.211739424405982,1
150,B4_K04_I02-03-05-07,Branch4,4,3,L1-L2-L4,1,,1.11188990408757,-0.300754019828905,2.02013477042745,1.46486356705223,0.249774543508927,1
150,B4_K04_I02-03-05-07,Branch4,4,3,L1-L3-L4,1,,0.763971817184763,-0.273529156866736,2.42840496579222,1.76669598517408,0.283396988916394,1
150,B4_K04_I02-03-05-07,Branch4,4,3,L2-L3-L4,1,,1.08956392011055,-0.336969463041784,2.0768093134547,1.71690032199578,0.212447161938677,1
150,B4_K04_I02-03-05-07,Branch4,4,4,L1-L2-L3-L4,1,,1.10604140413843,-0.27966156262208,2.02428978836837,1.59684390989816,0.250661710474622,1
151,B4_K04_I02-03-05-08,Branch4,4,2,L1-L2,1,,1.72019354966791,0.353451531210016,1.40730185592087,1.44837811203552,0.00347084513075278,1
151,B4_K04_I02-03-05-08,Branch4,4,2,L1-L3,1,,1.09246649968172,-0.125446697618458,2.00656240537802,1.56252325601866,0.234160161628004,1
151,B4_K04_I02-03-05-08,Branch4,4,2,L1-L4,1,,0.797185314463064,-0.28841601677453,2.34769806452087,1.53617268924801,0.246657456775934,1
151,B4_K04_I02-03-05-08,Branch4,4,2,L2-L3,1,,1.35463010619765,-0.153446375581384,1.74663241663276,1.58270713630681,0.188635379218662,1
151,B4_K04_I02-03-05-08,Branch4,4,2,L2-L4,1,,1.1968019656705,-0.451548399101807,1.98343462079429,1.56286533102362,0.202515678180854,1
151,B4_K04_I02-03-05-08,Branch4,4,2,L3-L4,1,,0.680821788535261,-0.268384128981313,2.53815715962273,1.79488598912061,0.0100748077024836,1
151,B4_K04_I02-03-05-08,Branch4,4,3,L1-L2-L3,1,,1.37032683636421,0.00840655333959994,1.72012112164437,1.46598784105638,0.226104765680314,1
151,B4_K04_I02-03-05-08,Branch4,4,3,L1-L2-L4,1,,1.08609677073755,-0.28940261469076,2.04433307561073,1.45067449691114,0.260487744079511,1
151,B4_K04_I02-03-05-08,Branch4,4,3,L1-L3-L4,1,,0.723389243632279,-0.275270296987133,2.48161590340724,1.77818528432055,0.289472582493542,1
151,B4_K04_I02-03-05-08,Branch4,4,3,L2-L3-L4,1,,1.08114952292113,-0.349677802089204,2.09108107394601,1.72084090384212,0.24166196000382,1
151,B4_K04_I02-03-05-08,Branch4,4,4,L1-L2-L3-L4,1,,1.10326299254573,-0.277706446905755,2.02638556957127,1.59376941639846,0.261093252405347,1
152,B4_K04_I02-03-05-09,Branch4,4,2,L1-L2,1,,1.80900818682172,0.409047209770435,1.32790577888341,1.48533861962343,0.0317142123689008,1
152,B4_K04_I02-03-05-09,Branch4,4,2,L1-L3,1,,1.10732417017288,-0.117322234707036,1.99055473307212,1.56018651113231,0.236148999502579,1
152,B4_K04_I02-03-05-09,Branch4,4,2,L1-L4,1,,0.800130960237012,-0.288141332049553,2.34426755379193,1.53266871541774,0.250267830576817,1
152,B4_K04_I02-03-05-09,Branch4,4,2,L2-L3,1,,1.38397087507321,-0.157340203436877,1.72009287975017,1.61821135868515,0.150767605262236,1
152,B4_K04_I02-03-05-09,Branch4,4,2,L2-L4,1,,1.23138928191725,-0.470274732608393,1.95655220586235,1.6022611238706,0.16143836465915,1
152,B4_K04_I02-03-05-09,Branch4,4,2,L3-L4,1,,0.668071106692293,-0.263334320431504,2.55176843561944,1.79543327907397,0.0101136779653793,1
152,B4_K04_I02-03-05-09,Branch4,4,3,L1-L2-L3,1,,1.3787220306341,-0.0202611635791493,1.71151751345191,1.51581003752149,0.210787995237979,1
152,B4_K04_I02-03-05-09,Branch4,4,3,L1-L2-L4,1,,1.23055969623982,-0.343958802622151,1.90889614432088,1.46896469416149,0.276589543065367,1
152,B4_K04_I02-03-05-09,Branch4,4,3,L1-L3-L4,1,,0.713386341862822,-0.27090531258367,2.49184491519986,1.77882051376844,0.295273458135236,1
152,B4_K04_I02-03-05-09,Branch4,4,3,L2-L3-L4,1,,1.15397976783962,-0.36299346276812,2.01435428205471,1.70710224536872,0.200432492134256,1
152,B4_K04_I02-03-05-09,Branch4,4,4,L1-L2-L3-L4,1,,1.16437381000722,-0.280569693522865,1.96471092273357,1.60378588098625,0.25642288680861,1
153,B4_K04_I02-03-06-07,Branch4,4,2,L1-L2,1,,1.58646741645054,0.283250362941028,1.52927500607507,1.47197164487449,0.0364403881652521,1
153,B4_K04_I02-03-06-07,Branch4,4,2,L1-L3,1,,1.08194066553269,-0.129152162411119,2.01814032086946,1.57093765524755,0.230630492609256,1
153,B4_K04_I02-03-06-07,Branch4,4,2,L1-L4,1,,0.807722388783365,-0.275306468207172,2.33214858515857,1.54778115662098,0.240610900528434,1
153,B4_K04_I02-03-06-07,Branch4,4,2,L2-L3,1,,1.2419503403393,-0.175757178250822,1.86685772998029,1.62439071288984,0.156079354018832,1
153,B4_K04_I02-03-06-07,Branch4,4,2,L2-L4,1,,1.11273045363334,-0.412032401891921,2.06234488265059,1.61101045905594,0.162400712564367,1
153,B4_K04_I02-03-06-07,Branch4,4,2,L3-L4,1,,0.720321513629585,-0.263324433906095,2.4901574027289,1.79951992255059,0.00954623028736458,1
153,B4_K04_I02-03-06-07,Branch4,4,3,L1-L2-L3,1,,1.23417978383516,-0.0775399087291407,1.85858674159602,1.52843744729357,0.198761645432308,1
153,B4_K04_I02-03-06-07,Branch4,4,3,L1-L2-L4,1,,1.05430749600102,-0.294697895229329,2.07774128129427,1.49294783185259,0.230971501295221,1
153,B4_K04_I02-03-06-07,Branch4,4,3,L1-L3-L4,1,,0.756289295825918,-0.26896485942582,2.44242125465356,1.78332520528616,0.280124382566039,1
153,B4_K04_I02-03-06-07,Branch4,4,3,L2-L3-L4,1,,1.02415632778755,-0.327729257488469,2.14980038418845,1.73982160028059,0.195139504605309,1
153,B4_K04_I02-03-06-07,Branch4,4,4,L1-L2-L3-L4,1,,1.0661258804267,-0.276624845330591,2.06601374341916,1.60749527522169,0.23232263711408,1
154,B4_K04_I02-03-06-08,Branch4,4,2,L1-L2,1,,1.66418439197279,0.323400059452455,1.45809358780637,1.45753173098313,0.0158760034363145,1
154,B4_K04_I02-03-06-08,Branch4,4,2,L1-L3,1,,1.08350284671019,-0.128589906768201,2.0161376842909,1.56528998090307,0.231225320944638,1
154,B4_K04_I02-03-06-08,Branch4,4,2,L1-L4,1,,0.803821416348235,-0.283747306306612,2.33937439576163,1.54666409546541,0.2485507657934,1
154,B4_K04_I02-03-06-08,Branch4,4,2,L2-L3,1,,1.30810490460565,-0.162917782503253,1.79579770861164,1.59816652465417,0.174929302497156,1
154,B4_K04_I02-03-06-08,Branch4,4,2,L2-L4,1,,1.16340125509244,-0.436559355254918,2.0150745491514,1.58633472538904,0.190824005744343,1
154,B4_K04_I02-03-06-08,Branch4,4,2,L3-L4,1,,0.695573638669221,-0.266603419223922,2.52243993969903,1.80103302413658,0.00322149647452855,1
154,B4_K04_I02-03-06-08,Branch4,4,3,L1-L2-L3,1,,1.2955827331499,-0.0511680686903988,1.79543334029182,1.50368927562748,0.208644679027878,1
154,B4_K04_I02-03-06-08,Branch4,4,3,L1-L2-L4,1,,1.06414131158238,-0.287547103071905,2.06592103438046,1.46876433597907,0.250912635926203,1
154,B4_K04_I02-03-06-08,Branch4,4,3,L1-L3-L4,1,,0.711146405791327,-0.269281460208168,2.50174038937318,1.79524114917007,0.296337944667388,1
154,B4_K04_I02-03-06-08,Branch4,4,3,L2-L3-L4,1,,1.05342884593165,-0.338702239682004,2.12039337693067,1.73421383984591,0.226298205874297,1
154,B4_K04_I02-03-06-08,Branch4,4,4,L1-L2-L3-L4,1,,1.09061396193752,-0.27493015692728,2.0394841108659,1.6013340488769,0.250105593252321,1
155,B4_K04_I02-03-06-09,Branch4,4,2,L1-L2,1,,1.72787748317476,0.363179767755793,1.40085418301759,1.47884669940608,0.0326009826935039,1
155,B4_K04_I02-03-06-09,Branch4,4,2,L1-L3,1,,1.09835466163243,-0.120434513797032,2.00008284128414,1.56292120272953,0.233238656658539,1
155,B4_K04_I02-03-06-09,Branch4,4,2,L1-L4,1,,0.804200709677322,-0.283708977785293,2.33856396328634,1.53989837211723,0.249079698547808,1
155,B4_K04_I02-03-06-09,Branch4,4,2,L2-L3,1,,1.33219104826203,-0.162150096470801,1.77300667282044,1.61819014954096,0.153244042213222,1
155,B4_K04_I02-03-06-09,Branch4,4,2,L2-L4,1,,1.1870388139915,-0.448871742658833,1.99617895358061,1.60550271548521,0.165124299166439,1
155,B4_K04_I02-03-06-09,Branch4,4,2,L3-L4,1,,0.681553434207234,-0.261604834315061,2.53579133576586,1.79821259334655,0.00661340381312476,1
155,B4_K04_I02-03-06-09,Branch4,4,3,L1-L2-L3,1,,1.33082383795398,-0.035237113679221,1.75971730399448,1.51408482141923,0.206205807811975,1
155,B4_K04_I02-03-06-09,Branch4,4,3,L1-L2-L4,1,,1.17787400147116,-0.324016821578004,1.95791122114924,1.47215651824286,0.262205630592471,1
155,B4_K04_I02-03-06-09,Branch4,4,3,L1-L3-L4,1,,0.712040995955021,-0.266832411508151,2.4955527928669,1.78711558999996,0.295716588875607,1
155,B4_K04_I02-03-06-09,Branch4,4,3,L2-L3-L4,1,,1.10570999851893,-0.345332153885068,2.06261769090758,1.71869132420319,0.199053079479808,1
155,B4_K04_I02-03-06-09,Branch4,4,4,L1-L2-L3-L4,1,,1.12777828105556,-0.277085164638002,2.00175078561424,1.60402552641998,0.24793084601815,1
156,B4_K04_I02-03-07-08,Branch4,4,2,L1-L2,1,,1.6537535357636,0.308608391960087,1.46662651072697,1.43427229056233,0.00427859508612188,1
156,B4_K04_I02-03-07-08,Branch4,4,2,L1-L3,1,,1.11435906096997,-0.121889499016646,1.98396639665325,1.56023898291933,0.235754673249235,1
156,B4_K04_I02-03-07-08,Branch4,4,2,L1-L4,1,,0.824568271074246,-0.282646948457721,2.3164379018115,1.5403139732118,0.254421010075315,1
156,B4_K04_I02-03-07-08,Branch4,4,2,L2-L3,1,,1.32362878998869,-0.154831440611044,1.7778056086211,1.57852565134405,0.194452732277899,1
156,B4_K04_I02-03-07-08,Branch4,4,2,L2-L4,1,,1.172518391448,-0.430458606020276,2.00126608171992,1.56452303444034,0.212573639812135,1
156,B4_K04_I02-03-07-08,Branch4,4,2,L3-L4,1,,0.707725279633524,-0.264919247787349,2.50650932344673,1.80038557548514,0.00314741632420033,1
156,B4_K04_I02-03-07-08,Branch4,4,3,L1-L2-L3,1,,1.35212726023079,0.0107168995874627,1.73886430547117,1.44934814028522,0.229883008428227,1
156,B4_K04_I02-03-07-08,Branch4,4,3,L1-L2-L4,1,,1.07397696576437,-0.27063592180416,2.05252914081775,1.43805698449946,0.261329227022647,1
156,B4_K04_I02-03-07-08,Branch4,4,3,L1-L3-L4,1,,0.723750936985255,-0.267653162052258,2.48552029657205,1.79458698507252,0.303739298987093,1
156,B4_K04_I02-03-07-08,Branch4,4,3,L2-L3-L4,1,,1.04204942359071,-0.332289843562913,2.13147320834416,1.73806900417447,0.252028691859629,1
156,B4_K04_I02-03-07-08,Branch4,4,4,L1-L2-L3-L4,1,,1.09582853863702,-0.268771361549815,2.03123982852908,1.58734437937774,0.259053410923782,1
157,B4_K04_I02-03-07-09,Branch4,4,2,L1-L2,1,,1.60203219487462,0.282370956067356,1.51396646922149,1.44622169167566,0.0287537737299721,1
157,B4_K04_I02-03-07-09,Branch4,4,2,L1-L3,1,,1.12903999653697,-0.11385681818914,1.96821073088292,1.55793767708333,0.237720495134682,1
157,B4_K04_I02-03-07-09,Branch4,4,2,L1-L4,1,,0.827560728407907,-0.28237428629857,2.31297750529665,1.53684514032252,0.257989170317649,1
157,B4_K04_I02-03-07-09,Branch4,4,2,L2-L3,1,,1.27358889915613,-0.162752797699621,1.83098854738287,1.60212919794838,0.172459871931049,1
157,B4_K04_I02-03-07-09,Branch4,4,2,L2-L4,1,,1.13306047698794,-0.421054479570385,2.0420431563138,1.59124485474326,0.187090146762604,1
157,B4_K04_I02-03-07-09,Branch4,4,2,L3-L4,1,,0.695178491826181,-0.259913581761765,2.51978602096191,1.80095528508906,0.00314911100105398,1
157,B4_K04_I02-03-07-09,Branch4,4,3,L1-L2-L3,1,,1.26663552389413,-0.0672156367813487,1.82517766126234,1.50848881574934,0.206619764918994,1
157,B4_K04_I02-03-07-09,Branch4,4,3,L1-L2-L4,1,,1.03919028390743,-0.283045163471807,2.09074515523624,1.46406065082693,0.246651146140698,1
157,B4_K04_I02-03-07-09,Branch4,4,3,L1-L3-L4,1,,0.71236714932541,-0.262928363187508,2.49733964202969,1.79510901606026,0.30981417734889,1
157,B4_K04_I02-03-07-09,Branch4,4,3,L2-L3-L4,1,,1.02508483199802,-0.327355784695868,2.14842449196123,1.73889886077606,0.221829237212244,1
157,B4_K04_I02-03-07-09,Branch4,4,4,L1-L2-L3-L4,1,,1.0882240910717,-0.267780419264105,2.03843636009638,1.58209281747031,0.247273159727176,1
158,B4_K04_I02-03-08-09,Branch4,4,2,L1-L2,1,,1.52862685996417,0.245068548868766,1.58180323314342,1.4554579322141,0.0493271317283966,1
158,B4_K04_I02-03-08-09,Branch4,4,2,L1-L3,1,,1.13073165300725,-0.116155908412695,1.96687128298117,1.56036357395778,0.240924805689241,1
158,B4_K04_I02-03-08-09,Branch4,4,2,L1-L4,1,,0.834652546905065,-0.277719198781147,2.30395048116408,1.54053485686771,0.260347525222862,1
158,B4_K04_I02-03-08-09,Branch4,4,2,L2-L3,1,,1.20714094679229,-0.17907997118885,1.90271778723466,1.62442096524553,0.157807807821587,1
158,B4_K04_I02-03-08-09,Branch4,4,2,L2-L4,1,,1.08473672678021,-0.400849366814288,2.0888456177518,1.61689078002843,0.168838060623892,1
158,B4_K04_I02-03-08-09,Branch4,4,2,L3-L4,1,,0.722863205219984,-0.263250160041368,2.49044639845638,1.80621241904138,0.00287400698225739,1
158,B4_K04_I02-03-08-09,Branch4,4,3,L1-L2-L3,1,,1.21419177620742,-0.0835015371809457,1.87882886157728,1.51880521603112,0.203093349462025,1
158,B4_K04_I02-03-08-09,Branch4,4,3,L1-L2-L4,1,,1.01501141182302,-0.285375985443222,2.1160316862714,1.48605593617555,0.235527001412271,1
158,B4_K04_I02-03-08-09,Branch4,4,3,L1-L3-L4,1,,0.738370468597376,-0.265862300889777,2.47009842424496,1.80038345866363,0.309825678672305,1
158,B4_K04_I02-03-08-09,Branch4,4,3,L2-L3-L4,1,,0.984215151881404,-0.320028711896541,2.19514447453191,1.75591927886348,0.202130438049137,1
158,B4_K04_I02-03-08-09,Branch4,4,4,L1-L2-L3-L4,1,,1.06231781516303,-0.269714631686561,2.06617028506521,1.58686698270041,0.237379285218889,1
159,B4_K04_I02-04-05-06,Branch4,4,2,L1-L2,1,,1.76426539166081,0.387080643020751,1.36872659195407,1.4956637845253,0.0441982627207216,1
159,B4_K04_I02-04-05-06,Branch4,4,2,L1-L3,1,,1.099868510795,-0.122856037199717,1.99897154314201,1.56537615381823,0.236486050793257,1
159,B4_K04_I02-04-05-06,Branch4,4,2,L1-L4,1,,0.813390731258709,-0.274798439356571,2.32552252399487,1.54079813850648,0.247779473600517,1
159,B4_K04_I02-04-05-06,Branch4,4,2,L2-L3,1,,1.33937845683085,-0.169655270269622,1.76840793102846,1.63618422494491,0.139200045854355,1
159,B4_K04_I02-04-05-06,Branch4,4,2,L2-L4,1,,1.2014647542302,-0.445731110524895,1.98111872555334,1.62338416409422,0.146582009598771,1
159,B4_K04_I02-04-05-06,Branch4,4,2,L3-L4,1,,0.720321513629582,-0.263324433906094,2.4901574027289,1.79951992255059,0.00954623028736462,1
159,B4_K04_I02-04-05-06,Branch4,4,3,L1-L2-L3,1,,1.35115931297599,-0.0368985890617324,1.73967020829379,1.52965529965557,0.20608708719352,1
159,B4_K04_I02-04-05-06,Branch4,4,3,L1-L2-L4,1,,1.15092233603482,-0.3322995486386,1.98825767166714,1.51905454061702,0.250789140047282,1
159,B4_K04_I02-04-05-06,Branch4,4,3,L1-L3-L4,1,,0.756607168145605,-0.268964413847023,2.44215074645175,1.78355580694146,0.288883327562195,1
159,B4_K04_I02-04-05-06,Branch4,4,3,L2-L3-L4,1,,1.13347572532148,-0.345942476062884,2.03325429399876,1.7199534859839,0.180547709613503,1
159,B4_K04_I02-04-05-06,Branch4,4,4,L1-L2-L3-L4,1,,1.14960290692893,-0.281540573887748,1.98164231063072,1.6177496551604,0.245233429959758,1
160,B4_K04_I02-04-05-07,Branch4,4,2,L1-L2,1,,1.7261886375692,0.360834708909104,1.40221603773637,1.46982017155156,0.0284528845668142,1
160,B4_K04_I02-04-05-07,Branch4,4,2,L1-L3,1,,1.10151882460104,-0.122283550548341,1.99692345584761,1.5597839680819,0.237077051478842,1
160,B4_K04_I02-04-05-07,Branch4,4,2,L1-L4,1,,0.811712907880778,-0.2789830543601,2.32862793154277,1.53686290239986,0.252014621828601,1
160,B4_K04_I02-04-05-07,Branch4,4,2,L2-L3,1,,1.33442669268754,-0.164135495203861,1.77029506712642,1.61015002278855,0.161392199539836,1
160,B4_K04_I02-04-05-07,Branch4,4,2,L2-L4,1,,1.19070565953675,-0.443675831085347,1.98929378079542,1.59683771769265,0.173715905174341,1
160,B4_K04_I02-04-05-07,Branch4,4,2,L3-L4,1,,0.706387863707551,-0.264948119999216,2.50642251717085,1.79702462732405,0.00650133033548583,1
160,B4_K04_I02-04-05-07,Branch4,4,3,L1-L2-L3,1,,1.33457092109797,-0.0367786363112177,1.75595039400803,1.50620677887789,0.210462863568011,1
160,B4_K04_I02-04-05-07,Branch4,4,3,L1-L2-L4,1,,1.15401284062024,-0.310284262413328,1.97887681424329,1.47042672001834,0.258659542839547,1
160,B4_K04_I02-04-05-07,Branch4,4,3,L1-L3-L4,1,,0.733725307582768,-0.269384931068374,2.4704141216441,1.78617813550769,0.297032595151226,1
160,B4_K04_I02-04-05-07,Branch4,4,3,L2-L3-L4,1,,1.09843045797383,-0.342733277654789,2.07059057222183,1.72335574751857,0.207788821727527,1
160,B4_K04_I02-04-05-07,Branch4,4,4,L1-L2-L3-L4,1,,1.12510049591729,-0.277149337417989,2.00449195254225,1.60349709941134,0.25107451464958,1
161,B4_K04_I02-04-05-08,Branch4,4,2,L1-L2,1,,1.80146543876695,0.399925264238179,1.33398867821865,1.45802681961608,0.00130298013187813,1
161,B4_K04_I02-04-05-08,Branch4,4,2,L1-L3,1,,1.09246649968172,-0.125446697618458,2.00656240537802,1.56252325601866,0.234160161628004,1
161,B4_K04_I02-04-05-08,Branch4,4,2,L1-L4,1,,0.806723855171366,-0.283476699570249,2.33595658397784,1.54316093206755,0.252145055565111,1
161,B4_K04_I02-04-05-08,Branch4,4,2,L2-L3,1,,1.40596819355469,-0.14884494617064,1.69440462782071,1.58309813739563,0.185773610139642,1
161,B4_K04_I02-04-05-08,Branch4,4,2,L2-L4,1,,1.24670046677798,-0.463166454890161,1.93453122224297,1.56804992694778,0.205961785776558,1
161,B4_K04_I02-04-05-08,Branch4,4,2,L3-L4,1,,0.695573638669221,-0.266603419223922,2.52243993969903,1.80103302413658,0.00322149647452855,1
161,B4_K04_I02-04-05-08,Branch4,4,3,L1-L2-L3,1,,1.41320284697867,0.0155408837575906,1.67709987536392,1.47522086676268,0.226886075537305,1
161,B4_K04_I02-04-05-08,Branch4,4,3,L1-L2-L4,1,,1.13574845653554,-0.292852932014367,1.99343814698522,1.4586016999593,0.271869294067321,1
161,B4_K04_I02-04-05-08,Branch4,4,3,L1-L3-L4,1,,0.711263635826787,-0.269287965416449,2.50159936446718,1.79523658891807,0.300724352833436,1
161,B4_K04_I02-04-05-08,Branch4,4,3,L2-L3-L4,1,,1.12613113573446,-0.354456909263324,2.04471818644272,1.72342239053522,0.245172485088429,1
161,B4_K04_I02-04-05-08,Branch4,4,4,L1-L2-L3-L4,1,,1.14067488202189,-0.27333502161417,1.98755854017271,1.60511888549977,0.269238632270042,1
162,B4_K04_I02-04-05-09,Branch4,4,2,L1-L2,1,,1.8711367505433,0.450093628015636,1.27380391050155,1.50047931616364,0.0332807742046917,1
162,B4_K04_I02-04-05-09,Branch4,4,2,L1-L3,1,,1.07944081492412,-0.125867469148008,2.01972111464503,1.56207222162637,0.235484004836319,1
162,B4_K04_I02-04-05-09,Branch4,4,2,L1-L4,1,,0.796310895437086,-0.279580351167914,2.34562136886265,1.5429688601051,0.252793756762296,1
162,B4_K04_I02-04-05-09,Branch4,4,2,L2-L3,1,,1.41141876122024,-0.161165491732581,1.69347798255031,1.62591607751727,0.141678529298073,1
162,B4_K04_I02-04-05-09,Branch4,4,2,L2-L4,1,,1.26371267031075,-0.476928484330434,1.92551646940381,1.6161337199457,0.156691719304999,1
162,B4_K04_I02-04-05-09,Branch4,4,2,L3-L4,1,,0.695573638669221,-0.266603419223922,2.52243993969903,1.80103302413658,0.00322149647452855,1
162,B4_K04_I02-04-05-09,Branch4,4,3,L1-L2-L3,1,,1.42788147258565,-0.0146235921443353,1.6624279828471,1.5258802269731,0.212977269566081,1
162,B4_K04_I02-04-05-09,Branch4,4,3,L1-L2-L4,1,,1.17497849455472,-0.345352341797166,1.96720168856563,1.52510327710524,0.268541828377021,1
162,B4_K04_I02-04-05-09,Branch4,4,3,L1-L3-L4,1,,0.710432750903548,-0.269105023945244,2.5025353748756,1.79526681810061,0.300251364111563,1
162,B4_K04_I02-04-05-09,Branch4,4,3,L2-L3-L4,1,,1.18791622666292,-0.367589696246118,1.98050858284397,1.71225355601231,0.195056110183298,1
162,B4_K04_I02-04-05-09,Branch4,4,4,L1-L2-L3-L4,1,,1.1890114095713,-0.279449148387776,1.94075620523497,1.62204509719831,0.260532251189943,1
163,B4_K04_I02-04-06-07,Branch4,4,2,L1-L2,1,,1.72782242420859,0.363750760150747,1.40097310541591,1.48438387181771,0.0335333450565395,1
163,B4_K04_I02-04-06-07,Branch4,4,2,L1-L3,1,,1.07753781287148,-0.133683321030507,2.02275816669903,1.56489512384215,0.232147711320242,1
163,B4_K04_I02-04-06-07,Branch4,4,2,L1-L4,1,,0.813020213653134,-0.274834840632603,2.32631929233885,1.54753372412507,0.247258635078961,1
163,B4_K04_I02-04-06-07,Branch4,4,2,L2-L3,1,,1.32429661444465,-0.173036972291186,1.7827310303447,1.62193264626932,0.149907503469363,1
163,B4_K04_I02-04-06-07,Branch4,4,2,L2-L4,1,,1.1897898974259,-0.439452014920901,1.99012478872109,1.61294443860976,0.162892869433446,1
163,B4_K04_I02-04-06-07,Branch4,4,2,L3-L4,1,,0.732318025801755,-0.268186004640693,2.47774788956036,1.79918775224139,0.00307273668727384,1
163,B4_K04_I02-04-06-07,Branch4,4,3,L1-L2-L3,1,,1.31699020193283,-0.0478553101017702,1.77404640046099,1.52095674455778,0.205011300797579,1
163,B4_K04_I02-04-06-07,Branch4,4,3,L1-L2-L4,1,,1.18270784153323,-0.316798794490037,1.95068859407846,1.4798534724848,0.260077983374092,1
163,B4_K04_I02-04-06-07,Branch4,4,3,L1-L3-L4,1,,0.745556164569687,-0.270305605826005,2.46020441864402,1.79350706923579,0.291377050336722,1
163,B4_K04_I02-04-06-07,Branch4,4,3,L2-L3-L4,1,,1.09789679979012,-0.345473964320636,2.07404621461235,1.73208409881434,0.196393000639106,1
163,B4_K04_I02-04-06-07,Branch4,4,4,L1-L2-L3-L4,1,,1.12513307084377,-0.280076816871119,2.00681267732431,1.61910763095764,0.244419575071941,1
164,B4_K04_I02-04-06-08,Branch4,4,2,L1-L2,1,,1.71918144763812,0.353886576288707,1.40818146252282,1.45715670386321,0.00768417706369512,1
164,B4_K04_I02-04-06-08,Branch4,4,2,L1-L3,1,,1.08350284671019,-0.128589906768201,2.0161376842909,1.56528998090307,0.231225320944638,1
164,B4_K04_I02-04-06-08,Branch4,4,2,L1-L4,1,,0.80840001578433,-0.279285499254697,2.33283960986118,1.54709924660737,0.247903667992769,1
164,B4_K04_I02-04-06-08,Branch4,4,2,L2-L3,1,,1.34843184216666,-0.156654775050584,1.75375997179787,1.59050028427134,0.180888308276239,1
164,B4_K04_I02-04-06-08,Branch4,4,2,L2-L4,1,,1.19841944590434,-0.442319668602677,1.97889154055003,1.57746270346177,0.198378170450579,1
164,B4_K04_I02-04-06-08,Branch4,4,2,L3-L4,1,,0.707725279633524,-0.264919247787349,2.50650932344673,1.80038557548514,0.00314741632420033,1
164,B4_K04_I02-04-06-08,Branch4,4,3,L1-L2-L3,1,,1.34671380062216,-0.0177723231231353,1.74347932772206,1.48570718903856,0.216893486115321,1
164,B4_K04_I02-04-06-08,Branch4,4,3,L1-L2-L4,1,,1.08894298749146,-0.283143503982639,2.03910232168674,1.46477705470774,0.258078452579861,1
164,B4_K04_I02-04-06-08,Branch4,4,3,L1-L3-L4,1,,0.72267717545228,-0.267455248389109,2.48673751107206,1.79462579568203,0.29451297205539,1
164,B4_K04_I02-04-06-08,Branch4,4,3,L2-L3-L4,1,,1.07933127293311,-0.342437931646218,2.09322424446973,1.7326593064726,0.236356238748639,1
164,B4_K04_I02-04-06-08,Branch4,4,4,L1-L2-L3-L4,1,,1.10947411819102,-0.272734109199555,2.01979656417495,1.60589395904928,0.256955838343124,1
165,B4_K04_I02-04-06-09,Branch4,4,2,L1-L2,1,,1.77918684086754,0.391973171385522,1.35458040898984,1.48652072819886,0.02834704568051,1
165,B4_K04_I02-04-06-09,Branch4,4,2,L1-L3,1,,1.08350284671019,-0.128589906768201,2.0161376842909,1.56528998090307,0.231225320944638,1
165,B4_K04_I02-04-06-09,Branch4,4,2,L1-L4,1,,0.80840001578433,-0.279285499254697,2.33283960986118,1.54709924660737,0.247903667992769,1
165,B4_K04_I02-04-06-09,Branch4,4,2,L2-L3,1,,1.36404619693367,-0.163600253578326,1.74095895374458,1.61808996535018,0.151881839187281,1
165,B4_K04_I02-04-06-09,Branch4,4,2,L2-L4,1,,1.22026839067548,-0.45508893581502,1.96293170465876,1.60800955243427,0.166626305907482,1
165,B4_K04_I02-04-06-09,Branch4,4,2,L3-L4,1,,0.707725279633524,-0.264919247787349,2.50650932344673,1.80038557548514,0.00314741632420033,1
165,B4_K04_I02-04-06-09,Branch4,4,3,L1-L2-L3,1,,1.35366805243055,-0.0335505981032982,1.73689663008931,1.52007047269853,0.207347628765958,1
165,B4_K04_I02-04-06-09,Branch4,4,3,L1-L2-L4,1,,1.22457240029225,-0.325957302359355,1.91003605030139,1.46814912861778,0.273688195120663,1
165,B4_K04_I02-04-06-09,Branch4,4,3,L1-L3-L4,1,,0.72267717545228,-0.267455248389109,2.48673751107206,1.79462579568203,0.29451297205539,1
165,B4_K04_I02-04-06-09,Branch4,4,3,L2-L3-L4,1,,1.13194689157117,-0.352333903905184,2.03762993164745,1.7228942007595,0.201557975984141,1
165,B4_K04_I02-04-06-09,Branch4,4,4,L1-L2-L3-L4,1,,1.14698948427091,-0.277876426352257,1.98333749721394,1.61690882615538,0.250989037540967,1
166,B4_K04_I02-04-07-08,Branch4,4,2,L1-L2,1,,1.76399250982481,0.373884136057394,1.36655542850538,1.45976274725599,0.00866330900969516,1
166,B4_K04_I02-04-07-08,Branch4,4,2,L1-L3,1,,1.09820823733195,-0.12756400191425,2.0008838021232,1.56012208813545,0.230522180761016,1
166,B4_K04_I02-04-07-08,Branch4,4,2,L1-L4,1,,0.82163625652161,-0.282916247192924,2.31985277848396,1.54379260549725,0.250847790185975,1
166,B4_K04_I02-04-07-08,Branch4,4,2,L2-L3,1,,1.38102534971114,-0.154409085994606,1.72049194113864,1.58852416292111,0.176902906987967,1
166,B4_K04_I02-04-07-08,Branch4,4,2,L2-L4,1,,1.22931742142313,-0.453447906080123,1.94997879117051,1.57718783909998,0.197396998694739,1
166,B4_K04_I02-04-07-08,Branch4,4,2,L3-L4,1,,0.706218700616964,-0.264910409625506,2.50671728372148,1.79723492537707,9.29193340892909e-06,1
166,B4_K04_I02-04-07-08,Branch4,4,3,L1-L2-L3,1,,1.37038529585817,-0.0232389943789757,1.71983650989937,1.49176479266753,0.214566919197399,1
166,B4_K04_I02-04-07-08,Branch4,4,3,L1-L2-L4,1,,1.12412142781837,-0.292989280936712,2.00528640786234,1.4653201965346,0.262613209815962,1
166,B4_K04_I02-04-07-08,Branch4,4,3,L1-L3-L4,1,,0.722150376150636,-0.267637242549655,2.48591642711881,1.79146956813709,0.297618348082101,1
166,B4_K04_I02-04-07-08,Branch4,4,3,L2-L3-L4,1,,1.11083294556346,-0.3487651836858,2.05981224386513,1.72588905840611,0.234999179734175,1
166,B4_K04_I02-04-07-08,Branch4,4,4,L1-L2-L3-L4,1,,1.13803448341452,-0.272277632019392,1.98981462440663,1.60285677358811,0.259839311272698,1
167,B4_K04_I02-04-07-09,Branch4,4,2,L1-L2,1,,1.73839726452386,0.360798948640048,1.38978409381704,1.46660778044636,0.0191468832689847,1
167,B4_K04_I02-04-07-09,Branch4,4,2,L1-L3,1,,1.10543479892344,-0.125018642153882,1.99346406679312,1.56297127099736,0.232847707286545,1
167,B4_K04_I02-04-07-09,Branch4,4,2,L1-L4,1,,0.82163625652161,-0.282916247192924,2.31985277848396,1.54379260549725,0.250847790185975,1
167,B4_K04_I02-04-07-09,Branch4,4,2,L2-L3,1,,1.35700818919795,-0.1596349420233,1.74630480792231,1.60232859631018,0.16832264807663,1
167,B4_K04_I02-04-07-09,Branch4,4,2,L2-L4,1,,1.20960425248653,-0.448615694428945,1.97031640728604,1.59052656269123,0.184699002580104,1
167,B4_K04_I02-04-07-09,Branch4,4,2,L3-L4,1,,0.707725279633524,-0.264919247787349,2.50650932344673,1.80038557548514,0.00314741632420033,1
167,B4_K04_I02-04-07-09,Branch4,4,3,L1-L2-L3,1,,1.33893979620204,-0.0476263800944335,1.75197199785841,1.51313663798958,0.20898836670087,1
167,B4_K04_I02-04-07-09,Branch4,4,3,L1-L2-L4,1,,1.13716573540498,-0.302964287717325,1.99428923623322,1.4721347472162,0.257659627486877,1
167,B4_K04_I02-04-07-09,Branch4,4,3,L1-L3-L4,1,,0.723635064836703,-0.267646918308087,2.48565842721314,1.79459140785656,0.299373677122364,1
167,B4_K04_I02-04-07-09,Branch4,4,3,L2-L3-L4,1,,1.10731902933398,-0.344416542523508,2.06221357211179,1.72624706983757,0.219662813824443,1
167,B4_K04_I02-04-07-09,Branch4,4,4,L1-L2-L3-L4,1,,1.13362080675243,-0.274975529364254,1.99520045478571,1.60439610889039,0.253804293788328,1
168,B4_K04_I02-04-08-09,Branch4,4,2,L1-L2,1,,1.73817460811896,0.359473875690339,1.38992807014554,1.45775151687191,0.0149696672061171,1
168,B4_K04_I02-04-08-09,Branch4,4,2,L1-L3,1,,1.10708821806164,-0.124449645405705,1.99142684147853,1.55739010111029,0.233444968462852,1
168,B4_K04_I02-04-08-09,Branch4,4,2,L1-L4,1,,0.824568271074248,-0.28264694845772,2.3164379018115,1.5403139732118,0.254421010075315,1
168,B4_K04_I02-04-08-09,Branch4,4,2,L2-L3,1,,1.36091101227935,-0.157511504142937,1.74138932193231,1.59229381565215,0.173931556318174,1
168,B4_K04_I02-04-08-09,Branch4,4,2,L2-L4,1,,1.21236736238318,-0.44812660682707,1.96646158283599,1.58172264546742,0.193493445442817,1
168,B4_K04_I02-04-08-09,Branch4,4,2,L3-L4,1,,0.706218700616964,-0.264910409625506,2.50671728372148,1.79723492537707,9.29193340892909e-06,1
168,B4_K04_I02-04-08-09,Branch4,4,3,L1-L2-L3,1,,1.34399953052381,-0.0433811564389943,1.7467026186563,1.50222678903646,0.211320921057833,1
168,B4_K04_I02-04-08-09,Branch4,4,3,L1-L2-L4,1,,1.1123386018939,-0.292961179138297,2.01747212020601,1.46601677111005,0.259730431672907,1
168,B4_K04_I02-04-08-09,Branch4,4,3,L1-L3-L4,1,,0.722265654049613,-0.267643287868549,2.48577926189066,1.79146534119383,0.30198504496139,1
168,B4_K04_I02-04-08-09,Branch4,4,3,L2-L3-L4,1,,1.09753755066072,-0.345037872186216,2.07323857278125,1.7274505264615,0.229884852175955,1
168,B4_K04_I02-04-08-09,Branch4,4,4,L1-L2-L3-L4,1,,1.13320564987893,-0.272286953568101,1.99442182057033,1.59860685874572,0.257338883436326,1
169,B4_K04_I02-05-06-07,Branch4,4,2,L1-L2,1,,1.70560032976638,0.352311362652676,1.4212690393334,1.48308345313907,0.0401086367541903,1
169,B4_K04_I02-05-06-07,Branch4,4,2,L1-L3,1,,1.099868510795,-0.122856037199717,1.99897154314201,1.56537615381823,0.236486050793257,1
169,B4_K04_I02-05-06-07,Branch4,4,2,L1-L4,1,,0.801723061230591,-0.283938708733424,2.34113625615035,1.53663017525524,0.246009423030776,1
169,B4_K04_I02-05-06-07,Branch4,4,2,L2-L3,1,,1.3090415766303,-0.170463715052259,1.79846233514741,1.62830600712539,0.148717467592885,1
169,B4_K04_I02-05-06-07,Branch4,4,2,L2-L4,1,,1.16869455942931,-0.443934012080137,2.01470334287535,1.61183320318515,0.154023857425765,1
169,B4_K04_I02-05-06-07,Branch4,4,2,L3-L4,1,,0.694904041475056,-0.266747525607308,2.52142371566717,1.79741955775474,0.0131395349603034,1
169,B4_K04_I02-05-06-07,Branch4,4,3,L1-L2-L3,1,,1.30762444468619,-0.0464685788924745,1.78338712095898,1.52202598103902,0.205618518542952,1
169,B4_K04_I02-05-06-07,Branch4,4,3,L1-L2-L4,1,,1.18337485665923,-0.331099555877648,1.95420357652237,1.47324892738038,0.260841366706285,1
169,B4_K04_I02-05-06-07,Branch4,4,3,L1-L3-L4,1,,0.745465639542522,-0.274563478627326,2.4541519430894,1.77573749194772,0.285934262521552,1
169,B4_K04_I02-05-06-07,Branch4,4,3,L2-L3-L4,1,,1.1011287787793,-0.341973939327999,2.06599388120289,1.71667921206832,0.186990046700537,1
169,B4_K04_I02-05-06-07,Branch4,4,4,L1-L2-L3-L4,1,,1.11709609332309,-0.284774042446086,2.01506647623982,1.60642060873321,0.24345121277757,1
170,B4_K04_I02-05-06-08,Branch4,4,2,L1-L2,1,,1.72262730932904,0.358622203820126,1.40531658836957,1.47398530510165,0.0238872621080875,1
170,B4_K04_I02-05-06-08,Branch4,4,2,L1-L3,1,,1.08350284671019,-0.128589906768201,2.0161376842909,1.56528998090307,0.231225320944638,1
170,B4_K04_I02-05-06-08,Branch4,4,2,L1-L4,1,,0.798850581431012,-0.284203694340402,2.34449368283911,1.54013530427366,0.24240330746039,1
170,B4_K04_I02-05-06-08,Branch4,4,2,L2-L3,1,,1.33442669268754,-0.164135495203861,1.77029506712642,1.61015002278855,0.161392199539836,1
170,B4_K04_I02-05-06-08,Branch4,4,2,L2-L4,1,,1.1883569345631,-0.448558512954565,1.99357112194132,1.59397435681708,0.171317868259002,1
170,B4_K04_I02-05-06-08,Branch4,4,2,L3-L4,1,,0.692993320621207,-0.266682374484388,2.52208612784913,1.79426873327552,0.00996416893402282,1
170,B4_K04_I02-05-06-08,Branch4,4,3,L1-L2-L3,1,,1.31796836579302,-0.0512326178044828,1.77316919081757,1.51929901790171,0.206126082517877,1
170,B4_K04_I02-05-06-08,Branch4,4,3,L1-L2-L4,1,,1.15541293329162,-0.317021732955512,1.97933808691837,1.46989381988228,0.25613528655635,1
170,B4_K04_I02-05-06-08,Branch4,4,3,L1-L3-L4,1,,0.733630750250414,-0.273190866728466,2.46829389527232,1.77760105798333,0.283522759692504,1
170,B4_K04_I02-05-06-08,Branch4,4,3,L2-L3-L4,1,,1.09692270593572,-0.350277566421381,2.07392608818449,1.71940568585885,0.207341323768953,1
170,B4_K04_I02-05-06-08,Branch4,4,4,L1-L2-L3-L4,1,,1.11435378909603,-0.281533054425182,2.01704092600672,1.60621832268578,0.247749593385722,1
171,B4_K04_I02-05-06-09,Branch4,4,2,L1-L2,1,,1.77789786286754,0.390003170687617,1.35554807124625,1.47775489975356,0.0242500193942647,1
171,B4_K04_I02-05-06-09,Branch4,4,2,L1-L3,1,,1.09246649968172,-0.125446697618458,2.00656240537802,1.56252325601866,0.234160161628004,1
171,B4_K04_I02-05-06-09,Branch4,4,2,L1-L4,1,,0.794747544536818,-0.288648343207002,2.35025417809912,1.53289243820917,0.24357708641368,1
171,B4_K04_I02-05-06-09,Branch4,4,2,L2-L3,1,,1.36897013068053,-0.160879247565034,1.73499163504404,1.61022439520254,0.159672757840853,1
171,B4_K04_I02-05-06-09,Branch4,4,2,L2-L4,1,,1.21714295736022,-0.464439627443597,1.96863086889921,1.59090700152289,0.168088161297532,1
171,B4_K04_I02-05-06-09,Branch4,4,2,L3-L4,1,,0.679738118725416,-0.268454607065438,2.53771632457804,1.79147688734463,0.0134624275974907,1
171,B4_K04_I02-05-06-09,Branch4,4,3,L1-L2-L3,1,,1.36348322792117,-0.0273965390035716,1.72682937785776,1.51008946982192,0.211225680498971,1
171,B4_K04_I02-05-06-09,Branch4,4,3,L1-L2-L4,1,,1.22070145556951,-0.333538586555637,1.91670465294956,1.45264935588848,0.273903107691827,1
171,B4_K04_I02-05-06-09,Branch4,4,3,L1-L3-L4,1,,0.733438849320219,-0.276826181740064,2.46651143592859,1.76937301510648,0.283474518334026,1
171,B4_K04_I02-05-06-09,Branch4,4,3,L2-L3-L4,1,,1.13245415555373,-0.360901253676938,2.03695660639003,1.70809207264988,0.206385589896641,1
171,B4_K04_I02-05-06-09,Branch4,4,4,L1-L2-L3-L4,1,,1.1380667939292,-0.285187200164557,1.99314577659947,1.60380318354949,0.253711991736726,1
172,B4_K04_I02-05-07-08,Branch4,4,2,L1-L2,1,,1.73889031040512,0.360468742129123,1.38932669328168,1.46111425216814,0.0181958798147034,1
172,B4_K04_I02-05-07-08,Branch4,4,2,L1-L3,1,,1.11435906096997,-0.121889499016646,1.98396639665325,1.56023898291933,0.235754673249235,1
172,B4_K04_I02-05-07-08,Branch4,4,2,L1-L4,1,,0.81508193386232,-0.287557763265727,2.32805760018819,1.53335972217172,0.248982834867139,1
172,B4_K04_I02-05-07-08,Branch4,4,2,L2-L3,1,,1.35978812869877,-0.158151991578612,1.74303052371561,1.5984120544851,0.17220814953217,1
172,B4_K04_I02-05-07-08,Branch4,4,2,L2-L4,1,,1.20766986580835,-0.45337082798232,1.97356713461591,1.58061671170697,0.184128248597569,1
172,B4_K04_I02-05-07-08,Branch4,4,2,L3-L4,1,,0.692993320621207,-0.266682374484388,2.52208612784913,1.79426873327552,0.00996416893402282,1
172,B4_K04_I02-05-07-08,Branch4,4,3,L1-L2-L3,1,,1.34282631000457,-0.0454894590651008,1.74797064724736,1.50839191901713,0.211518884346873,1
172,B4_K04_I02-05-07-08,Branch4,4,3,L1-L2-L4,1,,1.13927444838434,-0.308454550010704,1.99392210385656,1.46237946166111,0.257795300773178,1
172,B4_K04_I02-05-07-08,Branch4,4,3,L1-L3-L4,1,,0.73584102786387,-0.273608978377146,2.46598765135545,1.77786459648233,0.292656002142979,1
172,B4_K04_I02-05-07-08,Branch4,4,3,L2-L3-L4,1,,1.11177789346142,-0.347211855338616,2.0560036307419,1.71528009722895,0.219914237214214,1
172,B4_K04_I02-05-07-08,Branch4,4,4,L1-L2-L3-L4,1,,1.13035455465035,-0.279095254153814,1.99881198320618,1.59547759073826,0.255442618059375,1
173,B4_K04_I02-05-07-09,Branch4,4,2,L1-L2,1,,1.68804734054406,0.333433020300857,1.43557537244669,1.46528117749644,0.0298821369017417,1
173,B4_K04_I02-05-07-09,Branch4,4,2,L1-L3,1,,1.11435906096998,-0.121889499016645,1.98396639665325,1.56023898291933,0.235754673249235,1
173,B4_K04_I02-05-07-09,Branch4,4,2,L1-L4,1,,0.812660214877446,-0.287788523772647,2.33059995910756,1.53009930766615,0.245925976158188,1
173,B4_K04_I02-05-07-09,Branch4,4,2,L2-L3,1,,1.31713685705668,-0.16576412895041,1.78798325337271,1.61010969654187,0.162257241389413,1
173,B4_K04_I02-05-07-09,Branch4,4,2,L2-L4,1,,1.17200546568512,-0.44319889540181,2.00888099154896,1.59139606269557,0.169079568074251,1
173,B4_K04_I02-05-07-09,Branch4,4,2,L3-L4,1,,0.691939920729672,-0.266752090610949,2.52165675121495,1.79087820065198,0.0133337074548353,1
173,B4_K04_I02-05-07-09,Branch4,4,3,L1-L2-L3,1,,1.30581067272089,-0.0583924504591866,1.78559286108104,1.51593269149876,0.20618326295826,1
173,B4_K04_I02-05-07-09,Branch4,4,3,L1-L2-L4,1,,1.13149217927485,-0.315970111904175,2.00397343538794,1.46863535269879,0.249072413695419,1
173,B4_K04_I02-05-07-09,Branch4,4,3,L1-L3-L4,1,,0.746132688500995,-0.275205584088138,2.45082881759286,1.76913950827905,0.286653871487479,1
173,B4_K04_I02-05-07-09,Branch4,4,3,L2-L3-L4,1,,1.08338144830765,-0.347509689998122,2.08711597909657,1.71720041093691,0.205008353427486,1
173,B4_K04_I02-05-07-09,Branch4,4,4,L1-L2-L3-L4,1,,1.1126077668482,-0.282365645424952,2.01784024785039,1.59294703333178,0.245984835290375,1
174,B4_K04_I02-05-08-09,Branch4,4,2,L1-L2,1,,1.76528714008567,0.375027518758758,1.36545224893276,1.46090906224689,0.0141003877646873,1
174,B4_K04_I02-05-08-09,Branch4,4,2,L1-L3,1,,1.11435906096997,-0.121889499016646,1.98396639665325,1.56023898291933,0.235754673249235,1
174,B4_K04_I02-05-08-09,Branch4,4,2,L1-L4,1,,0.813075587352666,-0.291782403751246,2.33194486820383,1.53615738883714,0.25269264079383,1
174,B4_K04_I02-05-08-09,Branch4,4,2,L2-L3,1,,1.37983553203179,-0.155062793325058,1.72217203277224,1.59459533631875,0.175173300998764,1
174,B4_K04_I02-05-08-09,Branch4,4,2,L2-L4,1,,1.22425032048325,-0.463201482154743,1.95948342902294,1.57852080539107,0.190960745025608,1
174,B4_K04_I02-05-08-09,Branch4,4,2,L3-L4,1,,0.682064908439042,-0.268333922501286,2.53842702806929,1.79828962770193,0.00668586732614002,1
174,B4_K04_I02-05-08-09,Branch4,4,3,L1-L2-L3,1,,1.36366430707626,-0.0348755892044316,1.72678452876126,1.50275946494095,0.214309600977282,1
174,B4_K04_I02-05-08-09,Branch4,4,3,L1-L2-L4,1,,1.14766649138378,-0.310558841783677,1.98585547737058,1.46054807504574,0.264639885525495,1
174,B4_K04_I02-05-08-09,Branch4,4,3,L1-L3-L4,1,,0.713493180612034,-0.273654083776356,2.49692618287876,1.78714005059838,0.30079364282989,1
174,B4_K04_I02-05-08-09,Branch4,4,3,L2-L3-L4,1,,1.11926384562239,-0.356381571986845,2.05170176340638,1.71835865714963,0.228639418405525,1
174,B4_K04_I02-05-08-09,Branch4,4,4,L1-L2-L3-L4,1,,1.14054631426363,-0.278435486876943,1.98814718249996,1.59612462325107,0.261070039752,1
175,B4_K04_I02-06-07-08,Branch4,4,2,L1-L2,1,,1.68178986548678,0.328292581270639,1.44098829234817,1.4625631095857,0.0186374717156413,1
175,B4_K04_I02-06-07-08,Branch4,4,2,L1-L3,1,,1.08941784894276,-0.130657671148527,2.01027513869033,1.56288120891764,0.227581751206128,1
175,B4_K04_I02-06-07-08,Branch4,4,2,L1-L4,1,,0.809745974383747,-0.292101396320808,2.3362022648028,1.54641434810157,0.248556924870902,1
175,B4_K04_I02-06-07-08,Branch4,4,2,L2-L3,1,,1.32077146578295,-0.163703442879898,1.78322862855376,1.59993513088113,0.16789586399477,1
175,B4_K04_I02-06-07-08,Branch4,4,2,L2-L4,1,,1.17598893647231,-0.447059988743899,2.00606601643374,1.59041274489675,0.186192858908685,1
175,B4_K04_I02-06-07-08,Branch4,4,2,L3-L4,1,,0.681884435663247,-0.268294419952917,2.53874298871965,1.79849655833219,9.88858544472027e-05,1
175,B4_K04_I02-06-07-08,Branch4,4,3,L1-L2-L3,1,,1.30376718002704,-0.0582235618226766,1.78757948958111,1.51094032012996,0.2040687651759,1
175,B4_K04_I02-06-07-08,Branch4,4,3,L1-L2-L4,1,,1.07813943741463,-0.301617139038647,2.05519904562012,1.47553098364512,0.250273889579661,1
175,B4_K04_I02-06-07-08,Branch4,4,3,L1-L3-L4,1,,0.698940210846374,-0.271298355821968,2.51619173981688,1.79267507753803,0.297069761246503,1
175,B4_K04_I02-06-07-08,Branch4,4,3,L2-L3-L4,1,,1.06899938997675,-0.346870169470347,2.10507052056498,1.72881149849196,0.221016025638129,1
175,B4_K04_I02-06-07-08,Branch4,4,4,L1-L2-L3-L4,1,,1.10560780137692,-0.277166385621366,2.02422807793714,1.5983748712301,0.248698353982699,1
176,B4_K04_I02-06-07-09,Branch4,4,2,L1-L2,1,,1.69559237599008,0.342637583615348,1.42974814872391,1.46540546077431,0.0238916496055574,1
176,B4_K04_I02-06-07-09,Branch4,4,2,L1-L3,1,,1.08511852961632,-0.128025246396821,2.01411271162259,1.55965150718664,0.231821278811891,1
176,B4_K04_I02-06-07-09,Branch4,4,2,L1-L4,1,,0.804200709677321,-0.283708977785293,2.33856396328634,1.53989837211723,0.249079698547808,1
176,B4_K04_I02-06-07-09,Branch4,4,2,L2-L3,1,,1.31806043491866,-0.165163850487841,1.78646182547224,1.60388666968791,0.163969984601298,1
176,B4_K04_I02-06-07-09,Branch4,4,2,L2-L4,1,,1.17512054549191,-0.442686847895708,2.00537685402216,1.59235411385806,0.178840914716078,1
176,B4_K04_I02-06-07-09,Branch4,4,2,L3-L4,1,,0.692546084419851,-0.266604570980675,2.52271008629548,1.79448978859479,0.00341686415684764,1
176,B4_K04_I02-06-07-09,Branch4,4,3,L1-L2-L3,1,,1.30176943215902,-0.0581124841190609,1.78961082002153,1.51464835444802,0.205639398057065,1
176,B4_K04_I02-06-07-09,Branch4,4,3,L1-L2-L4,1,,1.10959317768649,-0.304639704964795,2.02338585883987,1.47305665194134,0.252030770248165,1
176,B4_K04_I02-06-07-09,Branch4,4,3,L1-L3-L4,1,,0.708419819878719,-0.269305981252374,2.5017929110356,1.78869594758279,0.297033373750911,1
176,B4_K04_I02-06-07-09,Branch4,4,3,L2-L3-L4,1,,1.07612593610419,-0.342841612189103,2.09489102620684,1.72419810343537,0.21272700011343,1
176,B4_K04_I02-06-07-09,Branch4,4,4,L1-L2-L3-L4,1,,1.10676156121602,-0.277244510527074,2.0232672528534,1.60068704451416,0.248542516739713,1
177,B4_K04_I02-06-08-09,Branch4,4,2,L1-L2,1,,1.73839726452386,0.360798948640048,1.38978409381704,1.46660778044636,0.0191468832689847,1
177,B4_K04_I02-06-08-09,Branch4,4,2,L1-L3,1,,1.09820823733195,-0.12756400191425,2.0008838021232,1.56012208813545,0.230522180761016,1
177,B4_K04_I02-06-08-09,Branch4,4,2,L1-L4,1,,0.812638974707722,-0.291823101517089,2.33278126142291,1.54290877046348,0.252153375056905,1
177,B4_K04_I02-06-08-09,Branch4,4,2,L2-L3,1,,1.35531509598845,-0.160473733519533,1.74794774134846,1.60011456094292,0.166156704754428,1
177,B4_K04_I02-06-08-09,Branch4,4,2,L2-L4,1,,1.20690083948093,-0.458036799650299,1.9770354756101,1.59012155100442,0.185228172042927,1
177,B4_K04_I02-06-08-09,Branch4,4,2,L3-L4,1,,0.681884435663247,-0.268294419952917,2.53874298871965,1.79849655833219,9.88858544472027e-05,1
177,B4_K04_I02-06-08-09,Branch4,4,3,L1-L2-L3,1,,1.33496121960352,-0.0517202298478481,1.7561136280171,1.51391482332316,0.207034967312146,1
177,B4_K04_I02-06-08-09,Branch4,4,3,L1-L2-L4,1,,1.13706543455248,-0.312309557586681,1.99706360565022,1.47049439714675,0.259992347457402,1
177,B4_K04_I02-06-08-09,Branch4,4,3,L1-L3-L4,1,,0.699037509166058,-0.271300351125142,2.51607217605809,1.7926711663382,0.301470852595885,1
177,B4_K04_I02-06-08-09,Branch4,4,3,L2-L3-L4,1,,1.10195609220063,-0.354183597203686,2.07080379799297,1.72383098629182,0.220949443971345,1
177,B4_K04_I02-06-08-09,Branch4,4,4,L1-L2-L3-L4,1,,1.1315737842564,-0.27727852108414,1.99748244556679,1.5999061770714,0.254516544823624,1
178,B4_K04_I02-07-08-09,Branch4,4,2,L1-L2,1,,1.73003304953737,0.345552793727947,1.39632578011638,1.42875916802846,0.0029354477555637,1
178,B4_K04_I02-07-08-09,Branch4,4,2,L1-L3,1,,1.13057327823562,-0.120338881265751,1.96694646276898,1.54965121981416,0.235641861484324,1
178,B4_K04_I02-07-08-09,Branch4,4,2,L1-L4,1,,0.822677010705951,-0.299779560660632,2.32431746378268,1.52568915502709,0.256852586251698,1
178,B4_K04_I02-07-08-09,Branch4,4,2,L2-L3,1,,1.38125960528078,-0.147163888185304,1.71804932626661,1.56302567760117,0.198795042094642,1
178,B4_K04_I02-07-08-09,Branch4,4,2,L2-L4,1,,1.21798086699968,-0.460609939726079,1.96337046419377,1.54496403954111,0.219983049869466,1
178,B4_K04_I02-07-08-09,Branch4,4,2,L3-L4,1,,0.665133661633619,-0.270023705367251,2.55529739005906,1.78910742864933,0.00375288749434527,1
178,B4_K04_I02-07-08-09,Branch4,4,3,L1-L2-L3,1,,1.43832118799247,0.0613213343300785,1.65474736907886,1.42888446570547,0.243288226426538,1
178,B4_K04_I02-07-08-09,Branch4,4,3,L1-L2-L4,1,,1.11130359398476,-0.285737722745085,2.01893607811642,1.4214397871485,0.272988144681442,1
178,B4_K04_I02-07-08-09,Branch4,4,3,L1-L3-L4,1,,0.688929301452791,-0.274155495064365,2.52423904861009,1.7817390509117,0.310313567424444,1
178,B4_K04_I02-07-08-09,Branch4,4,3,L2-L3-L4,1,,1.08434485735478,-0.353765740819393,2.0880214444433,1.71608457718863,0.260598781842817,1
178,B4_K04_I02-07-08-09,Branch4,4,4,L1-L2-L3-L4,1,,1.12563072557685,-0.274074184093707,2.00061586987929,1.57190333105767,0.269648113739379,1
179,B4_K04_I03-04-05-06,Branch4,4,2,L1-L2,1,,5.29664678515794,2.34245867037999,-1.65172013979307,1.78886789396949,0.146541647108127,0
179,B4_K04_I03-04-05-06,Branch4,4,2,L1-L3,1,,1.07596383638694,-0.134253910592146,2.02477926655826,1.57056099311271,0.231552521400855,1
179,B4_K04_I03-04-05-06,Branch4,4,2,L1-L4,1,,0.793639150490264,-0.28468661782637,2.35027964209213,1.54037849573897,0.235705578265961,1
179,B4_K04_I03-04-05-06,Branch4,4,2,L2-L3,1,,20.9538818843471,1.95041437912599,-17.7674383998565,1.02217872686341,0.18393651181849,0
179,B4_K04_I03-04-05-06,Branch4,4,2,L2-L4,1,,7.8136739674696,2.68248173718826,10.4106620705624,2.01546042349853,0.035936240637287,1
179,B4_K04_I03-04-05-06,Branch4,4,2,L3-L4,1,,0.706583433999,-0.271810092040255,2.50755450476073,1.79349049071881,0.0164369180094293,1
179,B4_K04_I03-04-05-06,Branch4,4,3,L1-L2-L3,1,,4.10963958902228,1.51571821073545,-0.72409860082053,1.71068393513284,0.977726980572035,0
179,B4_K04_I03-04-05-06,Branch4,4,3,L1-L2-L4,1,,0.853745451193174,-0.00479599602937422,2.23930704298206,1.57197073526919,1.46411283123964,1
179,B4_K04_I03-04-05-06,Branch4,4,3,L1-L3-L4,1,,0.761906060197258,-0.279654956524491,2.43308151905091,1.76599259246103,0.270608960771744,1
179,B4_K04_I03-04-05-06,Branch4,4,3,L2-L3-L4,1,,0.558964390013336,0.364275991067225,3.36756918133478,1.82046769136391,1.31691048275527,1
179,B4_K04_I03-04-05-06,Branch4,4,4,L1-L2-L3-L4,1,,0.83497515881959,-0.173421732504567,2.29198403066589,1.674008422867,1.34414139362587,1
180,B4_K04_I03-04-05-07,Branch4,4,2,L1-L2,1,,1.74853110588816,0.372698606297973,1.38185580636017,1.47353888028512,0.0197601364672441,1
180,B4_K04_I03-04-05-07,Branch4,4,2,L1-L3,1,,1.08350284671019,-0.128589906768201,2.0161376842909,1.56528998090307,0.231225320944638,1
180,B4_K04_I03-04-05-07,Branch4,4,2,L1-L4,1,,0.798850581431012,-0.284203694340402,2.34449368283911,1.54013530427366,0.24240330746039,1
180,B4_K04_I03-04-05-07,Branch4,4,2,L2-L3,1,,1.35431337737392,-0.161086768474937,1.74950537198054,1.60625407948506,0.164430132270755,1
180,B4_K04_I03-04-05-07,Branch4,4,2,L2-L4,1,,1.20504722044608,-0.453844936242928,1.97727170700541,1.58943893626835,0.175303079895707,1
180,B4_K04_I03-04-05-07,Branch4,4,2,L3-L4,1,,0.692993320621207,-0.266682374484388,2.52208612784913,1.79426873327552,0.00996416893402282,1
180,B4_K04_I03-04-05-07,Branch4,4,3,L1-L2-L3,1,,1.33472948347032,-0.0468115191401317,1.75621630867532,1.51823569239345,0.208202707451826,1
180,B4_K04_I03-04-05-07,Branch4,4,3,L1-L2-L4,1,,1.17065080504001,-0.317251521359825,1.96369292267213,1.46525597753774,0.26094334518584,1
180,B4_K04_I03-04-05-07,Branch4,4,3,L1-L3-L4,1,,0.733630750250414,-0.273190866728466,2.46829389527232,1.77760105798333,0.283522759692504,1
180,B4_K04_I03-04-05-07,Branch4,4,3,L2-L3-L4,1,,1.11534093014436,-0.349185906748814,2.05275676293662,1.71489779000625,0.210805428344104,1
180,B4_K04_I03-04-05-07,Branch4,4,4,L1-L2-L3-L4,1,,1.12302926016087,-0.281109741274328,2.00801419616092,1.60713894170122,0.251426542090142,1
181,B4_K04_I03-04-05-08,Branch4,4,2,L1-L2,1,,1.71964854252537,0.353352758641488,1.40777065252238,1.45063037112651,0.00117295200257472,1
181,B4_K04_I03-04-05-08,Branch4,4,2,L1-L3,1,,1.08350284671019,-0.128589906768201,2.0161376842909,1.56528998090307,0.231225320944638,1
181,B4_K04_I03-04-05-08,Branch4,4,2,L1-L4,1,,0.796770952582983,-0.288455075123724,2.34852036971177,1.54296019533238,0.246123460395455,1
181,B4_K04_I03-04-05-08,Branch4,4,2,L2-L3,1,,1.35463010619765,-0.153446375581384,1.74663241663276,1.58270713630681,0.188635379218662,1
181,B4_K04_I03-04-05-08,Branch4,4,2,L2-L4,1,,1.19778854614009,-0.451386576709042,1.98245630778238,1.56553265949317,0.205144890848933,1
181,B4_K04_I03-04-05-08,Branch4,4,2,L3-L4,1,,0.682064908439042,-0.268333922501286,2.53842702806929,1.79828962770193,0.00668586732614002,1
181,B4_K04_I03-04-05-08,Branch4,4,3,L1-L2-L3,1,,1.37795031898533,0.0189929539508163,1.71266670249104,1.46340304841789,0.227677335877475,1
181,B4_K04_I03-04-05-08,Branch4,4,3,L1-L2-L4,1,,1.11235696727017,-0.287434519104335,2.01680972648758,1.44539178907813,0.264203280075947,1
181,B4_K04_I03-04-05-08,Branch4,4,3,L1-L3-L4,1,,0.712031277544934,-0.27338144007181,2.49848627045963,1.78698891301194,0.291442594579342,1
181,B4_K04_I03-04-05-08,Branch4,4,3,L2-L3-L4,1,,1.0815389544021,-0.346532013344391,2.09022760265959,1.72382409864197,0.242954167849743,1
181,B4_K04_I03-04-05-08,Branch4,4,4,L1-L2-L3-L4,1,,1.1014593396835,-0.276423067375458,2.02834071578383,1.59839984266437,0.260921455170182,1
182,B4_K04_I03-04-05-09,Branch4,4,2,L1-L2,1,,1.81116218319988,0.411879630319248,1.32656574222372,1.46896385200334,0.0104846589933708,1
182,B4_K04_I03-04-05-09,Branch4,4,2,L1-L3,1,,1.08538131731305,-0.120827752285281,2.0131758040769,1.56247326887928,0.234551371331071,1
182,B4_K04_I03-04-05-09,Branch4,4,2,L1-L4,1,,0.786672141840419,-0.284525889343499,2.35746624017316,1.53594951675669,0.247285810496039,1
182,B4_K04_I03-04-05-09,Branch4,4,2,L2-L3,1,,1.39958176904904,-0.148967600352194,1.70160396196744,1.59483788206856,0.173938239539073,1
182,B4_K04_I03-04-05-09,Branch4,4,2,L2-L4,1,,1.23893141532966,-0.46888525804215,1.94572986425263,1.57578603511335,0.187909077815741,1
182,B4_K04_I03-04-05-09,Branch4,4,2,L3-L4,1,,0.668071106692293,-0.263334320431504,2.55176843561944,1.79543327907397,0.0101136779653793,1
182,B4_K04_I03-04-05-09,Branch4,4,3,L1-L2-L3,1,,1.38256174056109,-0.0181422747489727,1.707564375201,1.50442352990912,0.217213767242769,1
182,B4_K04_I03-04-05-09,Branch4,4,3,L1-L2-L4,1,,1.20083340002789,-0.317206661111209,1.93291382563447,1.44967730272157,0.277111815349603,1
182,B4_K04_I03-04-05-09,Branch4,4,3,L1-L3-L4,1,,0.711285896148217,-0.270476425284813,2.49409461049962,1.778687811339,0.290483065116163,1
182,B4_K04_I03-04-05-09,Branch4,4,3,L2-L3-L4,1,,1.14292446480688,-0.356340390194366,2.0241669395508,1.70808110395639,0.226071999009168,1
182,B4_K04_I03-04-05-09,Branch4,4,4,L1-L2-L3-L4,1,,1.14030020216611,-0.276450670346082,1.98857041604061,1.60350096378451,0.264700266727152,1
183,B4_K04_I03-04-06-07,Branch4,4,2,L1-L2,1,,1.8282282213931,0.415687039609622,1.31000948769874,1.46455298720274,0.0089764857473998,1
183,B4_K04_I03-04-06-07,Branch4,4,2,L1-L3,1,,1.05972647435401,-0.140009849327756,2.04193309904808,1.57052101578283,0.226210333145825,1
183,B4_K04_I03-04-06-07,Branch4,4,2,L1-L4,1,,0.802803429577379,-0.279804197192264,2.33948396148652,1.55411685235519,0.240718483080672,1
183,B4_K04_I03-04-06-07,Branch4,4,2,L2-L3,1,,1.42371431444989,-0.150141479521473,1.67644250442149,1.57921610941235,0.18898224617,1
183,B4_K04_I03-04-06-07,Branch4,4,2,L2-L4,1,,1.2652409856192,-0.463887612287006,1.91459563283843,1.56377780581701,0.209543509605563,1
183,B4_K04_I03-04-06-07,Branch4,4,2,L3-L4,1,,0.72021108804526,-0.26987637052497,2.49336135237906,1.79982174727772,0.00314609544959458,1
183,B4_K04_I03-04-06-07,Branch4,4,3,L1-L2-L3,1,,1.45501960370104,0.051365014084336,1.63624091218607,1.46793448767202,0.235031448446094,1
183,B4_K04_I03-04-06-07,Branch4,4,3,L1-L2-L4,1,,1.15333168567303,-0.289437821290051,1.97424895280053,1.46127887582273,0.272674462774693,1
183,B4_K04_I03-04-06-07,Branch4,4,3,L1-L3-L4,1,,0.733812501119168,-0.272116146429209,2.47524166507293,1.79411864831897,0.284335590337089,1
183,B4_K04_I03-04-06-07,Branch4,4,3,L2-L3-L4,1,,1.1388674771056,-0.354919882252267,2.03134487134173,1.72427734204875,0.249482991714004,1
183,B4_K04_I03-04-06-07,Branch4,4,4,L1-L2-L3-L4,1,,1.13487141384215,-0.276249756634101,1.99581334895277,1.61989483135541,0.269976684079745,1
184,B4_K04_I03-04-06-08,Branch4,4,2,L1-L2,1,,1.74588163074755,0.36930717709087,1.38403733960455,1.46249961510341,0.00466265933178352,1
184,B4_K04_I03-04-06-08,Branch4,4,2,L1-L3,1,,1.06737804627087,-0.134259310606482,2.03310939675974,1.56521183910096,0.225901828246416,1
184,B4_K04_I03-04-06-08,Branch4,4,2,L1-L4,1,,0.79848809574415,-0.284241106377569,2.34529260928413,1.54691625201926,0.241874262221658,1
184,B4_K04_I03-04-06-08,Branch4,4,2,L2-L3,1,,1.36383604380905,-0.155984007637066,1.73800013657813,1.5883974720308,0.177808309004698,1
184,B4_K04_I03-04-06-08,Branch4,4,2,L2-L4,1,,1.21149816403651,-0.45272383036148,1.96873960323954,1.57445842828876,0.195559200597411,1
184,B4_K04_I03-04-06-08,Branch4,4,2,L3-L4,1,,0.692546084419851,-0.266604570980675,2.52271008629548,1.79448978859479,0.00341686415684764,1
184,B4_K04_I03-04-06-08,Branch4,4,3,L1-L2-L3,1,,1.36301071754764,-0.0100596789753442,1.72710355064299,1.48549871251646,0.215875631045175,1
184,B4_K04_I03-04-06-08,Branch4,4,3,L1-L2-L4,1,,1.10562843286228,-0.294539382188525,2.02482719512596,1.46732463236212,0.258231480759493,1
184,B4_K04_I03-04-06-08,Branch4,4,3,L1-L3-L4,1,,0.708425537069108,-0.269333604412233,2.50175679073446,1.78861059900661,0.288173711733182,1
184,B4_K04_I03-04-06-08,Branch4,4,3,L2-L3-L4,1,,1.0974678049342,-0.34897339899433,2.07346394266455,1.72205313282712,0.232861577155056,1
184,B4_K04_I03-04-06-08,Branch4,4,4,L1-L2-L3-L4,1,,1.11205074111663,-0.275941846947382,2.0180513697799,1.60695364458755,0.256599403529876,1
185,B4_K04_I03-04-06-09,Branch4,4,2,L1-L2,1,,1.74965898724899,0.373954631906094,1.38092672428835,1.47691227197376,0.0229566216256102,1
185,B4_K04_I03-04-06-09,Branch4,4,2,L1-L3,1,,1.08947294434641,-0.123526935605864,2.00954725588763,1.56568302964014,0.230310573526574,1
185,B4_K04_I03-04-06-09,Branch4,4,2,L1-L4,1,,0.801313199687254,-0.28397678558506,2.34195170382409,1.54340248645081,0.24547946427815,1
185,B4_K04_I03-04-06-09,Branch4,4,2,L2-L3,1,,1.35440479836852,-0.157829235860206,1.74935391646987,1.61031939478979,0.160220987052217,1
185,B4_K04_I03-04-06-09,Branch4,4,2,L2-L4,1,,1.20476042049107,-0.453938282527005,1.97821140171115,1.59650812998471,0.173517123267308,1
185,B4_K04_I03-04-06-09,Branch4,4,2,L3-L4,1,,0.681553434207234,-0.261604834315061,2.53579133576586,1.79821259334655,0.00661340381312472,1
185,B4_K04_I03-04-06-09,Branch4,4,3,L1-L2-L3,1,,1.34923467519255,-0.0305378276772309,1.7411584961954,1.51132463848591,0.207851385480214,1
185,B4_K04_I03-04-06-09,Branch4,4,3,L1-L2-L4,1,,1.17710746762926,-0.319263601009019,1.95743951253518,1.46902443458508,0.262990129226529,1
185,B4_K04_I03-04-06-09,Branch4,4,3,L1-L3-L4,1,,0.71204300227219,-0.266857373694998,2.49552230245418,1.78703422498026,0.291276053887626,1
185,B4_K04_I03-04-06-09,Branch4,4,3,L2-L3-L4,1,,1.11812120864487,-0.346691123106664,2.04927993169434,1.71656879231863,0.208230189659215,1
185,B4_K04_I03-04-06-09,Branch4,4,4,L1-L2-L3-L4,1,,1.130086321997,-0.276260008259783,1.99942183883917,1.60683996162516,0.251078841490067,1
186,B4_K04_I03-04-07-08,Branch4,4,2,L1-L2,1,,1.81639174514855,0.405409106317383,1.31954536485436,1.47968219376845,0.0121596808792389,1
186,B4_K04_I03-04-07-08,Branch4,4,2,L1-L3,1,,1.08071981804959,-0.133729863979337,2.01959846303128,1.56566733023515,0.224623759615288,1
186,B4_K04_I03-04-07-08,Branch4,4,2,L1-L4,1,,0.80652522486278,-0.288356982288117,2.33806261770467,1.54385615364451,0.238185684876406,1
186,B4_K04_I03-04-07-08,Branch4,4,2,L2-L3,1,,1.40704979801959,-0.155629348472091,1.69518990105701,1.60036646794517,0.163574969772768,1
186,B4_K04_I03-04-07-08,Branch4,4,2,L2-L4,1,,1.25309901214181,-0.470284333036798,1.93158779114655,1.58468137168353,0.178400559339757,1
186,B4_K04_I03-04-07-08,Branch4,4,2,L3-L4,1,,0.69121889760491,-0.266635126086821,2.52259915147252,1.79111089129937,0.00678831050760363,1
186,B4_K04_I03-04-07-08,Branch4,4,3,L1-L2-L3,1,,1.39416816144234,-0.0227031833140106,1.69604470409292,1.50883520568741,0.209924161296026,1
186,B4_K04_I03-04-07-08,Branch4,4,3,L1-L2-L4,1,,1.23588436368363,-0.327894763932473,1.89930280544847,1.45378988129772,0.275199586203835,1
186,B4_K04_I03-04-07-08,Branch4,4,3,L1-L3-L4,1,,0.722301073172759,-0.271874718791549,2.48202512425538,1.77958814004147,0.281846972110455,1
186,B4_K04_I03-04-07-08,Branch4,4,3,L2-L3-L4,1,,1.15728074004915,-0.361816320546751,2.01069312294095,1.70852895867903,0.216629437838402,1
186,B4_K04_I03-04-07-08,Branch4,4,4,L1-L2-L3-L4,1,,1.15266299274491,-0.280322379852556,1.97743569942451,1.61068882184948,0.255843313159899,1
187,B4_K04_I03-04-07-09,Branch4,4,2,L1-L2,1,,1.72296450795682,0.35821355943182,1.40497939428316,1.46845162717757,0.022944770777685,1
187,B4_K04_I03-04-07-09,Branch4,4,2,L1-L3,1,,1.09107630306992,-0.122970518107714,2.0075406520829,1.56006255825332,0.230906149341709,1
187,B4_K04_I03-04-07-09,Branch4,4,2,L1-L4,1,,0.804200709677321,-0.283708977785293,2.33856396328634,1.53989837211723,0.249079698547808,1
187,B4_K04_I03-04-07-09,Branch4,4,2,L2-L3,1,,1.33810059972835,-0.15881422631255,1.76544241491547,1.60410792625529,0.162796043001076,1
187,B4_K04_I03-04-07-09,Branch4,4,2,L2-L4,1,,1.1905260516982,-0.448187435228954,1.99092079081041,1.59222361195581,0.1783850729119,1
187,B4_K04_I03-04-07-09,Branch4,4,2,L3-L4,1,,0.679858345038773,-0.261575933758039,2.53615778525915,1.79503254289726,0.00342084480096323,1
187,B4_K04_I03-04-07-09,Branch4,4,3,L1-L2-L3,1,,1.32131635361833,-0.0486783261432683,1.76966307915018,1.51475609514524,0.205889027749411,1
187,B4_K04_I03-04-07-09,Branch4,4,3,L1-L2-L4,1,,1.13750397488123,-0.309727427613885,1.99587151279118,1.47055399972122,0.257008184697554,1
187,B4_K04_I03-04-07-09,Branch4,4,3,L1-L3-L4,1,,0.696874745459447,-0.264570317765031,2.51379487348347,1.78917920048466,0.298697294414763,1
187,B4_K04_I03-04-07-09,Branch4,4,3,L2-L3-L4,1,,1.09375054889241,-0.345410359473776,2.0758730940736,1.72029200041487,0.213152374306241,1
187,B4_K04_I03-04-07-09,Branch4,4,4,L1-L2-L3-L4,1,,1.12026706710637,-0.273931021314068,2.00835132756099,1.59998123131805,0.250747930374261,1
188,B4_K04_I03-04-08-09,Branch4,4,2,L1-L2,1,,1.74619772599654,0.369126356891265,1.38374838755131,1.45928555612686,0.00144212836001752,1
188,B4_K04_I03-04-08-09,Branch4,4,2,L1-L3,1,,1.07349766423136,-0.129103239692064,2.0263155805927,1.56561283808335,0.225000791315019,1
188,B4_K04_I03-04-08-09,Branch4,4,2,L1-L4,1,,0.796040606503243,-0.28446516787601,2.3478040101835,1.54365006492129,0.23879229837258,1
188,B4_K04_I03-04-08-09,Branch4,4,2,L2-L3,1,,1.36948990576185,-0.149832119773281,1.73136789885449,1.58468619488892,0.181333891873544,1
188,B4_K04_I03-04-08-09,Branch4,4,2,L2-L4,1,,1.21205944024564,-0.452618388776308,1.96764534288515,1.56741442340277,0.197348972908092,1
188,B4_K04_I03-04-08-09,Branch4,4,2,L3-L4,1,,0.678495830742833,-0.261607218300974,2.53604426328005,1.79163555582831,0.00681026054519239,1
188,B4_K04_I03-04-08-09,Branch4,4,3,L1-L2-L3,1,,1.38273218973469,0.0131280055835312,1.70757277542902,1.47409763016865,0.22057292629198,1
188,B4_K04_I03-04-08-09,Branch4,4,3,L1-L2-L4,1,,1.10891606836631,-0.292978172901309,2.02122007434069,1.46040066424701,0.258296198545953,1
188,B4_K04_I03-04-08-09,Branch4,4,3,L1-L3-L4,1,,0.710061357433814,-0.267033010177789,2.49465655272761,1.7800833493551,0.282866673581067,1
188,B4_K04_I03-04-08-09,Branch4,4,3,L2-L3-L4,1,,1.10339334588936,-0.344723970321882,2.06398254493018,1.71431388646212,0.234266868647455,1
188,B4_K04_I03-04-08-09,Branch4,4,4,L1-L2-L3-L4,1,,1.10994279565807,-0.273373079512859,2.01905414079083,1.60156345638882,0.25719260239921,1
189,B4_K04_I03-05-06-07,Branch4,4,2,L1-L2,1,,1.64949057752003,0.3221322521798,1.47269470807716,1.46293829265539,0.0230520949115932,1
189,B4_K04_I03-05-06-07,Branch4,4,2,L1-L3,1,,1.07782872850856,-0.126435735135384,2.02175728265125,1.56772200314893,0.234894296345868,1
189,B4_K04_I03-05-06-07,Branch4,4,2,L1-L4,1,,0.785922653583576,-0.280527774417621,2.35676296673302,1.53663384012055,0.239926625836457,1
189,B4_K04_I03-05-06-07,Branch4,4,2,L2-L3,1,,1.28701737178725,-0.166666864740626,1.81842634592305,1.60833426852616,0.170209375893084,1
189,B4_K04_I03-05-06-07,Branch4,4,2,L2-L4,1,,1.14251166666402,-0.432029134935091,2.03591768936155,1.58714480724487,0.174346586967813,1
189,B4_K04_I03-05-06-07,Branch4,4,2,L3-L4,1,,0.693966095453468,-0.266836210145893,2.52084449006645,1.79402276120427,0.0165078694832402,1
189,B4_K04_I03-05-06-07,Branch4,4,3,L1-L2-L3,1,,1.27300972786917,-0.0614345026685381,1.81858933562135,1.51716075859826,0.207737208452344,1
189,B4_K04_I03-05-06-07,Branch4,4,3,L1-L2-L4,1,,1.0724705894131,-0.299116062435724,2.0604543346866,1.47245967713634,0.242136313101765,1
189,B4_K04_I03-05-06-07,Branch4,4,3,L1-L3-L4,1,,0.750638571591188,-0.275049761917279,2.44448129950332,1.76666739759256,0.275876185682529,1
189,B4_K04_I03-05-06-07,Branch4,4,3,L2-L3-L4,1,,1.06206445435267,-0.332685758547232,2.10543038728812,1.71891498117685,0.20740336837139,1
189,B4_K04_I03-05-06-07,Branch4,4,4,L1-L2-L3-L4,1,,1.07383396639075,-0.281783157230664,2.05877701436602,1.60147311750291,0.244560373740229,1
190,B4_K04_I03-05-06-08,Branch4,4,2,L1-L2,1,,1.69525600756291,0.343063974009823,1.43007235225681,1.47101301718905,0.0248307600897186,1
190,B4_K04_I03-05-06-08,Branch4,4,2,L1-L3,1,,1.08350284671019,-0.128589906768201,2.0161376842909,1.56528998090307,0.231225320944638,1
190,B4_K04_I03-05-06-08,Branch4,4,2,L1-L4,1,,0.794302180819466,-0.288687134241143,2.35108141618158,1.53968651491349,0.243042083056507,1
190,B4_K04_I03-05-06-08,Branch4,4,2,L2-L3,1,,1.31713685705668,-0.16576412895041,1.78798325337271,1.61010969654187,0.162257241389413,1
190,B4_K04_I03-05-06-08,Branch4,4,2,L2-L4,1,,1.17153107689794,-0.447836553670302,2.01152371785199,1.59389565580237,0.172001663636466,1
190,B4_K04_I03-05-06-08,Branch4,4,2,L3-L4,1,,0.680821788535261,-0.268384128981313,2.53815715962273,1.79488598912061,0.0100748077024836,1
190,B4_K04_I03-05-06-08,Branch4,4,3,L1-L2-L3,1,,1.30095493750382,-0.0577212962784192,1.79047953661629,1.51996413330198,0.204947668268262,1
190,B4_K04_I03-05-06-08,Branch4,4,3,L1-L2-L4,1,,1.12701968619546,-0.316697809175429,2.00873663572881,1.4726978421999,0.251411118228638,1
190,B4_K04_I03-05-06-08,Branch4,4,3,L1-L3-L4,1,,0.723312003973725,-0.275290328059291,2.48166098201076,1.77806317548605,0.285029205657704,1
190,B4_K04_I03-05-06-08,Branch4,4,3,L2-L3-L4,1,,1.08051523723904,-0.350318323664618,2.09188059689323,1.72033589619562,0.207631075646017,1
190,B4_K04_I03-05-06-08,Branch4,4,4,L1-L2-L3-L4,1,,1.10235075845582,-0.28290057623255,2.02948000110481,1.60218508002037,0.246377429298049,1
191,B4_K04_I03-05-06-09,Branch4,4,2,L1-L2,1,,1.6988043325779,0.345932430545193,1.42701905390695,1.47240857354176,0.0304032654001196,1
191,B4_K04_I03-05-06-09,Branch4,4,2,L1-L3,1,,1.09835466163243,-0.120434513797032,2.00008284128414,1.56292120272953,0.233238656658539,1
191,B4_K04_I03-05-06-09,Branch4,4,2,L1-L4,1,,0.801723061230591,-0.283938708733424,2.34113625615035,1.53663017525524,0.246009423030776,1
191,B4_K04_I03-05-06-09,Branch4,4,2,L2-L3,1,,1.31737231754709,-0.162386558947826,1.78767241522009,1.61420722583882,0.158010445326898,1
191,B4_K04_I03-05-06-09,Branch4,4,2,L2-L4,1,,1.17178735219594,-0.443288330316524,2.00978021974137,1.59852046137513,0.167321246219793,1
191,B4_K04_I03-05-06-09,Branch4,4,2,L3-L4,1,,0.680307628149692,-0.261655632020469,2.53552520054866,1.79480925345726,0.0100022021592665,1
191,B4_K04_I03-05-06-09,Branch4,4,3,L1-L2-L3,1,,1.31809743464072,-0.0402680714264461,1.77255880292735,1.51039335777432,0.206134921163409,1
191,B4_K04_I03-05-06-09,Branch4,4,3,L1-L2-L4,1,,1.14361440159954,-0.317191883066907,1.99159845621886,1.47248168825027,0.253388068647639,1
191,B4_K04_I03-05-06-09,Branch4,4,3,L1-L3-L4,1,,0.723747948421269,-0.268855622187904,2.47835472024058,1.77824054163613,0.289229642072041,1
191,B4_K04_I03-05-06-09,Branch4,4,3,L2-L3-L4,1,,1.08433385054305,-0.346330367048921,2.08628657677572,1.71998759131525,0.202921363773008,1
191,B4_K04_I03-05-06-09,Branch4,4,4,L1-L2-L3-L4,1,,1.11188548481993,-0.277882714618079,2.01798930270326,1.59931562390227,0.245905824439141,1
192,B4_K04_I03-05-07-08,Branch4,4,2,L1-L2,1,,1.66555949160382,0.324157903865146,1.45690068726126,1.45531545943426,0.0182439922125495,1
192,B4_K04_I03-05-07-08,Branch4,4,2,L1-L3,1,,1.09246649968172,-0.125446697618458,2.00656240537802,1.56252325601866,0.234160161628004,1
192,B4_K04_I03-05-07-08,Branch4,4,2,L1-L4,1,,0.797185314463064,-0.28841601677453,2.34769806452087,1.53617268924801,0.246657456775934,1
192,B4_K04_I03-05-07-08,Branch4,4,2,L2-L3,1,,1.30810490460565,-0.162917782503253,1.79579770861164,1.59816652465417,0.174929302497156,1
192,B4_K04_I03-05-07-08,Branch4,4,2,L2-L4,1,,1.1599648166605,-0.441651463670955,2.02044432585684,1.58070328639961,0.185745051862119,1
192,B4_K04_I03-05-07-08,Branch4,4,2,L3-L4,1,,0.680821788535261,-0.268384128981313,2.53815715962273,1.79488598912061,0.0100748077024836,1
192,B4_K04_I03-05-07-08,Branch4,4,3,L1-L2-L3,1,,1.2943765824252,-0.0552761336444817,1.79681858862742,1.50609290246654,0.209329390355464,1
192,B4_K04_I03-05-07-08,Branch4,4,3,L1-L2-L4,1,,1.06069133088979,-0.296836484162759,2.07224021403878,1.46654526677992,0.248289141661381,1
192,B4_K04_I03-05-07-08,Branch4,4,3,L1-L3-L4,1,,0.723389243632279,-0.275270296987133,2.48161590340724,1.77818528432055,0.289472582493542,1
192,B4_K04_I03-05-07-08,Branch4,4,3,L2-L3-L4,1,,1.06096537363489,-0.342285755708655,2.11068212192742,1.72231616940429,0.220990525664531,1
192,B4_K04_I03-05-07-08,Branch4,4,4,L1-L2-L3-L4,1,,1.08906580514536,-0.279715596795882,2.04161421679318,1.59333146530437,0.25017500418418,1
193,B4_K04_I03-05-07-09,Branch4,4,2,L1-L2,1,,1.66615289979868,0.323843451182969,1.45639823324481,1.44963957617545,0.0173008358017885,1
193,B4_K04_I03-05-07-09,Branch4,4,2,L1-L3,1,,1.10732417017288,-0.117322234707036,1.99055473307212,1.56018651113231,0.236148999502579,1
193,B4_K04_I03-05-07-09,Branch4,4,2,L1-L4,1,,0.804657620836382,-0.28367023357148,2.33773198322064,1.53313481984891,0.249610588821586,1
193,B4_K04_I03-05-07-09,Branch4,4,2,L2-L3,1,,1.31382745704154,-0.156599588639768,1.78895759565183,1.59438123649347,0.178498300668381,1
193,B4_K04_I03-05-07-09,Branch4,4,2,L2-L4,1,,1.16280176724264,-0.436612548253901,2.01500001896896,1.57650146007177,0.189893002412476,1
193,B4_K04_I03-05-07-09,Branch4,4,2,L3-L4,1,,0.680307628149692,-0.261655632020469,2.53552520054866,1.79480925345726,0.0100022021592665,1
193,B4_K04_I03-05-07-09,Branch4,4,3,L1-L2-L3,1,,1.30416761921966,-0.045125453958307,1.78661511657477,1.49782788473476,0.211707335090835,1
193,B4_K04_I03-05-07-09,Branch4,4,3,L1-L2-L4,1,,1.0608484517408,-0.288207244055656,2.0698530430029,1.45954992998463,0.250619798389951,1
193,B4_K04_I03-05-07-09,Branch4,4,3,L1-L3-L4,1,,0.723802061591624,-0.268831770168763,2.47833522011412,1.77836145702911,0.293665961613181,1
193,B4_K04_I03-05-07-09,Branch4,4,3,L2-L3-L4,1,,1.06402479770026,-0.334136018305133,2.10426324258043,1.72096365417012,0.224654391760441,1
193,B4_K04_I03-05-07-09,Branch4,4,4,L1-L2-L3-L4,1,,1.0944485705729,-0.273080728778947,2.0338228852205,1.58794595735266,0.252440513636714,1
194,B4_K04_I03-05-08-09,Branch4,4,2,L1-L2,1,,1.72019354966791,0.353451531210016,1.40730185592087,1.44837811203552,0.00347084513075278,1
194,B4_K04_I03-05-08-09,Branch4,4,2,L1-L3,1,,1.09835466163243,-0.120434513797032,2.00008284128414,1.56292120272953,0.233238656658539,1
194,B4_K04_I03-05-08-09,Branch4,4,2,L1-L4,1,,0.797185314463064,-0.28841601677453,2.34769806452087,1.53617268924801,0.246657456775934,1
194,B4_K04_I03-05-08-09,Branch4,4,2,L2-L3,1,,1.35729905840813,-0.148830987327616,1.74343400691967,1.58288605097517,0.188275713545678,1
194,B4_K04_I03-05-08-09,Branch4,4,2,L2-L4,1,,1.1968019656705,-0.451548399101807,1.98343462079429,1.56286533102362,0.202515678180854,1
194,B4_K04_I03-05-08-09,Branch4,4,2,L3-L4,1,,0.668071106692293,-0.263334320431504,2.55176843561944,1.79543327907397,0.0101136779653793,1
194,B4_K04_I03-05-08-09,Branch4,4,3,L1-L2-L3,1,,1.3741377547651,0.0128950195628976,1.71635364396668,1.46559104625648,0.225585771227279,1
194,B4_K04_I03-05-08-09,Branch4,4,3,L1-L2-L4,1,,1.08609677073755,-0.28940261469076,2.04433307561073,1.45067449691114,0.260487744079511,1
194,B4_K04_I03-05-08-09,Branch4,4,3,L1-L3-L4,1,,0.713362044437009,-0.270935943279909,2.49183056912933,1.77869778085632,0.290816101365161,1
194,B4_K04_I03-05-08-09,Branch4,4,3,L2-L3-L4,1,,1.08369765522686,-0.347526580471958,2.08711276389025,1.71873060018614,0.241420261781532,1
194,B4_K04_I03-05-08-09,Branch4,4,4,L1-L2-L3-L4,1,,1.10545909435407,-0.274004889608424,2.02289354372027,1.59080165597012,0.261029085396227,1
195,B4_K04_I03-06-07-08,Branch4,4,2,L1-L2,1,,1.63454202715961,0.306423524688297,1.48502419824963,1.45658412888845,0.0143341131310124,1
195,B4_K04_I03-06-07-08,Branch4,4,2,L1-L3,1,,1.07463071323118,-0.131712380848585,2.02564686999744,1.56808401577969,0.228272603664256,1
195,B4_K04_I03-06-07-08,Branch4,4,2,L1-L4,1,,0.79848809574415,-0.284241106377569,2.34529260928413,1.54691625201926,0.241874262221658,1
195,B4_K04_I03-06-07-08,Branch4,4,2,L2-L3,1,,1.2908499403633,-0.164506638170827,1.81343764739222,1.59808004097751,0.175844167736448,1
195,B4_K04_I03-06-07-08,Branch4,4,2,L2-L4,1,,1.14708648725137,-0.431243239181314,2.03036629717796,1.58374421615112,0.188615215197715,1
195,B4_K04_I03-06-07-08,Branch4,4,2,L3-L4,1,,0.694204964405088,-0.266632808990885,2.52234725090208,1.79765388325348,0.00659333161839039,1
195,B4_K04_I03-06-07-08,Branch4,4,3,L1-L2-L3,1,,1.28328797559039,-0.0483079058148569,1.80762352105564,1.497777213249,0.20784493685242,1
195,B4_K04_I03-06-07-08,Branch4,4,3,L1-L2-L4,1,,1.04606484453649,-0.285724513191539,2.08421474337132,1.46823242085078,0.244802468699159,1
195,B4_K04_I03-06-07-08,Branch4,4,3,L1-L3-L4,1,,0.722757626781353,-0.27140098378985,2.48445802777214,1.78642453271134,0.285380514718392,1
195,B4_K04_I03-06-07-08,Branch4,4,3,L2-L3-L4,1,,1.03833976232364,-0.337336195565508,2.13603693662625,1.73304125579449,0.224740984605688,1
195,B4_K04_I03-06-07-08,Branch4,4,4,L1-L2-L3-L4,1,,1.07408357888597,-0.276542422337197,2.05702264596844,1.6006856948048,0.245488800505341,1
196,B4_K04_I03-06-07-09,Branch4,4,2,L1-L2,1,,1.67128973488926,0.330303086427773,1.45196041058344,1.46941319652947,0.0314310266638142,1
196,B4_K04_I03-06-07-09,Branch4,4,2,L1-L3,1,,1.09835466163243,-0.120434513797032,2.00008284128414,1.56292120272953,0.233238656658539,1
196,B4_K04_I03-06-07-09,Branch4,4,2,L1-L4,1,,0.804200709677321,-0.283708977785293,2.33856396328634,1.53989837211723,0.249079698547808,1
196,B4_K04_I03-06-07-09,Branch4,4,2,L2-L3,1,,1.30009289499379,-0.163978846531293,1.80535399996825,1.61418024393931,0.158860210744232,1
196,B4_K04_I03-06-07-09,Branch4,4,2,L2-L4,1,,1.15739199221476,-0.437672915151523,2.02335725135682,1.60135033178307,0.170438905519234,1
196,B4_K04_I03-06-07-09,Branch4,4,2,L3-L4,1,,0.681553434207234,-0.261604834315061,2.53579133576586,1.79821259334655,0.00661340381312472,1
196,B4_K04_I03-06-07-09,Branch4,4,3,L1-L2-L3,1,,1.28988287603286,-0.0567830906113438,1.80150895617253,1.51908780971764,0.203723210974031,1
196,B4_K04_I03-06-07-09,Branch4,4,3,L1-L2-L4,1,,1.11011143933155,-0.309669882512068,2.0241719285313,1.47849433402509,0.248651746494983,1
196,B4_K04_I03-06-07-09,Branch4,4,3,L1-L3-L4,1,,0.712040995955025,-0.266832411508152,2.4955527928669,1.78711558999996,0.295716588875606,1
196,B4_K04_I03-06-07-09,Branch4,4,3,L2-L3-L4,1,,1.07041097512726,-0.338047818028308,2.09947829688891,1.72443280523378,0.203377333102324,1
196,B4_K04_I03-06-07-09,Branch4,4,4,L1-L2-L3-L4,1,,1.10251857742284,-0.275591440595721,2.02702272418997,1.59836606398725,0.24488313521113,1
197,B4_K04_I03-06-08-09,Branch4,4,2,L1-L2,1,,1.69215477262442,0.339421577353315,1.43270227133707,1.46069343679146,0.0150225676711216,1
197,B4_K04_I03-06-08-09,Branch4,4,2,L1-L3,1,,1.08947294434641,-0.123526935605864,2.00954725588763,1.56568302964014,0.230310573526574,1
197,B4_K04_I03-06-08-09,Branch4,4,2,L1-L4,1,,0.801313199687254,-0.28397678558506,2.34195170382409,1.54340248645081,0.24547946427815,1
197,B4_K04_I03-06-08-09,Branch4,4,2,L2-L3,1,,1.32810325883784,-0.156598811613309,1.77483784104939,1.59840515231105,0.1736791866897,1
197,B4_K04_I03-06-08-09,Branch4,4,2,L2-L4,1,,1.17774726503426,-0.442198972532831,2.00161836132037,1.58351106257035,0.187680202879133,1
197,B4_K04_I03-06-08-09,Branch4,4,2,L3-L4,1,,0.681553434207234,-0.261604834315061,2.53579133576586,1.79821259334655,0.00661340381312472,1
197,B4_K04_I03-06-08-09,Branch4,4,3,L1-L2-L3,1,,1.31374408278475,-0.0440481798103085,1.77700783183012,1.50590247675936,0.208538549946535,1
197,B4_K04_I03-06-08-09,Branch4,4,3,L1-L2-L4,1,,1.07853885840201,-0.294049123548888,2.05272098578696,1.47113083485006,0.250845558392112,1
197,B4_K04_I03-06-08-09,Branch4,4,3,L1-L3-L4,1,,0.71204300227219,-0.266857373694998,2.49552230245418,1.78703422498026,0.291276053887626,1
197,B4_K04_I03-06-08-09,Branch4,4,3,L2-L3-L4,1,,1.07289586887039,-0.342499679089177,2.09868086410355,1.72602187077464,0.224142235480324,1
197,B4_K04_I03-06-08-09,Branch4,4,4,L1-L2-L3-L4,1,,1.10141185845187,-0.273508836685477,2.02771570530984,1.59926265888029,0.25106509596087,1
198,B4_K04_I03-07-08-09,Branch4,4,2,L1-L2,1,,1.68291775630352,0.327661367717252,1.44000692653273,1.45128593532307,0.0167437463896732,1
198,B4_K04_I03-07-08-09,Branch4,4,2,L1-L3,1,,1.12011312851989,-0.116955010593623,1.97766105691996,1.56063845221682,0.234837632146859,1
198,B4_K04_I03-07-08-09,Branch4,4,2,L1-L4,1,,0.820060426698666,-0.287088615731041,2.32286891307045,1.53986383851462,0.255081819355866,1
198,B4_K04_I03-07-08-09,Branch4,4,2,L2-L3,1,,1.33100184256523,-0.155073806274503,1.77144319519201,1.59447736244268,0.177578629782247,1
198,B4_K04_I03-07-08-09,Branch4,4,2,L2-L4,1,,1.18015567298592,-0.441792498586214,1.99871694930741,1.58178082871225,0.194750916488212,1
198,B4_K04_I03-07-08-09,Branch4,4,2,L3-L4,1,,0.682958087678421,-0.261574751387821,2.53588637200021,1.80160982448634,0.00322359686045505,1
198,B4_K04_I03-07-08-09,Branch4,4,3,L1-L2-L3,1,,1.32041450904248,-0.0433805847777373,1.77029934722107,1.49833038654111,0.210973631512766,1
198,B4_K04_I03-07-08-09,Branch4,4,3,L1-L2-L4,1,,1.07833147490852,-0.289113820826408,2.05187840434004,1.46107030683434,0.255836180626382,1
198,B4_K04_I03-07-08-09,Branch4,4,3,L1-L3-L4,1,,0.700914204591849,-0.2647822087143,2.51227058108318,1.79563461005951,0.307352259964377,1
198,B4_K04_I03-07-08-09,Branch4,4,3,L2-L3-L4,1,,1.06756638024544,-0.341450650699556,2.10530828421129,1.73128262845337,0.231632320293889,1
198,B4_K04_I03-07-08-09,Branch4,4,4,L1-L2-L3-L4,1,,1.11312924931671,-0.270360958541932,2.01390756206505,1.58936857837005,0.255033608739333,1
199,B4_K04_I04-05-06-07,Branch4,4,2,L1-L2,1,,1.83142144360167,0.420817251766926,1.30763045479746,1.48672788510298,0.0254708272986407,1
199,B4_K04_I04-05-06-07,Branch4,4,2,L1-L3,1,,1.11678460447573,-0.119884062949197,1.9821020893371,1.57347029191172,0.244338655774175,1
199,B4_K04_I04-05-06-07,Branch4,4,2,L1-L4,1,,0.813852605883121,-0.27879149947619,2.32682508240925,1.54685519269961,0.254544121762414,1
199,B4_K04_I04-05-06-07,Branch4,4,2,L2-L3,1,,1.40485739722577,-0.160406355324247,1.69972966635694,1.62264789889584,0.16284973479166,1
199,B4_K04_I04-05-06-07,Branch4,4,2,L2-L4,1,,1.25342086694268,-0.465926939736833,1.93121885894686,1.60584055770074,0.172679155196302,1
199,B4_K04_I04-05-06-07,Branch4,4,2,L3-L4,1,,0.728447555047138,-0.270002167450101,2.4915892543832,1.81565685412604,0.0123743480042809,1
199,B4_K04_I04-05-06-07,Branch4,4,3,L1-L2-L3,1,,1.39958171378516,-0.0156946756605403,1.69064229151222,1.5195103668226,0.219857770681256,1
199,B4_K04_I04-05-06-07,Branch4,4,3,L1-L2-L4,1,,1.26342076186015,-0.328234398882491,1.87063973388908,1.45932147594334,0.287867214498186,1
199,B4_K04_I04-05-06-07,Branch4,4,3,L1-L3-L4,1,,0.771380382906714,-0.276357105197011,2.43300823452602,1.79498519562823,0.295060816722743,1
199,B4_K04_I04-05-06-07,Branch4,4,3,L2-L3-L4,1,,1.16622503162433,-0.360230230623279,2.00465375083768,1.7287761455256,0.210941984953829,1
199,B4_K04_I04-05-06-07,Branch4,4,4,L1-L2-L3-L4,1,,1.17188809080437,-0.283123820552911,1.95951732499002,1.62317272874676,0.263328387279669,1
200,B4_K04_I04-05-06-08,Branch4,4,2,L1-L2,1,,1.69158813005958,0.339695096237026,1.43321357457172,1.46628970680102,0.0159697406430187,1
200,B4_K04_I04-05-06-08,Branch4,4,2,L1-L3,1,,1.08194066553269,-0.129152162411119,2.01814032086946,1.57093765524755,0.230630492609256,1
200,B4_K04_I04-05-06-08,Branch4,4,2,L1-L4,1,,0.800981281223464,-0.284014451324502,2.34274563899457,1.55017692963502,0.244951434589158,1
200,B4_K04_I04-05-06-08,Branch4,4,2,L2-L3,1,,1.3243005342462,-0.161964336459723,1.77979778829639,1.60444914153254,0.172311379494414,1
200,B4_K04_I04-05-06-08,Branch4,4,2,L2-L4,1,,1.17739476749792,-0.442297848910865,2.00260885485548,1.59061759675469,0.185922580447594,1
200,B4_K04_I04-05-06-08,Branch4,4,2,L3-L4,1,,0.697254088741847,-0.266630559408525,2.52207779831145,1.8041969458853,0.00639835189993519,1
200,B4_K04_I04-05-06-08,Branch4,4,3,L1-L2-L3,1,,1.30679555171856,-0.0520183124601126,1.7843238969191,1.5147859055759,0.208086054969304,1
200,B4_K04_I04-05-06-08,Branch4,4,3,L1-L2-L4,1,,1.08299269454324,-0.296045092901003,2.04849010824959,1.47791777209383,0.250318151133311,1
200,B4_K04_I04-05-06-08,Branch4,4,3,L1-L3-L4,1,,0.72484268149361,-0.271271337062234,2.48518224734162,1.79326483026879,0.289326921367461,1
200,B4_K04_I04-05-06-08,Branch4,4,3,L2-L3-L4,1,,1.07315915869676,-0.344264592004698,2.10065973371229,1.73314868236458,0.22209034277503,1
200,B4_K04_I04-05-06-08,Branch4,4,4,L1-L2-L3-L4,1,,1.09972694532518,-0.277421106406156,2.03138778824809,1.60852220567407,0.250175416092965,1
201,B4_K04_I04-05-06-09,Branch4,4,2,L1-L2,1,,1.78526125789411,0.397658432504431,1.34959342441049,1.49676246381361,0.0377536077826084,1
201,B4_K04_I04-05-06-09,Branch4,4,2,L1-L3,1,,1.09676021238966,-0.120993682382286,2.00209006409562,1.56852345339451,0.232646093152691,1
201,B4_K04_I04-05-06-09,Branch4,4,2,L1-L4,1,,0.80840001578433,-0.279285499254697,2.33283960986118,1.54709924660737,0.247903667992769,1
201,B4_K04_I04-05-06-09,Branch4,4,2,L2-L3,1,,1.36151479870664,-0.162041081919857,1.74464539285526,1.63223545629613,0.142047413319523,1
201,B4_K04_I04-05-06-09,Branch4,4,2,L2-L4,1,,1.21729667168777,-0.455710889426655,1.967755946487,1.62127265361483,0.153405355436686,1
201,B4_K04_I04-05-06-09,Branch4,4,2,L3-L4,1,,0.696855757348784,-0.259940812196157,2.51942777412755,1.80411520147455,0.00632179762308349,1
201,B4_K04_I04-05-06-09,Branch4,4,3,L1-L2-L3,1,,1.36515487379355,-0.0280245036105287,1.7254355693341,1.52874667287004,0.205716700850021,1
201,B4_K04_I04-05-06-09,Branch4,4,3,L1-L2-L4,1,,1.18466317292085,-0.336677894535069,1.95420452537607,1.50659305923809,0.2601520145058,1
201,B4_K04_I04-05-06-09,Branch4,4,3,L1-L3-L4,1,,0.724929157539643,-0.26475255164068,2.48225850507108,1.79339162427112,0.293566572563471,1
201,B4_K04_I04-05-06-09,Branch4,4,3,L2-L3-L4,1,,1.14757234218748,-0.348892576734458,2.01876895690189,1.71831239716556,0.188302430795173,1
201,B4_K04_I04-05-06-09,Branch4,4,4,L1-L2-L3-L4,1,,1.15856050193038,-0.277400562711991,1.97136170601869,1.61815130840936,0.248745854700561,1
202,B4_K04_I04-05-07-08,Branch4,4,2,L1-L2,1,,1.65597164566075,0.308752191690302,1.46482483649495,1.42437022223262,0.00578530466455711,1
202,B4_K04_I04-05-07-08,Branch4,4,2,L1-L3,1,,1.12168161357773,-0.119317809711177,1.97646725257729,1.56306919169691,0.238051551003554,1
202,B4_K04_I04-05-07-08,Branch4,4,2,L1-L4,1,,0.820060426698666,-0.287088615731041,2.32286891307045,1.53986383851462,0.255081819355866,1
202,B4_K04_I04-05-07-08,Branch4,4,2,L2-L3,1,,1.33599681604032,-0.148571221999306,1.76409084144987,1.56913022303151,0.208244527910632,1
202,B4_K04_I04-05-07-08,Branch4,4,2,L2-L4,1,,1.17639933266002,-0.434346398634221,1.99791573708088,1.55109362544208,0.226096398992748,1
202,B4_K04_I04-05-07-08,Branch4,4,2,L3-L4,1,,0.697254088741847,-0.266630559408525,2.52207779831145,1.8041969458853,0.00639835189993519,1
202,B4_K04_I04-05-07-08,Branch4,4,3,L1-L2-L3,1,,1.42317366330842,0.0852019730973161,1.67153895551542,1.42169185869433,0.256322966115872,1
202,B4_K04_I04-05-07-08,Branch4,4,3,L1-L2-L4,1,,1.11828495608603,-0.258052290046091,2.00583527533721,1.40749536007762,0.275764456712764,1
202,B4_K04_I04-05-07-08,Branch4,4,3,L1-L3-L4,1,,0.726271833401468,-0.271519915627069,2.48369177670999,1.79349284451433,0.303023011209973,1
202,B4_K04_I04-05-07-08,Branch4,4,3,L2-L3-L4,1,,1.03811359783041,-0.335882709766678,2.13735583570375,1.73944048010413,0.268501937273986,1
202,B4_K04_I04-05-07-08,Branch4,4,4,L1-L2-L3-L4,1,,1.09170664709074,-0.268883299090805,2.03514726678808,1.58252809223219,0.266596019758746,1
203,B4_K04_I04-05-07-09,Branch4,4,2,L1-L2,1,,1.6832956300354,0.32916796130546,1.43967780268002,1.46038590681031,0.0209826777736137,1
203,B4_K04_I04-05-07-09,Branch4,4,2,L1-L3,1,,1.11848131904796,-0.117518439494446,1.97968043302565,1.56618411162781,0.234243751420183,1
203,B4_K04_I04-05-07-09,Branch4,4,2,L1-L4,1,,0.817116871446605,-0.287364136651947,2.32630993016712,1.54335103006418,0.251499545309157,1
203,B4_K04_I04-05-07-09,Branch4,4,2,L2-L3,1,,1.32706157654516,-0.157227593538385,1.77644282346554,1.60459185316015,0.171974225886952,1
203,B4_K04_I04-05-07-09,Branch4,4,2,L2-L4,1,,1.17739476749792,-0.442297848910865,2.00260885485548,1.59061759675469,0.185922580447594,1
203,B4_K04_I04-05-07-09,Branch4,4,2,L3-L4,1,,0.684675012775437,-0.261602520237518,2.53552075632945,1.80478970268525,0.00641654592380034,1
203,B4_K04_I04-05-07-09,Branch4,4,3,L1-L2-L3,1,,1.31254662184016,-0.0522065815511141,1.77856149136169,1.51349612564073,0.207986010436079,1
203,B4_K04_I04-05-07-09,Branch4,4,3,L1-L2-L4,1,,1.08196122160591,-0.297266066424755,2.050008445352,1.47372192792194,0.250937789031379,1
203,B4_K04_I04-05-07-09,Branch4,4,3,L1-L3-L4,1,,0.715491082942995,-0.266993833712184,2.49482722022943,1.79395772612874,0.300169659478118,1
203,B4_K04_I04-05-07-09,Branch4,4,3,L2-L3-L4,1,,1.07514350424152,-0.342614002424532,2.09750194291108,1.73129376716654,0.222101711776833,1
203,B4_K04_I04-05-07-09,Branch4,4,4,L1-L2-L3-L4,1,,1.11330443789654,-0.273138300044109,2.01494887848316,1.59543231430984,0.251501069219576,1
204,B4_K04_I04-05-08-09,Branch4,4,2,L1-L2,1,,1.71041244050531,0.341411446521617,1.41507301185284,1.44026286585686,0.00283488628425939,1
204,B4_K04_I04-05-08-09,Branch4,4,2,L1-L3,1,,1.12004616631183,-0.11989203622899,1.97850485775956,1.56861386954972,0.237460396687844,1
204,B4_K04_I04-05-08-09,Branch4,4,2,L1-L4,1,,0.819658292840846,-0.287128548694134,2.32369330532247,1.54659359655545,0.254547639841506,1
204,B4_K04_I04-05-08-09,Branch4,4,2,L2-L3,1,,1.365024053852,-0.148147016678879,1.73536336605614,1.57938966570618,0.20063491654514,1
204,B4_K04_I04-05-08-09,Branch4,4,2,L2-L4,1,,1.20457073592945,-0.445782843208303,1.97268815564349,1.56231016786527,0.218879854455631,1
204,B4_K04_I04-05-08-09,Branch4,4,2,L3-L4,1,,0.700365472004969,-0.266628377298015,2.52179078804972,1.81074007506438,0.00620336748560377,1
204,B4_K04_I04-05-08-09,Branch4,4,3,L1-L2-L3,1,,1.42204184586861,0.0621970302100516,1.67046854255642,1.44285997757641,0.245191958347514,1
204,B4_K04_I04-05-08-09,Branch4,4,3,L1-L2-L4,1,,1.10139596572486,-0.272392981440583,2.02462512909481,1.4379393730239,0.27034508717622,1
204,B4_K04_I04-05-08-09,Branch4,4,3,L1-L3-L4,1,,0.728345210687024,-0.271398659477555,2.48445805545081,1.8002473429626,0.302542528828777,1
204,B4_K04_I04-05-08-09,Branch4,4,3,L2-L3-L4,1,,1.07415594330819,-0.343565085397206,2.10082751914834,1.73939888422064,0.260063182775453,1
204,B4_K04_I04-05-08-09,Branch4,4,4,L1-L2-L3-L4,1,,1.11326065722999,-0.271158790811641,2.0144849902601,1.59533973424491,0.26752580191821,1
205,B4_K04_I04-06-07-08,Branch4,4,2,L1-L2,1,,1.70747830318288,0.34207983015636,1.41759071850245,1.46113175072986,0.00891418037705229,1
205,B4_K04_I04-06-07-08,Branch4,4,2,L1-L3,1,,1.09504095986101,-0.128689168985949,2.00489022759492,1.57134832436733,0.229325004546909,1
205,B4_K04_I04-06-07-08,Branch4,4,2,L1-L4,1,,0.81392578042484,-0.287674784886903,2.33049625807441,1.55359533731113,0.247379831184586,1
205,B4_K04_I04-06-07-08,Branch4,4,2,L2-L3,1,,1.34725729527757,-0.157316601513336,1.75545349319731,1.59664019736969,0.179176906564984,1
205,B4_K04_I04-06-07-08,Branch4,4,2,L2-L4,1,,1.19656581080761,-0.447146922554055,1.98332859234132,1.58430756024737,0.196894628660158,1
205,B4_K04_I04-06-07-08,Branch4,4,2,L3-L4,1,,0.698663764508136,-0.266602335131208,2.52215223734477,1.80757628189884,0.00302610486623518,1
205,B4_K04_I04-06-07-08,Branch4,4,3,L1-L2-L3,1,,1.34345351111941,-0.0237477437752263,1.74677830319809,1.49232833491021,0.214011412011215,1
205,B4_K04_I04-06-07-08,Branch4,4,3,L1-L2-L4,1,,1.08392197836406,-0.290388912287491,2.04608358322397,1.47172192392272,0.255869479775428,1
205,B4_K04_I04-06-07-08,Branch4,4,3,L1-L3-L4,1,,0.714917592401008,-0.269465836656768,2.50053182100728,1.80169950738165,0.296143474009099,1
205,B4_K04_I04-06-07-08,Branch4,4,3,L2-L3-L4,1,,1.08140822259985,-0.346450706911273,2.09326705931712,1.73651447428202,0.23453050257493,1
205,B4_K04_I04-06-07-08,Branch4,4,4,L1-L2-L3-L4,1,,1.11258341286341,-0.274906788718566,2.01717324374264,1.60635252302387,0.254887074092296,1
206,B4_K04_I04-06-07-09,Branch4,4,2,L1-L2,1,,1.72262730932904,0.358622203820126,1.40531658836957,1.47398530510165,0.0238872621080875,1
206,B4_K04_I04-06-07-09,Branch4,4,2,L1-L3,1,,1.09676021238966,-0.120993682382286,2.00209006409562,1.56852345339451,0.232646093152691,1
206,B4_K04_I04-06-07-09,Branch4,4,2,L1-L4,1,,0.80840001578433,-0.279285499254697,2.33283960986118,1.54709924660737,0.247903667992769,1
206,B4_K04_I04-06-07-09,Branch4,4,2,L2-L3,1,,1.3388628435566,-0.158590699498712,1.76533265351003,1.61251277719527,0.16326863034722,1
206,B4_K04_I04-06-07-09,Branch4,4,2,L2-L4,1,,1.19167237592047,-0.443538665420297,1.98843055820052,1.59950511897728,0.176361732061678,1
206,B4_K04_I04-06-07-09,Branch4,4,2,L3-L4,1,,0.696855757348784,-0.259940812196157,2.51942777412755,1.80411520147455,0.00632179762308349,1
206,B4_K04_I04-06-07-09,Branch4,4,3,L1-L2-L3,1,,1.32221278959614,-0.0478142725213608,1.76883837284673,1.5221903414257,0.206832806074511,1
206,B4_K04_I04-06-07-09,Branch4,4,3,L1-L2-L4,1,,1.14210540532043,-0.30700341751257,1.99016043855614,1.47749227730938,0.255912706042318,1
206,B4_K04_I04-06-07-09,Branch4,4,3,L1-L3-L4,1,,0.724929157539643,-0.26475255164068,2.48225850507108,1.79339162427112,0.293566572563471,1
206,B4_K04_I04-06-07-09,Branch4,4,3,L2-L3-L4,1,,1.09711503395354,-0.343110605472924,2.07336612377438,1.72889314504669,0.211745010652366,1
206,B4_K04_I04-06-07-09,Branch4,4,4,L1-L2-L3-L4,1,,1.12206973787489,-0.273486304342287,2.00721727414241,1.6087534209864,0.250038225002783,1
207,B4_K04_I04-06-08-09,Branch4,4,2,L1-L2,1,,1.72104046619993,0.357659867238017,1.40670314007648,1.47609629659311,0.0216022104357932,1
207,B4_K04_I04-06-08-09,Branch4,4,2,L1-L3,1,,1.08194066553269,-0.129152162411119,2.01814032086946,1.57093765524755,0.230630492609256,1
207,B4_K04_I04-06-08-09,Branch4,4,2,L1-L4,1,,0.803519821406396,-0.283785220814803,2.34016330025439,1.55343197127823,0.248023780603555,1
207,B4_K04_I04-06-08-09,Branch4,4,2,L2-L3,1,,1.33612530472228,-0.163309273066524,1.7686633708039,1.61238515735797,0.163587633511281,1
207,B4_K04_I04-06-08-09,Branch4,4,2,L2-L4,1,,1.19125859910144,-0.448140177472293,1.99096995450024,1.60198230413666,0.179260847942129,1
207,B4_K04_I04-06-08-09,Branch4,4,2,L3-L4,1,,0.698663764508136,-0.266602335131208,2.52215223734477,1.80757628189884,0.00302610486623518,1
207,B4_K04_I04-06-08-09,Branch4,4,3,L1-L2-L3,1,,1.31701983596608,-0.0527413679150306,1.77425596077779,1.52402539676636,0.20629646979626,1
207,B4_K04_I04-06-08-09,Branch4,4,3,L1-L2-L4,1,,1.13271794623106,-0.308644982105585,2.00029722051172,1.48166770307694,0.256325096517813,1
207,B4_K04_I04-06-08-09,Branch4,4,3,L1-L3-L4,1,,0.714077642663856,-0.269280446524082,2.50148224426131,1.80173129113908,0.295594684503615,1
207,B4_K04_I04-06-08-09,Branch4,4,3,L2-L3-L4,1,,1.0928885888728,-0.347428182821951,2.08046901869557,1.73355154303907,0.214105362818446,1
207,B4_K04_I04-06-08-09,Branch4,4,4,L1-L2-L3-L4,1,,1.11700366604984,-0.277384229307132,2.01402845864429,1.61419466490633,0.250415466943186,1
208,B4_K04_I04-07-08-09,Branch4,4,2,L1-L2,1,,1.70906236669254,0.341794704715136,1.41620951224293,1.45004045469229,0.00699951835350203,1
208,B4_K04_I04-07-08-09,Branch4,4,2,L1-L3,1,,1.11127042089813,-0.120034052454623,1.98705008760938,1.56336612164215,0.231937194339664,1
208,B4_K04_I04-07-08-09,Branch4,4,2,L1-L4,1,,0.82417071188023,-0.282685874883531,2.31725531781984,1.54702887012014,0.253890850871229,1
208,B4_K04_I04-07-08-09,Branch4,4,2,L2-L3,1,,1.35416957159124,-0.150433469859687,1.74701237628975,1.5867712068066,0.184412254656984,1
208,B4_K04_I04-07-08-09,Branch4,4,2,L2-L4,1,,1.20097430949872,-0.441902226320928,1.97585127426881,1.57572536827313,0.205399659295061,1
208,B4_K04_I04-07-08-09,Branch4,4,2,L3-L4,1,,0.696706702109402,-0.259904639992038,2.51970656712049,1.80432746719491,0.000223256233623194,1
208,B4_K04_I04-07-08-09,Branch4,4,3,L1-L2-L3,1,,1.3607299535884,-0.00574834945762215,1.72952012559691,1.47455448142902,0.219318027940115,1
208,B4_K04_I04-07-08-09,Branch4,4,3,L1-L2-L4,1,,1.11984125023339,-0.281897098580816,2.00737970086179,1.44988274319259,0.264180076279332,1
208,B4_K04_I04-07-08-09,Branch4,4,3,L1-L3-L4,1,,0.713655698720325,-0.262915655313178,2.49746122168749,1.79845872529238,0.30293381611405,1
208,B4_K04_I04-07-08-09,Branch4,4,3,L2-L3-L4,1,,1.07724797016164,-0.338983601850412,2.09494659300937,1.73541882705137,0.243461614313178,1
208,B4_K04_I04-07-08-09,Branch4,4,4,L1-L2-L3-L4,1,,1.11988524437963,-0.266473079362562,2.00655251527845,1.59631514109835,0.259226144197721,1
209,B4_K04_I05-06-07-08,Branch4,4,2,L1-L2,1,,5.39009415166337,2.37741328602114,-1.73483555854289,1.84926045333814,0.0998708959123725,0
209,B4_K04_I05-06-07-08,Branch4,4,2,L1-L3,1,,1.09659824692668,-0.128127787144972,2.00289813286084,1.56573063050468,0.229923030327933,1
209,B4_K04_I05-06-07-08,Branch4,4,2,L1-L4,1,,0.811473986479491,-0.283849979831407,2.33071754186604,1.53754155634325,0.238093893071934,1
209,B4_K04_I05-06-07-08,Branch4,4,2,L2-L3,1,,16.8380237210786,1.83053494224926,-13.6476864046792,1.63430739155945,0.68321166489017,0
209,B4_K04_I05-06-07-08,Branch4,4,2,L2-L4,1,,7.00535671551394,2.49611078807416,9.63322618521844,1.67505637471353,0.357391611783087,1
209,B4_K04_I05-06-07-08,Branch4,4,2,L3-L4,1,,0.704181594056218,-0.265066003983674,2.50575175740809,1.79028558691046,0.0132059178312673,1
209,B4_K04_I05-06-07-08,Branch4,4,3,L1-L2-L3,1,,4.25813555273351,1.56499159583971,-0.863614307449162,1.72683385624172,0.985034350347169,0
209,B4_K04_I05-06-07-08,Branch4,4,3,L1-L2-L4,1,,0.855615327367036,-0.00332530279173958,2.23630019014941,1.55712412316879,1.44693864989287,1
209,B4_K04_I05-06-07-08,Branch4,4,3,L1-L3-L4,1,,0.755764415462035,-0.273064456244227,2.43839368188086,1.7683744782984,0.276419713135784,1
209,B4_K04_I05-06-07-08,Branch4,4,3,L2-L3-L4,1,,0.895489535541571,0.595052929010743,3.7056377085477,1.76230465446561,1.25283037965464,1
209,B4_K04_I05-06-07-08,Branch4,4,4,L1-L2-L3-L4,1,,0.83972106698374,-0.17101212382249,2.28478023567025,1.66585371558931,1.33108896925204,1
210,B4_K04_I05-06-07-09,Branch4,4,2,L1-L2,1,,1.64822460460375,0.319598574473764,1.47318896987781,1.47942838628776,0.0400044793494162,1
210,B4_K04_I05-06-07-09,Branch4,4,2,L1-L3,1,,1.10410091203867,-0.118448239524508,1.99459199498791,1.57134522460262,0.234968794867933,1
210,B4_K04_I05-06-07-09,Branch4,4,2,L1-L4,1,,0.803442414345931,-0.279731671959012,2.33792094915031,1.54058332349696,0.241766559084578,1
210,B4_K04_I05-06-07-09,Branch4,4,2,L2-L3,1,,1.27893741044473,-0.168082772102105,1.82891898527858,1.63078132843323,0.152356171356172,1
210,B4_K04_I05-06-07-09,Branch4,4,2,L2-L4,1,,1.13955636417532,-0.428168683004252,2.03992521202803,1.61226408906015,0.154620474564668,1
210,B4_K04_I05-06-07-09,Branch4,4,2,L3-L4,1,,0.696544626917185,-0.260143398650557,2.51797469484763,1.80047775240619,0.0162331598023673,1
210,B4_K04_I05-06-07-09,Branch4,4,3,L1-L2-L3,1,,1.28240244139223,-0.04962829237208,1.80874133623712,1.5216631211408,0.203602266515971,1
210,B4_K04_I05-06-07-09,Branch4,4,3,L1-L2-L4,1,,1.12823329558165,-0.317109144098922,2.00735195117513,1.48498792607287,0.244076308047238,1
210,B4_K04_I05-06-07-09,Branch4,4,3,L1-L3-L4,1,,0.756883875484288,-0.269485811298396,2.43781185021025,1.77368086478742,0.279460035683175,1
210,B4_K04_I05-06-07-09,Branch4,4,3,L2-L3-L4,1,,1.0747600473278,-0.329612408282552,2.09145489355152,1.72219921247844,0.186603778188495,1
210,B4_K04_I05-06-07-09,Branch4,4,4,L1-L2-L3-L4,1,,1.09371405027895,-0.27967490281001,2.03785009640355,1.60475186336182,0.237812832062102,1
211,B4_K04_I05-06-08-09,Branch4,4,2,L1-L2,1,,1.71020906253607,0.345845352306731,1.4153168302305,1.47465614948182,0.0219504864171155,1
211,B4_K04_I05-06-08-09,Branch4,4,2,L1-L3,1,,1.10814418752554,-0.121148406409559,1.99102172370343,1.57452081722099,0.230746806877125,1
211,B4_K04_I05-06-08-09,Branch4,4,2,L1-L4,1,,0.808947085999972,-0.2881321767579,2.33557567116914,1.54710805379882,0.241255156777833,1
211,B4_K04_I05-06-08-09,Branch4,4,2,L2-L3,1,,1.34058117550061,-0.157763219790564,1.76368790003862,1.6147382590244,0.165456702307988,1
211,B4_K04_I05-06-08-09,Branch4,4,2,L2-L4,1,,1.1893024723802,-0.448421149714495,1.99272230290253,1.59664625575197,0.173967046262018,1
211,B4_K04_I05-06-08-09,Branch4,4,2,L3-L4,1,,0.685356419755472,-0.261717785662626,2.53460312951073,1.80455137336518,0.0129976373747974,1
211,B4_K04_I05-06-08-09,Branch4,4,3,L1-L2-L3,1,,1.32109820704984,-0.0533863133878673,1.77027209319619,1.52772410893748,0.205231148792498,1
211,B4_K04_I05-06-08-09,Branch4,4,3,L1-L2-L4,1,,1.13779065912531,-0.314648668394269,1.99681004717496,1.47764991022601,0.250877369840412,1
211,B4_K04_I05-06-08-09,Branch4,4,3,L1-L3-L4,1,,0.740555011323919,-0.270918661605886,2.46148625340698,1.78283435776837,0.282383347545966,1
211,B4_K04_I05-06-08-09,Branch4,4,3,L2-L3-L4,1,,1.10234386619443,-0.346960550979998,2.06783269492898,1.72350475575249,0.210499399676253,1
211,B4_K04_I05-06-08-09,Branch4,4,4,L1-L2-L3-L4,1,,1.11899156118634,-0.278729925353718,2.01143857561199,1.60562668479441,0.247590644190016,1
212,B4_K04_I05-07-08-09,Branch4,4,2,L1-L2,1,,1.68178986548678,0.328292581270639,1.44098829234817,1.4625631095857,0.0186374717156413,1
212,B4_K04_I05-07-08-09,Branch4,4,2,L1-L3,1,,1.10968135718478,-0.120592418894153,1.98904695477381,1.5689389236635,0.231341435590283,1
212,B4_K04_I05-07-08-09,Branch4,4,2,L1-L4,1,,0.811752646261498,-0.287866438036657,2.33225712854104,1.54360061143791,0.244853315671197,1
212,B4_K04_I05-07-08-09,Branch4,4,2,L2-L3,1,,1.32706157654516,-0.157227593538385,1.77644282346554,1.60459185316015,0.171974225886952,1
212,B4_K04_I05-07-08-09,Branch4,4,2,L2-L4,1,,1.176403212578,-0.442445706645972,2.00352196040122,1.58793056751766,0.183261724901663,1
212,B4_K04_I05-07-08-09,Branch4,4,2,L3-L4,1,,0.683386522067333,-0.261652121505038,2.53527308317181,1.80138572229202,0.00980575344535722,1
212,B4_K04_I05-07-08-09,Branch4,4,3,L1-L2-L3,1,,1.31286697236377,-0.0493732827597264,1.77811646149075,1.51198112939557,0.207063027714838,1
212,B4_K04_I05-07-08-09,Branch4,4,3,L1-L2-L4,1,,1.08447253486573,-0.299614291109111,2.04805708750956,1.47417515629848,0.247498896344839,1
212,B4_K04_I05-07-08-09,Branch4,4,3,L1-L3-L4,1,,0.727755597188638,-0.269205041818612,2.47685468628699,1.78497311973344,0.289083311418328,1
212,B4_K04_I05-07-08-09,Branch4,4,3,L2-L3-L4,1,,1.08381835149157,-0.338468915209797,2.08494076885391,1.72351052403553,0.217864651368683,1
212,B4_K04_I05-07-08-09,Branch4,4,4,L1-L2-L3-L4,1,,1.10741267449242,-0.275384523151321,2.02179139750088,1.59724493602272,0.248857037391772,1
213,B4_K04_I06-07-08-09,Branch4,4,2,L1-L2,1,,1.69677536844041,0.331765790033908,1.42621224232582,1.47192137961403,0.0167119790408088,1
213,B4_K04_I06-07-08-09,Branch4,4,2,L1-L3,1,,1.09355498429315,-0.136363519396594,2.00752024061955,1.57419612376546,0.225989948698613,1
213,B4_K04_I06-07-08-09,Branch4,4,2,L1-L4,1,,0.821557431524882,-0.291824829940883,2.32415698441632,1.55726567388439,0.24315448243304,1
213,B4_K04_I06-07-08-09,Branch4,4,2,L2-L3,1,,1.33605971417705,-0.166581953069729,1.76879714750099,1.60830067085112,0.167823044876697,1
213,B4_K04_I06-07-08-09,Branch4,4,2,L2-L4,1,,1.19249380546841,-0.447900139362866,1.98913241580072,1.59755769215437,0.183672955962066,1
213,B4_K04_I06-07-08-09,Branch4,4,2,L3-L4,1,,0.711152021851052,-0.271581930627639,2.508838421448,1.80697177843305,0.00302626696611586,1
213,B4_K04_I06-07-08-09,Branch4,4,3,L1-L2-L3,1,,1.31832648015,-0.0565032917695278,1.77300125205997,1.51750383410266,0.204258164653657,1
213,B4_K04_I06-07-08-09,Branch4,4,3,L1-L2-L4,1,,1.09911344511111,-0.304132003728284,2.03390563578416,1.48520867133218,0.248009696110242,1
213,B4_K04_I06-07-08-09,Branch4,4,3,L1-L3-L4,1,,0.727072980491596,-0.274347201130897,2.48775594527341,1.80111597556266,0.290661469761984,1
213,B4_K04_I06-07-08-09,Branch4,4,3,L2-L3-L4,1,,1.0901265519928,-0.347018177115016,2.08363230726215,1.7349007261057,0.2183203086311,1
213,B4_K04_I06-07-08-09,Branch4,4,4,L1-L2-L3-L4,1,,1.11599757743247,-0.281316598328355,2.01585323237593,1.61189408359193,0.246825527254539,1
214,B4_K05_I01-02-03-04-05,Branch4,5,2,L1-L2,1,,1.80537789872483,0.406718742156015,1.33106449195293,1.48927150922596,0.027377519105419,1
214,B4_K05_I01-02-03-04-05,Branch4,5,2,L1-L3,1,,1.08350284671019,-0.128589906768201,2.0161376842909,1.56528998090307,0.231225320944638,1
214,B4_K05_I01-02-03-04-05,Branch4,5,2,L1-L4,1,,0.801313199687254,-0.28397678558506,2.34195170382409,1.54340248645081,0.24547946427815,1
214,B4_K05_I01-02-03-04-05,Branch4,5,2,L2-L3,1,,1.38133916336847,-0.161947535290494,1.72327978288025,1.61809626660051,0.151055151625364,1
214,B4_K05_I01-02-03-04-05,Branch4,5,2,L2-L4,1,,1.23356715890494,-0.465469840584731,1.95246318852633,1.60505125214457,0.16380689663229,1
214,B4_K05_I01-02-03-04-05,Branch4,5,2,L3-L4,1,,0.694204964405088,-0.266632808990885,2.52234725090208,1.79765388325348,0.00659333161839039,1
214,B4_K05_I01-02-03-04-05,Branch4,5,3,L1-L2-L3,1,,1.37345849315894,-0.0242641026183519,1.71688085547174,1.51852837511883,0.20910088253572,1
214,B4_K05_I01-02-03-04-05,Branch4,5,3,L1-L2-L4,1,,1.24795733314863,-0.337336527229482,1.88909952027285,1.46205779991481,0.280578150326042,1
214,B4_K05_I01-02-03-04-05,Branch4,5,3,L1-L3-L4,1,,0.722794701718006,-0.271384033443299,2.48444426131531,1.78650503410885,0.289808064784414,1
214,B4_K05_I01-02-03-04-05,Branch4,5,3,L2-L3-L4,1,,1.15538836050946,-0.355338167658093,2.01115922020405,1.7115646994548,0.199312118528187,1
214,B4_K05_I01-02-03-04-05,Branch4,5,4,L1-L2-L3-L4,1,,1.15582125515258,-0.281413179294052,1.97490994502655,1.61534108410026,0.253224797442034,1
215,B4_K05_I01-02-03-04-06,Branch4,5,2,L1-L2,1,,1.75085223615863,0.375856756276586,1.38002549411998,1.48577182853315,0.0270882514445636,1
215,B4_K05_I01-02-03-04-06,Branch4,5,2,L1-L3,1,,1.07463071323118,-0.131712380848585,2.02564686999744,1.56808401577969,0.228272603664256,1
215,B4_K05_I01-02-03-04-06,Branch4,5,2,L1-L4,1,,0.803084087331978,-0.279768135912352,2.3387131650683,1.54734905608642,0.241241571962859,1
215,B4_K05_I01-02-03-04-06,Branch4,5,2,L2-L3,1,,1.34674300659448,-0.165253335227664,1.75866053563291,1.61808171588365,0.152711791451898,1
215,B4_K05_I01-02-03-04-06,Branch4,5,2,L2-L4,1,,1.20386356409516,-0.449657851560552,1.9782632924277,1.60553099318286,0.164450020442515,1
215,B4_K05_I01-02-03-04-06,Branch4,5,2,L3-L4,1,,0.706387863707551,-0.264948119999216,2.50642251717085,1.79702462732405,0.00650133033548583,1
215,B4_K05_I01-02-03-04-06,Branch4,5,3,L1-L2-L3,1,,1.33980560407163,-0.0358578980780929,1.75080412652285,1.51864618751712,0.205284314027909,1
215,B4_K05_I01-02-03-04-06,Branch4,5,3,L1-L2-L4,1,,1.20124162002033,-0.32366892953898,1.93354058687215,1.4713385361827,0.264734994636588,1
215,B4_K05_I01-02-03-04-06,Branch4,5,3,L1-L3-L4,1,,0.733550168178511,-0.269419150368996,2.47052717789038,1.78594159074313,0.283811000273686,1
215,B4_K05_I01-02-03-04-06,Branch4,5,3,L2-L3-L4,1,,1.12084560502359,-0.346585929357196,2.04687577066934,1.71923710008942,0.198293677686969,1
215,B4_K05_I01-02-03-04-06,Branch4,5,4,L1-L2-L3-L4,1,,1.12952426191664,-0.279979617135681,2.00195540849261,1.61659948172443,0.246073842148711,1
216,B4_K05_I01-02-03-04-07,Branch4,5,2,L1-L2,1,,1.71101912213322,0.345101466337549,1.41454164105456,1.46352121606905,0.0200584548290937,1
216,B4_K05_I01-02-03-04-07,Branch4,5,2,L1-L3,1,,1.10543479892344,-0.125018642153882,1.99346406679312,1.56297127099736,0.232847707286545,1
216,B4_K05_I01-02-03-04-07,Branch4,5,2,L1-L4,1,,0.819146143840159,-0.283144134909427,2.32241583719761,1.54055067014919,0.24779985723761,1
216,B4_K05_I01-02-03-04-07,Branch4,5,2,L2-L3,1,,1.33977139239834,-0.161236970183182,1.76390333788493,1.60226273056391,0.16921202273136,1
216,B4_K05_I01-02-03-04-07,Branch4,5,2,L2-L4,1,,1.1932101479771,-0.443210724140863,1.98565909207094,1.58801062615668,0.182535519444985,1
216,B4_K05_I01-02-03-04-07,Branch4,5,2,L3-L4,1,,0.706387863707551,-0.264948119999216,2.50642251717085,1.79702462732405,0.00650133033548583,1
216,B4_K05_I01-02-03-04-07,Branch4,5,3,L1-L2-L3,1,,1.32297452266659,-0.0525738500601018,1.76812997089133,1.51253810428268,0.207976658056602,1
216,B4_K05_I01-02-03-04-07,Branch4,5,3,L1-L2-L4,1,,1.11550342859941,-0.30048330867932,2.01610722750351,1.47150449856626,0.251925347980235,1
216,B4_K05_I01-02-03-04-07,Branch4,5,3,L1-L3-L4,1,,0.73506833339106,-0.269709925867178,2.46893168663996,1.78610515686222,0.292994636632888,1
216,B4_K05_I01-02-03-04-07,Branch4,5,3,L2-L3-L4,1,,1.09089658159425,-0.343629287998884,2.07954660350169,1.7257392249221,0.218351056612796,1
216,B4_K05_I01-02-03-04-07,Branch4,5,4,L1-L2-L3-L4,1,,1.12058559440603,-0.276394315724785,2.00872130576899,1.60077024375991,0.250553740112168,1
217,B4_K05_I01-02-03-04-08,Branch4,5,2,L1-L2,1,,1.71151334884956,0.344754070761359,1.41409586310611,1.45795362172953,0.0191107946746511,1
217,B4_K05_I01-02-03-04-08,Branch4,5,2,L1-L3,1,,1.10708821806165,-0.124449645405704,1.99142684147852,1.55739010111029,0.233444968462852,1
217,B4_K05_I01-02-03-04-08,Branch4,5,2,L1-L4,1,,0.82206341444631,-0.282877561204387,2.31903030078607,1.53707108889914,0.251379008054736,1
217,B4_K05_I01-02-03-04-08,Branch4,5,2,L2-L3,1,,1.34082614602273,-0.160609701151768,1.76230102244427,1.59609736079412,0.17092928461195,1
217,B4_K05_I01-02-03-04-08,Branch4,5,2,L2-L4,1,,1.19455381202816,-0.442969968285405,1.98376903106928,1.58360299281041,0.186941906024853,1
217,B4_K05_I01-02-03-04-08,Branch4,5,2,L3-L4,1,,0.704766759412083,-0.264920391773679,2.50677814126549,1.7938803067389,0.00334491440609892,1
217,B4_K05_I01-02-03-04-08,Branch4,5,3,L1-L2-L3,1,,1.32473027634861,-0.0516131865184591,1.76628993066086,1.50616736428658,0.208827153379618,1
217,B4_K05_I01-02-03-04-08,Branch4,5,3,L1-L2-L4,1,,1.10477774731979,-0.295676521054692,2.02603365364347,1.46706248809164,0.253835551037703,1
217,B4_K05_I01-02-03-04-08,Branch4,5,3,L1-L3-L4,1,,0.72083235734756,-0.267647955617952,2.48589792079792,1.78813978752768,0.300123613058916,1
217,B4_K05_I01-02-03-04-08,Branch4,5,3,L2-L3-L4,1,,1.08757677836851,-0.34159207977234,2.08209625285998,1.72420556724656,0.222193606275973,1
217,B4_K05_I01-02-03-04-08,Branch4,5,4,L1-L2-L3-L4,1,,1.12215986420582,-0.274364275936994,2.00613703645908,1.59595874732559,0.25253650551743,1
218,B4_K05_I01-02-03-04-09,Branch4,5,2,L1-L2,1,,1.76265077612151,0.372688256237181,1.3672624428974,1.48528498818137,0.034519419182277,1
218,B4_K05_I01-02-03-04-09,Branch4,5,2,L1-L3,1,,1.09120788545031,-0.137194885698994,2.00882124866308,1.55444924484791,0.22545999136971,1
218,B4_K05_I01-02-03-04-09,Branch4,5,2,L1-L4,1,,0.817873983152317,-0.292162516818124,2.32670164625385,1.53057023474477,0.238665752405061,1
218,B4_K05_I01-02-03-04-09,Branch4,5,2,L2-L3,1,,1.35447147066308,-0.171811993024628,1.75142635157396,1.61530044072995,0.141733956042725,1
218,B4_K05_I01-02-03-04-09,Branch4,5,2,L2-L4,1,,1.21430702010331,-0.460496815343111,1.97101022187135,1.60171577347998,0.151970358950789,1
218,B4_K05_I01-02-03-04-09,Branch4,5,2,L3-L4,1,,0.698234550001687,-0.271618652152156,2.50973467274245,1.77757331392227,0.00715312686513773,1
218,B4_K05_I01-02-03-04-09,Branch4,5,3,L1-L2-L3,1,,1.35006255546809,-0.0432320764195865,1.740703891327,1.51413868329748,0.200653215703287,1
218,B4_K05_I01-02-03-04-09,Branch4,5,3,L1-L2-L4,1,,1.21173235927657,-0.345752319022788,1.9289000085247,1.47555712364739,0.259422330676664,1
218,B4_K05_I01-02-03-04-09,Branch4,5,3,L1-L3-L4,1,,0.730891836952112,-0.276896318991025,2.46794992671569,1.76567839991131,0.281837620703591,1
218,B4_K05_I01-02-03-04-09,Branch4,5,3,L2-L3-L4,1,,1.13545140494253,-0.361299952351249,2.03269932794274,1.70205822498529,0.187907239237275,1
218,B4_K05_I01-02-03-04-09,Branch4,5,4,L1-L2-L3-L4,1,,1.14953423282981,-0.288547514821117,1.98193486233065,1.60178867726805,0.241675302573276,1
219,B4_K05_I01-02-03-05-06,Branch4,5,2,L1-L2,1,,1.69395381844353,0.341653053033336,1.43117526340654,1.46754659281277,0.021567532191846,1
219,B4_K05_I01-02-03-05-06,Branch4,5,2,L1-L3,1,,1.09085979681912,-0.126014116376201,2.00858794515774,1.56814327870022,0.23356724451808,1
219,B4_K05_I01-02-03-05-06,Branch4,5,2,L1-L4,1,,0.798850581431012,-0.284203694340402,2.34449368283911,1.54013530427366,0.24240330746039,1
219,B4_K05_I01-02-03-05-06,Branch4,5,2,L2-L3,1,,1.3215390618914,-0.16346062738004,1.78309728023628,1.6084038582133,0.168396467267037,1
219,B4_K05_I01-02-03-05-06,Branch4,5,2,L2-L4,1,,1.17415678039435,-0.442829404385475,2.00625338765095,1.58966350305216,0.176175462813312,1
219,B4_K05_I01-02-03-05-06,Branch4,5,2,L3-L4,1,,0.694904041475056,-0.266747525607308,2.52142371566717,1.79741955775474,0.0131395349603034,1
219,B4_K05_I01-02-03-05-06,Branch4,5,3,L1-L2-L3,1,,1.30514960245077,-0.0550357736314415,1.78613935552393,1.51827479643258,0.207876632770571,1
219,B4_K05_I01-02-03-05-06,Branch4,5,3,L1-L2-L4,1,,1.11323508112157,-0.307091076888741,2.02031217348227,1.47251600220417,0.24920796947568,1
219,B4_K05_I01-02-03-05-06,Branch4,5,3,L1-L3-L4,1,,0.745273813120781,-0.274568842687617,2.45431040837068,1.77557893650082,0.281521174698214,1
219,B4_K05_I01-02-03-05-06,Branch4,5,3,L2-L3-L4,1,,1.08155006030322,-0.345843486531582,2.08979309506354,1.72299991722648,0.212358963024024,1
219,B4_K05_I01-02-03-05-06,Branch4,5,4,L1-L2-L3-L4,1,,1.10136872719577,-0.281337886521627,2.03022765406488,1.60365636325645,0.248005535086663,1
220,B4_K05_I01-02-03-05-07,Branch4,5,2,L1-L2,1,,1.6943865916488,0.341282576836611,1.43077617173652,1.46194198599946,0.020625242109214,1
220,B4_K05_I01-02-03-05-07,Branch4,5,2,L1-L3,1,,1.09246649968172,-0.125446697618458,2.00656240537802,1.56252325601866,0.234160161628004,1
220,B4_K05_I01-02-03-05-07,Branch4,5,2,L1-L4,1,,0.801723061230591,-0.283938708733424,2.34113625615035,1.53663017525524,0.246009423030776,1
220,B4_K05_I01-02-03-05-07,Branch4,5,2,L2-L3,1,,1.32252242661731,-0.162839090856528,1.78152559814201,1.60219461373828,0.170105123383425,1
220,B4_K05_I01-02-03-05-07,Branch4,5,2,L2-L4,1,,1.17543367427363,-0.442591469893314,2.00441669579341,1.58524085301067,0.180599250023113,1
220,B4_K05_I01-02-03-05-07,Branch4,5,2,L3-L4,1,,0.692993320621207,-0.266682374484388,2.52208612784913,1.79426873327552,0.00996416893402282,1
220,B4_K05_I01-02-03-05-07,Branch4,5,3,L1-L2-L3,1,,1.30678339446715,-0.0541832475333931,1.78439504625086,1.51194656802359,0.208704894653479,1
220,B4_K05_I01-02-03-05-07,Branch4,5,3,L1-L2-L4,1,,1.10213482385171,-0.302353627833927,2.03060907904928,1.46878573580083,0.250497545045592,1
220,B4_K05_I01-02-03-05-07,Branch4,5,3,L1-L3-L4,1,,0.733737813961214,-0.27317764045759,2.46821559805224,1.77772164821106,0.28794517089598,1
220,B4_K05_I01-02-03-05-07,Branch4,5,3,L2-L3-L4,1,,1.08250048395234,-0.340333036287347,2.08609557491889,1.71944618354175,0.214788489035,1
220,B4_K05_I01-02-03-05-07,Branch4,5,4,L1-L2-L3-L4,1,,1.10290145125617,-0.279224144554873,2.02761428401615,1.59880323250808,0.249933850789755,1
221,B4_K05_I01-02-03-05-08,Branch4,5,2,L1-L2,1,,1.7476306523764,0.369176232647236,1.38249198357703,1.45164526677536,0.00273911703053518,1
221,B4_K05_I01-02-03-05-08,Branch4,5,2,L1-L3,1,,1.09246649968172,-0.125446697618458,2.00656240537802,1.56252325601866,0.234160161628004,1
221,B4_K05_I01-02-03-05-08,Branch4,5,2,L1-L4,1,,0.797185314463064,-0.28841601677453,2.34769806452087,1.53617268924801,0.246657456775934,1
221,B4_K05_I01-02-03-05-08,Branch4,5,2,L2-L3,1,,1.37175197932705,-0.151913441650629,1.72920489571102,1.5828401060881,0.187677478686583,1
221,B4_K05_I01-02-03-05-08,Branch4,5,2,L2-L4,1,,1.21231619623708,-0.457051579380645,1.96889655485479,1.56278119724841,0.202047206914795,1
221,B4_K05_I01-02-03-05-08,Branch4,5,2,L3-L4,1,,0.680821788535261,-0.268384128981313,2.53815715962273,1.79488598912061,0.0100748077024836,1
221,B4_K05_I01-02-03-05-08,Branch4,5,3,L1-L2-L3,1,,1.3848151774714,0.0110255574690888,1.70557501872652,1.46903253217408,0.226314914016577,1
221,B4_K05_I01-02-03-05-08,Branch4,5,3,L1-L2-L4,1,,1.12064026691143,-0.293896822795314,2.00986523557225,1.44738673124811,0.26479879511562,1
221,B4_K05_I01-02-03-05-08,Branch4,5,3,L1-L3-L4,1,,0.723389243632279,-0.275270296987133,2.48161590340724,1.77818528432055,0.289472582493542,1
221,B4_K05_I01-02-03-05-08,Branch4,5,3,L2-L3-L4,1,,1.09868968856188,-0.3520929227413,2.0722840043191,1.71772404011253,0.241048236101125,1
221,B4_K05_I01-02-03-05-08,Branch4,5,4,L1-L2-L3-L4,1,,1.11376657054917,-0.27806823025661,2.01578573443049,1.59600908624594,0.263297462003215,1
222,B4_K05_I01-02-03-05-09,Branch4,5,2,L1-L2,1,,1.77789786286754,0.390003170687617,1.35554807124625,1.47775489975356,0.0242500193942647,1
222,B4_K05_I01-02-03-05-09,Branch4,5,2,L1-L3,1,,1.09246649968172,-0.125446697618458,2.00656240537802,1.56252325601866,0.234160161628004,1
222,B4_K05_I01-02-03-05-09,Branch4,5,2,L1-L4,1,,0.797185314463064,-0.28841601677453,2.34769806452087,1.53617268924801,0.246657456775934,1
222,B4_K05_I01-02-03-05-09,Branch4,5,2,L2-L3,1,,1.36897013068053,-0.160879247565034,1.73499163504404,1.61022439520254,0.159672757840853,1
222,B4_K05_I01-02-03-05-09,Branch4,5,2,L2-L4,1,,1.21804354693595,-0.464306069513103,1.96781485279124,1.59354384763113,0.170702026457632,1
222,B4_K05_I01-02-03-05-09,Branch4,5,2,L3-L4,1,,0.680821788535261,-0.268384128981313,2.53815715962273,1.79488598912061,0.0100748077024836,1
222,B4_K05_I01-02-03-05-09,Branch4,5,3,L1-L2-L3,1,,1.36348322792117,-0.0273965390035716,1.72682937785776,1.51008946982192,0.211225680498971,1
222,B4_K05_I01-02-03-05-09,Branch4,5,3,L1-L2-L4,1,,1.21407439658954,-0.331094303330432,1.92273873846353,1.45693783478887,0.273433168911697,1
222,B4_K05_I01-02-03-05-09,Branch4,5,3,L1-L3-L4,1,,0.723389243632279,-0.275270296987133,2.48161590340724,1.77818528432055,0.289472582493542,1
222,B4_K05_I01-02-03-05-09,Branch4,5,3,L2-L3-L4,1,,1.13167848894737,-0.358772518321543,2.03777826970262,1.71167879613559,0.207786652593596,1
222,B4_K05_I01-02-03-05-09,Branch4,5,4,L1-L2-L3-L4,1,,1.14018078588452,-0.283223152158679,1.99058283288196,1.60525570401504,0.254704887004474,1
223,B4_K05_I01-02-03-06-07,Branch4,5,2,L1-L2,1,,1.67114801532435,0.330859011719078,1.45212091439628,1.475098103913,0.0323598887339162,1
223,B4_K05_I01-02-03-06-07,Branch4,5,2,L1-L3,1,,1.08350284671019,-0.128589906768201,2.0161376842909,1.56528998090307,0.231225320944638,1
223,B4_K05_I01-02-03-06-07,Branch4,5,2,L1-L4,1,,0.801313199687254,-0.28397678558506,2.34195170382409,1.54340248645081,0.24547946427815,1
223,B4_K05_I01-02-03-06-07,Branch4,5,2,L2-L3,1,,1.29475946932818,-0.170216343897612,1.8119179359651,1.61804540345729,0.155221993160621,1
223,B4_K05_I01-02-03-06-07,Branch4,5,2,L2-L4,1,,1.15629664533151,-0.437898823036979,2.02507043333359,1.60579022084968,0.166006139412594,1
223,B4_K05_I01-02-03-06-07,Branch4,5,2,L3-L4,1,,0.694204964405088,-0.266632808990885,2.52234725090208,1.79765388325348,0.00659333161839039,1
223,B4_K05_I01-02-03-06-07,Branch4,5,3,L1-L2-L3,1,,1.29399480818802,-0.0500408919559348,1.7970475908844,1.51387589679849,0.203606467174027,1
223,B4_K05_I01-02-03-06-07,Branch4,5,3,L1-L2-L4,1,,1.1207503845981,-0.314203477951892,2.01434695981943,1.48188547074845,0.247979502931858,1
223,B4_K05_I01-02-03-06-07,Branch4,5,3,L1-L3-L4,1,,0.722794701718006,-0.271384033443299,2.48444426131531,1.78650503410885,0.289808064784414,1
223,B4_K05_I01-02-03-06-07,Branch4,5,3,L2-L3-L4,1,,1.0716942686213,-0.339815175292997,2.0989266622631,1.72545041863651,0.198189773306062,1
223,B4_K05_I01-02-03-06-07,Branch4,5,4,L1-L2-L3-L4,1,,1.09869772416693,-0.280336617683381,2.03293159774804,1.60561469043616,0.241849745863047,1
224,B4_K05_I01-02-03-06-08,Branch4,5,2,L1-L2,1,,1.69395381844353,0.341653053033336,1.43117526340654,1.46754659281277,0.021567532191846,1
224,B4_K05_I01-02-03-06-08,Branch4,5,2,L1-L3,1,,1.08350284671019,-0.128589906768201,2.0161376842909,1.56528998090307,0.231225320944638,1
224,B4_K05_I01-02-03-06-08,Branch4,5,2,L1-L4,1,,0.803821416348235,-0.283747306306612,2.33937439576163,1.54666409546541,0.2485507657934,1
224,B4_K05_I01-02-03-06-08,Branch4,5,2,L2-L3,1,,1.31978611216238,-0.164317492255927,1.78479204348331,1.60614769823665,0.16618469437668,1
224,B4_K05_I01-02-03-06-08,Branch4,5,2,L2-L4,1,,1.17610634681166,-0.442542182017665,2.00448189474063,1.59504209225293,0.181504791086586,1
224,B4_K05_I01-02-03-06-08,Branch4,5,2,L3-L4,1,,0.695573638669221,-0.266603419223922,2.52243993969903,1.80103302413658,0.00322149647452855,1
224,B4_K05_I01-02-03-06-08,Branch4,5,3,L1-L2-L3,1,,1.30103661300648,-0.0593295985561348,1.79046010510896,1.51929582092391,0.205864608296064,1
224,B4_K05_I01-02-03-06-08,Branch4,5,3,L1-L2-L4,1,,1.10010976980792,-0.301518733773846,2.03225161534838,1.47772190364614,0.251643612983146,1
224,B4_K05_I01-02-03-06-08,Branch4,5,3,L1-L3-L4,1,,0.711146405791327,-0.269281460208168,2.50174038937318,1.79524114917007,0.296337944667388,1
224,B4_K05_I01-02-03-06-08,Branch4,5,3,L2-L3-L4,1,,1.07488814979211,-0.343181763570115,2.09779373987055,1.73051583259362,0.215963359603543,1
224,B4_K05_I01-02-03-06-08,Branch4,5,4,L1-L2-L3-L4,1,,1.10527877394051,-0.27679690197034,2.02518845907108,1.60583489730541,0.249115502407749,1
225,B4_K05_I01-02-03-06-09,Branch4,5,2,L1-L2,1,,1.72583304255241,0.361853982233775,1.40263625538837,1.48089555869694,0.0303256887733564,1
225,B4_K05_I01-02-03-06-09,Branch4,5,2,L1-L3,1,,1.08947294434641,-0.123526935605864,2.00954725588763,1.56568302964014,0.230310573526574,1
225,B4_K05_I01-02-03-06-09,Branch4,5,2,L1-L4,1,,0.801313199687254,-0.28397678558506,2.34195170382409,1.54340248645081,0.24547946427815,1
225,B4_K05_I01-02-03-06-09,Branch4,5,2,L2-L3,1,,1.33219104826203,-0.162150096470801,1.77300667282044,1.61819014954096,0.153244042213222,1
225,B4_K05_I01-02-03-06-09,Branch4,5,2,L2-L4,1,,1.1870388139915,-0.448871742658833,1.99617895358061,1.60550271548521,0.165124299166439,1
225,B4_K05_I01-02-03-06-09,Branch4,5,2,L3-L4,1,,0.681553434207234,-0.261604834315061,2.53579133576586,1.79821259334655,0.00661340381312472,1
225,B4_K05_I01-02-03-06-09,Branch4,5,3,L1-L2-L3,1,,1.32873717645114,-0.0364382226009438,1.76185941767182,1.51604162055439,0.204732123520789,1
225,B4_K05_I01-02-03-06-09,Branch4,5,3,L1-L2-L4,1,,1.17543986694878,-0.323744543443107,1.96032484636995,1.473877238387,0.260475079440027,1
225,B4_K05_I01-02-03-06-09,Branch4,5,3,L1-L3-L4,1,,0.71204300227219,-0.266857373694998,2.49552230245418,1.78703422498026,0.291276053887626,1
225,B4_K05_I01-02-03-06-09,Branch4,5,3,L2-L3-L4,1,,1.10570999851893,-0.345332153885067,2.06261769090758,1.71869132420319,0.199053079479807,1
225,B4_K05_I01-02-03-06-09,Branch4,5,4,L1-L2-L3-L4,1,,1.12389070281171,-0.277460350927002,2.00616783289483,1.60702289044023,0.246279160277181,1
226,B4_K05_I01-02-03-07-08,Branch4,5,2,L1-L2,1,,1.67314219902811,0.316110776067877,1.44783188712637,1.44743875492861,0.0194558663651184,1
226,B4_K05_I01-02-03-07-08,Branch4,5,2,L1-L3,1,,1.13602638704927,-0.118373053723707,1.96164693863802,1.5579925955566,0.23732306272079,1
226,B4_K05_I01-02-03-07-08,Branch4,5,2,L1-L4,1,,0.833396636384945,-0.290685433740993,2.30979916979686,1.53658683778205,0.258002918855178,1
226,B4_K05_I01-02-03-07-08,Branch4,5,2,L2-L3,1,,1.32825482880879,-0.159787898509099,1.7747687748488,1.59431618170377,0.177924386958158,1
226,B4_K05_I01-02-03-07-08,Branch4,5,2,L2-L4,1,,1.18015567298592,-0.441792498586214,1.99871694930741,1.58178082871225,0.194750916488212,1
226,B4_K05_I01-02-03-07-08,Branch4,5,2,L3-L4,1,,0.695573638669221,-0.266603419223922,2.52243993969903,1.80103302413658,0.00322149647452855,1
226,B4_K05_I01-02-03-07-08,Branch4,5,3,L1-L2-L3,1,,1.31704268153787,-0.053638383214441,1.77405002219684,1.49993101830878,0.21096919456356,1
226,B4_K05_I01-02-03-07-08,Branch4,5,3,L1-L2-L4,1,,1.07866784705687,-0.290662094139682,2.05208523589523,1.45789520504774,0.255440543855409,1
226,B4_K05_I01-02-03-07-08,Branch4,5,3,L1-L3-L4,1,,0.713162982408719,-0.269673620351685,2.49943870117397,1.79515238486827,0.310648747353158,1
226,B4_K05_I01-02-03-07-08,Branch4,5,3,L2-L3-L4,1,,1.06569391904001,-0.342856025791312,2.10823629461577,1.73300923039156,0.231656128507229,1
226,B4_K05_I01-02-03-07-08,Branch4,5,4,L1-L2-L3-L4,1,,1.11829110635801,-0.273707319185493,2.00907220972378,1.5851728489149,0.254878993068206,1
227,B4_K05_I01-02-03-07-09,Branch4,5,2,L1-L2,1,,1.65741998499537,0.313611693099005,1.46331086191255,1.44929338660578,0.0233633328552851,1
227,B4_K05_I01-02-03-07-09,Branch4,5,2,L1-L3,1,,1.12903999653697,-0.11385681818914,1.96821073088292,1.55793767708333,0.237720495134682,1
227,B4_K05_I01-02-03-07-09,Branch4,5,2,L1-L4,1,,0.823064845205064,-0.286809656790318,2.31938207841935,1.53638652391985,0.258658983154399,1
227,B4_K05_I01-02-03-07-09,Branch4,5,2,L2-L3,1,,1.31090623551742,-0.158138310599442,1.7923867705602,1.59832263128089,0.174585018603472,1
227,B4_K05_I01-02-03-07-09,Branch4,5,2,L2-L4,1,,1.16340125509244,-0.436559355254918,2.0150745491514,1.58633472538904,0.190824005744343,1
227,B4_K05_I01-02-03-07-09,Branch4,5,2,L3-L4,1,,0.682958087678421,-0.261574751387821,2.53588637200021,1.80160982448634,0.00322359686045505,1
227,B4_K05_I01-02-03-07-09,Branch4,5,3,L1-L2-L3,1,,1.30014211428178,-0.0558934152432835,1.79107179579087,1.50556451000603,0.20931792179486,1
227,B4_K05_I01-02-03-07-09,Branch4,5,3,L1-L2-L4,1,,1.06185524137863,-0.289246741429419,2.06896955805091,1.46299036842935,0.253154522698834,1
227,B4_K05_I01-02-03-07-09,Branch4,5,3,L1-L3-L4,1,,0.700949866201632,-0.264795383154833,2.51223659796426,1.7956409498971,0.311757601513727,1
227,B4_K05_I01-02-03-07-09,Branch4,5,3,L2-L3-L4,1,,1.05575610717514,-0.336899490061421,2.11675569092092,1.7321964820559,0.226093012237053,1
227,B4_K05_I01-02-03-07-09,Branch4,5,4,L1-L2-L3-L4,1,,1.10759394647367,-0.270112628588549,2.01918551781265,1.58461597295989,0.253176463827198,1
228,B4_K05_I01-02-03-08-09,Branch4,5,2,L1-L2,1,,1.58303557410729,0.27601204670861,1.53162944796872,1.46394169273726,0.0443337402946014,1
228,B4_K05_I01-02-03-08-09,Branch4,5,2,L1-L3,1,,1.12168161357773,-0.119317809711177,1.97646725257729,1.56306919169691,0.238051551003554,1
228,B4_K05_I01-02-03-08-09,Branch4,5,2,L1-L4,1,,0.829116168059092,-0.278216139072945,2.31002067764784,1.54076342477518,0.253762269060543,1
228,B4_K05_I01-02-03-08-09,Branch4,5,2,L2-L3,1,,1.2419503403393,-0.175757178250822,1.86685772998029,1.62439071288984,0.156079354018832,1
228,B4_K05_I01-02-03-08-09,Branch4,5,2,L2-L4,1,,1.11374581824079,-0.411897832820295,2.06149375860791,1.61377536809129,0.165147961080835,1
228,B4_K05_I01-02-03-08-09,Branch4,5,2,L3-L4,1,,0.721515566034293,-0.263277327299294,2.49038349921773,1.80286930011071,0.00621060401718106,1
228,B4_K05_I01-02-03-08-09,Branch4,5,3,L1-L2-L3,1,,1.24308216231418,-0.0749524667024278,1.8493552652444,1.52088138218949,0.202443463816324,1
228,B4_K05_I01-02-03-08-09,Branch4,5,3,L1-L2-L4,1,,1.05593289368608,-0.294997882179342,2.07617320784542,1.48878567935592,0.236191567790229,1
228,B4_K05_I01-02-03-08-09,Branch4,5,3,L1-L3-L4,1,,0.747938609411325,-0.267617565965804,2.45576585633706,1.79247231124813,0.299676934482591,1
228,B4_K05_I01-02-03-08-09,Branch4,5,3,L2-L3-L4,1,,1.02431447751678,-0.324411756703155,2.14930006557706,1.74302426697744,0.196620592472378,1
228,B4_K05_I01-02-03-08-09,Branch4,5,4,L1-L2-L3-L4,1,,1.08092752844096,-0.273722105357863,2.04861874735712,1.59489793161015,0.237373723128988,1
229,B4_K05_I01-02-04-05-06,Branch4,5,2,L1-L2,1,,1.77493535148404,0.388220619097034,1.35813657502666,1.481852545763,0.0198257238969334,1
229,B4_K05_I01-02-04-05-06,Branch4,5,2,L1-L3,1,,1.08194066553269,-0.129152162411119,2.01814032086946,1.57093765524755,0.230630492609256,1
229,B4_K05_I01-02-04-05-06,Branch4,5,2,L1-L4,1,,0.805570581585612,-0.279546552145468,2.33618504204833,1.55060332269806,0.244313543728248,1
229,B4_K05_I01-02-04-05-06,Branch4,5,2,L2-L3,1,,1.37061181181869,-0.160077794765635,1.73341795094156,1.61241433401612,0.161824778501456,1
229,B4_K05_I01-02-04-05-06,Branch4,5,2,L2-L4,1,,1.22255190051007,-0.45464698110898,1.95947281239483,1.59918442465841,0.175429385059991,1
229,B4_K05_I01-02-04-05-06,Branch4,5,2,L3-L4,1,,0.709367508985007,-0.264945867991165,2.50615443178606,1.80352973876532,0.00630421762556149,1
229,B4_K05_I01-02-04-05-06,Branch4,5,3,L1-L2-L3,1,,1.3624754741937,-0.0284552212305071,1.72790644216595,1.51519400773514,0.210213057267304,1
229,B4_K05_I01-02-04-05-06,Branch4,5,3,L1-L2-L4,1,,1.19717939204875,-0.316840458041683,1.93588171327042,1.47064695704789,0.267146065802671,1
229,B4_K05_I01-02-04-05-06,Branch4,5,3,L1-L3-L4,1,,0.735616128372342,-0.269298314241356,2.47120639934457,1.79275243134118,0.287737964415579,1
229,B4_K05_I01-02-04-05-06,Branch4,5,3,L2-L3-L4,1,,1.1275024645111,-0.352278074475318,2.04301831473237,1.72581256926202,0.211916744372429,1
229,B4_K05_I01-02-04-05-06,Branch4,5,4,L1-L2-L3-L4,1,,1.13790494856048,-0.27801413411935,1.99296344332552,1.61851838046517,0.253120737623003,1
230,B4_K05_I01-02-04-05-07,Branch4,5,2,L1-L2,1,,1.71389719824017,0.347475553538628,1.41206400892683,1.46485521817039,0.0256124566486335,1
230,B4_K05_I01-02-04-05-07,Branch4,5,2,L1-L3,1,,1.11435906096997,-0.121889499016646,1.98396639665325,1.56023898291933,0.235754673249235,1
230,B4_K05_I01-02-04-05-07,Branch4,5,2,L1-L4,1,,0.82206341444631,-0.282877561204387,2.31903030078607,1.53707108889914,0.251379008054736,1
230,B4_K05_I01-02-04-05-07,Branch4,5,2,L2-L3,1,,1.33705591664111,-0.162702008969794,1.76713654479207,1.60620197445211,0.165305588275527,1
230,B4_K05_I01-02-04-05-07,Branch4,5,2,L2-L4,1,,1.19192741704409,-0.443446019983144,1.98750069196986,1.59242224113041,0.178126840968434,1
230,B4_K05_I01-02-04-05-07,Branch4,5,2,L3-L4,1,,0.706387863707551,-0.264948119999216,2.50642251717085,1.79702462732405,0.00650133033548583,1
230,B4_K05_I01-02-04-05-07,Branch4,5,3,L1-L2-L3,1,,1.3223883709555,-0.0540438828022254,1.76879979888665,1.51484220159025,0.208052496486901,1
230,B4_K05_I01-02-04-05-07,Branch4,5,3,L1-L2-L4,1,,1.13245363352568,-0.305914757550734,2.00003130460682,1.47109262618184,0.253907065729695,1
230,B4_K05_I01-02-04-05-07,Branch4,5,3,L1-L3-L4,1,,0.735095314783847,-0.269692272915605,2.46892843684841,1.78618405474662,0.297402875616746,1
230,B4_K05_I01-02-04-05-07,Branch4,5,3,L2-L3-L4,1,,1.09536130598795,-0.342628943663473,2.0740418487433,1.72416697462995,0.212797098997178,1
230,B4_K05_I01-02-04-05-07,Branch4,5,4,L1-L2-L3-L4,1,,1.1264839408456,-0.276688867582608,2.00250222590527,1.59878223968859,0.250654144695142,1
231,B4_K05_I01-02-04-05-08,Branch4,5,2,L1-L2,1,,1.80112301725241,0.400090397838512,1.33430521425897,1.46117196688474,0.00445855114087944,1
231,B4_K05_I01-02-04-05-08,Branch4,5,2,L1-L3,1,,1.09246649968172,-0.125446697618458,2.00656240537802,1.56252325601866,0.234160161628004,1
231,B4_K05_I01-02-04-05-08,Branch4,5,2,L1-L4,1,,0.806723855171366,-0.283476699570249,2.33595658397784,1.54316093206755,0.252145055565111,1
231,B4_K05_I01-02-04-05-08,Branch4,5,2,L2-L3,1,,1.40289952096908,-0.150422187902237,1.69790091359488,1.58695035912519,0.181944340729735,1
231,B4_K05_I01-02-04-05-08,Branch4,5,2,L2-L4,1,,1.24510256833317,-0.463429709628466,1.93662821704895,1.57243507572897,0.201575808639899,1
231,B4_K05_I01-02-04-05-08,Branch4,5,2,L3-L4,1,,0.695573638669221,-0.266603419223922,2.52243993969903,1.80103302413658,0.00322149647452855,1
231,B4_K05_I01-02-04-05-08,Branch4,5,3,L1-L2-L3,1,,1.39837394272063,-0.00219262710206614,1.6916964537421,1.48614111876757,0.222172943681264,1
231,B4_K05_I01-02-04-05-08,Branch4,5,3,L1-L2-L4,1,,1.14974736748886,-0.297945558269381,1.98025531234536,1.45982312135803,0.271368948732509,1
231,B4_K05_I01-02-04-05-08,Branch4,5,3,L1-L3-L4,1,,0.711263635826787,-0.269287965416449,2.50159936446718,1.79523658891807,0.300724352833436,1
231,B4_K05_I01-02-04-05-08,Branch4,5,3,L2-L3-L4,1,,1.13044331912904,-0.353315735325378,2.03934348890619,1.7217904069863,0.239517062178489,1
231,B4_K05_I01-02-04-05-08,Branch4,5,4,L1-L2-L3-L4,1,,1.14261530789208,-0.273983373692363,1.98580039432836,1.60604755350334,0.267464211615786,1
232,B4_K05_I01-02-04-05-09,Branch4,5,2,L1-L2,1,,1.88088752843352,0.448520645691094,1.26338231081157,1.49408877766307,0.0215160516257365,1
232,B4_K05_I01-02-04-05-09,Branch4,5,2,L1-L3,1,,1.08350284671019,-0.128589906768201,2.0161376842909,1.56528998090307,0.231225320944638,1
232,B4_K05_I01-02-04-05-09,Branch4,5,2,L1-L4,1,,0.799285556139263,-0.288220393178303,2.3459238256317,1.54622825917582,0.249199950094251,1
232,B4_K05_I01-02-04-05-09,Branch4,5,2,L2-L3,1,,1.43551879460969,-0.155693530439781,1.66752780514049,1.61422166654549,0.152437242191424,1
232,B4_K05_I01-02-04-05-09,Branch4,5,2,L2-L4,1,,1.28146646269897,-0.48650806733367,1.90891993636597,1.60254793380511,0.169653380000579,1
232,B4_K05_I01-02-04-05-09,Branch4,5,2,L3-L4,1,,0.683466199005958,-0.268304013184438,2.53852574367419,1.80168716628765,0.00329591240813904,1
232,B4_K05_I01-02-04-05-09,Branch4,5,3,L1-L2-L3,1,,1.42655290954046,-0.00860625488863709,1.6635982426217,1.51889874713482,0.2139664930847,1
232,B4_K05_I01-02-04-05-09,Branch4,5,3,L1-L2-L4,1,,1.2621248321035,-0.347802160584208,1.87698650798667,1.47568915676317,0.286723270332193,1
232,B4_K05_I01-02-04-05-09,Branch4,5,3,L1-L3-L4,1,,0.699644880748084,-0.271123104741305,2.51688560423582,1.7958633309491,0.298224401087652,1
232,B4_K05_I01-02-04-05-09,Branch4,5,3,L2-L3-L4,1,,1.19816326783235,-0.371124819954266,1.97006785074583,1.70883861104586,0.208752982667594,1
232,B4_K05_I01-02-04-05-09,Branch4,5,4,L1-L2-L3-L4,1,,1.18950274965633,-0.279593951238496,1.9399546698895,1.61891069153716,0.263884044583577,1
233,B4_K05_I01-02-04-06-07,Branch4,5,2,L1-L2,1,,1.68420224837282,0.331006677951706,1.43892677129112,1.46952072808829,0.0252078011676767,1
233,B4_K05_I01-02-04-06-07,Branch4,5,2,L1-L3,1,,1.09659824692668,-0.128127787144972,2.00289813286084,1.56573063050468,0.229923030327933,1
233,B4_K05_I01-02-04-06-07,Branch4,5,2,L1-L4,1,,0.81876510763501,-0.283182159889651,2.32322188196064,1.54728089991556,0.24726956430002,1
233,B4_K05_I01-02-04-06-07,Branch4,5,2,L2-L3,1,,1.31713685705668,-0.16576412895041,1.78798325337271,1.61010969654187,0.162257241389413,1
233,B4_K05_I01-02-04-06-07,Branch4,5,2,L2-L4,1,,1.17631623998811,-0.438012738010747,2.00283285713189,1.59966113218344,0.1768290403701,1
233,B4_K05_I01-02-04-06-07,Branch4,5,2,L3-L4,1,,0.707725279633524,-0.264919247787349,2.50650932344673,1.80038557548514,0.00314741632420033,1
233,B4_K05_I01-02-04-06-07,Branch4,5,3,L1-L2-L3,1,,1.30062715194324,-0.0620462096718731,1.79102178323321,1.52090092348888,0.203147511766408,1
233,B4_K05_I01-02-04-06-07,Branch4,5,3,L1-L2-L4,1,,1.10640959866212,-0.302369886753859,2.02586966275935,1.48152631709053,0.247562471028357,1
233,B4_K05_I01-02-04-06-07,Branch4,5,3,L1-L3-L4,1,,0.723521326408749,-0.26764114333325,2.48579420142064,1.794595792785,0.295008129879247,1
233,B4_K05_I01-02-04-06-07,Branch4,5,3,L2-L3-L4,1,,1.07843810790521,-0.339438233596551,2.0927936674163,1.73106269367854,0.210411349320371,1
233,B4_K05_I01-02-04-06-07,Branch4,5,4,L1-L2-L3-L4,1,,1.1119989987881,-0.276044291688557,2.01795729877695,1.60519395936219,0.245110774125494,1
234,B4_K05_I01-02-04-06-08,Branch4,5,2,L1-L2,1,,1.73796276010473,0.361145563231251,1.39020292184041,1.47210142029869,0.0200967745504739,1
234,B4_K05_I01-02-04-06-08,Branch4,5,2,L1-L3,1,,1.09659824692668,-0.128127787144972,2.00289813286084,1.56573063050468,0.229923030327933,1
234,B4_K05_I01-02-04-06-08,Branch4,5,2,L1-L4,1,,0.81876510763501,-0.283182159889651,2.32322188196064,1.54728089991556,0.24726956430002,1
234,B4_K05_I01-02-04-06-08,Branch4,5,2,L2-L3,1,,1.35431337737392,-0.161086768474937,1.74950537198054,1.60625407948506,0.164430132270755,1
234,B4_K05_I01-02-04-06-08,Branch4,5,2,L2-L4,1,,1.20831361980075,-0.448852154265232,1.97217130547071,1.59493448843487,0.180298249859579,1
234,B4_K05_I01-02-04-06-08,Branch4,5,2,L3-L4,1,,0.707725279633524,-0.264919247787349,2.50650932344673,1.80038557548514,0.00314741632420033,1
234,B4_K05_I01-02-04-06-08,Branch4,5,3,L1-L2-L3,1,,1.33415473273929,-0.0512779035061018,1.75696820178916,1.5191220412464,0.206328631692348,1
234,B4_K05_I01-02-04-06-08,Branch4,5,3,L1-L2-L4,1,,1.14842043190013,-0.307738793127502,1.98385170905443,1.47545856466483,0.256603900276965,1
234,B4_K05_I01-02-04-06-08,Branch4,5,3,L1-L3-L4,1,,0.723521326408749,-0.26764114333325,2.48579420142064,1.794595792785,0.295008129879247,1
234,B4_K05_I01-02-04-06-08,Branch4,5,3,L2-L3-L4,1,,1.10842402594578,-0.346131442330276,2.06166082605401,1.72652900311505,0.215286805388925,1
234,B4_K05_I01-02-04-06-08,Branch4,5,4,L1-L2-L3-L4,1,,1.13184958215779,-0.276057242951715,1.9977073571545,1.60850187846418,0.250868796846536,1
235,B4_K05_I01-02-04-06-09,Branch4,5,2,L1-L2,1,,1.80393191140196,0.40525536692553,1.33223414117511,1.48594247169728,0.0242581928777855,1
235,B4_K05_I01-02-04-06-09,Branch4,5,2,L1-L3,1,,1.08350284671019,-0.128589906768201,2.0161376842909,1.56528998090307,0.231225320944638,1
235,B4_K05_I01-02-04-06-09,Branch4,5,2,L1-L4,1,,0.80840001578433,-0.279285499254697,2.33283960986118,1.54709924660737,0.247903667992769,1
235,B4_K05_I01-02-04-06-09,Branch4,5,2,L2-L3,1,,1.38374045968097,-0.160615101828008,1.7203632247262,1.61417334470203,0.154939924865502,1
235,B4_K05_I01-02-04-06-09,Branch4,5,2,L2-L4,1,,1.23690424954588,-0.460452475794291,1.94666333189412,1.603425835477,0.170568720435633,1
235,B4_K05_I01-02-04-06-09,Branch4,5,2,L3-L4,1,,0.707725279633524,-0.264919247787349,2.50650932344673,1.80038557548514,0.00314741632420033,1
235,B4_K05_I01-02-04-06-09,Branch4,5,3,L1-L2-L3,1,,1.37072251161556,-0.0285689291463905,1.71970210019422,1.51864633811162,0.209456495371128,1
235,B4_K05_I01-02-04-06-09,Branch4,5,3,L1-L2-L4,1,,1.24012597774056,-0.32609169678487,1.89409700334842,1.46268152528934,0.278838284822837,1
235,B4_K05_I01-02-04-06-09,Branch4,5,3,L1-L3-L4,1,,0.72267717545228,-0.267455248389109,2.48673751107206,1.79462579568203,0.29451297205539,1
235,B4_K05_I01-02-04-06-09,Branch4,5,3,L2-L3-L4,1,,1.14724493795178,-0.354050989358448,2.02116019650089,1.72000072510398,0.206026491761522,1
235,B4_K05_I01-02-04-06-09,Branch4,5,4,L1-L2-L3-L4,1,,1.15566438162516,-0.277272649300747,1.97427525870598,1.61763648486423,0.254635920897642,1
236,B4_K05_I01-02-04-07-08,Branch4,5,2,L1-L2,1,,1.73817460811896,0.359473875690333,1.38992807014555,1.45775151687191,0.0149696672061172,1
236,B4_K05_I01-02-04-07-08,Branch4,5,2,L1-L3,1,,1.11435906096997,-0.121889499016646,1.98396639665325,1.56023898291933,0.235754673249235,1
236,B4_K05_I01-02-04-07-08,Branch4,5,2,L1-L4,1,,0.824568271074246,-0.282646948457721,2.3164379018115,1.5403139732118,0.254421010075315,1
236,B4_K05_I01-02-04-07-08,Branch4,5,2,L2-L3,1,,1.36265284629247,-0.156638139222862,1.73968295010672,1.59450469627106,0.176086509094378,1
236,B4_K05_I01-02-04-07-08,Branch4,5,2,L2-L4,1,,1.21236736238318,-0.44812660682707,1.96646158283599,1.58172264546742,0.193493445442817,1
236,B4_K05_I01-02-04-07-08,Branch4,5,2,L3-L4,1,,0.707725279633524,-0.264919247787349,2.50650932344673,1.80038557548514,0.00314741632420033,1
236,B4_K05_I01-02-04-07-08,Branch4,5,3,L1-L2-L3,1,,1.34649711277447,-0.041611284279773,1.7441500878043,1.50331505255029,0.213078142436072,1
236,B4_K05_I01-02-04-07-08,Branch4,5,3,L1-L2-L4,1,,1.1123386018939,-0.292961179138295,2.01747212020601,1.46601677111005,0.259730431672907,1
236,B4_K05_I01-02-04-07-08,Branch4,5,3,L1-L3-L4,1,,0.723750936985255,-0.267653162052258,2.48552029657205,1.79458698507252,0.303739298987093,1
236,B4_K05_I01-02-04-07-08,Branch4,5,3,L2-L3-L4,1,,1.09964656516616,-0.345442733428868,2.0713984463933,1.72878540423932,0.230496155471276,1
236,B4_K05_I01-02-04-07-08,Branch4,5,4,L1-L2-L3-L4,1,,1.13357491708502,-0.27316216843453,1.9943113169689,1.59920096903773,0.25830610977141,1
237,B4_K05_I01-02-04-07-09,Branch4,5,2,L1-L2,1,,1.73839726452386,0.360798948640048,1.38978409381704,1.46660778044636,0.0191468832689847,1
237,B4_K05_I01-02-04-07-09,Branch4,5,2,L1-L3,1,,1.10543479892344,-0.125018642153882,1.99346406679312,1.56297127099736,0.232847707286545,1
237,B4_K05_I01-02-04-07-09,Branch4,5,2,L1-L4,1,,0.82163625652161,-0.282916247192924,2.31985277848396,1.54379260549725,0.250847790185975,1
237,B4_K05_I01-02-04-07-09,Branch4,5,2,L2-L3,1,,1.35700818919795,-0.1596349420233,1.74630480792231,1.60232859631018,0.16832264807663,1
237,B4_K05_I01-02-04-07-09,Branch4,5,2,L2-L4,1,,1.20960425248653,-0.448615694428945,1.97031640728604,1.59052656269123,0.184699002580104,1
237,B4_K05_I01-02-04-07-09,Branch4,5,2,L3-L4,1,,0.707725279633524,-0.264919247787349,2.50650932344673,1.80038557548514,0.00314741632420033,1
237,B4_K05_I01-02-04-07-09,Branch4,5,3,L1-L2-L3,1,,1.33893979620204,-0.0476263800944335,1.75197199785841,1.51313663798958,0.20898836670087,1
237,B4_K05_I01-02-04-07-09,Branch4,5,3,L1-L2-L4,1,,1.13716573540498,-0.302964287717325,1.99428923623322,1.4721347472162,0.257659627486877,1
237,B4_K05_I01-02-04-07-09,Branch4,5,3,L1-L3-L4,1,,0.723635064836703,-0.267646918308087,2.48565842721314,1.79459140785656,0.299373677122364,1
237,B4_K05_I01-02-04-07-09,Branch4,5,3,L2-L3-L4,1,,1.10731902933398,-0.344416542523508,2.06221357211179,1.72624706983757,0.219662813824443,1
237,B4_K05_I01-02-04-07-09,Branch4,5,4,L1-L2-L3-L4,1,,1.13362080675243,-0.274975529364254,1.99520045478571,1.60439610889039,0.253804293788328,1
238,B4_K05_I01-02-04-08-09,Branch4,5,2,L1-L2,1,,1.73817460811896,0.359473875690339,1.38992807014554,1.45775151687191,0.0149696672061171,1
238,B4_K05_I01-02-04-08-09,Branch4,5,2,L1-L3,1,,1.11435906096998,-0.121889499016645,1.98396639665325,1.56023898291933,0.235754673249235,1
238,B4_K05_I01-02-04-08-09,Branch4,5,2,L1-L4,1,,0.820060426698667,-0.287088615731041,2.32286891307045,1.53986383851463,0.255081819355866,1
238,B4_K05_I01-02-04-08-09,Branch4,5,2,L2-L3,1,,1.36265284629247,-0.156638139222862,1.73968295010672,1.59450469627106,0.176086509094378,1
238,B4_K05_I01-02-04-08-09,Branch4,5,2,L2-L4,1,,1.21100715467705,-0.452827919828052,1.96980270150153,1.58150592702334,0.193771753305499,1
238,B4_K05_I01-02-04-08-09,Branch4,5,2,L3-L4,1,,0.695573638669221,-0.266603419223922,2.52243993969903,1.80103302413658,0.00322149647452855,1
238,B4_K05_I01-02-04-08-09,Branch4,5,3,L1-L2-L3,1,,1.34649711277447,-0.0416112842797729,1.7441500878043,1.50331505255029,0.213078142436072,1
238,B4_K05_I01-02-04-08-09,Branch4,5,3,L1-L2-L4,1,,1.11223006972745,-0.297702993604236,2.01891081309501,1.46540795900473,0.260724416888424,1
238,B4_K05_I01-02-04-08-09,Branch4,5,3,L1-L3-L4,1,,0.712203381103574,-0.269474949294104,2.50053253477995,1.79520334551857,0.305659474688969,1
238,B4_K05_I01-02-04-08-09,Branch4,5,3,L2-L3-L4,1,,1.09957971363432,-0.349172641701589,2.0724114829736,1.72730513179266,0.230808342854937,1
238,B4_K05_I01-02-04-08-09,Branch4,5,4,L1-L2-L3-L4,1,,1.13261662413301,-0.274792020417654,1.99553431698458,1.59723492931463,0.259116121815611,1
239,B4_K05_I01-02-05-06-07,Branch4,5,2,L1-L2,1,,1.6898978024557,0.335962295949137,1.43403097402023,1.47449503105661,0.034078566152448,1
239,B4_K05_I01-02-05-06-07,Branch4,5,2,L1-L3,1,,1.10543479892344,-0.125018642153882,1.99346406679312,1.56297127099736,0.232847707286545,1
239,B4_K05_I01-02-05-06-07,Branch4,5,2,L1-L4,1,,0.812168064276539,-0.287827689326739,2.33143929307491,1.53684887782334,0.245388676443102,1
239,B4_K05_I01-02-05-06-07,Branch4,5,2,L2-L3,1,,1.31210084508089,-0.168561225313267,1.79413823516128,1.61805942322387,0.154381793072569,1
239,B4_K05_I01-02-05-06-07,Branch4,5,2,L2-L4,1,,1.17069488382696,-0.443509274629563,2.01147025993531,1.60295452458326,0.162890888844242,1
239,B4_K05_I01-02-05-06-07,Branch4,5,2,L3-L4,1,,0.692993320621207,-0.266682374484388,2.52208612784913,1.79426873327552,0.00996416893402282,1
239,B4_K05_I01-02-05-06-07,Branch4,5,3,L1-L2-L3,1,,1.31230440494601,-0.0473566632304313,1.77861190860443,1.51270714107378,0.204362445501888,1
239,B4_K05_I01-02-05-06-07,Branch4,5,3,L1-L2-L4,1,,1.14951682893335,-0.322673259033348,1.98696935007042,1.47562187001183,0.251062384772541,1
239,B4_K05_I01-02-05-06-07,Branch4,5,3,L1-L3-L4,1,,0.735778362675834,-0.273630831937311,2.46601759241963,1.77774434616284,0.288231986029216,1
239,B4_K05_I01-02-05-06-07,Branch4,5,3,L2-L3-L4,1,,1.08682913190597,-0.347009543107159,2.08389268226914,1.7202952658603,0.197343675227037,1
239,B4_K05_I01-02-05-06-07,Branch4,5,4,L1-L2-L3-L4,1,,1.11538885757341,-0.28251053510292,2.01560779642969,1.59980728461449,0.24290477241192,1
240,B4_K05_I01-02-05-06-08,Branch4,5,2,L1-L2,1,,1.74237811004271,0.365091616574958,1.38645830203317,1.47686402906736,0.0287789022292309,1
240,B4_K05_I01-02-05-06-08,Branch4,5,2,L1-L3,1,,1.10543479892344,-0.125018642153882,1.99346406679312,1.56297127099736,0.232847707286545,1
240,B4_K05_I01-02-05-06-08,Branch4,5,2,L1-L4,1,,0.810135708073998,-0.292061388972346,2.33538250566673,1.53965410211159,0.249095281301996,1
240,B4_K05_I01-02-05-06-08,Branch4,5,2,L2-L3,1,,1.34918046951811,-0.163896178388761,1.75568364978136,1.61413088792204,0.156624573553283,1
240,B4_K05_I01-02-05-06-08,Branch4,5,2,L2-L4,1,,1.20225072328841,-0.458890181438089,1.98334888518118,1.60074677710716,0.169343803068758,1
240,B4_K05_I01-02-05-06-08,Branch4,5,2,L3-L4,1,,0.682064908439042,-0.268333922501286,2.53842702806929,1.79828962770193,0.00668586732614002,1
240,B4_K05_I01-02-05-06-08,Branch4,5,3,L1-L2-L3,1,,1.34576735486255,-0.0367115424783923,1.74478478373259,1.51174980788078,0.207315208141567,1
240,B4_K05_I01-02-05-06-08,Branch4,5,3,L1-L2-L4,1,,1.18438369461054,-0.329358114683249,1.9527487369272,1.46921797617223,0.263531968478085,1
240,B4_K05_I01-02-05-06-08,Branch4,5,3,L1-L3-L4,1,,0.713506732111197,-0.273681306218617,2.4968831660209,1.78705891493747,0.296345489898711,1
240,B4_K05_I01-02-05-06-08,Branch4,5,3,L2-L3-L4,1,,1.11736820268421,-0.353495533217216,2.05247373973907,1.71700660735147,0.204193940436879,1
240,B4_K05_I01-02-05-06-08,Branch4,5,4,L1-L2-L3-L4,1,,1.13692773390674,-0.282223758569843,1.99343690375602,1.60248803920869,0.250401808250431,1
241,B4_K05_I01-02-05-06-09,Branch4,5,2,L1-L2,1,,1.82663400201192,0.415509987617707,1.31146321732711,1.47261131299995,0.00780805113668886,1
241,B4_K05_I01-02-05-06-09,Branch4,5,2,L1-L3,1,,1.08350284671019,-0.128589906768201,2.0161376842909,1.56528998090307,0.231225320944638,1
241,B4_K05_I01-02-05-06-09,Branch4,5,2,L1-L4,1,,0.794302180819466,-0.288687134241143,2.35108141618158,1.53968651491349,0.243042083056507,1
241,B4_K05_I01-02-05-06-09,Branch4,5,2,L2-L3,1,,1.41417511219933,-0.151910428125404,1.68720520321438,1.59476934051645,0.173357939983309,1
241,B4_K05_I01-02-05-06-09,Branch4,5,2,L2-L4,1,,1.25461832770798,-0.474441327849495,1.93101539608986,1.57567867961604,0.187458935801414,1
241,B4_K05_I01-02-05-06-09,Branch4,5,2,L3-L4,1,,0.680821788535261,-0.268384128981313,2.53815715962273,1.79488598912061,0.0100748077024836,1
241,B4_K05_I01-02-05-06-09,Branch4,5,3,L1-L2-L3,1,,1.39244742932378,-0.0230915340198015,1.697768628141,1.50827234541153,0.216052843681489,1
241,B4_K05_I01-02-05-06-09,Branch4,5,3,L1-L2-L4,1,,1.22091250797031,-0.322803687513994,1.91364339442211,1.44890921845411,0.278623263996719,1
241,B4_K05_I01-02-05-06-09,Branch4,5,3,L1-L3-L4,1,,0.723312003973725,-0.275290328059291,2.48166098201076,1.77806317548605,0.285029205657704,1
241,B4_K05_I01-02-05-06-09,Branch4,5,3,L2-L3-L4,1,,1.1580280745779,-0.361012893552394,2.00934702045356,1.70709381931128,0.225879799441287,1
241,B4_K05_I01-02-05-06-09,Branch4,5,4,L1-L2-L3-L4,1,,1.14802442048814,-0.280965763697744,1.98212104070711,1.60780779759815,0.263975921405329,1
242,B4_K05_I01-02-05-07-08,Branch4,5,2,L1-L2,1,,1.71389719824017,0.347475553538628,1.41206400892683,1.46485521817039,0.0256124566486335,1
242,B4_K05_I01-02-05-07-08,Branch4,5,2,L1-L3,1,,1.11435906096997,-0.121889499016646,1.98396639665325,1.56023898291933,0.235754673249235,1
242,B4_K05_I01-02-05-07-08,Branch4,5,2,L1-L4,1,,0.81508193386232,-0.287557763265727,2.32805760018819,1.53335972217172,0.248982834867139,1
242,B4_K05_I01-02-05-07-08,Branch4,5,2,L2-L3,1,,1.33705591664111,-0.162702008969794,1.76713654479207,1.60620197445211,0.165305588275527,1
242,B4_K05_I01-02-05-07-08,Branch4,5,2,L2-L4,1,,1.18957467123789,-0.448327982081949,1.99178770380077,1.58955261810728,0.175738788853204,1
242,B4_K05_I01-02-05-07-08,Branch4,5,2,L3-L4,1,,0.692993320621207,-0.266682374484388,2.52208612784913,1.79426873327552,0.00996416893402282,1
242,B4_K05_I01-02-05-07-08,Branch4,5,3,L1-L2-L3,1,,1.3223883709555,-0.0540438828022254,1.76879979888665,1.51484220159025,0.208052496486901,1
242,B4_K05_I01-02-05-07-08,Branch4,5,3,L1-L2-L4,1,,1.13872543143426,-0.31329725186974,1.99570340067272,1.46751318934144,0.254111271371273,1
242,B4_K05_I01-02-05-07-08,Branch4,5,3,L1-L3-L4,1,,0.73584102786387,-0.273608978377146,2.46598765135545,1.77786459648233,0.292656002142979,1
242,B4_K05_I01-02-05-07-08,Branch4,5,3,L2-L3-L4,1,,1.09414203979606,-0.349964703121318,2.07696334085879,1.72006416576606,0.212211760246997,1
242,B4_K05_I01-02-05-07-08,Branch4,5,4,L1-L2-L3-L4,1,,1.12357261068683,-0.280211197282828,2.00612521425428,1.59545965235434,0.250445254191736,1
243,B4_K05_I01-02-05-07-09,Branch4,5,2,L1-L2,1,,1.71389719824017,0.347475553538628,1.41206400892683,1.46485521817039,0.0256124566486335,1
243,B4_K05_I01-02-05-07-09,Branch4,5,2,L1-L3,1,,1.11435906096997,-0.121889499016646,1.98396639665325,1.56023898291933,0.235754673249235,1
243,B4_K05_I01-02-05-07-09,Branch4,5,2,L1-L4,1,,0.81508193386232,-0.287557763265727,2.32805760018819,1.53335972217172,0.248982834867139,1
243,B4_K05_I01-02-05-07-09,Branch4,5,2,L2-L3,1,,1.33705591664111,-0.162702008969794,1.76713654479207,1.60620197445211,0.165305588275527,1
243,B4_K05_I01-02-05-07-09,Branch4,5,2,L2-L4,1,,1.18957467123789,-0.448327982081949,1.99178770380077,1.58955261810728,0.175738788853204,1
243,B4_K05_I01-02-05-07-09,Branch4,5,2,L3-L4,1,,0.692993320621207,-0.266682374484388,2.52208612784913,1.79426873327552,0.00996416893402282,1
243,B4_K05_I01-02-05-07-09,Branch4,5,3,L1-L2-L3,1,,1.3223883709555,-0.0540438828022254,1.76879979888665,1.51484220159025,0.208052496486901,1
243,B4_K05_I01-02-05-07-09,Branch4,5,3,L1-L2-L4,1,,1.13872543143426,-0.31329725186974,1.99570340067272,1.46751318934144,0.254111271371273,1
243,B4_K05_I01-02-05-07-09,Branch4,5,3,L1-L3-L4,1,,0.73584102786387,-0.273608978377146,2.46598765135545,1.77786459648233,0.292656002142979,1
243,B4_K05_I01-02-05-07-09,Branch4,5,3,L2-L3-L4,1,,1.09414203979606,-0.349964703121318,2.07696334085879,1.72006416576606,0.212211760246997,1
243,B4_K05_I01-02-05-07-09,Branch4,5,4,L1-L2-L3-L4,1,,1.12357261068683,-0.280211197282828,2.00612521425428,1.59545965235434,0.250445254191736,1
244,B4_K05_I01-02-05-08-09,Branch4,5,2,L1-L2,1,,1.76528714008567,0.375027518758758,1.36545224893276,1.46090906224689,0.0141003877646873,1
244,B4_K05_I01-02-05-08-09,Branch4,5,2,L1-L3,1,,1.11435906096997,-0.121889499016646,1.98396639665325,1.56023898291933,0.235754673249235,1
244,B4_K05_I01-02-05-08-09,Branch4,5,2,L1-L4,1,,0.813075587352666,-0.291782403751246,2.33194486820383,1.53615738883714,0.25269264079383,1
244,B4_K05_I01-02-05-08-09,Branch4,5,2,L2-L3,1,,1.37983553203179,-0.155062793325058,1.72217203277224,1.59459533631875,0.175173300998764,1
244,B4_K05_I01-02-05-08-09,Branch4,5,2,L2-L4,1,,1.22425032048325,-0.463201482154743,1.95948342902294,1.57852080539107,0.190960745025608,1
244,B4_K05_I01-02-05-08-09,Branch4,5,2,L3-L4,1,,0.682064908439042,-0.268333922501286,2.53842702806929,1.79828962770193,0.00668586732614002,1
244,B4_K05_I01-02-05-08-09,Branch4,5,3,L1-L2-L3,1,,1.36366430707626,-0.0348755892044316,1.72678452876126,1.50275946494095,0.214309600977282,1
244,B4_K05_I01-02-05-08-09,Branch4,5,3,L1-L2-L4,1,,1.14766649138378,-0.310558841783677,1.98585547737058,1.46054807504574,0.264639885525495,1
244,B4_K05_I01-02-05-08-09,Branch4,5,3,L1-L3-L4,1,,0.713493180612034,-0.273654083776356,2.49692618287876,1.78714005059838,0.30079364282989,1
244,B4_K05_I01-02-05-08-09,Branch4,5,3,L2-L3-L4,1,,1.11926384562239,-0.356381571986845,2.05170176340638,1.71835865714963,0.228639418405525,1
244,B4_K05_I01-02-05-08-09,Branch4,5,4,L1-L2-L3-L4,1,,1.14054631426363,-0.278435486876943,1.98814718249996,1.59612462325107,0.261070039752,1
245,B4_K05_I01-02-06-07-08,Branch4,5,2,L1-L2,1,,1.71012914049716,0.343977888992555,1.41529720362314,1.46010723286964,0.0168013600401132,1
245,B4_K05_I01-02-06-07-08,Branch4,5,2,L1-L3,1,,1.09820823733195,-0.12756400191425,2.0008838021232,1.56012208813545,0.230522180761016,1
245,B4_K05_I01-02-06-07-08,Branch4,5,2,L1-L4,1,,0.815187034485413,-0.291582228205632,2.33014529419204,1.54615768028471,0.25520653199143,1
245,B4_K05_I01-02-06-07-08,Branch4,5,2,L2-L3,1,,1.34082614602273,-0.160609701151768,1.76230102244427,1.59609736079412,0.17092928461195,1
245,B4_K05_I01-02-06-07-08,Branch4,5,2,L2-L4,1,,1.19377777760843,-0.452133695582053,1.98870701503268,1.58851138284312,0.192766256530144,1
245,B4_K05_I01-02-06-07-08,Branch4,5,2,L3-L4,1,,0.683558318539037,-0.268303989106598,2.53851742273255,1.80188062416103,0.00329177736811861,1
245,B4_K05_I01-02-06-07-08,Branch4,5,3,L1-L2-L3,1,,1.32594029826009,-0.047581441239417,1.76491960240599,1.50395232991187,0.208077263850713,1
245,B4_K05_I01-02-06-07-08,Branch4,5,3,L1-L2-L4,1,,1.08891404122987,-0.299234772047104,2.04338066855115,1.47206587350469,0.257806858630946,1
245,B4_K05_I01-02-06-07-08,Branch4,5,3,L1-L3-L4,1,,0.700669569733042,-0.271311474546957,2.51580700633141,1.79602421480504,0.303349102871916,1
245,B4_K05_I01-02-06-07-08,Branch4,5,3,L2-L3-L4,1,,1.08089039539429,-0.348813015605569,2.0933677417913,1.73103607704775,0.228055340802628,1
245,B4_K05_I01-02-06-07-08,Branch4,5,4,L1-L2-L3-L4,1,,1.1205231802014,-0.274623873940919,2.00807404812139,1.59792936169448,0.254971123483399,1
246,B4_K05_I01-02-06-07-09,Branch4,5,2,L1-L2,1,,1.74079424270219,0.363472182916265,1.38778199929132,1.47342095309193,0.0255751006382819,1
246,B4_K05_I01-02-06-07-09,Branch4,5,2,L1-L3,1,,1.09820823733195,-0.12756400191425,2.0008838021232,1.56012208813545,0.230522180761016,1
246,B4_K05_I01-02-06-07-09,Branch4,5,2,L1-L4,1,,0.812638974707722,-0.291823101517089,2.33278126142291,1.54290877046348,0.252153375056905,1
246,B4_K05_I01-02-06-07-09,Branch4,5,2,L2-L3,1,,1.35006036301086,-0.163310810634842,1.75421004479201,1.60797110015309,0.158354246379535,1
246,B4_K05_I01-02-06-07-09,Branch4,5,2,L2-L4,1,,1.20437259946992,-0.458520349012644,1.98073111397999,1.59896962363874,0.176396325735048,1
246,B4_K05_I01-02-06-07-09,Branch4,5,2,L3-L4,1,,0.681884435663247,-0.268294419952917,2.53874298871965,1.79849655833219,9.88858544472027e-05,1
246,B4_K05_I01-02-06-07-09,Branch4,5,3,L1-L2-L3,1,,1.34528096752281,-0.037425804588453,1.7452612960215,1.50761634769745,0.206653732392847,1
246,B4_K05_I01-02-06-07-09,Branch4,5,3,L1-L2-L4,1,,1.16445785363463,-0.3220672949843,1.97130811848814,1.47237347954712,0.261954830387419,1
246,B4_K05_I01-02-06-07-09,Branch4,5,3,L1-L3-L4,1,,0.699037509166058,-0.271300351125142,2.51607217605809,1.7926711663382,0.301470852595885,1
246,B4_K05_I01-02-06-07-09,Branch4,5,3,L2-L3-L4,1,,1.10750227663895,-0.355100516695286,2.06485522849367,1.7225828233634,0.211235315029714,1
246,B4_K05_I01-02-06-07-09,Branch4,5,4,L1-L2-L3-L4,1,,1.1362443429067,-0.278628031197831,1.99318836872826,1.60208757282511,0.251760802739474,1
247,B4_K05_I01-02-06-08-09,Branch4,5,2,L1-L2,1,,1.73839726452386,0.360798948640048,1.38978409381704,1.46660778044636,0.0191468832689847,1
247,B4_K05_I01-02-06-08-09,Branch4,5,2,L1-L3,1,,1.09820823733195,-0.12756400191425,2.0008838021232,1.56012208813545,0.230522180761016,1
247,B4_K05_I01-02-06-08-09,Branch4,5,2,L1-L4,1,,0.812638974707722,-0.291823101517089,2.33278126142291,1.54290877046348,0.252153375056905,1
247,B4_K05_I01-02-06-08-09,Branch4,5,2,L2-L3,1,,1.35531509598845,-0.160473733519533,1.74794774134846,1.60011456094292,0.166156704754428,1
247,B4_K05_I01-02-06-08-09,Branch4,5,2,L2-L4,1,,1.20690083948093,-0.458036799650299,1.9770354756101,1.59012155100442,0.185228172042927,1
247,B4_K05_I01-02-06-08-09,Branch4,5,2,L3-L4,1,,0.681884435663247,-0.268294419952917,2.53874298871965,1.79849655833219,9.88858544472027e-05,1
247,B4_K05_I01-02-06-08-09,Branch4,5,3,L1-L2-L3,1,,1.33496121960352,-0.0517202298478481,1.7561136280171,1.51391482332316,0.207034967312146,1
247,B4_K05_I01-02-06-08-09,Branch4,5,3,L1-L2-L4,1,,1.13706543455248,-0.312309557586681,1.99706360565022,1.47049439714675,0.259992347457402,1
247,B4_K05_I01-02-06-08-09,Branch4,5,3,L1-L3-L4,1,,0.699037509166058,-0.271300351125142,2.51607217605809,1.7926711663382,0.301470852595885,1
247,B4_K05_I01-02-06-08-09,Branch4,5,3,L2-L3-L4,1,,1.10195609220063,-0.354183597203686,2.07080379799297,1.72383098629182,0.220949443971345,1
247,B4_K05_I01-02-06-08-09,Branch4,5,4,L1-L2-L3-L4,1,,1.1315737842564,-0.27727852108414,1.99748244556679,1.5999061770714,0.254516544823624,1
248,B4_K05_I01-02-07-08-09,Branch4,5,2,L1-L2,1,,1.76350900389854,0.364130869296702,1.36634671543629,1.42004956867415,0.0165964100235562,1
248,B4_K05_I01-02-07-08-09,Branch4,5,2,L1-L3,1,,1.13057327823562,-0.12033888126575,1.96694646276898,1.54965121981416,0.235641861484324,1
248,B4_K05_I01-02-07-08-09,Branch4,5,2,L1-L4,1,,0.825160125370439,-0.299529206633118,2.3216682357239,1.52894454835485,0.259890176692936,1
248,B4_K05_I01-02-07-08-09,Branch4,5,2,L2-L3,1,,1.41263726905832,-0.138660653699024,1.68500697424405,1.54808195737969,0.2130470305471,1
248,B4_K05_I01-02-07-08-09,Branch4,5,2,L2-L4,1,,1.24252709546615,-0.46471575845592,1.93804061525233,1.53004035123032,0.239635488443721,1
248,B4_K05_I01-02-07-08-09,Branch4,5,2,L3-L4,1,,0.666643816875752,-0.270011420187687,2.55526492907253,1.79251703449046,0.000344662253285902,1
248,B4_K05_I01-02-07-08-09,Branch4,5,3,L1-L2-L3,1,,1.5050567414865,0.109149137615498,1.59156868378403,1.4106364087839,0.261665426411685,1
248,B4_K05_I01-02-07-08-09,Branch4,5,3,L1-L2-L4,1,,1.1707387611114,-0.270992117075241,1.95610440304487,1.39288653465826,0.292439991036571,1
248,B4_K05_I01-02-07-08-09,Branch4,5,3,L1-L3-L4,1,,0.685559379334914,-0.273332397438929,2.53045730804698,1.78669328381796,0.313845240710936,1
248,B4_K05_I01-02-07-08-09,Branch4,5,3,L2-L3-L4,1,,1.09495267007458,-0.350920004943687,2.07582890242575,1.71733265902487,0.281254319337276,1
248,B4_K05_I01-02-07-08-09,Branch4,5,4,L1-L2-L3-L4,1,,1.13309588719753,-0.269853753649756,1.9918684206001,1.57205744617848,0.280833539191286,1
249,B4_K05_I01-03-04-05-06,Branch4,5,2,L1-L2,1,,1.72410083458907,0.360143920424809,1.40408464282837,1.4774289374503,0.0271101323924851,1
249,B4_K05_I01-03-04-05-06,Branch4,5,2,L1-L3,1,,1.09085979681912,-0.126014116376201,2.00858794515774,1.56814327870022,0.23356724451808,1
249,B4_K05_I01-03-04-05-06,Branch4,5,2,L1-L4,1,,0.801313199687254,-0.28397678558506,2.34195170382409,1.54340248645081,0.24547946427815,1
249,B4_K05_I01-03-04-05-06,Branch4,5,2,L2-L3,1,,1.33355749343944,-0.164728980448891,1.77177992474983,1.61634339051355,0.159672647004169,1
249,B4_K05_I01-03-04-05-06,Branch4,5,2,L2-L4,1,,1.18814005028969,-0.448649260171665,1.99447504044335,1.60107266414918,0.169546776520624,1
249,B4_K05_I01-03-04-05-06,Branch4,5,2,L3-L4,1,,0.696000437132319,-0.266678964597744,2.52183489805586,1.80081116213043,0.00976959561747268,1
249,B4_K05_I01-03-04-05-06,Branch4,5,3,L1-L2-L3,1,,1.33066283488438,-0.0382843660766152,1.75996397601303,1.51421486382577,0.208292563629404,1
249,B4_K05_I01-03-04-05-06,Branch4,5,3,L1-L2-L4,1,,1.16216511741568,-0.31909937686745,1.97280981365586,1.47374289892312,0.258280494547315,1
249,B4_K05_I01-03-04-05-06,Branch4,5,3,L1-L3-L4,1,,0.735707714674919,-0.273086308155926,2.46887886345095,1.78442616522038,0.28743734366437,1
249,B4_K05_I01-03-04-05-06,Branch4,5,3,L2-L3-L4,1,,1.09887644858863,-0.350651590959717,2.07311534291174,1.7247632202979,0.205458979174391,1
249,B4_K05_I01-03-04-05-06,Branch4,5,4,L1-L2-L3-L4,1,,1.11906773117253,-0.281384597917624,2.01242507079371,1.60939637540802,0.248463334771302,1
250,B4_K05_I01-03-04-05-07,Branch4,5,2,L1-L2,1,,1.6943865916488,0.341282576836611,1.43077617173652,1.46194198599946,0.020625242109214,1
250,B4_K05_I01-03-04-05-07,Branch4,5,2,L1-L3,1,,1.09246649968172,-0.125446697618458,2.00656240537802,1.56252325601866,0.234160161628004,1
250,B4_K05_I01-03-04-05-07,Branch4,5,2,L1-L4,1,,0.804200709677322,-0.283708977785293,2.33856396328634,1.53989837211723,0.249079698547808,1
250,B4_K05_I01-03-04-05-07,Branch4,5,2,L2-L3,1,,1.32252242661731,-0.162839090856528,1.78152559814201,1.60219461373828,0.170105123383425,1
250,B4_K05_I01-03-04-05-07,Branch4,5,2,L2-L4,1,,1.176403212578,-0.442445706645972,2.00352196040122,1.58793056751766,0.183261724901663,1
250,B4_K05_I01-03-04-05-07,Branch4,5,2,L3-L4,1,,0.694204964405089,-0.266632808990885,2.52234725090208,1.79765388325348,0.00659333161839043,1
250,B4_K05_I01-03-04-05-07,Branch4,5,3,L1-L2-L3,1,,1.30678339446715,-0.0541832475333931,1.78439504625086,1.51194656802359,0.208704894653479,1
250,B4_K05_I01-03-04-05-07,Branch4,5,3,L1-L2-L4,1,,1.09569370053387,-0.299554469883805,2.03644464419557,1.47113969476867,0.251923970525496,1
250,B4_K05_I01-03-04-05-07,Branch4,5,3,L1-L3-L4,1,,0.722831508128703,-0.27136758479059,2.48443094665765,1.78658531836538,0.294236007740989,1
250,B4_K05_I01-03-04-05-07,Branch4,5,3,L2-L3-L4,1,,1.0737887106353,-0.34429919258317,2.09858839916991,1.72711956942082,0.219006552505995,1
250,B4_K05_I01-03-04-05-07,Branch4,5,4,L1-L2-L3-L4,1,,1.10500084203686,-0.277429346596035,2.02509757187141,1.6002129588192,0.251008208523788,1
251,B4_K05_I01-03-04-05-08,Branch4,5,2,L1-L2,1,,1.7476306523764,0.369176232647236,1.38249198357703,1.45164526677536,0.00273911703053518,1
251,B4_K05_I01-03-04-05-08,Branch4,5,2,L1-L3,1,,1.09246649968172,-0.125446697618458,2.00656240537802,1.56252325601866,0.234160161628004,1
251,B4_K05_I01-03-04-05-08,Branch4,5,2,L1-L4,1,,0.804200709677322,-0.283708977785293,2.33856396328634,1.53989837211723,0.249079698547808,1
251,B4_K05_I01-03-04-05-08,Branch4,5,2,L2-L3,1,,1.37175197932705,-0.151913441650629,1.72920489571102,1.5828401060881,0.187677478686583,1
251,B4_K05_I01-03-04-05-08,Branch4,5,2,L2-L4,1,,1.21461813969794,-0.452199811731116,1.96461105962799,1.56566801688781,0.204359490157587,1
251,B4_K05_I01-03-04-05-08,Branch4,5,2,L3-L4,1,,0.694204964405089,-0.266632808990885,2.52234725090208,1.79765388325348,0.00659333161839043,1
251,B4_K05_I01-03-04-05-08,Branch4,5,3,L1-L2-L3,1,,1.3848151774714,0.0110255574690888,1.70557501872652,1.46903253217408,0.226314914016577,1
251,B4_K05_I01-03-04-05-08,Branch4,5,3,L1-L2-L4,1,,1.09037938634534,-0.286827282131703,2.03887358979607,1.45768468169098,0.263486915721145,1
251,B4_K05_I01-03-04-05-08,Branch4,5,3,L1-L3-L4,1,,0.722831508128703,-0.27136758479059,2.48443094665765,1.78658531836538,0.294236007740989,1
251,B4_K05_I01-03-04-05-08,Branch4,5,3,L2-L3-L4,1,,1.0970184048169,-0.347008365425148,2.07354528271235,1.72328094978222,0.24275676583639,1
251,B4_K05_I01-03-04-05-08,Branch4,5,4,L1-L2-L3-L4,1,,1.11715605249201,-0.274661748907233,2.01171335316049,1.59948103615446,0.263615941492763,1
252,B4_K05_I01-03-04-05-09,Branch4,5,2,L1-L2,1,,1.81116218319988,0.411879630319247,1.32656574222372,1.46896385200334,0.0104846589933708,1
252,B4_K05_I01-03-04-05-09,Branch4,5,2,L1-L3,1,,1.07944081492412,-0.125867469148008,2.01972111464503,1.56207222162637,0.235484004836319,1
252,B4_K05_I01-03-04-05-09,Branch4,5,2,L1-L4,1,,0.789181993931632,-0.284291727079915,2.35484915696173,1.5392386472746,0.250373740465552,1
252,B4_K05_I01-03-04-05-09,Branch4,5,2,L2-L3,1,,1.39700914551618,-0.153486940274167,1.70468005991414,1.5946835541245,0.174263805186292,1
252,B4_K05_I01-03-04-05-09,Branch4,5,2,L2-L4,1,,1.23986502506782,-0.468739446505327,1.94483513181757,1.57839666036917,0.190490122726709,1
252,B4_K05_I01-03-04-05-09,Branch4,5,2,L3-L4,1,,0.682064908439042,-0.268333922501286,2.53842702806929,1.79828962770193,0.00668586732614002,1
252,B4_K05_I01-03-04-05-09,Branch4,5,3,L1-L2-L3,1,,1.37702504112095,-0.0255454039671633,1.71322896395508,1.50684912535312,0.21761463878474,1
252,B4_K05_I01-03-04-05-09,Branch4,5,3,L1-L2-L4,1,,1.1936307842564,-0.314529639364015,1.93948824235209,1.45365077562654,0.277209374154189,1
252,B4_K05_I01-03-04-05-09,Branch4,5,3,L1-L3-L4,1,,0.710608212764624,-0.273040252033277,2.50008224544931,1.78707158634042,0.295499038956372,1
252,B4_K05_I01-03-04-05-09,Branch4,5,3,L2-L3-L4,1,,1.13539149667176,-0.360325925669304,2.03521148912506,1.71610246488951,0.228889197070143,1
252,B4_K05_I01-03-04-05-09,Branch4,5,4,L1-L2-L3-L4,1,,1.14015102460137,-0.278315886850512,1.98960280720345,1.60775269886003,0.265796621233447,1
253,B4_K05_I01-03-04-06-07,Branch4,5,2,L1-L2,1,,1.69395381844353,0.341653053033336,1.43117526340654,1.46754659281277,0.021567532191846,1
253,B4_K05_I01-03-04-06-07,Branch4,5,2,L1-L3,1,,1.08350284671019,-0.128589906768201,2.0161376842909,1.56528998090307,0.231225320944638,1
253,B4_K05_I01-03-04-06-07,Branch4,5,2,L1-L4,1,,0.80840001578433,-0.279285499254697,2.33283960986118,1.54709924660737,0.247903667992769,1
253,B4_K05_I01-03-04-06-07,Branch4,5,2,L2-L3,1,,1.31978611216238,-0.164317492255927,1.78479204348331,1.60614769823665,0.16618469437668,1
253,B4_K05_I01-03-04-06-07,Branch4,5,2,L2-L4,1,,1.17754149334271,-0.437777969872467,2.00101709444055,1.59523995504745,0.1812420584326,1
253,B4_K05_I01-03-04-06-07,Branch4,5,2,L3-L4,1,,0.707725279633524,-0.264919247787349,2.50650932344673,1.80038557548514,0.00314741632420033,1
253,B4_K05_I01-03-04-06-07,Branch4,5,3,L1-L2-L3,1,,1.30103661300648,-0.0593295985561348,1.79046010510896,1.51929582092391,0.205864608296064,1
253,B4_K05_I01-03-04-06-07,Branch4,5,3,L1-L2-L4,1,,1.1003137759573,-0.296776411818863,2.03068480561074,1.47842487809148,0.250556110097343,1
253,B4_K05_I01-03-04-06-07,Branch4,5,3,L1-L3-L4,1,,0.72267717545228,-0.267455248389109,2.48673751107206,1.79462579568203,0.29451297205539,1
253,B4_K05_I01-03-04-06-07,Branch4,5,3,L2-L3-L4,1,,1.07483015214299,-0.339648672321215,2.09702290852642,1.73215324928769,0.215730931849859,1
253,B4_K05_I01-03-04-06-07,Branch4,5,4,L1-L2-L3-L4,1,,1.10630998730052,-0.275074532391511,2.02387242998804,1.60783224977188,0.248323512081318,1
254,B4_K05_I01-03-04-06-08,Branch4,5,2,L1-L2,1,,1.69525600756291,0.343063974009823,1.43007235225681,1.47101301718905,0.0248307600897186,1
254,B4_K05_I01-03-04-06-08,Branch4,5,2,L1-L3,1,,1.08350284671019,-0.128589906768201,2.0161376842909,1.56528998090307,0.231225320944638,1
254,B4_K05_I01-03-04-06-08,Branch4,5,2,L1-L4,1,,0.803821416348235,-0.283747306306612,2.33937439576163,1.54666409546541,0.2485507657934,1
254,B4_K05_I01-03-04-06-08,Branch4,5,2,L2-L3,1,,1.31713685705668,-0.16576412895041,1.78798325337271,1.61010969654187,0.162257241389413,1
254,B4_K05_I01-03-04-06-08,Branch4,5,2,L2-L4,1,,1.17487933810556,-0.442780919768653,2.00630625373042,1.59947050061403,0.177084634584869,1
254,B4_K05_I01-03-04-06-08,Branch4,5,2,L3-L4,1,,0.695573638669221,-0.266603419223922,2.52243993969903,1.80103302413658,0.00322149647452855,1
254,B4_K05_I01-03-04-06-08,Branch4,5,3,L1-L2-L3,1,,1.30095493750382,-0.0577212962784192,1.79047953661629,1.51996413330198,0.204947668268262,1
254,B4_K05_I01-03-04-06-08,Branch4,5,3,L1-L2-L4,1,,1.11401881676804,-0.306572039154445,2.01919279721172,1.47942226011697,0.251969400356633,1
254,B4_K05_I01-03-04-06-08,Branch4,5,3,L1-L3-L4,1,,0.711146405791327,-0.269281460208168,2.50174038937318,1.79524114917007,0.296337944667388,1
254,B4_K05_I01-03-04-06-08,Branch4,5,3,L2-L3-L4,1,,1.07913072805403,-0.34239882037666,2.09259216866904,1.72904976322789,0.210466915991206,1
254,B4_K05_I01-03-04-06-08,Branch4,5,4,L1-L2-L3-L4,1,,1.10740359605448,-0.277500645078021,2.02327498290282,1.60692920290881,0.247686054330109,1
255,B4_K05_I01-03-04-06-09,Branch4,5,2,L1-L2,1,,1.73006731185777,0.365832498434345,1.39909701731126,1.48789257325488,0.0367325224807339,1
255,B4_K05_I01-03-04-06-09,Branch4,5,2,L1-L3,1,,1.08947294434641,-0.123526935605864,2.00954725588763,1.56568302964014,0.230310573526574,1
255,B4_K05_I01-03-04-06-09,Branch4,5,2,L1-L4,1,,0.801313199687254,-0.28397678558506,2.34195170382409,1.54340248645081,0.24547946427815,1
255,B4_K05_I01-03-04-06-09,Branch4,5,2,L2-L3,1,,1.32755831634256,-0.16476476575739,1.77875824102037,1.62612971403768,0.14538432688817,1
255,B4_K05_I01-03-04-06-09,Branch4,5,2,L2-L4,1,,1.18501998463574,-0.449299730604548,1.99944010990545,1.61437325815828,0.156272864515777,1
255,B4_K05_I01-03-04-06-09,Branch4,5,2,L3-L4,1,,0.681553434207234,-0.261604834315061,2.53579133576586,1.79821259334655,0.00661340381312472,1
255,B4_K05_I01-03-04-06-09,Branch4,5,3,L1-L2-L3,1,,1.32544229649627,-0.0371560517343499,1.76525469786925,1.52160077876654,0.202952090280736,1
255,B4_K05_I01-03-04-06-09,Branch4,5,3,L1-L2-L4,1,,1.20127244123606,-0.332728813169112,1.93603327401735,1.47339529580705,0.266185132912555,1
255,B4_K05_I01-03-04-06-09,Branch4,5,3,L1-L3-L4,1,,0.71204300227219,-0.266857373694998,2.49552230245418,1.78703422498026,0.291276053887626,1
255,B4_K05_I01-03-04-06-09,Branch4,5,3,L2-L3-L4,1,,1.10768132075549,-0.349683209492966,2.06216077418284,1.71960438798188,0.190998408593285,1
255,B4_K05_I01-03-04-06-09,Branch4,5,4,L1-L2-L3-L4,1,,1.12940074779359,-0.278902706366201,2.001053991137,1.6093431263486,0.244059531502718,1
256,B4_K05_I01-03-04-07-08,Branch4,5,2,L1-L2,1,,1.71012914049716,0.343977888992555,1.41529720362314,1.46010723286964,0.0168013600401132,1
256,B4_K05_I01-03-04-07-08,Branch4,5,2,L1-L3,1,,1.11127042089813,-0.120034052454623,1.98705008760938,1.56336612164215,0.231937194339664,1
256,B4_K05_I01-03-04-07-08,Branch4,5,2,L1-L4,1,,0.814620016946724,-0.287597189659237,2.3288919931959,1.54010274914622,0.248446546387903,1
256,B4_K05_I01-03-04-07-08,Branch4,5,2,L2-L3,1,,1.34528699551575,-0.155059296348258,1.75731310920046,1.59848535937302,0.172777190119926,1
256,B4_K05_I01-03-04-07-08,Branch4,5,2,L2-L4,1,,1.19315653968595,-0.447703292588237,1.98717164490942,1.58339010258552,0.187214256038621,1
256,B4_K05_I01-03-04-07-08,Branch4,5,2,L3-L4,1,,0.681553434207234,-0.261604834315061,2.53579133576586,1.79821259334655,0.00661340381312472,1
256,B4_K05_I01-03-04-07-08,Branch4,5,3,L1-L2-L3,1,,1.33019099301146,-0.044087879123342,1.76055700340569,1.50675689348385,0.208804024034156,1
256,B4_K05_I01-03-04-07-08,Branch4,5,3,L1-L2-L4,1,,1.10138735692478,-0.300078461095797,2.03074099443022,1.46873682198731,0.253259055725836,1
256,B4_K05_I01-03-04-07-08,Branch4,5,3,L1-L3-L4,1,,0.713511049439778,-0.267156932078759,2.49392823585859,1.78709518161798,0.296198710483043,1
256,B4_K05_I01-03-04-07-08,Branch4,5,3,L2-L3-L4,1,,1.08873386172571,-0.346411741733685,2.08239746302974,1.72377992391701,0.224233902215777,1
256,B4_K05_I01-03-04-07-08,Branch4,5,4,L1-L2-L3-L4,1,,1.11990333646006,-0.273736883977791,2.00821167397878,1.59479250523487,0.252933012184537,1
257,B4_K05_I01-03-04-07-09,Branch4,5,2,L1-L2,1,,1.71012914049716,0.343977888992555,1.41529720362314,1.46010723286964,0.0168013600401132,1
257,B4_K05_I01-03-04-07-09,Branch4,5,2,L1-L3,1,,1.11127042089813,-0.120034052454623,1.98705008760938,1.56336612164215,0.231937194339664,1
257,B4_K05_I01-03-04-07-09,Branch4,5,2,L1-L4,1,,0.814620016946724,-0.287597189659237,2.3288919931959,1.54010274914622,0.248446546387903,1
257,B4_K05_I01-03-04-07-09,Branch4,5,2,L2-L3,1,,1.34528699551575,-0.155059296348258,1.75731310920046,1.59848535937302,0.172777190119926,1
257,B4_K05_I01-03-04-07-09,Branch4,5,2,L2-L4,1,,1.19315653968595,-0.447703292588237,1.98717164490942,1.58339010258552,0.187214256038621,1
257,B4_K05_I01-03-04-07-09,Branch4,5,2,L3-L4,1,,0.681553434207234,-0.261604834315061,2.53579133576586,1.79821259334655,0.00661340381312472,1
257,B4_K05_I01-03-04-07-09,Branch4,5,3,L1-L2-L3,1,,1.33019099301146,-0.044087879123342,1.76055700340569,1.50675689348385,0.208804024034156,1
257,B4_K05_I01-03-04-07-09,Branch4,5,3,L1-L2-L4,1,,1.10138735692478,-0.300078461095797,2.03074099443022,1.46873682198731,0.253259055725836,1
257,B4_K05_I01-03-04-07-09,Branch4,5,3,L1-L3-L4,1,,0.713511049439778,-0.267156932078759,2.49392823585859,1.78709518161798,0.296198710483043,1
257,B4_K05_I01-03-04-07-09,Branch4,5,3,L2-L3-L4,1,,1.08873386172571,-0.346411741733685,2.08239746302974,1.72377992391701,0.224233902215777,1
257,B4_K05_I01-03-04-07-09,Branch4,5,4,L1-L2-L3-L4,1,,1.11990333646006,-0.273736883977791,2.00821167397878,1.59479250523487,0.252933012184537,1
258,B4_K05_I01-03-04-08-09,Branch4,5,2,L1-L2,1,,1.72019354966791,0.353451531210016,1.40730185592087,1.44837811203552,0.00347084513075278,1
258,B4_K05_I01-03-04-08-09,Branch4,5,2,L1-L3,1,,1.09835466163243,-0.120434513797032,2.00008284128414,1.56292120272953,0.233238656658539,1
258,B4_K05_I01-03-04-08-09,Branch4,5,2,L1-L4,1,,0.804200709677322,-0.283708977785293,2.33856396328634,1.53989837211723,0.249079698547808,1
258,B4_K05_I01-03-04-08-09,Branch4,5,2,L2-L3,1,,1.35729905840813,-0.148830987327616,1.74343400691967,1.58288605097517,0.188275713545678,1
258,B4_K05_I01-03-04-08-09,Branch4,5,2,L2-L4,1,,1.19914952789877,-0.446668871230033,1.97909030596336,1.56577356178102,0.204844167201441,1
258,B4_K05_I01-03-04-08-09,Branch4,5,2,L3-L4,1,,0.681553434207234,-0.261604834315061,2.53579133576586,1.79821259334655,0.00661340381312476,1
258,B4_K05_I01-03-04-08-09,Branch4,5,3,L1-L2-L3,1,,1.3741377547651,0.0128950195628976,1.71635364396668,1.46559104625648,0.225585771227279,1
258,B4_K05_I01-03-04-08-09,Branch4,5,3,L1-L2-L4,1,,1.1164066081144,-0.284191379147565,2.01182672819494,1.44395206850493,0.264512054618774,1
258,B4_K05_I01-03-04-08-09,Branch4,5,3,L1-L3-L4,1,,0.712040995955021,-0.266832411508151,2.4955527928669,1.78711558999996,0.295716588875607,1
258,B4_K05_I01-03-04-08-09,Branch4,5,3,L2-L3-L4,1,,1.08232461109937,-0.342205240536631,2.08797106613933,1.72418776248211,0.24306394564986,1
258,B4_K05_I01-03-04-08-09,Branch4,5,4,L1-L2-L3-L4,1,,1.10885138932885,-0.270592421713736,2.01880849425176,1.59423323692003,0.261322128733561,1
259,B4_K05_I01-03-05-06-07,Branch4,5,2,L1-L2,1,,1.69559237599008,0.342637583615348,1.42974814872391,1.46540546077431,0.0238916496055574,1
259,B4_K05_I01-03-05-06-07,Branch4,5,2,L1-L3,1,,1.10568649878421,-0.11788643723262,1.99258445464853,1.56576125250645,0.235558323923202,1
259,B4_K05_I01-03-05-06-07,Branch4,5,2,L1-L4,1,,0.801723061230591,-0.283938708733424,2.34113625615035,1.53663017525524,0.246009423030776,1
259,B4_K05_I01-03-05-06-07,Branch4,5,2,L2-L3,1,,1.32431028261918,-0.15870807290438,1.77972193554945,1.60853969810909,0.168065938302211,1
259,B4_K05_I01-03-05-06-07,Branch4,5,2,L2-L4,1,,1.17415678039435,-0.442829404385475,2.00625338765095,1.58966350305216,0.176175462813312,1
259,B4_K05_I01-03-05-06-07,Branch4,5,2,L3-L4,1,,0.682257120557396,-0.261722416955938,2.53485446688276,1.79797582464687,0.0131936409286096,1
259,B4_K05_I01-03-05-06-07,Branch4,5,3,L1-L2-L3,1,,1.30815999657948,-0.0537886364766209,1.78309498295213,1.51971384416895,0.208102965491736,1
259,B4_K05_I01-03-05-06-07,Branch4,5,3,L1-L2-L4,1,,1.11609799439016,-0.307398434588864,2.01747735941622,1.4704006599863,0.250903456514188,1
259,B4_K05_I01-03-05-06-07,Branch4,5,3,L1-L3-L4,1,,0.736154645233601,-0.270412079092193,2.46352707855214,1.77628363663567,0.287084190004474,1
259,B4_K05_I01-03-05-06-07,Branch4,5,3,L2-L3-L4,1,,1.08407729612659,-0.34345093324845,2.08575249666566,1.72079853367867,0.212309314042641,1
259,B4_K05_I01-03-05-06-07,Branch4,5,4,L1-L2-L3-L4,1,,1.10758682101621,-0.277274528238573,2.02213233817693,1.59760153129638,0.249574704434151,1
260,B4_K05_I01-03-05-06-08,Branch4,5,2,L1-L2,1,,1.72184593319541,0.356936927855007,1.4059195605282,1.46503543817702,0.019712056104188,1
260,B4_K05_I01-03-05-06-08,Branch4,5,2,L1-L3,1,,1.09835466163243,-0.120434513797032,2.00008284128414,1.56292120272953,0.233238656658539,1
260,B4_K05_I01-03-05-06-08,Branch4,5,2,L1-L4,1,,0.801723061230591,-0.283938708733424,2.34113625615035,1.53663017525524,0.246009423030776,1
260,B4_K05_I01-03-05-06-08,Branch4,5,2,L2-L3,1,,1.34249603449044,-0.156539936587415,1.76060040657232,1.60240884663977,0.168884356818563,1
260,B4_K05_I01-03-05-06-08,Branch4,5,2,L2-L4,1,,1.19085354554532,-0.448091849635312,1.98995548649699,1.58513477280286,0.180157501546479,1
260,B4_K05_I01-03-05-06-08,Branch4,5,2,L3-L4,1,,0.680307628149692,-0.261655632020469,2.53552520054866,1.79480925345726,0.0100022021592665,1
260,B4_K05_I01-03-05-06-08,Branch4,5,3,L1-L2-L3,1,,1.32565333846628,-0.0457865608060088,1.76520040139165,1.51289915359588,0.208823754387026,1
260,B4_K05_I01-03-05-06-08,Branch4,5,3,L1-L2-L4,1,,1.13041485532616,-0.307545790003713,2.00274077408921,1.46652302485381,0.255281176317321,1
260,B4_K05_I01-03-05-06-08,Branch4,5,3,L1-L3-L4,1,,0.723747948421269,-0.268855622187904,2.47835472024058,1.77824054163613,0.289229642072041,1
260,B4_K05_I01-03-05-06-08,Branch4,5,3,L2-L3-L4,1,,1.09793063824052,-0.344065453337763,2.07008083139485,1.71641520214274,0.21579452548768,1
260,B4_K05_I01-03-05-06-08,Branch4,5,4,L1-L2-L3-L4,1,,1.11618649602833,-0.27601609671236,2.01293825593745,1.5981091624092,0.252100390956012,1
261,B4_K05_I01-03-05-06-09,Branch4,5,2,L1-L2,1,,1.69525600756291,0.343063974009823,1.43007235225681,1.47101301718905,0.0248307600897186,1
261,B4_K05_I01-03-05-06-09,Branch4,5,2,L1-L3,1,,1.09676021238966,-0.120993682382286,2.00209006409562,1.56852345339451,0.232646093152691,1
261,B4_K05_I01-03-05-06-09,Branch4,5,2,L1-L4,1,,0.798850581431012,-0.284203694340402,2.34449368283911,1.54013530427366,0.24240330746039,1
261,B4_K05_I01-03-05-06-09,Branch4,5,2,L2-L3,1,,1.32164551036644,-0.160157268324412,1.78292652526743,1.6124963827203,0.164150569207454,1
261,B4_K05_I01-03-05-06-09,Branch4,5,2,L2-L4,1,,1.17294132773866,-0.443061699135175,2.00804124573417,1.59409007994633,0.17174944957751,1
261,B4_K05_I01-03-05-06-09,Branch4,5,2,L3-L4,1,,0.682257120557396,-0.261722416955938,2.53485446688276,1.79797582464687,0.0131936409286096,1
261,B4_K05_I01-03-05-06-09,Branch4,5,3,L1-L2-L3,1,,1.30553729449025,-0.0539020385715938,1.78577371407796,1.5227154716605,0.20572941980816,1
261,B4_K05_I01-03-05-06-09,Branch4,5,3,L1-L2-L4,1,,1.12717304243901,-0.31204148400975,2.00720089925757,1.47363169915216,0.250134275989803,1
261,B4_K05_I01-03-05-06-09,Branch4,5,3,L1-L3-L4,1,,0.736024328412897,-0.270430667449301,2.46361826072955,1.77612494061042,0.282657738164054,1
261,B4_K05_I01-03-05-06-09,Branch4,5,3,L2-L3-L4,1,,1.08451919699302,-0.345682728453497,2.08616132595675,1.72134420342631,0.208171499777564,1
261,B4_K05_I01-03-05-06-09,Branch4,5,4,L1-L2-L3-L4,1,,1.10588547993562,-0.278505713745381,2.02461674328814,1.60186156518357,0.24662861949007,1
262,B4_K05_I01-03-05-07-08,Branch4,5,2,L1-L2,1,,1.69487914525483,0.340928253613277,1.43033834505776,1.45633726964175,0.0196818618443831,1
262,B4_K05_I01-03-05-07-08,Branch4,5,2,L1-L3,1,,1.10732417017288,-0.117322234707036,1.99055473307212,1.56018651113231,0.236148999502579,1
262,B4_K05_I01-03-05-07-08,Branch4,5,2,L1-L4,1,,0.804657620836382,-0.28367023357148,2.33773198322064,1.53313481984891,0.249610588821586,1
262,B4_K05_I01-03-05-07-08,Branch4,5,2,L2-L3,1,,1.32810325883784,-0.156598811613309,1.77483784104939,1.59840515231105,0.1736791866897,1
262,B4_K05_I01-03-05-07-08,Branch4,5,2,L2-L4,1,,1.176771967711,-0.442347920010616,2.00253122100729,1.58082225169354,0.18502077550786,1
262,B4_K05_I01-03-05-07-08,Branch4,5,2,L3-L4,1,,0.680307628149692,-0.261655632020469,2.53552520054866,1.79480925345726,0.0100022021592665,1
262,B4_K05_I01-03-05-07-08,Branch4,5,3,L1-L2-L3,1,,1.31413373992304,-0.0477739609285766,1.77675310000166,1.50690758322867,0.210507715854893,1
262,B4_K05_I01-03-05-07-08,Branch4,5,3,L1-L2-L4,1,,1.09135216298927,-0.297579262152249,2.04060375180992,1.46445227598195,0.252289831203482,1
262,B4_K05_I01-03-05-07-08,Branch4,5,3,L1-L3-L4,1,,0.723802061591624,-0.268831770168763,2.47833522011412,1.77836145702911,0.293665961613181,1
262,B4_K05_I01-03-05-07-08,Branch4,5,3,L2-L3-L4,1,,1.0823890033557,-0.337842386744302,2.08504482181194,1.7179301863838,0.219658835988791,1
262,B4_K05_I01-03-05-07-08,Branch4,5,4,L1-L2-L3-L4,1,,1.1071200487176,-0.274388114593746,2.02133753201529,1.59157780496922,0.252947298911386,1
263,B4_K05_I01-03-05-07-09,Branch4,5,2,L1-L2,1,,1.66707506695338,0.32502062645,1.45558784722111,1.45311944871961,0.0206111007165605,1
263,B4_K05_I01-03-05-07-09,Branch4,5,2,L1-L3,1,,1.10732417017288,-0.117322234707036,1.99055473307212,1.56018651113231,0.236148999502579,1
263,B4_K05_I01-03-05-07-09,Branch4,5,2,L1-L4,1,,0.804657620836382,-0.28367023357148,2.33773198322064,1.53313481984891,0.249610588821586,1
263,B4_K05_I01-03-05-07-09,Branch4,5,2,L2-L3,1,,1.31090623551742,-0.158138310599442,1.7923867705602,1.59832263128089,0.174585018603472,1
263,B4_K05_I01-03-05-07-09,Branch4,5,2,L2-L4,1,,1.16140341958402,-0.43686352125152,2.01693895370406,1.58092068798171,0.185468679355308,1
263,B4_K05_I01-03-05-07-09,Branch4,5,2,L3-L4,1,,0.680307628149692,-0.261655632020469,2.53552520054866,1.79480925345726,0.0100022021592665,1
263,B4_K05_I01-03-05-07-09,Branch4,5,3,L1-L2-L3,1,,1.30114092182046,-0.0479945021185891,1.78974652708196,1.50226547274795,0.210180405140522,1
263,B4_K05_I01-03-05-07-09,Branch4,5,3,L1-L2-L4,1,,1.06469870968593,-0.292483104077651,2.06687213808531,1.46469625501657,0.248963640010413,1
263,B4_K05_I01-03-05-07-09,Branch4,5,3,L1-L3-L4,1,,0.723802061591624,-0.268831770168763,2.47833522011412,1.77836145702911,0.293665961613181,1
263,B4_K05_I01-03-05-07-09,Branch4,5,3,L2-L3-L4,1,,1.06431309843943,-0.336048581117016,2.10470313600904,1.72141321651735,0.220315565319849,1
263,B4_K05_I01-03-05-07-09,Branch4,5,4,L1-L2-L3-L4,1,,1.0962172304835,-0.27385336181486,2.03228696134069,1.5891048847241,0.250911585905579,1
264,B4_K05_I01-03-05-08-09,Branch4,5,2,L1-L2,1,,1.74825019785393,0.36933719312769,1.38195650526927,1.44944100300733,0.00500040333495583,1
264,B4_K05_I01-03-05-08-09,Branch4,5,2,L1-L3,1,,1.10732417017288,-0.117322234707036,1.99055473307212,1.56018651113231,0.236148999502579,1
264,B4_K05_I01-03-05-08-09,Branch4,5,2,L1-L4,1,,0.800130960237012,-0.288141332049553,2.34426755379193,1.53266871541774,0.250267830576817,1
264,B4_K05_I01-03-05-08-09,Branch4,5,2,L2-L3,1,,1.3743774252518,-0.147346135232417,1.72606796624846,1.58301705114142,0.187323136710023,1
264,B4_K05_I01-03-05-08-09,Branch4,5,2,L2-L4,1,,1.21231619623708,-0.457051579380645,1.96889655485479,1.56278119724841,0.202047206914795,1
264,B4_K05_I01-03-05-08-09,Branch4,5,2,L3-L4,1,,0.668071106692293,-0.263334320431504,2.55176843561944,1.79543327907397,0.0101136779653793,1
264,B4_K05_I01-03-05-08-09,Branch4,5,3,L1-L2-L3,1,,1.38240765162323,0.0063264275547813,1.7079049304378,1.47129267910955,0.224698732449157,1
264,B4_K05_I01-03-05-08-09,Branch4,5,3,L1-L2-L4,1,,1.10495912526794,-0.293383916850756,2.02586576488331,1.45021169315191,0.264424514454323,1
264,B4_K05_I01-03-05-08-09,Branch4,5,3,L1-L3-L4,1,,0.713386341862822,-0.27090531258367,2.49184491519986,1.77882051376844,0.295273458135236,1
264,B4_K05_I01-03-05-08-09,Branch4,5,3,L2-L3-L4,1,,1.09992927041796,-0.351030772354293,2.07027990740275,1.71631627200928,0.241328772628142,1
264,B4_K05_I01-03-05-08-09,Branch4,5,4,L1-L2-L3-L4,1,,1.12023922350156,-0.273865843243181,2.0074866610724,1.58999049294173,0.264500647416623,1
265,B4_K05_I01-03-06-07-08,Branch4,5,2,L1-L2,1,,1.66944653257126,0.328466583154496,1.45354187456459,1.46584985268775,0.0281452959174656,1
265,B4_K05_I01-03-06-07-08,Branch4,5,2,L1-L3,1,,1.09835466163243,-0.120434513797032,2.00008284128414,1.56292120272953,0.233238656658539,1
265,B4_K05_I01-03-06-07-08,Branch4,5,2,L1-L4,1,,0.804200709677321,-0.283708977785293,2.33856396328634,1.53989837211723,0.249079698547808,1
265,B4_K05_I01-03-06-07-08,Branch4,5,2,L2-L3,1,,1.3026647926084,-0.162566315277464,1.80222550264032,1.61020253621684,0.162801902619438,1
265,B4_K05_I01-03-06-07-08,Branch4,5,2,L2-L4,1,,1.15854915149058,-0.437441304705013,2.02159516625573,1.59691415061489,0.174869429213315,1
265,B4_K05_I01-03-06-07-08,Branch4,5,2,L3-L4,1,,0.681553434207234,-0.261604834315061,2.53579133576586,1.79821259334655,0.00661340381312472,1
265,B4_K05_I01-03-06-07-08,Branch4,5,3,L1-L2-L3,1,,1.28976903502951,-0.0585798682348744,1.8016954330503,1.5185446902124,0.204520358502039,1
265,B4_K05_I01-03-06-07-08,Branch4,5,3,L1-L2-L4,1,,1.09631870013407,-0.304654874660938,2.03711972864465,1.47669262349216,0.247975722428565,1
265,B4_K05_I01-03-06-07-08,Branch4,5,3,L1-L3-L4,1,,0.712040995955025,-0.266832411508152,2.4955527928669,1.78711558999996,0.295716588875606,1
265,B4_K05_I01-03-06-07-08,Branch4,5,3,L2-L3-L4,1,,1.06653117768279,-0.338615241905713,2.10415176401774,1.72568058518453,0.208631036975515,1
265,B4_K05_I01-03-06-07-08,Branch4,5,4,L1-L2-L3-L4,1,,1.10035550395245,-0.274831818150572,2.02895887692525,1.59716708267085,0.24617182246803,1
266,B4_K05_I01-03-06-07-09,Branch4,5,2,L1-L2,1,,1.67128973488926,0.330303086427773,1.45196041058344,1.46941319652947,0.0314310266638142,1
266,B4_K05_I01-03-06-07-09,Branch4,5,2,L1-L3,1,,1.09835466163243,-0.120434513797032,2.00008284128414,1.56292120272953,0.233238656658539,1
266,B4_K05_I01-03-06-07-09,Branch4,5,2,L1-L4,1,,0.804200709677321,-0.283708977785293,2.33856396328634,1.53989837211723,0.249079698547808,1
266,B4_K05_I01-03-06-07-09,Branch4,5,2,L2-L3,1,,1.30009289499379,-0.163978846531293,1.80535399996825,1.61418024393931,0.158860210744232,1
266,B4_K05_I01-03-06-07-09,Branch4,5,2,L2-L4,1,,1.15739199221476,-0.437672915151523,2.02335725135682,1.60135033178307,0.170438905519234,1
266,B4_K05_I01-03-06-07-09,Branch4,5,2,L3-L4,1,,0.681553434207234,-0.261604834315061,2.53579133576586,1.79821259334655,0.00661340381312472,1
266,B4_K05_I01-03-06-07-09,Branch4,5,3,L1-L2-L3,1,,1.28988287603286,-0.0567830906113438,1.80150895617253,1.51908780971764,0.203723210974031,1
266,B4_K05_I01-03-06-07-09,Branch4,5,3,L1-L2-L4,1,,1.11011143933155,-0.309669882512068,2.0241719285313,1.47849433402509,0.248651746494983,1
266,B4_K05_I01-03-06-07-09,Branch4,5,3,L1-L3-L4,1,,0.712040995955025,-0.266832411508152,2.4955527928669,1.78711558999996,0.295716588875606,1
266,B4_K05_I01-03-06-07-09,Branch4,5,3,L2-L3-L4,1,,1.07041097512726,-0.338047818028308,2.09947829688891,1.72443280523378,0.203377333102324,1
266,B4_K05_I01-03-06-07-09,Branch4,5,4,L1-L2-L3-L4,1,,1.10251857742284,-0.275591440595721,2.02702272418997,1.59836606398725,0.24488313521113,1
267,B4_K05_I01-03-06-08-09,Branch4,5,2,L1-L2,1,,1.69395381844353,0.341653053033336,1.43117526340654,1.46754659281277,0.021567532191846,1
267,B4_K05_I01-03-06-08-09,Branch4,5,2,L1-L3,1,,1.08947294434641,-0.123526935605864,2.00954725588763,1.56568302964014,0.230310573526574,1
267,B4_K05_I01-03-06-08-09,Branch4,5,2,L1-L4,1,,0.801313199687254,-0.28397678558506,2.34195170382409,1.54340248645081,0.24547946427815,1
267,B4_K05_I01-03-06-08-09,Branch4,5,2,L2-L3,1,,1.32256440829804,-0.159555585133837,1.78140480515499,1.60628850068505,0.165858750608742,1
267,B4_K05_I01-03-06-08-09,Branch4,5,2,L2-L4,1,,1.17512054549191,-0.442686847895708,2.00537685402216,1.59235411385806,0.178840914716078,1
267,B4_K05_I01-03-06-08-09,Branch4,5,2,L3-L4,1,,0.681553434207234,-0.261604834315061,2.53579133576586,1.79821259334655,0.00661340381312472,1
267,B4_K05_I01-03-06-08-09,Branch4,5,3,L1-L2-L3,1,,1.30524409705226,-0.0537703814095555,1.785987400043,1.5179454207594,0.205179123170218,1
267,B4_K05_I01-03-06-08-09,Branch4,5,3,L1-L2-L4,1,,1.10658819999006,-0.304308056794221,2.0263646350135,1.47522377596536,0.250334936240949,1
267,B4_K05_I01-03-06-08-09,Branch4,5,3,L1-L3-L4,1,,0.71204300227219,-0.266857373694998,2.49552230245418,1.78703422498026,0.291276053887626,1
267,B4_K05_I01-03-06-08-09,Branch4,5,3,L2-L3-L4,1,,1.08218207776051,-0.339987797759534,2.08702262430164,1.72262688660157,0.212888344057858,1
267,B4_K05_I01-03-06-08-09,Branch4,5,4,L1-L2-L3-L4,1,,1.10551055688182,-0.274962187794027,2.02404839791023,1.6014720092584,0.248047036635925,1
268,B4_K05_I01-03-07-08-09,Branch4,5,2,L1-L2,1,,1.68231769477344,0.326722852559164,1.44053756971138,1.4478588950078,0.0134435138836402,1
268,B4_K05_I01-03-07-08-09,Branch4,5,2,L1-L3,1,,1.12011312851989,-0.116955010593625,1.97766105691997,1.56063845221682,0.234837632146859,1
268,B4_K05_I01-03-07-08-09,Branch4,5,2,L1-L4,1,,0.820060426698667,-0.287088615731041,2.32286891307045,1.53986383851463,0.255081819355866,1
268,B4_K05_I01-03-07-08-09,Branch4,5,2,L2-L3,1,,1.33398603711255,-0.153518025484113,1.7679750369763,1.59055915307073,0.18147071915751,1
268,B4_K05_I01-03-07-08-09,Branch4,5,2,L2-L4,1,,1.18162805758057,-0.441531533653454,1.99669819332547,1.57736879715665,0.1991613930811,1
268,B4_K05_I01-03-07-08-09,Branch4,5,2,L3-L4,1,,0.682958087678421,-0.261574751387821,2.53588637200021,1.80160982448634,0.00322359686045505,1
268,B4_K05_I01-03-07-08-09,Branch4,5,3,L1-L2-L3,1,,1.33001156877081,-0.0307378597163628,1.76041283187723,1.48643831103736,0.214233567258172,1
268,B4_K05_I01-03-07-08-09,Branch4,5,3,L1-L2-L4,1,,1.08465764239033,-0.285535816909239,2.04461483268614,1.45394188000021,0.258258177245054,1
268,B4_K05_I01-03-07-08-09,Branch4,5,3,L1-L3-L4,1,,0.700914204591854,-0.2647822087143,2.51227058108318,1.79563461005951,0.307352259964375,1
268,B4_K05_I01-03-07-08-09,Branch4,5,3,L2-L3-L4,1,,1.06484390819482,-0.341191966522801,2.10833148463558,1.73196447301718,0.236815715707382,1
268,B4_K05_I01-03-07-08-09,Branch4,5,4,L1-L2-L3-L4,1,,1.11145007464025,-0.269620400947333,2.01536508844575,1.58823783020674,0.256621494757157,1
269,B4_K05_I01-04-05-06-07,Branch4,5,2,L1-L2,1,,1.69525600756291,0.343063974009823,1.43007235225681,1.47101301718905,0.0248307600897186,1
269,B4_K05_I01-04-05-06-07,Branch4,5,2,L1-L3,1,,1.09085979681912,-0.126014116376201,2.00858794515774,1.56814327870022,0.23356724451808,1
269,B4_K05_I01-04-05-06-07,Branch4,5,2,L1-L4,1,,0.80589853158204,-0.279509845002349,2.33539786044475,1.54384405012647,0.244837525174793,1
269,B4_K05_I01-04-05-06-07,Branch4,5,2,L2-L3,1,,1.31886447763732,-0.164925323003241,1.78632185841554,1.61236748355615,0.164474416465587,1
269,B4_K05_I01-04-05-06-07,Branch4,5,2,L2-L4,1,,1.17533672377986,-0.438151889093764,2.00370568343783,1.59697419323653,0.174164094163386,1
269,B4_K05_I01-04-05-06-07,Branch4,5,2,L3-L4,1,,0.708144343691195,-0.264993622609584,2.5059200319426,1.80016226010634,0.00965755507895294,1
269,B4_K05_I01-04-05-06-07,Branch4,5,3,L1-L2-L3,1,,1.302719302532,-0.0572132185717957,1.78872615836852,1.52214989606653,0.206612246419919,1
269,B4_K05_I01-04-05-06-07,Branch4,5,3,L1-L2-L4,1,,1.12072280902769,-0.30463010551204,2.0117082087911,1.47748497163826,0.249744060002178,1
269,B4_K05_I01-04-05-06-07,Branch4,5,3,L1-L3-L4,1,,0.746059838383429,-0.271015935741329,2.45554200447594,1.78393431800075,0.285951091426484,1
269,B4_K05_I01-04-05-06-07,Branch4,5,3,L2-L3-L4,1,,1.08135340002177,-0.342196475705996,2.09006236365632,1.72880443871666,0.209424208211724,1
269,B4_K05_I01-04-05-06-07,Branch4,5,4,L1-L2-L3-L4,1,,1.10659892723681,-0.278487487945879,2.02449110283031,1.60815125922282,0.246823633288569,1
270,B4_K05_I01-04-05-06-08,Branch4,5,2,L1-L2,1,,1.69395381844353,0.341653053033336,1.43117526340654,1.46754659281277,0.021567532191846,1
270,B4_K05_I01-04-05-06-08,Branch4,5,2,L1-L3,1,,1.09085979681912,-0.126014116376201,2.00858794515774,1.56814327870022,0.23356724451808,1
270,B4_K05_I01-04-05-06-08,Branch4,5,2,L1-L4,1,,0.803821416348235,-0.283747306306612,2.33937439576163,1.54666409546541,0.2485507657934,1
270,B4_K05_I01-04-05-06-08,Branch4,5,2,L2-L3,1,,1.3215390618914,-0.16346062738004,1.78309728023628,1.6084038582133,0.168396467267037,1
270,B4_K05_I01-04-05-06-08,Branch4,5,2,L2-L4,1,,1.17610634681166,-0.442542182017665,2.00448189474063,1.59504209225293,0.181504791086586,1
270,B4_K05_I01-04-05-06-08,Branch4,5,2,L3-L4,1,,0.697254088741847,-0.266630559408525,2.52207779831145,1.8041969458853,0.00639835189993519,1
270,B4_K05_I01-04-05-06-08,Branch4,5,3,L1-L2-L3,1,,1.30514960245077,-0.0550357736314415,1.78613935552393,1.51827479643258,0.207876632770571,1
270,B4_K05_I01-04-05-06-08,Branch4,5,3,L1-L2-L4,1,,1.10010976980792,-0.301518733773846,2.03225161534838,1.47772190364614,0.251643612983146,1
270,B4_K05_I01-04-05-06-08,Branch4,5,3,L1-L3-L4,1,,0.72487685916004,-0.27125479041219,2.48517167047958,1.79334278827627,0.293753295031522,1
270,B4_K05_I01-04-05-06-08,Branch4,5,3,L2-L3-L4,1,,1.07603395974576,-0.344437464533015,2.09742770169299,1.73240513803644,0.21697623471541,1
270,B4_K05_I01-04-05-06-08,Branch4,5,4,L1-L2-L3-L4,1,,1.10557894363278,-0.277701746388217,2.02517536463549,1.6064661287826,0.250127122419201,1
271,B4_K05_I01-04-05-06-09,Branch4,5,2,L1-L2,1,,1.78096930924911,0.393692952143692,1.35311893296022,1.48991541382063,0.0314906288765561,1
271,B4_K05_I01-04-05-06-09,Branch4,5,2,L1-L3,1,,1.09085979681912,-0.126014116376201,2.00858794515774,1.56814327870022,0.23356724451808,1
271,B4_K05_I01-04-05-06-09,Branch4,5,2,L1-L4,1,,0.80840001578433,-0.279285499254697,2.33283960986118,1.54709924660737,0.247903667992769,1
271,B4_K05_I01-04-05-06-09,Branch4,5,2,L2-L3,1,,1.36328015809051,-0.164164821797243,1.74235400384545,1.62422950445108,0.150143669871102,1
271,B4_K05_I01-04-05-06-09,Branch4,5,2,L2-L4,1,,1.21921732919984,-0.455301740890407,1.96458837810508,1.61242731815356,0.162221465698849,1
271,B4_K05_I01-04-05-06-09,Branch4,5,2,L3-L4,1,,0.709367508985007,-0.264945867991165,2.50615443178606,1.80352973876532,0.00630421762556149,1
271,B4_K05_I01-04-05-06-09,Branch4,5,3,L1-L2-L3,1,,1.3583429867004,-0.0287376364174143,1.73213376637291,1.52165893226077,0.208576926156854,1
271,B4_K05_I01-04-05-06-09,Branch4,5,3,L1-L2-L4,1,,1.2373750567245,-0.330540821144141,1.89804371308281,1.46713654552699,0.277001439195897,1
271,B4_K05_I01-04-05-06-09,Branch4,5,3,L1-L3-L4,1,,0.73567138420857,-0.269286736818712,2.47117182383946,1.79282883619394,0.292143632353088,1
271,B4_K05_I01-04-05-06-09,Branch4,5,3,L2-L3-L4,1,,1.13952405410584,-0.350197870624886,2.02853027533015,1.72171726343462,0.196740190438019,1
271,B4_K05_I01-04-05-06-09,Branch4,5,4,L1-L2-L3-L4,1,,1.14993522429632,-0.279668880021056,1.98091940472687,1.61864472518313,0.250755636675773,1
272,B4_K05_I01-04-05-07-08,Branch4,5,2,L1-L2,1,,1.65695877171428,0.314036134675127,1.46369432001661,1.45501653044733,0.0243021204635123,1
272,B4_K05_I01-04-05-07-08,Branch4,5,2,L1-L3,1,,1.11435906096997,-0.121889499016646,1.98396639665325,1.56023898291933,0.235754673249235,1
272,B4_K05_I01-04-05-07-08,Branch4,5,2,L1-L4,1,,0.820060426698666,-0.287088615731041,2.32286891307045,1.53986383851462,0.255081819355866,1
272,B4_K05_I01-04-05-07-08,Branch4,5,2,L2-L3,1,,1.3052600574196,-0.164441449309999,1.79917334083476,1.60212425388788,0.171002028958837,1
272,B4_K05_I01-04-05-07-08,Branch4,5,2,L2-L4,1,,1.16205318944422,-0.436811142605797,2.01700127405154,1.59075998515798,0.186403531496399,1
272,B4_K05_I01-04-05-07-08,Branch4,5,2,L3-L4,1,,0.695573638669221,-0.266603419223922,2.52243993969903,1.80103302413658,0.00322149647452855,1
272,B4_K05_I01-04-05-07-08,Branch4,5,3,L1-L2-L3,1,,1.29297348630781,-0.0619171221090138,1.79855009774459,1.51019098862729,0.207502346673317,1
272,B4_K05_I01-04-05-07-08,Branch4,5,3,L1-L2-L4,1,,1.0604490082044,-0.292862968564145,2.07120775751281,1.47091826529583,0.249773990016882,1
272,B4_K05_I01-04-05-07-08,Branch4,5,3,L1-L3-L4,1,,0.712203381103574,-0.269474949294104,2.50053253477995,1.79520334551857,0.305659474688969,1
272,B4_K05_I01-04-05-07-08,Branch4,5,3,L2-L3-L4,1,,1.05624868437651,-0.338980075225457,2.11725981039836,1.73351726998449,0.221096667014399,1
272,B4_K05_I01-04-05-07-08,Branch4,5,4,L1-L2-L3-L4,1,,1.10343440337424,-0.274947147944999,2.02534435321745,1.59208638423141,0.249967097984182,1
273,B4_K05_I01-04-05-07-09,Branch4,5,2,L1-L2,1,,1.68493892467632,0.330146496121957,1.4382501271217,1.45822885644021,0.0233267173995305,1
273,B4_K05_I01-04-05-07-09,Branch4,5,2,L1-L3,1,,1.12736629806288,-0.114425217870473,1.97025227232608,1.56345601541531,0.237128497394531,1
273,B4_K05_I01-04-05-07-09,Branch4,5,2,L1-L4,1,,0.82206341444631,-0.282877561204387,2.31903030078607,1.53707108889914,0.251379008054736,1
273,B4_K05_I01-04-05-07-09,Branch4,5,2,L2-L3,1,,1.32706157654516,-0.157227593538385,1.77644282346554,1.60459185316015,0.171974225886952,1
273,B4_K05_I01-04-05-07-09,Branch4,5,2,L2-L4,1,,1.17783695759189,-0.437683147358199,2.00006187201268,1.58813761028891,0.182993729875617,1
273,B4_K05_I01-04-05-07-09,Branch4,5,2,L3-L4,1,,0.695599385709146,-0.259989736502015,2.51918876645555,1.80072974241339,0.00969289021590792,1
273,B4_K05_I01-04-05-07-09,Branch4,5,3,L1-L2-L3,1,,1.31405170557341,-0.0521599769320024,1.77704413813771,1.51257483710788,0.209271827330003,1
273,B4_K05_I01-04-05-07-09,Branch4,5,3,L1-L2-L4,1,,1.09172581537001,-0.295698674959501,2.03950635516837,1.47015621101701,0.249807076865634,1
273,B4_K05_I01-04-05-07-09,Branch4,5,3,L1-L3-L4,1,,0.738196158599629,-0.267092716224958,2.46348284400464,1.78473022803052,0.296330411943414,1
273,B4_K05_I01-04-05-07-09,Branch4,5,3,L2-L3-L4,1,,1.08391121622383,-0.335102908936638,2.0840789862672,1.72514990386141,0.217530873368437,1
273,B4_K05_I01-04-05-07-09,Branch4,5,4,L1-L2-L3-L4,1,,1.11604641282775,-0.272706835369483,2.01177592059309,1.5928623288291,0.251096312996989,1
274,B4_K05_I01-04-05-08-09,Branch4,5,2,L1-L2,1,,1.79226433958849,0.388747834268939,1.34108421604902,1.45121306569483,0.000561265415029352,1
274,B4_K05_I01-04-05-08-09,Branch4,5,2,L1-L3,1,,1.12168161357773,-0.119317809711177,1.97646725257729,1.56306919169691,0.238051551003554,1
274,B4_K05_I01-04-05-08-09,Branch4,5,2,L1-L4,1,,0.822616532107401,-0.286850265716615,2.32022298989967,1.54310729260482,0.258123879098146,1
274,B4_K05_I01-04-05-08-09,Branch4,5,2,L2-L3,1,,1.41091974725669,-0.146316247326663,1.68905083624834,1.58140964040368,0.191681402457769,1
274,B4_K05_I01-04-05-08-09,Branch4,5,2,L2-L4,1,,1.24935602640546,-0.46273920954924,1.93139245552823,1.56626811114316,0.212908062292925,1
274,B4_K05_I01-04-05-08-09,Branch4,5,2,L3-L4,1,,0.698663764508136,-0.266602335131208,2.52215223734477,1.80757628189884,0.00302610486623518,1
274,B4_K05_I01-04-05-08-09,Branch4,5,3,L1-L2-L3,1,,1.42872360491139,0.0283573318896019,1.6619891298735,1.46490077266287,0.232500069290518,1
274,B4_K05_I01-04-05-08-09,Branch4,5,3,L1-L2-L4,1,,1.12208576006763,-0.287472013635946,2.00630368924264,1.45484913762134,0.274219848743536,1
274,B4_K05_I01-04-05-08-09,Branch4,5,3,L1-L3-L4,1,,0.715239309315743,-0.26947909047587,2.50014067857235,1.80168571446404,0.309287821031061,1
274,B4_K05_I01-04-05-08-09,Branch4,5,3,L2-L3-L4,1,,1.12476331209883,-0.352821512294776,2.0468394460863,1.72896625835264,0.252601627573264,1
274,B4_K05_I01-04-05-08-09,Branch4,5,4,L1-L2-L3-L4,1,,1.14964851962251,-0.271650486106751,1.97736564121771,1.59971216437988,0.272320098410593,1
275,B4_K05_I01-04-06-07-08,Branch4,5,2,L1-L2,1,,1.6832956300354,0.32916796130546,1.43967780268002,1.46038590681031,0.0209826777736137,1
275,B4_K05_I01-04-06-07-08,Branch4,5,2,L1-L3,1,,1.10543479892344,-0.125018642153882,1.99346406679312,1.56297127099736,0.232847707286545,1
275,B4_K05_I01-04-06-07-08,Branch4,5,2,L1-L4,1,,0.82163625652161,-0.282916247192924,2.31985277848396,1.54379260549725,0.250847790185975,1
275,B4_K05_I01-04-06-07-08,Branch4,5,2,L2-L3,1,,1.32252242661731,-0.162839090856528,1.78152559814201,1.60219461373828,0.170105123383425,1
275,B4_K05_I01-04-06-07-08,Branch4,5,2,L2-L4,1,,1.17882800640535,-0.437537701034256,1.99915286490982,1.59082266636037,0.185652730825282,1
275,B4_K05_I01-04-06-07-08,Branch4,5,2,L3-L4,1,,0.707725279633524,-0.264919247787349,2.50650932344673,1.80038557548514,0.00314741632420033,1
275,B4_K05_I01-04-06-07-08,Branch4,5,3,L1-L2-L3,1,,1.30713880094883,-0.0573589672012974,1.78417417558614,1.51186212971687,0.207041412614944,1
275,B4_K05_I01-04-06-07-08,Branch4,5,3,L1-L2-L4,1,,1.08232621511403,-0.292499580468307,2.04826617863045,1.47421867412797,0.250002589870563,1
275,B4_K05_I01-04-06-07-08,Branch4,5,3,L1-L3-L4,1,,0.723635064836703,-0.267646918308087,2.48565842721314,1.79459140785656,0.299373677122364,1
275,B4_K05_I01-04-06-07-08,Branch4,5,3,L2-L3-L4,1,,1.07372368682741,-0.338011653913279,2.09760132643442,1.73189555877234,0.220234782835796,1
275,B4_K05_I01-04-06-07-08,Branch4,5,4,L1-L2-L3-L4,1,,1.11177561158287,-0.274187260981242,2.01719799821803,1.59981092825272,0.249553797597948,1
276,B4_K05_I01-04-06-07-09,Branch4,5,2,L1-L2,1,,1.69395381844353,0.341653053033336,1.43117526340654,1.46754659281277,0.021567532191846,1
276,B4_K05_I01-04-06-07-09,Branch4,5,2,L1-L3,1,,1.08947294434641,-0.123526935605864,2.00954725588763,1.56568302964014,0.230310573526574,1
276,B4_K05_I01-04-06-07-09,Branch4,5,2,L1-L4,1,,0.80840001578433,-0.279285499254697,2.33283960986118,1.54709924660737,0.247903667992769,1
276,B4_K05_I01-04-06-07-09,Branch4,5,2,L2-L3,1,,1.32256440829804,-0.159555585133837,1.78140480515499,1.60628850068505,0.165858750608742,1
276,B4_K05_I01-04-06-07-09,Branch4,5,2,L2-L4,1,,1.17754149334271,-0.437777969872467,2.00101709444055,1.59523995504745,0.1812420584326,1
276,B4_K05_I01-04-06-07-09,Branch4,5,2,L3-L4,1,,0.695178491826181,-0.259913581761765,2.51978602096191,1.80095528508906,0.00314911100105398,1
276,B4_K05_I01-04-06-07-09,Branch4,5,3,L1-L2-L3,1,,1.30524409705226,-0.0537703814095555,1.785987400043,1.5179454207594,0.205179123170218,1
276,B4_K05_I01-04-06-07-09,Branch4,5,3,L1-L2-L4,1,,1.1003137759573,-0.296776411818863,2.03068480561074,1.47842487809148,0.250556110097343,1
276,B4_K05_I01-04-06-07-09,Branch4,5,3,L1-L3-L4,1,,0.711212478569569,-0.262730617980822,2.4986606145146,1.79515003510459,0.296104080062977,1
276,B4_K05_I01-04-06-07-09,Branch4,5,3,L2-L3-L4,1,,1.07651563160378,-0.338316273710756,2.09435966314106,1.73049582132694,0.21586500645325,1
276,B4_K05_I01-04-06-07-09,Branch4,5,4,L1-L2-L3-L4,1,,1.10859304662352,-0.271454405349646,2.02027925618533,1.60482642362912,0.248304014655176,1
277,B4_K05_I01-04-06-08-09,Branch4,5,2,L1-L2,1,,1.71183607971713,0.346840966316939,1.41389449360764,1.47253294069532,0.0242528086144371,1
277,B4_K05_I01-04-06-08-09,Branch4,5,2,L1-L3,1,,1.10968135718478,-0.120592418894153,1.98904695477381,1.5689389236635,0.231341435590283,1
277,B4_K05_I01-04-06-08-09,Branch4,5,2,L1-L4,1,,0.82128481728967,-0.282954514680582,2.32065378564136,1.55051629622633,0.250318545594769,1
277,B4_K05_I01-04-06-08-09,Branch4,5,2,L2-L3,1,,1.3388628435566,-0.158590699498712,1.76533265351003,1.61251277719527,0.16326863034722,1
277,B4_K05_I01-04-06-08-09,Branch4,5,2,L2-L4,1,,1.19266072819778,-0.443399454259016,1.98754916357052,1.60216990654799,0.179006041898232,1
277,B4_K05_I01-04-06-08-09,Branch4,5,2,L3-L4,1,,0.698268778276235,-0.259912479681103,2.51949837482766,1.80749420368054,0.00294970794517647,1
277,B4_K05_I01-04-06-08-09,Branch4,5,3,L1-L2-L3,1,,1.32180376022573,-0.0521488764125126,1.76942726358888,1.52309378884966,0.205020152728231,1
277,B4_K05_I01-04-06-08-09,Branch4,5,3,L1-L2-L4,1,,1.1275215812609,-0.30477484631536,2.00459753212403,1.48214805357159,0.253271150999052,1
277,B4_K05_I01-04-06-08-09,Branch4,5,3,L1-L3-L4,1,,0.715084173476838,-0.262920069228046,2.49733116100349,1.8015991704841,0.300319154402377,1
277,B4_K05_I01-04-06-08-09,Branch4,5,3,L2-L3-L4,1,,1.09588404850841,-0.341462381659722,2.07501007951113,1.7327246248089,0.213537340116943,1
277,B4_K05_I01-04-06-08-09,Branch4,5,4,L1-L2-L3-L4,1,,1.12768160812144,-0.271987198327163,2.00080908396336,1.60654539720121,0.249388197774864,1
278,B4_K05_I01-04-07-08-09,Branch4,5,2,L1-L2,1,,1.70906236669254,0.341794704715136,1.41620951224293,1.45004045469229,0.00699951835350203,1
278,B4_K05_I01-04-07-08-09,Branch4,5,2,L1-L3,1,,1.11127042089813,-0.120034052454623,1.98705008760938,1.56336612164215,0.231937194339664,1
278,B4_K05_I01-04-07-08-09,Branch4,5,2,L1-L4,1,,0.82417071188023,-0.282685874883531,2.31725531781984,1.54702887012014,0.253890850871229,1
278,B4_K05_I01-04-07-08-09,Branch4,5,2,L2-L3,1,,1.35416957159124,-0.150433469859687,1.74701237628975,1.5867712068066,0.184412254656984,1
278,B4_K05_I01-04-07-08-09,Branch4,5,2,L2-L4,1,,1.20097430949872,-0.441902226320928,1.97585127426881,1.57572536827313,0.205399659295061,1
278,B4_K05_I01-04-07-08-09,Branch4,5,2,L3-L4,1,,0.696706702109402,-0.259904639992038,2.51970656712049,1.80432746719491,0.000223256233623194,1
278,B4_K05_I01-04-07-08-09,Branch4,5,3,L1-L2-L3,1,,1.3607299535884,-0.00574834945762215,1.72952012559691,1.47455448142902,0.219318027940115,1
278,B4_K05_I01-04-07-08-09,Branch4,5,3,L1-L2-L4,1,,1.11984125023339,-0.281897098580816,2.00737970086179,1.44988274319259,0.264180076279332,1
278,B4_K05_I01-04-07-08-09,Branch4,5,3,L1-L3-L4,1,,0.713655698720325,-0.262915655313178,2.49746122168749,1.79845872529238,0.30293381611405,1
278,B4_K05_I01-04-07-08-09,Branch4,5,3,L2-L3-L4,1,,1.07724797016164,-0.338983601850412,2.09494659300937,1.73541882705137,0.243461614313178,1
278,B4_K05_I01-04-07-08-09,Branch4,5,4,L1-L2-L3-L4,1,,1.11988524437963,-0.266473079362562,2.00655251527845,1.59631514109835,0.259226144197721,1
279,B4_K05_I01-05-06-07-08,Branch4,5,2,L1-L2,1,,1.67578808896669,0.334565940419662,1.44811564710606,1.4766093532411,0.0379767042707741,1
279,B4_K05_I01-05-06-07-08,Branch4,5,2,L1-L3,1,,1.10568649878421,-0.11788643723262,1.99258445464853,1.56576125250645,0.235558323923202,1
279,B4_K05_I01-05-06-07-08,Branch4,5,2,L1-L4,1,,0.801723061230591,-0.283938708733424,2.34113625615035,1.53663017525524,0.246009423030776,1
279,B4_K05_I01-05-06-07-08,Branch4,5,2,L2-L3,1,,1.29688628474933,-0.165920509626223,1.80980514588483,1.62444097216482,0.153206466442816,1
279,B4_K05_I01-05-06-07-08,Branch4,5,2,L2-L4,1,,1.15430981250812,-0.438250328797076,2.02754660016389,1.60752007132849,0.15887536396638,1
279,B4_K05_I01-05-06-07-08,Branch4,5,2,L3-L4,1,,0.682257120557396,-0.261722416955938,2.53485446688276,1.79797582464687,0.0131936409286096,1
279,B4_K05_I01-05-06-07-08,Branch4,5,3,L1-L2-L3,1,,1.29953117195672,-0.0442708532099887,1.79132601565866,1.5163475025082,0.205150689537158,1
279,B4_K05_I01-05-06-07-08,Branch4,5,3,L1-L2-L4,1,,1.14367656450263,-0.322001533009603,1.99281713631819,1.47762008545627,0.251296877153062,1
279,B4_K05_I01-05-06-07-08,Branch4,5,3,L1-L3-L4,1,,0.736154645233601,-0.270412079092193,2.46352707855214,1.77628363663567,0.287084190004474,1
279,B4_K05_I01-05-06-07-08,Branch4,5,3,L2-L3-L4,1,,1.08417003083596,-0.336515765904557,2.08269725290707,1.717997639344,0.191603572866928,1
279,B4_K05_I01-05-06-07-08,Branch4,5,4,L1-L2-L3-L4,1,,1.10542745678772,-0.27994474278475,2.02530636376163,1.60014122108739,0.242541648240057,1
280,B4_K05_I01-05-06-07-09,Branch4,5,2,L1-L2,1,,1.64822460460375,0.319598574473764,1.47318896987781,1.47942838628776,0.0400044793494162,1
280,B4_K05_I01-05-06-07-09,Branch4,5,2,L1-L3,1,,1.09676021238966,-0.120993682382286,2.00209006409562,1.56852345339451,0.232646093152691,1
280,B4_K05_I01-05-06-07-09,Branch4,5,2,L1-L4,1,,0.798850581431012,-0.284203694340402,2.34449368283911,1.54013530427366,0.24240330746039,1
280,B4_K05_I01-05-06-07-09,Branch4,5,2,L2-L3,1,,1.27723416841012,-0.168873875543224,1.8305154886278,1.62848151900894,0.15008213688827,1
280,B4_K05_I01-05-06-07-09,Branch4,5,2,L2-L4,1,,1.13804444255174,-0.433005711847913,2.04353665317969,1.61209670151984,0.154848033317947,1
280,B4_K05_I01-05-06-07-09,Branch4,5,2,L3-L4,1,,0.682257120557396,-0.261722416955938,2.53485446688276,1.79797582464687,0.0131936409286096,1
280,B4_K05_I01-05-06-07-09,Branch4,5,3,L1-L2-L3,1,,1.27991893039621,-0.0508443455055828,1.81125214673346,1.52027926731716,0.201826567862613,1
280,B4_K05_I01-05-06-07-09,Branch4,5,3,L1-L2-L4,1,,1.12778934021525,-0.321718803423601,2.0091897499919,1.48403093915507,0.24540426793828,1
280,B4_K05_I01-05-06-07-09,Branch4,5,3,L1-L3-L4,1,,0.736024328412897,-0.270430667449301,2.46361826072955,1.77612494061042,0.282657738164054,1
280,B4_K05_I01-05-06-07-09,Branch4,5,3,L2-L3-L4,1,,1.07008908880533,-0.334280635920628,2.09762789451501,1.72032866060504,0.186840529977868,1
280,B4_K05_I01-05-06-07-09,Branch4,5,4,L1-L2-L3-L4,1,,1.09270221067079,-0.280629970447356,2.03890422750452,1.60218912825577,0.237639969732353,1
281,B4_K05_I01-05-06-08-09,Branch4,5,2,L1-L2,1,,1.77289386957085,0.384534122931356,1.35932874794748,1.49205025898222,0.0350376310557021,1
281,B4_K05_I01-05-06-08-09,Branch4,5,2,L1-L3,1,,1.10968135718478,-0.120592418894153,1.98904695477381,1.5689389236635,0.231341435590283,1
281,B4_K05_I01-05-06-08-09,Branch4,5,2,L1-L4,1,,0.811752646261498,-0.287866438036657,2.33225712854104,1.54360061143791,0.244853315671197,1
281,B4_K05_I01-05-06-08-09,Branch4,5,2,L2-L3,1,,1.36369351013316,-0.160787431118749,1.74190826381056,1.62828118486855,0.145953719023691,1
281,B4_K05_I01-05-06-08-09,Branch4,5,2,L2-L4,1,,1.21596740563236,-0.460338797126638,1.97033209092506,1.61405567415982,0.155414122329561,1
281,B4_K05_I01-05-06-08-09,Branch4,5,2,L3-L4,1,,0.683386522067333,-0.261652121505038,2.53527308317181,1.80138572229202,0.00980575344535722,1
281,B4_K05_I01-05-06-08-09,Branch4,5,3,L1-L2-L3,1,,1.35840027457126,-0.0302553994622599,1.73216689862682,1.52500371120337,0.204912896027709,1
281,B4_K05_I01-05-06-08-09,Branch4,5,3,L1-L2-L4,1,,1.21796831212424,-0.342022073289014,1.92118265417099,1.48173191824299,0.26686805155385,1
281,B4_K05_I01-05-06-08-09,Branch4,5,3,L1-L3-L4,1,,0.727755597188638,-0.269205041818612,2.47685468628699,1.78497311973344,0.289083311418328,1
281,B4_K05_I01-05-06-08-09,Branch4,5,3,L2-L3-L4,1,,1.14293555741503,-0.356193337127685,2.0255398631141,1.7152965674838,0.192704232304939,1
281,B4_K05_I01-05-06-08-09,Branch4,5,4,L1-L2-L3-L4,1,,1.15634561633201,-0.280728520874811,1.97372832061171,1.61074393786269,0.247926206628176,1
282,B4_K05_I01-05-07-08-09,Branch4,5,2,L1-L2,1,,1.6863578740328,0.33169036214414,1.43702670604841,1.46174202755042,0.0266081847279422,1
282,B4_K05_I01-05-07-08-09,Branch4,5,2,L1-L3,1,,1.12736629806288,-0.114425217870473,1.97025227232608,1.56345601541531,0.237128497394531,1
282,B4_K05_I01-05-07-08-09,Branch4,5,2,L1-L4,1,,0.81508193386232,-0.287557763265727,2.32805760018819,1.53335972217172,0.248982834867139,1
282,B4_K05_I01-05-07-08-09,Branch4,5,2,L2-L3,1,,1.32431028261918,-0.15870807290438,1.77972193554945,1.60853969810909,0.168065938302211,1
282,B4_K05_I01-05-07-08-09,Branch4,5,2,L2-L4,1,,1.17415678039435,-0.442829404385475,2.00625338765095,1.58966350305216,0.176175462813312,1
282,B4_K05_I01-05-07-08-09,Branch4,5,2,L3-L4,1,,0.682257120557396,-0.261722416955938,2.53485446688276,1.79797582464687,0.0131936409286096,1
282,B4_K05_I01-05-07-08-09,Branch4,5,3,L1-L2-L3,1,,1.31057417047001,-0.0561241487940247,1.78075441600471,1.51818617645705,0.207856734396748,1
282,B4_K05_I01-05-07-08-09,Branch4,5,3,L1-L2-L4,1,,1.11127140050489,-0.308278990929336,2.02277386423816,1.46972518408743,0.24926605394527,1
282,B4_K05_I01-05-07-08-09,Branch4,5,3,L1-L3-L4,1,,0.73877310292179,-0.270948465307177,2.46076644717211,1.77647380118913,0.29175890121839,1
282,B4_K05_I01-05-07-08-09,Branch4,5,3,L2-L3-L4,1,,1.08407729612659,-0.34345093324845,2.08575249666566,1.72079853367867,0.212309314042641,1
282,B4_K05_I01-05-07-08-09,Branch4,5,4,L1-L2-L3-L4,1,,1.11504640124437,-0.277039418005878,2.01373927763363,1.59077717384009,0.24953837085466,1
283,B4_K05_I01-06-07-08-09,Branch4,5,2,L1-L2,1,,1.68389504022319,0.328561604664181,1.43858834404295,1.48026878113415,0.0410520211152277,1
283,B4_K05_I01-06-07-08-09,Branch4,5,2,L1-L3,1,,1.12550550915641,-0.12205879095869,1.97309419889198,1.56622487555575,0.233846119318307,1
283,B4_K05_I01-06-07-08-09,Branch4,5,2,L1-L4,1,,0.83256367673477,-0.29076763289689,2.31146454927555,1.54999011345199,0.256923916201256,1
283,B4_K05_I01-06-07-08-09,Branch4,5,2,L2-L3,1,,1.3090415766303,-0.170463715052259,1.79846233514741,1.62830600712539,0.148717467592885,1
283,B4_K05_I01-06-07-08-09,Branch4,5,2,L2-L4,1,,1.17256579191736,-0.443416156941418,2.01145366240255,1.62259871856275,0.164732795793175,1
283,B4_K05_I01-06-07-08-09,Branch4,5,2,L3-L4,1,,0.700228198258098,-0.266594309633097,2.52205809608436,1.81094854475253,0.00034684394627026,1
283,B4_K05_I01-06-07-08-09,Branch4,5,3,L1-L2-L3,1,,1.31151198875714,-0.0502573553389217,1.77959670386346,1.51952168954132,0.202684207843214,1
283,B4_K05_I01-06-07-08-09,Branch4,5,3,L1-L2-L4,1,,1.14481531537219,-0.322745954752658,1.99164865759869,1.49215884914291,0.252946150901076,1
283,B4_K05_I01-06-07-08-09,Branch4,5,3,L1-L3-L4,1,,0.717477380425249,-0.269649425915593,2.49920624421616,1.80500117483724,0.307389762097388,1
283,B4_K05_I01-06-07-08-09,Branch4,5,3,L2-L3-L4,1,,1.08288748352187,-0.347477000356488,2.09280266894997,1.73979682887454,0.197683970804836,1
283,B4_K05_I01-06-07-08-09,Branch4,5,4,L1-L2-L3-L4,1,,1.13102029378729,-0.277962597398449,1.99865928805795,1.60449473605881,0.24445581052921,1
284,B4_K05_I02-03-04-05-06,Branch4,5,2,L1-L2,1,,1.7350940697898,0.36981552883644,1.39480789642732,1.48943412871732,0.0421820186566393,1
284,B4_K05_I02-03-04-05-06,Branch4,5,2,L1-L3,1,,1.099868510795,-0.122856037199717,1.99897154314201,1.56537615381823,0.236486050793257,1
284,B4_K05_I02-03-04-05-06,Branch4,5,2,L1-L4,1,,0.810926498594422,-0.275017950778473,2.32805679347988,1.53754281435975,0.244719466198381,1
284,B4_K05_I02-03-04-05-06,Branch4,5,2,L2-L3,1,,1.32415657129888,-0.170087439012945,1.78348974762985,1.63225675353527,0.143945962394107,1
284,B4_K05_I02-03-04-05-06,Branch4,5,2,L2-L4,1,,1.18603477960112,-0.440097608635608,1.9948143758251,1.61645188661992,0.148754780559407,1
284,B4_K05_I02-03-04-05-06,Branch4,5,2,L3-L4,1,,0.719282158606913,-0.263391455677552,2.48976827751702,1.7961648934148,0.01288059436398,1
284,B4_K05_I02-03-04-05-06,Branch4,5,3,L1-L2-L3,1,,1.32672604897989,-0.0386701085736124,1.7640494265172,1.52370038871695,0.206211215491265,1
284,B4_K05_I02-03-04-05-06,Branch4,5,3,L1-L2-L4,1,,1.17365711524251,-0.329307471124228,1.96349894994444,1.49520439317095,0.253708504946916,1
284,B4_K05_I02-03-04-05-06,Branch4,5,3,L1-L3-L4,1,,0.765453174811603,-0.270270340983872,2.42865844428298,1.77477236450453,0.283151023544469,1
284,B4_K05_I02-03-04-05-06,Branch4,5,3,L2-L3-L4,1,,1.11993769928364,-0.339702560328024,2.04512023479252,1.71699976277242,0.181843721008735,1
284,B4_K05_I02-03-04-05-06,Branch4,5,4,L1-L2-L3-L4,1,,1.1329903898849,-0.282419707942599,1.99864713230094,1.61338099621277,0.242906845589478,1
285,B4_K05_I02-03-04-05-07,Branch4,5,2,L1-L2,1,,1.72464472945704,0.359233073115943,1.40351870862248,1.46635634001439,0.0252305669293346,1
285,B4_K05_I02-03-04-05-07,Branch4,5,2,L1-L3,1,,1.10151882460104,-0.122283550548341,1.99692345584761,1.5597839680819,0.237077051478842,1
285,B4_K05_I02-03-04-05-07,Branch4,5,2,L1-L4,1,,0.811712907880781,-0.278983054360101,2.32862793154277,1.53686290239986,0.252014621828601,1
285,B4_K05_I02-03-04-05-07,Branch4,5,2,L2-L3,1,,1.33705591664111,-0.162702008969794,1.76713654479207,1.60620197445211,0.165305588275527,1
285,B4_K05_I02-03-04-05-07,Branch4,5,2,L2-L4,1,,1.19192741704409,-0.443446019983144,1.98750069196986,1.59242224113041,0.178126840968434,1
285,B4_K05_I02-03-04-05-07,Branch4,5,2,L3-L4,1,,0.706387863707553,-0.264948119999216,2.50642251717085,1.79702462732405,0.00650133033548587,1
285,B4_K05_I02-03-04-05-07,Branch4,5,3,L1-L2-L3,1,,1.32279180178669,-0.0497223491138838,1.76821683579745,1.51396802431811,0.209851386671261,1
285,B4_K05_I02-03-04-05-07,Branch4,5,3,L1-L2-L4,1,,1.14038407203127,-0.305365201078486,1.99168663930256,1.46941099173862,0.257451580471139,1
285,B4_K05_I02-03-04-05-07,Branch4,5,3,L1-L3-L4,1,,0.73372530758276,-0.269384931068373,2.4704141216441,1.78617813550769,0.297032595151228,1
285,B4_K05_I02-03-04-05-07,Branch4,5,3,L2-L3-L4,1,,1.09536130598793,-0.342628943663483,2.07404184874333,1.72416697462996,0.212797098997183,1
285,B4_K05_I02-03-04-05-07,Branch4,5,4,L1-L2-L3-L4,1,,1.12290731303896,-0.27642681961418,2.00647642392728,1.60239974203556,0.25242011174037,1
286,B4_K05_I02-03-04-05-08,Branch4,5,2,L1-L2,1,,1.74738297541927,0.369434082850695,1.38271288387109,1.45487324171181,0.00596144417266218,1
286,B4_K05_I02-03-04-05-08,Branch4,5,2,L1-L3,1,,1.09246649968172,-0.125446697618458,2.00656240537802,1.56252325601866,0.234160161628004,1
286,B4_K05_I02-03-04-05-08,Branch4,5,2,L1-L4,1,,0.804200709677322,-0.283708977785293,2.33856396328634,1.53989837211723,0.249079698547808,1
286,B4_K05_I02-03-04-05-08,Branch4,5,2,L2-L3,1,,1.36863515307904,-0.153518633896275,1.73276968962853,1.58671848649093,0.183821298250225,1
286,B4_K05_I02-03-04-05-08,Branch4,5,2,L2-L4,1,,1.21302785705862,-0.452464525549266,1.96669955420195,1.57006099906238,0.199960560849588,1
286,B4_K05_I02-03-04-05-08,Branch4,5,2,L3-L4,1,,0.694204964405089,-0.266632808990885,2.52234725090208,1.79765388325348,0.00659333161839043,1
286,B4_K05_I02-03-04-05-08,Branch4,5,3,L1-L2-L3,1,,1.36979690657406,-0.00681054216229693,1.72036392311315,1.48014556308242,0.221232316169692,1
286,B4_K05_I02-03-04-05-08,Branch4,5,3,L1-L2-L4,1,,1.10241822039042,-0.290231731513991,2.02725326810276,1.45924636810164,0.262311140589074,1
286,B4_K05_I02-03-04-05-08,Branch4,5,3,L1-L3-L4,1,,0.722831508128703,-0.27136758479059,2.48443094665765,1.78658531836538,0.294236007740989,1
286,B4_K05_I02-03-04-05-08,Branch4,5,3,L2-L3-L4,1,,1.10130575759241,-0.345926128436467,2.06821798981965,1.7217453698343,0.237066301113513,1
286,B4_K05_I02-03-04-05-08,Branch4,5,4,L1-L2-L3-L4,1,,1.11892342795352,-0.275354066024483,2.0101499131592,1.60046674025246,0.261834236793776,1
287,B4_K05_I02-03-04-05-09,Branch4,5,2,L1-L2,1,,1.83978477027668,0.430025396233455,1.30124255043467,1.48473742614026,0.0220476492632495,1
287,B4_K05_I02-03-04-05-09,Branch4,5,2,L1-L3,1,,1.07944081492412,-0.125867469148008,2.01972111464503,1.56207222162637,0.235484004836319,1
287,B4_K05_I02-03-04-05-09,Branch4,5,2,L1-L4,1,,0.791257496987887,-0.280040729458738,2.35085186176842,1.53640942367766,0.246633322204428,1
287,B4_K05_I02-03-04-05-09,Branch4,5,2,L2-L3,1,,1.40347396320816,-0.157623324532112,1.69977336444528,1.61029032034078,0.157966987962348,1
287,B4_K05_I02-03-04-05-09,Branch4,5,2,L2-L4,1,,1.2505840341918,-0.470735818049748,1.93517142987996,1.59348363394186,0.169600415396876,1
287,B4_K05_I02-03-04-05-09,Branch4,5,2,L3-L4,1,,0.692993320621207,-0.266682374484388,2.52208612784913,1.79426873327552,0.00996416893402282,1
287,B4_K05_I02-03-04-05-09,Branch4,5,3,L1-L2-L3,1,,1.3910521364904,-0.0176809618138648,1.69913902864198,1.51480501188363,0.214977355051539,1
287,B4_K05_I02-03-04-05-09,Branch4,5,3,L1-L2-L4,1,,1.26144012885453,-0.334755831138631,1.87477275868144,1.45108697350909,0.288185093158934,1
287,B4_K05_I02-03-04-05-09,Branch4,5,3,L1-L3-L4,1,,0.731707232121145,-0.272722741003332,2.47039794506504,1.77768880711758,0.287716285086724,1
287,B4_K05_I02-03-04-05-09,Branch4,5,3,L2-L3-L4,1,,1.16552652562458,-0.361691908263971,2.00167802667936,1.7078132041482,0.207875798360133,1
287,B4_K05_I02-03-04-05-09,Branch4,5,4,L1-L2-L3-L4,1,,1.16019819736041,-0.281262349533085,1.97015616388364,1.61358314402094,0.260613788551068,1
288,B4_K05_I02-03-04-06-07,Branch4,5,2,L1-L2,1,,1.70307356767814,0.349995978174245,1.4234039729554,1.47950427300777,0.03688257852967,1
288,B4_K05_I02-03-04-06-07,Branch4,5,2,L1-L3,1,,1.09246649968172,-0.125446697618458,2.00656240537802,1.56252325601866,0.234160161628004,1
288,B4_K05_I02-03-04-06-07,Branch4,5,2,L1-L4,1,,0.81339073125871,-0.274798439356572,2.32552252399487,1.54079813850648,0.247779473600517,1
288,B4_K05_I02-03-04-06-07,Branch4,5,2,L2-L3,1,,1.30971471249952,-0.169911252817573,1.79710115937561,1.62204663951028,0.150434065441422,1
288,B4_K05_I02-03-04-06-07,Branch4,5,2,L2-L4,1,,1.17351583115177,-0.434033769204136,2.00530661757912,1.61042807291012,0.160671185106538,1
288,B4_K05_I02-03-04-06-07,Branch4,5,2,L3-L4,1,,0.718603003180429,-0.263279581056689,2.49065023628198,1.79640175287892,0.00640985316157885,1
288,B4_K05_I02-03-04-06-07,Branch4,5,3,L1-L2-L3,1,,1.31030532706133,-0.0440469892846497,1.7805286890119,1.51564603973432,0.205185543955383,1
288,B4_K05_I02-03-04-06-07,Branch4,5,3,L1-L2-L4,1,,1.16475974654665,-0.31498345430336,1.96883569587998,1.47899300455537,0.255147645590271,1
288,B4_K05_I02-03-04-06-07,Branch4,5,3,L1-L3-L4,1,,0.74454679586165,-0.267444519465376,2.45655836058259,1.78561346202161,0.291058674739114,1
288,B4_K05_I02-03-04-06-07,Branch4,5,3,L2-L3-L4,1,,1.09025924989763,-0.337443503758762,2.07818347072979,1.72588586687514,0.1928998575015,1
288,B4_K05_I02-03-04-06-07,Branch4,5,4,L1-L2-L3-L4,1,,1.11792565303164,-0.277578705760425,2.01266458023389,1.60980082482369,0.242786500406123,1
289,B4_K05_I02-03-04-06-08,Branch4,5,2,L1-L2,1,,1.69165990123974,0.338603499874619,1.43312390423832,1.45730931449825,0.0117420803940476,1
289,B4_K05_I02-03-04-06-08,Branch4,5,2,L1-L3,1,,1.07620156042604,-0.131152999434265,2.02364514154433,1.56241798819917,0.22887045522027,1
289,B4_K05_I02-03-04-06-08,Branch4,5,2,L1-L4,1,,0.80589853158204,-0.279509845002349,2.33539786044475,1.54384405012647,0.244837525174793,1
289,B4_K05_I02-03-04-06-08,Branch4,5,2,L2-L3,1,,1.32645382528008,-0.160687723703072,1.77653732546832,1.59205981025062,0.175726370268035,1
289,B4_K05_I02-03-04-06-08,Branch4,5,2,L2-L4,1,,1.18058211851935,-0.437192413252116,1.99622409455927,1.57931709172517,0.191814123586699,1
289,B4_K05_I02-03-04-06-08,Branch4,5,2,L3-L4,1,,0.704766759412083,-0.264920391773679,2.50677814126549,1.7938803067389,0.00334491440609892,1
289,B4_K05_I02-03-04-06-08,Branch4,5,3,L1-L2-L3,1,,1.31710646586173,-0.0380838075077037,1.77345722436388,1.49415312554906,0.210431512654096,1
289,B4_K05_I02-03-04-06-08,Branch4,5,3,L1-L2-L4,1,,1.0804659085639,-0.285289930615366,2.04845125474532,1.46546818399361,0.251925117030331,1
289,B4_K05_I02-03-04-06-08,Branch4,5,3,L1-L3-L4,1,,0.719765276002163,-0.267451677985333,2.48709805535494,1.78816817593985,0.290878026976003,1
289,B4_K05_I02-03-04-06-08,Branch4,5,3,L2-L3-L4,1,,1.06811302342332,-0.337972971905588,2.10265569484646,1.72757619416076,0.22766458015628,1
289,B4_K05_I02-03-04-06-08,Branch4,5,4,L1-L2-L3-L4,1,,1.09807314456851,-0.273851987470647,2.03158535228385,1.60260678964302,0.250976449269079,1
290,B4_K05_I02-03-04-06-09,Branch4,5,2,L1-L2,1,,1.75461867459649,0.378274898152584,1.37673992592081,1.48170483023917,0.0315690941828903,1
290,B4_K05_I02-03-04-06-09,Branch4,5,2,L1-L3,1,,1.09835466163243,-0.120434513797032,2.00008284128414,1.56292120272953,0.233238656658539,1
290,B4_K05_I02-03-04-06-09,Branch4,5,2,L1-L4,1,,0.808774946241048,-0.279248143775371,2.33203603197538,1.54034861883127,0.248428560172191,1
290,B4_K05_I02-03-04-06-09,Branch4,5,2,L2-L3,1,,1.34946212782387,-0.160546433557284,1.75534579868544,1.61819915404248,0.152415288699266,1
290,B4_K05_I02-03-04-06-09,Branch4,5,2,L2-L4,1,,1.20386356409516,-0.449657851560552,1.9782632924277,1.60553099318286,0.164450020442515,1
290,B4_K05_I02-03-04-06-09,Branch4,5,2,L3-L4,1,,0.693806687369094,-0.25994312809692,2.51969697548329,1.79757646046077,0.00652078788646301,1
290,B4_K05_I02-03-04-06-09,Branch4,5,3,L1-L2-L3,1,,1.34596175097769,-0.0299686782777968,1.74445453701876,1.51491041474262,0.207301970036426,1
290,B4_K05_I02-03-04-06-09,Branch4,5,3,L1-L2-L4,1,,1.20551575797074,-0.324124689717983,1.92931032448628,1.46820526164858,0.267932383962421,1
290,B4_K05_I02-03-04-06-09,Branch4,5,3,L1-L3-L4,1,,0.722919572839239,-0.264874138178652,2.4814804984793,1.78663289411229,0.294036692969915,1
290,B4_K05_I02-03-04-06-09,Branch4,5,3,L2-L3-L4,1,,1.1237330192277,-0.344000205158547,2.04242699964096,1.71686531827898,0.198403591344086,1
290,B4_K05_I02-03-04-06-09,Branch4,5,4,L1-L2-L3-L4,1,,1.14001553054333,-0.275652206575354,1.98909034405382,1.6079314612826,0.249268285285375,1
291,B4_K05_I02-03-04-07-08,Branch4,5,2,L1-L2,1,,1.73703559930229,0.35888883496041,1.39091686546805,1.45990038237963,0.0126951541576073,1
291,B4_K05_I02-03-04-07-08,Branch4,5,2,L1-L3,1,,1.09820823733195,-0.12756400191425,2.0008838021232,1.56012208813545,0.230522180761016,1
291,B4_K05_I02-03-04-07-08,Branch4,5,2,L1-L4,1,,0.819146143840159,-0.283144134909427,2.32241583719761,1.54055067014919,0.24779985723761,1
291,B4_K05_I02-03-04-07-08,Branch4,5,2,L2-L3,1,,1.36091101227935,-0.157511504142937,1.74138932193231,1.59229381565215,0.173931556318174,1
291,B4_K05_I02-03-04-07-08,Branch4,5,2,L2-L4,1,,1.21138985155725,-0.44827390448563,1.96738589616955,1.57907877650829,0.190878874486571,1
291,B4_K05_I02-03-04-07-08,Branch4,5,2,L3-L4,1,,0.704766759412083,-0.264920391773679,2.50677814126549,1.7938803067389,0.00334491440609892,1
291,B4_K05_I02-03-04-07-08,Branch4,5,3,L1-L2-L3,1,,1.34513843659559,-0.0396599859855068,1.74544646396526,1.50053652115903,0.210634653162381,1
291,B4_K05_I02-03-04-07-08,Branch4,5,3,L1-L2-L4,1,,1.11578282062689,-0.295539640964049,2.01459909597142,1.46622842853126,0.256540926770532,1
291,B4_K05_I02-03-04-07-08,Branch4,5,3,L1-L3-L4,1,,0.720717616554744,-0.267642097448159,2.48603417025353,1.7881438303774,0.295756295536242,1
291,B4_K05_I02-03-04-07-08,Branch4,5,3,L2-L3-L4,1,,1.09913471371628,-0.346475772126738,2.07113022739887,1.72350848911187,0.227885825660001,1
291,B4_K05_I02-03-04-07-08,Branch4,5,4,L1-L2-L3-L4,1,,1.12706025862099,-0.274446144114977,2.00147199728883,1.60025431590148,0.254850435814366,1
292,B4_K05_I02-03-04-07-09,Branch4,5,2,L1-L2,1,,1.71389719824017,0.347475553538628,1.41206400892683,1.46485521817039,0.0256124566486335,1
292,B4_K05_I02-03-04-07-09,Branch4,5,2,L1-L3,1,,1.10708821806165,-0.124449645405704,1.99142684147852,1.55739010111029,0.233444968462852,1
292,B4_K05_I02-03-04-07-09,Branch4,5,2,L1-L4,1,,0.82206341444631,-0.282877561204387,2.31903030078607,1.53707108889914,0.251379008054736,1
292,B4_K05_I02-03-04-07-09,Branch4,5,2,L2-L3,1,,1.33535902406991,-0.163535749468023,1.76877657632541,1.6039636789675,0.163112609876018,1
292,B4_K05_I02-03-04-07-09,Branch4,5,2,L2-L4,1,,1.19192741704409,-0.443446019983144,1.98750069196986,1.59242224113041,0.178126840968434,1
292,B4_K05_I02-03-04-07-09,Branch4,5,2,L3-L4,1,,0.704766759412083,-0.264920391773679,2.50677814126549,1.7938803067389,0.00334491440609892,1
292,B4_K05_I02-03-04-07-09,Branch4,5,3,L1-L2-L3,1,,1.32064123582072,-0.0545651060592018,1.77054738624329,1.51267765756808,0.206405751893008,1
292,B4_K05_I02-03-04-07-09,Branch4,5,3,L1-L2-L4,1,,1.13245363352568,-0.305914757550734,2.00003130460682,1.47109262618184,0.253907065729695,1
292,B4_K05_I02-03-04-07-09,Branch4,5,3,L1-L3-L4,1,,0.72083235734756,-0.267647955617952,2.48589792079792,1.78813978752768,0.300123613058916,1
292,B4_K05_I02-03-04-07-09,Branch4,5,3,L2-L3-L4,1,,1.09366724914123,-0.341907217255159,2.07528584416744,1.72262679215674,0.211995902833359,1
292,B4_K05_I02-03-04-07-09,Branch4,5,4,L1-L2-L3-L4,1,,1.12622465632249,-0.275784933663465,2.00248551827693,1.59816770810997,0.249652280204156,1
293,B4_K05_I02-03-04-08-09,Branch4,5,2,L1-L2,1,,1.73771899491265,0.358671470861831,1.39031052365597,1.45441748936911,0.0117383116429571,1
293,B4_K05_I02-03-04-08-09,Branch4,5,2,L1-L3,1,,1.10708821806165,-0.124449645405704,1.99142684147852,1.55739010111029,0.233444968462852,1
293,B4_K05_I02-03-04-08-09,Branch4,5,2,L1-L4,1,,0.82206341444631,-0.282877561204387,2.31903030078607,1.53707108889914,0.251379008054736,1
293,B4_K05_I02-03-04-08-09,Branch4,5,2,L2-L3,1,,1.36383604380905,-0.155984007637066,1.73800013657813,1.5883974720308,0.177808309004698,1
293,B4_K05_I02-03-04-08-09,Branch4,5,2,L2-L4,1,,1.21285642292834,-0.448024306255175,1.96540353015438,1.57468402542631,0.195275688174963,1
293,B4_K05_I02-03-04-08-09,Branch4,5,2,L3-L4,1,,0.704766759412083,-0.264920391773679,2.50677814126549,1.7938803067389,0.00334491440609892,1
293,B4_K05_I02-03-04-08-09,Branch4,5,3,L1-L2-L3,1,,1.35261448723094,-0.0322756752377522,1.73779459246662,1.49195216224875,0.213976856368613,1
293,B4_K05_I02-03-04-08-09,Branch4,5,3,L1-L2-L4,1,,1.1048116445516,-0.290603804017024,2.02478502640654,1.46159089873548,0.258853220361756,1
293,B4_K05_I02-03-04-08-09,Branch4,5,3,L1-L3-L4,1,,0.72083235734756,-0.267647955617952,2.48589792079792,1.78813978752768,0.300123613058916,1
293,B4_K05_I02-03-04-08-09,Branch4,5,3,L2-L3-L4,1,,1.09754817427912,-0.345221477355429,2.07241751962255,1.7235173864934,0.232550090619898,1
293,B4_K05_I02-03-04-08-09,Branch4,5,4,L1-L2-L3-L4,1,,1.12916339875884,-0.273335267091392,1.99864521942653,1.59613821186254,0.257849554517352,1
294,B4_K05_I02-03-05-06-07,Branch4,5,2,L1-L2,1,,1.67128973488926,0.330303086427773,1.45196041058344,1.46941319652947,0.0314310266638142,1
294,B4_K05_I02-03-05-06-07,Branch4,5,2,L1-L3,1,,1.099868510795,-0.122856037199717,1.99897154314201,1.56537615381823,0.236486050793257,1
294,B4_K05_I02-03-05-06-07,Branch4,5,2,L1-L4,1,,0.80630384039803,-0.27947273075829,2.33458922487897,1.53708687954199,0.245363433348075,1
294,B4_K05_I02-03-05-06-07,Branch4,5,2,L2-L3,1,,1.29898328733917,-0.167987971077403,1.80718903193493,1.61633418488014,0.161421667455375,1
294,B4_K05_I02-03-05-06-07,Branch4,5,2,L2-L4,1,,1.15790102002361,-0.433009401325797,2.0206680261414,1.59882692051691,0.167501469245494,1
294,B4_K05_I02-03-05-06-07,Branch4,5,2,L3-L4,1,,0.707077191589268,-0.265061412492279,2.50552000505063,1.79678904625567,0.0130096094769743,1
294,B4_K05_I02-03-05-06-07,Branch4,5,3,L1-L2-L3,1,,1.2887187911617,-0.0597297728654539,1.80283448128959,1.52081836616267,0.20627493694353,1
294,B4_K05_I02-03-05-06-07,Branch4,5,3,L1-L2-L4,1,,1.11674200411517,-0.307680171395347,2.01673574509892,1.47655954273229,0.246505851857279,1
294,B4_K05_I02-03-05-06-07,Branch4,5,3,L1-L3-L4,1,,0.755444072892975,-0.272408188256546,2.4413681081967,1.77525659878663,0.284525514937897,1
294,B4_K05_I02-03-05-06-07,Branch4,5,3,L2-L3-L4,1,,1.07622585125814,-0.335555483497969,2.09210554640484,1.72331874058122,0.200589927807163,1
294,B4_K05_I02-03-05-06-07,Branch4,5,4,L1-L2-L3-L4,1,,1.09939281658248,-0.280060560178284,2.03183666341561,1.60257193034342,0.243930837994684,1
295,B4_K05_I02-03-05-06-08,Branch4,5,2,L1-L2,1,,1.69344924935674,0.340124455062711,1.4315778776351,1.4585056718826,0.0173525896956426,1
295,B4_K05_I02-03-05-06-08,Branch4,5,2,L1-L3,1,,1.09246649968172,-0.125446697618458,2.00656240537802,1.56252325601866,0.234160161628004,1
295,B4_K05_I02-03-05-06-08,Branch4,5,2,L1-L4,1,,0.801723061230591,-0.283938708733424,2.34113625615035,1.53663017525524,0.246009423030776,1
295,B4_K05_I02-03-05-06-08,Branch4,5,2,L2-L3,1,,1.3253454527108,-0.16132915001087,1.77818435907287,1.59825069260269,0.174018397485239,1
295,B4_K05_I02-03-05-06-08,Branch4,5,2,L2-L4,1,,1.176771967711,-0.442347920010616,2.00253122100729,1.58082225169354,0.18502077550786,1
295,B4_K05_I02-03-05-06-08,Branch4,5,2,L3-L4,1,,0.692993320621207,-0.266682374484388,2.52208612784913,1.79426873327552,0.00996416893402282,1
295,B4_K05_I02-03-05-06-08,Branch4,5,3,L1-L2-L3,1,,1.31145902421008,-0.0486366686863939,1.7794540901965,1.50535396474225,0.210446088387873,1
295,B4_K05_I02-03-05-06-08,Branch4,5,3,L1-L2-L4,1,,1.08812628466429,-0.297227600176937,2.04378380204943,1.46673993060407,0.250679572623306,1
295,B4_K05_I02-03-05-06-08,Branch4,5,3,L1-L3-L4,1,,0.733737813961214,-0.27317764045759,2.46821559805224,1.77772164821106,0.28794517089598,1
295,B4_K05_I02-03-05-06-08,Branch4,5,3,L2-L3-L4,1,,1.07897009359205,-0.340803593128505,2.09030118039126,1.72052583488025,0.22003376244603,1
295,B4_K05_I02-03-05-06-08,Branch4,5,4,L1-L2-L3-L4,1,,1.10093182312576,-0.278481619970718,2.0293618767911,1.59770178148529,0.251452878214065,1
296,B4_K05_I02-03-05-06-09,Branch4,5,2,L1-L2,1,,1.72787748317476,0.363179767755793,1.40085418301759,1.47884669940608,0.0326009826935039,1
296,B4_K05_I02-03-05-06-09,Branch4,5,2,L1-L3,1,,1.09835466163243,-0.120434513797032,2.00008284128414,1.56292120272953,0.233238656658539,1
296,B4_K05_I02-03-05-06-09,Branch4,5,2,L1-L4,1,,0.801723061230591,-0.283938708733424,2.34113625615035,1.53663017525524,0.246009423030776,1
296,B4_K05_I02-03-05-06-09,Branch4,5,2,L2-L3,1,,1.33219104826203,-0.162150096470801,1.77300667282044,1.61819014954096,0.153244042213222,1
296,B4_K05_I02-03-05-06-09,Branch4,5,2,L2-L4,1,,1.18610500552177,-0.449002674653052,1.99699136631654,1.60282902786478,0.162469545305192,1
296,B4_K05_I02-03-05-06-09,Branch4,5,2,L3-L4,1,,0.680307628149692,-0.261655632020469,2.53552520054866,1.79480925345726,0.0100022021592665,1
296,B4_K05_I02-03-05-06-09,Branch4,5,3,L1-L2-L3,1,,1.33082383795398,-0.035237113679221,1.75971730399448,1.51408482141923,0.206205807811975,1
296,B4_K05_I02-03-05-06-09,Branch4,5,3,L1-L2-L4,1,,1.1843113364029,-0.326534825424463,1.95203388766655,1.46835388652388,0.262275897450771,1
296,B4_K05_I02-03-05-06-09,Branch4,5,3,L1-L3-L4,1,,0.723747948421269,-0.268855622187904,2.47835472024058,1.77824054163613,0.289229642072041,1
296,B4_K05_I02-03-05-06-09,Branch4,5,3,L2-L3-L4,1,,1.10473357718999,-0.348986717088769,2.06435590021845,1.71609888581366,0.198096148562631,1
296,B4_K05_I02-03-05-06-09,Branch4,5,4,L1-L2-L3-L4,1,,1.12582301775597,-0.278991289742696,2.00413409865988,1.60264780496275,0.246897274637058,1
297,B4_K05_I02-03-05-07-08,Branch4,5,2,L1-L2,1,,1.72157524711287,0.355570715274636,1.40611599538089,1.45611997152767,0.0155236377918158,1
297,B4_K05_I02-03-05-07-08,Branch4,5,2,L1-L3,1,,1.10151882460104,-0.122283550548341,1.99692345584761,1.5597839680819,0.237077051478842,1
297,B4_K05_I02-03-05-07-08,Branch4,5,2,L1-L4,1,,0.804657620836382,-0.28367023357148,2.33773198322064,1.53313481984891,0.249610588821586,1
297,B4_K05_I02-03-05-07-08,Branch4,5,2,L2-L3,1,,1.34545971741507,-0.158213126110266,1.7572146085289,1.59441164226024,0.177003510760695,1
297,B4_K05_I02-03-05-07-08,Branch4,5,2,L2-L4,1,,1.1935945422799,-0.447602878534469,1.98614485181668,1.57631124633509,0.188988162521428,1
297,B4_K05_I02-03-05-07-08,Branch4,5,2,L3-L4,1,,0.692993320621207,-0.266682374484388,2.52208612784913,1.79426873327552,0.00996416893402282,1
297,B4_K05_I02-03-05-07-08,Branch4,5,3,L1-L2-L3,1,,1.33041461656258,-0.0431720329641274,1.76028863453844,1.50262908642884,0.213799724558407,1
297,B4_K05_I02-03-05-07-08,Branch4,5,3,L1-L2-L4,1,,1.10525382510438,-0.297679516896637,2.02629374285378,1.46124536626387,0.256514112054983,1
297,B4_K05_I02-03-05-07-08,Branch4,5,3,L1-L3-L4,1,,0.733842964793029,-0.27316485260343,2.46813964429387,1.77784196637551,0.292368046814231,1
297,B4_K05_I02-03-05-07-08,Branch4,5,3,L2-L3-L4,1,,1.09413074825563,-0.342684040852039,2.07401379634805,1.71785723860513,0.224463629454953,1
297,B4_K05_I02-03-05-07-08,Branch4,5,4,L1-L2-L3-L4,1,,1.11377544073106,-0.277730983025639,2.01566650422788,1.59575371170529,0.256595281920025,1
298,B4_K05_I02-03-05-07-09,Branch4,5,2,L1-L2,1,,1.7130302704202,0.345629748903517,1.41278180603892,1.45581953039297,0.0214193243260425,1
298,B4_K05_I02-03-05-07-09,Branch4,5,2,L1-L3,1,,1.12903999653697,-0.11385681818914,1.96821073088292,1.55793767708333,0.237720495134682,1
298,B4_K05_I02-03-05-07-09,Branch4,5,2,L1-L4,1,,0.818056875893534,-0.287284347774291,2.32462955575609,1.52988040827152,0.252572027747575,1
298,B4_K05_I02-03-05-07-09,Branch4,5,2,L2-L3,1,,1.34528699551575,-0.155059296348258,1.75731310920046,1.59848535937302,0.172777190119926,1
298,B4_K05_I02-03-05-07-09,Branch4,5,2,L2-L4,1,,1.19219351766738,-0.447850140110306,1.98807451926447,1.58072094199828,0.184573971109164,1
298,B4_K05_I02-03-05-07-09,Branch4,5,2,L3-L4,1,,0.680307628149692,-0.261655632020469,2.53552520054866,1.79480925345726,0.0100022021592665,1
298,B4_K05_I02-03-05-07-09,Branch4,5,3,L1-L2-L3,1,,1.33147305257514,-0.046542315600888,1.75935833418098,1.50686001302021,0.210978947160668,1
298,B4_K05_I02-03-05-07-09,Branch4,5,3,L1-L2-L4,1,,1.11405908617664,-0.303553546372514,2.01876632200448,1.46203555471781,0.254931748578257,1
298,B4_K05_I02-03-05-07-09,Branch4,5,3,L1-L3-L4,1,,0.725833934969633,-0.269247241488548,2.47617343413075,1.77849195883807,0.298457598488016,1
298,B4_K05_I02-03-05-07-09,Branch4,5,3,L2-L3-L4,1,,1.09702147193419,-0.342428000016948,2.07045733352974,1.71617568303524,0.220137554169819,1
298,B4_K05_I02-03-05-07-09,Branch4,5,4,L1-L2-L3-L4,1,,1.12566874002622,-0.274616651362864,2.00182800197943,1.587163695369,0.254892583608878,1
299,B4_K05_I02-03-05-08-09,Branch4,5,2,L1-L2,1,,1.74859258871953,0.369136227578096,1.38166092607395,1.44622179519749,0.00177566388709678,1
299,B4_K05_I02-03-05-08-09,Branch4,5,2,L1-L3,1,,1.10151882460104,-0.122283550548341,1.99692345584761,1.5597839680819,0.237077051478842,1
299,B4_K05_I02-03-05-08-09,Branch4,5,2,L1-L4,1,,0.800130960237012,-0.288141332049553,2.34426755379193,1.53266871541774,0.250267830576817,1
299,B4_K05_I02-03-05-08-09,Branch4,5,2,L2-L3,1,,1.37495205817846,-0.150278268790163,1.72556859795628,1.57897185153969,0.191526018944126,1
299,B4_K05_I02-03-05-08-09,Branch4,5,2,L2-L4,1,,1.21396404499265,-0.456779919361446,1.96676726180808,1.55838684489631,0.206453930993745,1
299,B4_K05_I02-03-05-08-09,Branch4,5,2,L3-L4,1,,0.680821788535261,-0.268384128981313,2.53815715962273,1.79488598912061,0.0100748077024836,1
299,B4_K05_I02-03-05-08-09,Branch4,5,3,L1-L2-L3,1,,1.39476808661034,0.0206670467708392,1.69593871088135,1.46070609735234,0.230786795337678,1
299,B4_K05_I02-03-05-08-09,Branch4,5,3,L1-L2-L4,1,,1.09084065108815,-0.28979515595043,2.03958788549778,1.44914251912379,0.265442999128743,1
299,B4_K05_I02-03-05-08-09,Branch4,5,3,L1-L3-L4,1,,0.723465348384574,-0.275250870655285,2.48157231645197,1.77830706496441,0.293916485468306,1
299,B4_K05_I02-03-05-08-09,Branch4,5,3,L2-L3-L4,1,,1.09559419237222,-0.352418041525922,2.07594433591018,1.71867617267121,0.246347560032951,1
299,B4_K05_I02-03-05-08-09,Branch4,5,4,L1-L2-L3-L4,1,,1.11624939525084,-0.276858942085885,2.0125401260961,1.59188067648831,0.266338663385096,1
300,B4_K05_I02-03-06-07-08,Branch4,5,2,L1-L2,1,,1.66555949160382,0.324157903865146,1.45690068726126,1.45531545943426,0.0182439922125495,1
300,B4_K05_I02-03-06-07-08,Branch4,5,2,L1-L3,1,,1.09246649968172,-0.125446697618458,2.00656240537802,1.56252325601866,0.234160161628004,1
300,B4_K05_I02-03-06-07-08,Branch4,5,2,L1-L4,1,,0.806723855171366,-0.283476699570249,2.33595658397784,1.54316093206755,0.252145055565111,1
300,B4_K05_I02-03-06-07-08,Branch4,5,2,L2-L3,1,,1.30810490460565,-0.162917782503253,1.79579770861164,1.59816652465417,0.174929302497156,1
300,B4_K05_I02-03-06-07-08,Branch4,5,2,L2-L4,1,,1.16340125509244,-0.436559355254918,2.0150745491514,1.58633472538904,0.190824005744343,1
300,B4_K05_I02-03-06-07-08,Branch4,5,2,L3-L4,1,,0.695573638669221,-0.266603419223922,2.52243993969903,1.80103302413658,0.00322149647452855,1
300,B4_K05_I02-03-06-07-08,Branch4,5,3,L1-L2-L3,1,,1.2943765824252,-0.0552761336444817,1.79681858862742,1.50609290246654,0.209329390355464,1
300,B4_K05_I02-03-06-07-08,Branch4,5,3,L1-L2-L4,1,,1.06035144621244,-0.287504379619562,2.06987053051783,1.46802678185725,0.252039047925907,1
300,B4_K05_I02-03-06-07-08,Branch4,5,3,L1-L3-L4,1,,0.711263635826787,-0.269287965416449,2.50159936446718,1.79523658891807,0.300724352833436,1
300,B4_K05_I02-03-06-07-08,Branch4,5,3,L2-L3-L4,1,,1.05342884593165,-0.338702239682004,2.12039337693067,1.73421383984591,0.226298205874297,1
300,B4_K05_I02-03-06-07-08,Branch4,5,4,L1-L2-L3-L4,1,,1.09437140465728,-0.274473166112815,2.03516169723972,1.59812954420244,0.251583017932402,1
301,B4_K05_I02-03-06-07-09,Branch4,5,2,L1-L2,1,,1.67340417746191,0.332336850884889,1.45015099245363,1.47300016407265,0.0347083665790324,1
301,B4_K05_I02-03-06-07-09,Branch4,5,2,L1-L3,1,,1.09835466163243,-0.120434513797032,2.00008284128414,1.56292120272953,0.233238656658539,1
301,B4_K05_I02-03-06-07-09,Branch4,5,2,L1-L4,1,,0.804200709677321,-0.283708977785293,2.33856396328634,1.53989837211723,0.249079698547808,1
301,B4_K05_I02-03-06-07-09,Branch4,5,2,L2-L3,1,,1.29760917441946,-0.165359276719061,1.80840623378944,1.6181663977226,0.154911746915562,1
301,B4_K05_I02-03-06-07-09,Branch4,5,2,L2-L4,1,,1.15629664533151,-0.437898823036979,2.02507043333359,1.60579022084968,0.166006139412594,1
301,B4_K05_I02-03-06-07-09,Branch4,5,2,L3-L4,1,,0.681553434207234,-0.261604834315061,2.53579133576586,1.79821259334655,0.00661340381312472,1
301,B4_K05_I02-03-06-07-09,Branch4,5,3,L1-L2-L3,1,,1.29885212724444,-0.0452002396139808,1.79199177440509,1.51218331129891,0.204297751093686,1
301,B4_K05_I02-03-06-07-09,Branch4,5,3,L1-L2-L4,1,,1.12382473367324,-0.314599019997235,2.01129461981933,1.47989548802454,0.249885275814477,1
301,B4_K05_I02-03-06-07-09,Branch4,5,3,L1-L3-L4,1,,0.712040995955025,-0.266832411508152,2.4955527928669,1.78711558999996,0.295716588875606,1
301,B4_K05_I02-03-06-07-09,Branch4,5,3,L2-L3-L4,1,,1.07321572539735,-0.338393832857362,2.09641723209407,1.72377419521619,0.198537127497018,1
301,B4_K05_I02-03-06-07-09,Branch4,5,4,L1-L2-L3-L4,1,,1.10479180223312,-0.276354905755977,2.02497616685151,1.59958477379503,0.243671732545524,1
302,B4_K05_I02-03-06-08-09,Branch4,5,2,L1-L2,1,,1.69215477262442,0.339421577353315,1.43270227133707,1.46069343679146,0.0150225676711216,1
302,B4_K05_I02-03-06-08-09,Branch4,5,2,L1-L3,1,,1.08947294434641,-0.123526935605864,2.00954725588763,1.56568302964014,0.230310573526574,1
302,B4_K05_I02-03-06-08-09,Branch4,5,2,L1-L4,1,,0.801313199687254,-0.28397678558506,2.34195170382409,1.54340248645081,0.24547946427815,1
302,B4_K05_I02-03-06-08-09,Branch4,5,2,L2-L3,1,,1.32810325883784,-0.156598811613309,1.77483784104939,1.59840515231105,0.1736791866897,1
302,B4_K05_I02-03-06-08-09,Branch4,5,2,L2-L4,1,,1.17774726503426,-0.442198972532831,2.00161836132037,1.58351106257035,0.187680202879133,1
302,B4_K05_I02-03-06-08-09,Branch4,5,2,L3-L4,1,,0.681553434207234,-0.261604834315061,2.53579133576586,1.79821259334655,0.00661340381312472,1
302,B4_K05_I02-03-06-08-09,Branch4,5,3,L1-L2-L3,1,,1.31374408278475,-0.0440481798103085,1.77700783183012,1.50590247675936,0.208538549946535,1
302,B4_K05_I02-03-06-08-09,Branch4,5,3,L1-L2-L4,1,,1.07853885840201,-0.294049123548888,2.05272098578696,1.47113083485006,0.250845558392112,1
302,B4_K05_I02-03-06-08-09,Branch4,5,3,L1-L3-L4,1,,0.71204300227219,-0.266857373694998,2.49552230245418,1.78703422498026,0.291276053887626,1
302,B4_K05_I02-03-06-08-09,Branch4,5,3,L2-L3-L4,1,,1.07289586887039,-0.342499679089177,2.09868086410355,1.72602187077464,0.224142235480324,1
302,B4_K05_I02-03-06-08-09,Branch4,5,4,L1-L2-L3-L4,1,,1.10141185845187,-0.273508836685477,2.02771570530984,1.59926265888029,0.25106509596087,1
303,B4_K05_I02-03-07-08-09,Branch4,5,2,L1-L2,1,,1.68291775630352,0.327661367717252,1.44000692653273,1.45128593532307,0.0167437463896732,1
303,B4_K05_I02-03-07-08-09,Branch4,5,2,L1-L3,1,,1.12011312851989,-0.116955010593623,1.97766105691996,1.56063845221682,0.234837632146859,1
303,B4_K05_I02-03-07-08-09,Branch4,5,2,L1-L4,1,,0.820060426698666,-0.287088615731041,2.32286891307045,1.53986383851462,0.255081819355866,1
303,B4_K05_I02-03-07-08-09,Branch4,5,2,L2-L3,1,,1.33100184256523,-0.155073806274503,1.77144319519201,1.59447736244268,0.177578629782247,1
303,B4_K05_I02-03-07-08-09,Branch4,5,2,L2-L4,1,,1.18015567298592,-0.441792498586214,1.99871694930741,1.58178082871225,0.194750916488212,1
303,B4_K05_I02-03-07-08-09,Branch4,5,2,L3-L4,1,,0.682958087678421,-0.261574751387821,2.53588637200021,1.80160982448634,0.00322359686045505,1
303,B4_K05_I02-03-07-08-09,Branch4,5,3,L1-L2-L3,1,,1.32041450904248,-0.0433805847777373,1.77029934722107,1.49833038654111,0.210973631512766,1
303,B4_K05_I02-03-07-08-09,Branch4,5,3,L1-L2-L4,1,,1.07833147490852,-0.289113820826408,2.05187840434004,1.46107030683434,0.255836180626382,1
303,B4_K05_I02-03-07-08-09,Branch4,5,3,L1-L3-L4,1,,0.700914204591849,-0.2647822087143,2.51227058108318,1.79563461005951,0.307352259964377,1
303,B4_K05_I02-03-07-08-09,Branch4,5,3,L2-L3-L4,1,,1.06756638024544,-0.341450650699556,2.10530828421129,1.73128262845337,0.231632320293889,1
303,B4_K05_I02-03-07-08-09,Branch4,5,4,L1-L2-L3-L4,1,,1.11312924931671,-0.270360958541932,2.01390756206505,1.58936857837005,0.255033608739333,1
304,B4_K05_I02-04-05-06-07,Branch4,5,2,L1-L2,1,,1.70307356767814,0.349995978174245,1.4234039729554,1.47950427300777,0.03688257852967,1
304,B4_K05_I02-04-05-06-07,Branch4,5,2,L1-L3,1,,1.09246649968172,-0.125446697618458,2.00656240537802,1.56252325601866,0.234160161628004,1
304,B4_K05_I02-04-05-06-07,Branch4,5,2,L1-L4,1,,0.808774946241048,-0.279248143775371,2.33203603197538,1.54034861883127,0.248428560172191,1
304,B4_K05_I02-04-05-06-07,Branch4,5,2,L2-L3,1,,1.30971471249952,-0.169911252817573,1.79710115937561,1.62204663951028,0.150434065441422,1
304,B4_K05_I02-04-05-06-07,Branch4,5,2,L2-L4,1,,1.1720462732828,-0.438813342697808,2.00880681843447,1.61025706835705,0.160902927781567,1
304,B4_K05_I02-04-05-06-07,Branch4,5,2,L3-L4,1,,0.706387863707551,-0.264948119999216,2.50642251717085,1.79702462732405,0.00650133033548583,1
304,B4_K05_I02-04-05-06-07,Branch4,5,3,L1-L2-L3,1,,1.31030532706133,-0.0440469892846497,1.7805286890119,1.51564603973432,0.205185543955383,1
304,B4_K05_I02-04-05-06-07,Branch4,5,3,L1-L2-L4,1,,1.16438569443601,-0.319523648965806,1.97052992499296,1.47796742587559,0.256529265083448,1
304,B4_K05_I02-04-05-06-07,Branch4,5,3,L1-L3-L4,1,,0.733667896250508,-0.269395994342861,2.47045058907275,1.7860994715835,0.292625075125587,1
304,B4_K05_I02-04-05-06-07,Branch4,5,3,L2-L3-L4,1,,1.08869797849678,-0.342084354974802,2.08124195008379,1.72505283644888,0.193764690112583,1
304,B4_K05_I02-04-05-06-07,Branch4,5,4,L1-L2-L3-L4,1,,1.11707291624885,-0.279347964461408,2.01380954966062,1.60784586021865,0.243627018787893,1
305,B4_K05_I02-04-05-06-08,Branch4,5,2,L1-L2,1,,1.72184593319541,0.356936927855007,1.4059195605282,1.46503543817702,0.019712056104188,1
305,B4_K05_I02-04-05-06-08,Branch4,5,2,L1-L3,1,,1.09246649968172,-0.125446697618458,2.00656240537802,1.56252325601866,0.234160161628004,1
305,B4_K05_I02-04-05-06-08,Branch4,5,2,L1-L4,1,,0.806723855171366,-0.283476699570249,2.33595658397784,1.54316093206755,0.252145055565111,1
305,B4_K05_I02-04-05-06-08,Branch4,5,2,L2-L3,1,,1.33977139239834,-0.161236970183182,1.76390333788493,1.60226273056391,0.16921202273136,1
305,B4_K05_I02-04-05-06-08,Branch4,5,2,L2-L4,1,,1.19278962677297,-0.447802377604866,1.98816748403391,1.59047226706824,0.185442538366953,1
305,B4_K05_I02-04-05-06-08,Branch4,5,2,L3-L4,1,,0.695573638669221,-0.266603419223922,2.52243993969903,1.80103302413658,0.00322149647452855,1
305,B4_K05_I02-04-05-06-08,Branch4,5,3,L1-L2-L3,1,,1.32272280951128,-0.0493301464481903,1.76825744511027,1.51260103354498,0.20968137502678,1
305,B4_K05_I02-04-05-06-08,Branch4,5,3,L1-L2-L4,1,,1.11707518357943,-0.301951224613049,2.01487330009913,1.47198209708131,0.257519567877679,1
305,B4_K05_I02-04-05-06-08,Branch4,5,3,L1-L3-L4,1,,0.711263635826787,-0.269287965416449,2.50159936446718,1.79523658891807,0.300724352833436,1
305,B4_K05_I02-04-05-06-08,Branch4,5,3,L2-L3-L4,1,,1.0896877006409,-0.345417017785737,2.08195474236974,1.72792789939188,0.220466360160312,1
305,B4_K05_I02-04-05-06-08,Branch4,5,4,L1-L2-L3-L4,1,,1.1180788948578,-0.276037634715156,2.01152078114989,1.60385669865609,0.25423660052547,1
306,B4_K05_I02-04-05-06-09,Branch4,5,2,L1-L2,1,,1.78514835160198,0.397022609134623,1.34958246422053,1.49136946035831,0.036821258156943,1
306,B4_K05_I02-04-05-06-09,Branch4,5,2,L1-L3,1,,1.09246649968172,-0.125446697618458,2.00656240537802,1.56252325601866,0.234160161628004,1
306,B4_K05_I02-04-05-06-09,Branch4,5,2,L1-L4,1,,0.808774946241048,-0.279248143775371,2.33203603197538,1.54034861883127,0.248428560172191,1
306,B4_K05_I02-04-05-06-09,Branch4,5,2,L2-L3,1,,1.35946469401994,-0.166194223454414,1.74662699535114,1.62598692296344,0.144065207274656,1
306,B4_K05_I02-04-05-06-09,Branch4,5,2,L2-L4,1,,1.21730896758099,-0.455629893619683,1.96696966443629,1.61421640861489,0.155196187973079,1
306,B4_K05_I02-04-05-06-09,Branch4,5,2,L3-L4,1,,0.706387863707551,-0.264948119999216,2.50642251717085,1.79702462732405,0.00650133033548583,1
306,B4_K05_I02-04-05-06-09,Branch4,5,3,L1-L2-L3,1,,1.36168915593777,-0.0304222345102907,1.72883021385004,1.52210561734922,0.207337135554825,1
306,B4_K05_I02-04-05-06-09,Branch4,5,3,L1-L2-L4,1,,1.19895022580803,-0.335893229303578,1.93908731310377,1.49242572680434,0.263876555245984,1
306,B4_K05_I02-04-05-06-09,Branch4,5,3,L1-L3-L4,1,,0.733667896250508,-0.269395994342861,2.47045058907275,1.7860994715835,0.292625075125587,1
306,B4_K05_I02-04-05-06-09,Branch4,5,3,L2-L3-L4,1,,1.1431236128902,-0.350812231582407,2.02355262248728,1.7152959904772,0.189623497990336,1
306,B4_K05_I02-04-05-06-09,Branch4,5,4,L1-L2-L3-L4,1,,1.15477796612303,-0.280800172547535,1.97577070032406,1.61470170828792,0.249350140938548,1
307,B4_K05_I02-04-05-07-08,Branch4,5,2,L1-L2,1,,1.74109824826841,0.363031156062474,1.38747175794424,1.46792080341092,0.0246304597865874,1
307,B4_K05_I02-04-05-07-08,Branch4,5,2,L1-L3,1,,1.11435906096997,-0.121889499016646,1.98396639665325,1.56023898291933,0.235754673249235,1
307,B4_K05_I02-04-05-07-08,Branch4,5,2,L1-L4,1,,0.817548781812059,-0.287324454431863,2.32548051753731,1.53661460723247,0.252034793664824,1
307,B4_K05_I02-04-05-07-08,Branch4,5,2,L2-L3,1,,1.35431337737392,-0.161086768474937,1.74950537198054,1.60625407948506,0.164430132270755,1
307,B4_K05_I02-04-05-07-08,Branch4,5,2,L2-L4,1,,1.20598638686409,-0.453706421547416,1.97641433430552,1.59209024654076,0.177930127951166,1
307,B4_K05_I02-04-05-07-08,Branch4,5,2,L3-L4,1,,0.694204964405088,-0.266632808990885,2.52234725090208,1.79765388325348,0.00659333161839039,1
307,B4_K05_I02-04-05-07-08,Branch4,5,3,L1-L2-L3,1,,1.33904525529543,-0.0479333114961722,1.75189063289705,1.51441925967433,0.209151438570065,1
307,B4_K05_I02-04-05-07-08,Branch4,5,3,L1-L2-L4,1,,1.1601458055152,-0.315589063056454,1.97407741622129,1.46746355356974,0.260362411058465,1
307,B4_K05_I02-04-05-07-08,Branch4,5,3,L1-L3-L4,1,,0.724262398148618,-0.271661735912111,2.48289265602965,1.78666460456512,0.299078505320063,1
307,B4_K05_I02-04-05-07-08,Branch4,5,3,L2-L3-L4,1,,1.10878733160569,-0.352088815691608,2.06223323913726,1.72167159912774,0.214215611306029,1
307,B4_K05_I02-04-05-07-08,Branch4,5,4,L1-L2-L3-L4,1,,1.13679044007169,-0.278722636399605,1.99237156251234,1.5990858709163,0.253661655024194,1
308,B4_K05_I02-04-05-07-09,Branch4,5,2,L1-L2,1,,1.7125728236883,0.346017248875426,1.4131913978585,1.46139104118654,0.0223649323103939,1
308,B4_K05_I02-04-05-07-09,Branch4,5,2,L1-L3,1,,1.11435906096997,-0.121889499016646,1.98396639665325,1.56023898291933,0.235754673249235,1
308,B4_K05_I02-04-05-07-09,Branch4,5,2,L1-L4,1,,0.82206341444631,-0.282877561204387,2.31903030078607,1.53707108889914,0.251379008054736,1
308,B4_K05_I02-04-05-07-09,Branch4,5,2,L2-L3,1,,1.33977139239834,-0.161236970183182,1.76390333788493,1.60226273056391,0.16921202273136,1
308,B4_K05_I02-04-05-07-09,Branch4,5,2,L2-L4,1,,1.1932101479771,-0.443210724140863,1.98565909207094,1.58801062615667,0.182535519444985,1
308,B4_K05_I02-04-05-07-09,Branch4,5,2,L3-L4,1,,0.706387863707553,-0.264948119999216,2.50642251717085,1.79702462732405,0.00650133033548587,1
308,B4_K05_I02-04-05-07-09,Branch4,5,3,L1-L2-L3,1,,1.32289460338124,-0.055043369019579,1.76832218691111,1.51371559589497,0.209015234249871,1
308,B4_K05_I02-04-05-07-09,Branch4,5,3,L1-L2-L4,1,,1.11861448594421,-0.30083057491277,2.01303363589405,1.46929521297423,0.253581859146622,1
308,B4_K05_I02-04-05-07-09,Branch4,5,3,L1-L3-L4,1,,0.735095314783851,-0.269692272915606,2.46892843684841,1.78618405474662,0.297402875616745,1
308,B4_K05_I02-04-05-07-09,Branch4,5,3,L2-L3-L4,1,,1.09089658159425,-0.34362928799888,2.07954660350168,1.7257392249221,0.218351056612795,1
308,B4_K05_I02-04-05-07-09,Branch4,5,4,L1-L2-L3-L4,1,,1.12443745007032,-0.275955124297647,2.00433393989567,1.59766040360375,0.252060967034063,1
309,B4_K05_I02-04-05-08-09,Branch4,5,2,L1-L2,1,,1.77567392028059,0.384638147578009,1.35722126987133,1.44951001083316,0.00105004440162792,1
309,B4_K05_I02-04-05-08-09,Branch4,5,2,L1-L3,1,,1.10151882460104,-0.122283550548341,1.99692345584761,1.5597839680819,0.237077051478842,1
309,B4_K05_I02-04-05-08-09,Branch4,5,2,L1-L4,1,,0.809688168733796,-0.283202654125527,2.33249246181755,1.5396675797158,0.255734248825399,1
309,B4_K05_I02-04-05-08-09,Branch4,5,2,L2-L3,1,,1.39203933248963,-0.148758747573159,1.70819497536185,1.57911518250897,0.190558707815849,1
309,B4_K05_I02-04-05-08-09,Branch4,5,2,L2-L4,1,,1.23278449635117,-0.457322874566835,1.94695872925305,1.56379699217771,0.210851555058087,1
309,B4_K05_I02-04-05-08-09,Branch4,5,2,L3-L4,1,,0.695573638669221,-0.266603419223922,2.52243993969903,1.80103302413658,0.00322149647452855,1
309,B4_K05_I02-04-05-08-09,Branch4,5,3,L1-L2-L3,1,,1.40906434058343,0.0231028395981223,1.6815897418239,1.46381824533484,0.230954012240285,1
309,B4_K05_I02-04-05-08-09,Branch4,5,3,L1-L2-L4,1,,1.10715168706126,-0.284409053479687,2.02103294938474,1.45303412770652,0.271523239241876,1
309,B4_K05_I02-04-05-08-09,Branch4,5,3,L1-L3-L4,1,,0.711382924420797,-0.269294922333588,2.50145604988502,1.7952319913998,0.305110780816699,1
309,B4_K05_I02-04-05-08-09,Branch4,5,3,L2-L3-L4,1,,1.10671123143905,-0.350796207283494,2.06514256972967,1.72675762030976,0.250604011303541,1
309,B4_K05_I02-04-05-08-09,Branch4,5,4,L1-L2-L3-L4,1,,1.13249936876254,-0.272053083987039,1.9951344237673,1.5990520556138,0.269955057027595,1
310,B4_K05_I02-04-06-07-08,Branch4,5,2,L1-L2,1,,1.708877983117,0.343301372547135,1.41638555291691,1.46227982895013,0.014491246200547,1
310,B4_K05_I02-04-06-07-08,Branch4,5,2,L1-L3,1,,1.08941784894276,-0.130657671148527,2.01027513869033,1.56288120891764,0.227581751206128,1
310,B4_K05_I02-04-06-07-08,Branch4,5,2,L1-L4,1,,0.81876510763501,-0.283182159889651,2.32322188196064,1.54728089991556,0.24726956430002,1
310,B4_K05_I02-04-06-07-08,Branch4,5,2,L2-L3,1,,1.34082614602273,-0.160609701151768,1.76230102244427,1.59609736079412,0.17092928461195,1
310,B4_K05_I02-04-06-07-08,Branch4,5,2,L2-L4,1,,1.19553796327383,-0.442823527564277,1.98285219517894,1.58626751036384,0.189578748448453,1
310,B4_K05_I02-04-06-07-08,Branch4,5,2,L3-L4,1,,0.706218700616964,-0.264910409625506,2.50671728372148,1.79723492537707,9.29193340892909e-06,1
310,B4_K05_I02-04-06-07-08,Branch4,5,3,L1-L2-L3,1,,1.32344046518883,-0.0493885427066305,1.7674972837418,1.50648091338064,0.206673120334027,1
310,B4_K05_I02-04-06-07-08,Branch4,5,3,L1-L2-L4,1,,1.0920311369318,-0.292131164553446,2.03809790515572,1.47366808804065,0.252500596557121,1
310,B4_K05_I02-04-06-07-08,Branch4,5,3,L1-L3-L4,1,,0.722037274979485,-0.267631674374294,2.48605119338078,1.79147375922136,0.293251745227358,1
310,B4_K05_I02-04-06-07-08,Branch4,5,3,L2-L3-L4,1,,1.08166266481048,-0.343410695280074,2.09055107433291,1.73057549695287,0.225797786629286,1
310,B4_K05_I02-04-06-07-08,Branch4,5,4,L1-L2-L3-L4,1,,1.11652180061122,-0.273453207925432,2.01244925625937,1.60357928837088,0.250755610359246,1
311,B4_K05_I02-04-06-07-09,Branch4,5,2,L1-L2,1,,1.72434351591508,0.359680578283783,1.40382075552557,1.47189309715607,0.0261708925752572,1
311,B4_K05_I02-04-06-07-09,Branch4,5,2,L1-L3,1,,1.09246649968172,-0.125446697618458,2.00656240537802,1.56252325601866,0.234160161628004,1
311,B4_K05_I02-04-06-07-09,Branch4,5,2,L1-L4,1,,0.81129131559532,-0.279021060683633,2.32944791700493,1.5436047647307,0.251488800841462,1
311,B4_K05_I02-04-06-07-09,Branch4,5,2,L2-L3,1,,1.33442669268754,-0.164135495203861,1.77029506712642,1.61015002278855,0.161392199539836,1
311,B4_K05_I02-04-06-07-09,Branch4,5,2,L2-L4,1,,1.19167237592047,-0.443538665420297,1.98843055820052,1.59950511897728,0.176361732061678,1
311,B4_K05_I02-04-06-07-09,Branch4,5,2,L3-L4,1,,0.707725279633524,-0.264919247787349,2.50650932344673,1.80038557548514,0.00314741632420033,1
311,B4_K05_I02-04-06-07-09,Branch4,5,3,L1-L2-L3,1,,1.32035921037614,-0.0496847042269413,1.77068618169205,1.51705647714708,0.207566321468955,1
311,B4_K05_I02-04-06-07-09,Branch4,5,3,L1-L2-L4,1,,1.14478818346212,-0.307287731812326,1.98749684815695,1.47548398384163,0.257609881404763,1
311,B4_K05_I02-04-06-07-09,Branch4,5,3,L1-L3-L4,1,,0.722802293917152,-0.26746356072512,2.48658900017901,1.79462105334,0.298881114854748,1
311,B4_K05_I02-04-06-07-09,Branch4,5,3,L2-L3-L4,1,,1.09599613076295,-0.341997521053203,2.07395062603739,1.72779131658387,0.209954955663012,1
311,B4_K05_I02-04-06-07-09,Branch4,5,4,L1-L2-L3-L4,1,,1.12329783159576,-0.275752899658355,2.00644031475181,1.60796650083524,0.250580943830101,1
312,B4_K05_I02-04-06-08-09,Branch4,5,2,L1-L2,1,,1.73705709861446,0.360038497048838,1.39095267801525,1.4687295323642,0.0168765287094306,1
312,B4_K05_I02-04-06-08-09,Branch4,5,2,L1-L3,1,,1.09659824692668,-0.128127787144972,2.00289813286084,1.56573063050468,0.229923030327933,1
312,B4_K05_I02-04-06-08-09,Branch4,5,2,L1-L4,1,,0.81876510763501,-0.283182159889651,2.32322188196064,1.54728089991556,0.24726956430002,1
312,B4_K05_I02-04-06-08-09,Branch4,5,2,L2-L3,1,,1.35700818919795,-0.1596349420233,1.74630480792231,1.60232859631018,0.16832264807663,1
312,B4_K05_I02-04-06-08-09,Branch4,5,2,L2-L4,1,,1.20960425248653,-0.448615694428945,1.97031640728604,1.59052656269123,0.184699002580104,1
312,B4_K05_I02-04-06-08-09,Branch4,5,2,L3-L4,1,,0.707725279633524,-0.264919247787349,2.50650932344673,1.80038557548514,0.00314741632420033,1
312,B4_K05_I02-04-06-08-09,Branch4,5,3,L1-L2-L3,1,,1.33781951357,-0.0472774915853628,1.75308867883507,1.51392871204065,0.207820107748042,1
312,B4_K05_I02-04-06-08-09,Branch4,5,3,L1-L2-L4,1,,1.13446199230179,-0.302710240910082,1.99697215085311,1.47429702323022,0.256077659380816,1
312,B4_K05_I02-04-06-08-09,Branch4,5,3,L1-L3-L4,1,,0.723521326408749,-0.26764114333325,2.48579420142064,1.794595792785,0.295008129879247,1
312,B4_K05_I02-04-06-08-09,Branch4,5,3,L2-L3-L4,1,,1.10731902933398,-0.344416542523508,2.06221357211179,1.72624706983757,0.219662813824443,1
312,B4_K05_I02-04-06-08-09,Branch4,5,4,L1-L2-L3-L4,1,,1.12967294040839,-0.275376715633814,1.99968727257303,1.60745591276618,0.252361028451406,1
313,B4_K05_I02-04-07-08-09,Branch4,5,2,L1-L2,1,,1.76421978789731,0.374490806259171,1.36638134007869,1.46302959011784,0.0118627183908446,1
313,B4_K05_I02-04-07-08-09,Branch4,5,2,L1-L3,1,,1.09820823733195,-0.12756400191425,2.0008838021232,1.56012208813545,0.230522180761016,1
313,B4_K05_I02-04-07-08-09,Branch4,5,2,L1-L4,1,,0.82163625652161,-0.282916247192924,2.31985277848396,1.54379260549725,0.250847790185975,1
313,B4_K05_I02-04-07-08-09,Branch4,5,2,L2-L3,1,,1.37812274246341,-0.155923133134631,1.72384803585538,1.59240714643433,0.173039851642156,1
313,B4_K05_I02-04-07-08-09,Branch4,5,2,L2-L4,1,,1.22784369747323,-0.45369838270994,1.95197417821887,1.58157911442578,0.19300819073814,1
313,B4_K05_I02-04-07-08-09,Branch4,5,2,L3-L4,1,,0.706218700616964,-0.264910409625506,2.50671728372148,1.79723492537707,9.29193340892909e-06,1
313,B4_K05_I02-04-07-08-09,Branch4,5,3,L1-L2-L3,1,,1.35954200584496,-0.0372062547877118,1.73097116323881,1.50328346054234,0.211392737260534,1
313,B4_K05_I02-04-07-08-09,Branch4,5,3,L1-L2-L4,1,,1.13816245915749,-0.29816146739109,1.99207997174784,1.46705862235149,0.262101591441307,1
313,B4_K05_I02-04-07-08-09,Branch4,5,3,L1-L3-L4,1,,0.722150376150636,-0.267637242549655,2.48591642711881,1.79146956813709,0.297618348082101,1
313,B4_K05_I02-04-07-08-09,Branch4,5,3,L2-L3-L4,1,,1.114128248786,-0.348699612979788,2.056025302615,1.72491478345876,0.229729031838555,1
313,B4_K05_I02-04-07-08-09,Branch4,5,4,L1-L2-L3-L4,1,,1.1400273487973,-0.272928666049893,1.98800700445609,1.60384477370672,0.258186438566489,1
314,B4_K05_I02-05-06-07-08,Branch4,5,2,L1-L2,1,,1.71217477854171,0.346421004082019,1.41356226876611,1.46696224129075,0.0233094194222295,1
314,B4_K05_I02-05-06-07-08,Branch4,5,2,L1-L3,1,,1.10543479892344,-0.125018642153882,1.99346406679312,1.56297127099736,0.232847707286545,1
314,B4_K05_I02-05-06-07-08,Branch4,5,2,L1-L4,1,,0.812168064276539,-0.287827689326739,2.33143929307491,1.53684887782334,0.245388676443102,1
314,B4_K05_I02-05-06-07-08,Branch4,5,2,L2-L3,1,,1.33705591664111,-0.162702008969794,1.76713654479207,1.60620197445211,0.165305588275527,1
314,B4_K05_I02-05-06-07-08,Branch4,5,2,L2-L4,1,,1.18957467123789,-0.448327982081949,1.99178770380077,1.58955261810728,0.175738788853204,1
314,B4_K05_I02-05-06-07-08,Branch4,5,2,L3-L4,1,,0.692993320621207,-0.266682374484388,2.52208612784913,1.79426873327552,0.00996416893402282,1
314,B4_K05_I02-05-06-07-08,Branch4,5,3,L1-L2-L3,1,,1.31984988999059,-0.0558127920655933,1.77144388593721,1.51727537026083,0.206594913539587,1
314,B4_K05_I02-05-06-07-08,Branch4,5,3,L1-L2-L4,1,,1.13592316071838,-0.312999501352986,1.99847526588419,1.46956163567776,0.2524010015612,1
314,B4_K05_I02-05-06-07-08,Branch4,5,3,L1-L3-L4,1,,0.735778362675834,-0.273630831937311,2.46601759241963,1.77774434616284,0.288231986029216,1
314,B4_K05_I02-05-06-07-08,Branch4,5,3,L2-L3-L4,1,,1.09414203979606,-0.349964703121318,2.07696334085879,1.72006416576606,0.212211760246997,1
314,B4_K05_I02-05-06-07-08,Branch4,5,4,L1-L2-L3-L4,1,,1.11967110021545,-0.280655933862923,2.0105625626221,1.59854155586468,0.24888054646353,1
315,B4_K05_I02-05-06-07-09,Branch4,5,2,L1-L2,1,,1.66468522859963,0.321785765349994,1.45699788213639,1.46942362695031,0.0375165024363642,1
315,B4_K05_I02-05-06-07-09,Branch4,5,2,L1-L3,1,,1.11435906096997,-0.121889499016646,1.98396639665325,1.56023898291933,0.235754673249235,1
315,B4_K05_I02-05-06-07-09,Branch4,5,2,L1-L4,1,,0.81508193386232,-0.287557763265727,2.32805760018819,1.53335972217172,0.248982834867139,1
315,B4_K05_I02-05-06-07-09,Branch4,5,2,L2-L3,1,,1.29475946932818,-0.170216343897612,1.8119179359651,1.61804540345729,0.155221993160621,1
315,B4_K05_I02-05-06-07-09,Branch4,5,2,L2-L4,1,,1.15533755030885,-0.438033482976677,2.02590105659652,1.60307745433689,0.163313041484305,1
315,B4_K05_I02-05-06-07-09,Branch4,5,2,L3-L4,1,,0.692993320621207,-0.266682374484388,2.52208612784913,1.79426873327552,0.00996416893402282,1
315,B4_K05_I02-05-06-07-09,Branch4,5,3,L1-L2-L3,1,,1.29807564657567,-0.0509083243031068,1.79295942438839,1.50971966905733,0.205077544325922,1
315,B4_K05_I02-05-06-07-09,Branch4,5,3,L1-L2-L4,1,,1.12594244383235,-0.318346869488309,2.01024539439111,1.47694248112782,0.247295116618715,1
315,B4_K05_I02-05-06-07-09,Branch4,5,3,L1-L3-L4,1,,0.73584102786387,-0.273608978377146,2.46598765135545,1.77786459648233,0.292656002142979,1
315,B4_K05_I02-05-06-07-09,Branch4,5,3,L2-L3-L4,1,,1.07048159435078,-0.343713159489294,2.10100667533236,1.72289977927427,0.19719713021319,1
315,B4_K05_I02-05-06-07-09,Branch4,5,4,L1-L2-L3-L4,1,,1.10762153953485,-0.281571171658199,2.02292993838648,1.5943643669013,0.242586700335012,1
316,B4_K05_I02-05-06-08-09,Branch4,5,2,L1-L2,1,,1.71359494679105,0.347935110411385,1.41236048080857,1.47042899633089,0.0265536401905907,1
316,B4_K05_I02-05-06-08-09,Branch4,5,2,L1-L3,1,,1.10543479892344,-0.125018642153882,1.99346406679312,1.56297127099736,0.232847707286545,1
316,B4_K05_I02-05-06-08-09,Branch4,5,2,L1-L4,1,,0.810135708073998,-0.292061388972346,2.33538250566673,1.53965410211159,0.249095281301996,1
316,B4_K05_I02-05-06-08-09,Branch4,5,2,L2-L3,1,,1.33442669268754,-0.164135495203861,1.77029506712642,1.61015002278855,0.161392199539836,1
316,B4_K05_I02-05-06-08-09,Branch4,5,2,L2-L4,1,,1.18792618943254,-0.453168428570591,1.9961520031343,1.5964549980015,0.174218584486963,1
316,B4_K05_I02-05-06-08-09,Branch4,5,2,L3-L4,1,,0.682064908439042,-0.268333922501286,2.53842702806929,1.79828962770193,0.00668586732614002,1
316,B4_K05_I02-05-06-08-09,Branch4,5,3,L1-L2-L3,1,,1.31982045415226,-0.0541699123640408,1.77141410366474,1.51796902275803,0.205724385652526,1
316,B4_K05_I02-05-06-08-09,Branch4,5,3,L1-L2-L4,1,,1.14298285731924,-0.31983315029158,1.99301712592779,1.47270270906342,0.255534447357227,1
316,B4_K05_I02-05-06-08-09,Branch4,5,3,L1-L3-L4,1,,0.713506732111197,-0.273681306218617,2.4968831660209,1.78705891493747,0.296345489898711,1
316,B4_K05_I02-05-06-08-09,Branch4,5,3,L2-L3-L4,1,,1.09847219413403,-0.349484704998938,2.07212233337733,1.72006057813299,0.208579321520635,1
316,B4_K05_I02-05-06-08-09,Branch4,5,4,L1-L2-L3-L4,1,,1.12310672728057,-0.281249399045333,2.00720902811259,1.59915244625647,0.249468238549732,1
317,B4_K05_I02-05-07-08-09,Branch4,5,2,L1-L2,1,,1.7125728236883,0.346017248875426,1.4131913978585,1.46139104118654,0.0223649323103939,1
317,B4_K05_I02-05-07-08-09,Branch4,5,2,L1-L3,1,,1.11435906096997,-0.121889499016646,1.98396639665325,1.56023898291933,0.235754673249235,1
317,B4_K05_I02-05-07-08-09,Branch4,5,2,L1-L4,1,,0.81508193386232,-0.287557763265727,2.32805760018819,1.53335972217172,0.248982834867139,1
317,B4_K05_I02-05-07-08-09,Branch4,5,2,L2-L3,1,,1.33977139239834,-0.161236970183182,1.76390333788493,1.60226273056391,0.16921202273136,1
317,B4_K05_I02-05-07-08-09,Branch4,5,2,L2-L4,1,,1.19085354554532,-0.448091849635312,1.98995548649699,1.58513477280286,0.180157501546479,1
317,B4_K05_I02-05-07-08-09,Branch4,5,2,L3-L4,1,,0.692993320621207,-0.266682374484388,2.52208612784913,1.79426873327552,0.00996416893402282,1
317,B4_K05_I02-05-07-08-09,Branch4,5,3,L1-L2-L3,1,,1.32289460338124,-0.055043369019579,1.76832218691111,1.51371559589497,0.209015234249871,1
317,B4_K05_I02-05-07-08-09,Branch4,5,3,L1-L2-L4,1,,1.12486208953071,-0.308301848516539,2.00874381163935,1.46609209831788,0.253416182248908,1
317,B4_K05_I02-05-07-08-09,Branch4,5,3,L1-L3-L4,1,,0.73584102786387,-0.273608978377146,2.46598765135545,1.77786459648233,0.292656002142979,1
317,B4_K05_I02-05-07-08-09,Branch4,5,3,L2-L3-L4,1,,1.096232666247,-0.345632981495396,2.07280794975979,1.71813810666121,0.21554901448238,1
317,B4_K05_I02-05-07-08-09,Branch4,5,4,L1-L2-L3-L4,1,,1.12144306319314,-0.279456425087323,2.00803735212885,1.59431584741219,0.251830147078315,1
318,B4_K05_I02-06-07-08-09,Branch4,5,2,L1-L2,1,,1.70915001841191,0.34232347429358,1.41613212742542,1.45336557550851,0.0102712641303281,1
318,B4_K05_I02-06-07-08-09,Branch4,5,2,L1-L3,1,,1.09820823733195,-0.12756400191425,2.0008838021232,1.56012208813545,0.230522180761016,1
318,B4_K05_I02-06-07-08-09,Branch4,5,2,L1-L4,1,,0.812638974707722,-0.291823101517089,2.33278126142291,1.54290877046348,0.252153375056905,1
318,B4_K05_I02-06-07-08-09,Branch4,5,2,L2-L3,1,,1.34663617956737,-0.157558553182963,1.75552893726034,1.58826825674705,0.178717559054557,1
318,B4_K05_I02-06-07-08-09,Branch4,5,2,L2-L4,1,,1.19566174178128,-0.451766022614455,1.98565244910003,1.57701265085547,0.198954891464719,1
318,B4_K05_I02-06-07-08-09,Branch4,5,2,L3-L4,1,,0.681884435663247,-0.268294419952917,2.53874298871965,1.79849655833219,9.88858544472027e-05,1
318,B4_K05_I02-06-07-08-09,Branch4,5,3,L1-L2-L3,1,,1.34133537932992,-0.0285025750302125,1.74903933621808,1.4861183124819,0.213423125155368,1
318,B4_K05_I02-06-07-08-09,Branch4,5,3,L1-L2-L4,1,,1.08512950956921,-0.293542680825285,2.04604972565814,1.46118541803166,0.259119564238103,1
318,B4_K05_I02-06-07-08-09,Branch4,5,3,L1-L3-L4,1,,0.699037509166058,-0.271300351125142,2.51607217605809,1.7926711663382,0.301470852595885,1
318,B4_K05_I02-06-07-08-09,Branch4,5,3,L2-L3-L4,1,,1.0784445310689,-0.348459882535699,2.09509371223672,1.7275517423021,0.235698716953259,1
318,B4_K05_I02-06-07-08-09,Branch4,5,4,L1-L2-L3-L4,1,,1.1146211482776,-0.274989165981813,2.01396514369274,1.59439412477546,0.257032030136398,1
319,B4_K05_I03-04-05-06-07,Branch4,5,2,L1-L2,1,,1.73073698269337,0.368122543089093,1.39906314187466,1.47413809045378,0.0180461053599974,1
319,B4_K05_I03-04-05-06-07,Branch4,5,2,L1-L3,1,,1.06878094882418,-0.129608343298286,2.03145347453311,1.57052409048658,0.231947356124936,1
319,B4_K05_I03-04-05-06-07,Branch4,5,2,L1-L4,1,,0.785534993374102,-0.280564275728379,2.35756453794743,1.54344199498291,0.239401982924611,1
319,B4_K05_I03-04-05-06-07,Branch4,5,2,L2-L3,1,,1.33877953057021,-0.161857958456479,1.76547201586355,1.60843547388892,0.167495682131831,1
319,B4_K05_I03-04-05-06-07,Branch4,5,2,L2-L4,1,,1.18957467123789,-0.448327982081949,1.99178770380077,1.58955261810728,0.175738788853204,1
319,B4_K05_I03-04-05-06-07,Branch4,5,2,L3-L4,1,,0.694904041475056,-0.266747525607308,2.52142371566717,1.79741955775474,0.0131395349603034,1
319,B4_K05_I03-04-05-06-07,Branch4,5,3,L1-L2-L3,1,,1.31771491707468,-0.0497799188180633,1.77341405135857,1.52227110692273,0.209116537448175,1
319,B4_K05_I03-04-05-06-07,Branch4,5,3,L1-L2-L4,1,,1.14819448933081,-0.311505682539715,1.98531171285875,1.46871768346097,0.257312028738703,1
319,B4_K05_I03-04-05-06-07,Branch4,5,3,L1-L3-L4,1,,0.742458168425268,-0.273985708331868,2.45726484582507,1.77535829052803,0.276974793999156,1
319,B4_K05_I03-04-05-06-07,Branch4,5,3,L2-L3-L4,1,,1.09888776238016,-0.348166595290092,2.07117725076832,1.71985118121353,0.212055555014992,1
319,B4_K05_I03-04-05-06-07,Branch4,5,4,L1-L2-L3-L4,1,,1.10456897326937,-0.281960400611484,2.02794391484391,1.61228455450005,0.250631298980872,1
320,B4_K05_I03-04-05-06-08,Branch4,5,2,L1-L2,1,,1.6929197142517,0.340438483954972,1.43205234113903,1.4641062955113,0.0182979274508359,1
320,B4_K05_I03-04-05-06-08,Branch4,5,2,L1-L3,1,,1.08350284671019,-0.128589906768201,2.0161376842909,1.56528998090307,0.231225320944638,1
320,B4_K05_I03-04-05-06-08,Branch4,5,2,L1-L4,1,,0.801313199687254,-0.28397678558506,2.34195170382409,1.54340248645081,0.24547946427815,1
320,B4_K05_I03-04-05-06-08,Branch4,5,2,L2-L3,1,,1.32252242661731,-0.162839090856528,1.78152559814201,1.60219461373828,0.170105123383425,1
320,B4_K05_I03-04-05-06-08,Branch4,5,2,L2-L4,1,,1.176403212578,-0.442445706645972,2.00352196040122,1.58793056751766,0.183261724901663,1
320,B4_K05_I03-04-05-06-08,Branch4,5,2,L3-L4,1,,0.694204964405089,-0.266632808990885,2.52234725090208,1.79765388325348,0.00659333161839043,1
320,B4_K05_I03-04-05-06-08,Branch4,5,3,L1-L2-L3,1,,1.30569055250332,-0.0536853907644449,1.78547380607692,1.51253423645305,0.207511333927798,1
320,B4_K05_I03-04-05-06-08,Branch4,5,3,L1-L2-L4,1,,1.09255804103881,-0.299212072192822,2.0395487719203,1.47340251292897,0.250291746170812,1
320,B4_K05_I03-04-05-06-08,Branch4,5,3,L1-L3-L4,1,,0.722794701718006,-0.271384033443299,2.48444426131531,1.78650503410885,0.289808064784414,1
320,B4_K05_I03-04-05-06-08,Branch4,5,3,L2-L3-L4,1,,1.0737887106353,-0.34429919258317,2.09858839916991,1.72711956942082,0.219006552505995,1
320,B4_K05_I03-04-05-06-08,Branch4,5,4,L1-L2-L3-L4,1,,1.10112511283389,-0.277869718922338,2.02953515888492,1.60334047695957,0.249521919143278,1
321,B4_K05_I03-04-05-06-09,Branch4,5,2,L1-L2,1,,1.73641738266277,0.373345475831275,1.3942865068571,1.48227341931305,0.0299319508492824,1
321,B4_K05_I03-04-05-06-09,Branch4,5,2,L1-L3,1,,1.07637164872488,-0.123953921802629,2.02278175868181,1.56524244666005,0.231613131307428,1
321,B4_K05_I03-04-05-06-09,Branch4,5,2,L1-L4,1,,0.790853275685339,-0.2800781375355,2.35166491714083,1.54320238368681,0.246108744774869,1
321,B4_K05_I03-04-05-06-09,Branch4,5,2,L2-L3,1,,1.33219104826203,-0.162150096470801,1.77300667282044,1.61819014954096,0.153244042213222,1
321,B4_K05_I03-04-05-06-09,Branch4,5,2,L2-L4,1,,1.1870388139915,-0.448871742658833,1.99617895358061,1.60550271548521,0.165124299166439,1
321,B4_K05_I03-04-05-06-09,Branch4,5,2,L3-L4,1,,0.681553434207234,-0.261604834315061,2.53579133576586,1.79821259334655,0.00661340381312476,1
321,B4_K05_I03-04-05-06-09,Branch4,5,3,L1-L2-L3,1,,1.32909483056421,-0.0329175454925105,1.76141230748968,1.51625568027948,0.206498604207938,1
321,B4_K05_I03-04-05-06-09,Branch4,5,3,L1-L2-L4,1,,1.18314995951993,-0.322913891260506,1.95214597325699,1.47069710990811,0.265266398690216,1
321,B4_K05_I03-04-05-06-09,Branch4,5,3,L1-L3-L4,1,,0.710579481571508,-0.266530470144357,2.49713114092447,1.78703871525203,0.290850783776964,1
321,B4_K05_I03-04-05-06-09,Branch4,5,3,L2-L3-L4,1,,1.10570999851893,-0.345332153885068,2.06261769090758,1.71869132420319,0.199053079479808,1
321,B4_K05_I03-04-05-06-09,Branch4,5,4,L1-L2-L3-L4,1,,1.12039205555767,-0.277102594609838,2.01004139890536,1.61037178144317,0.248051883040215,1
322,B4_K05_I03-04-05-07-08,Branch4,5,2,L1-L2,1,,1.6943865916488,0.341282576836611,1.43077617173652,1.46194198599946,0.020625242109214,1
322,B4_K05_I03-04-05-07-08,Branch4,5,2,L1-L3,1,,1.09246649968172,-0.125446697618458,2.00656240537802,1.56252325601866,0.234160161628004,1
322,B4_K05_I03-04-05-07-08,Branch4,5,2,L1-L4,1,,0.804200709677322,-0.283708977785293,2.33856396328634,1.53989837211723,0.249079698547808,1
322,B4_K05_I03-04-05-07-08,Branch4,5,2,L2-L3,1,,1.32252242661731,-0.162839090856528,1.78152559814201,1.60219461373828,0.170105123383425,1
322,B4_K05_I03-04-05-07-08,Branch4,5,2,L2-L4,1,,1.176403212578,-0.442445706645972,2.00352196040122,1.58793056751766,0.183261724901663,1
322,B4_K05_I03-04-05-07-08,Branch4,5,2,L3-L4,1,,0.694204964405089,-0.266632808990885,2.52234725090208,1.79765388325348,0.00659333161839043,1
322,B4_K05_I03-04-05-07-08,Branch4,5,3,L1-L2-L3,1,,1.30678339446715,-0.0541832475333931,1.78439504625086,1.51194656802359,0.208704894653479,1
322,B4_K05_I03-04-05-07-08,Branch4,5,3,L1-L2-L4,1,,1.09569370053387,-0.299554469883805,2.03644464419557,1.47113969476867,0.251923970525496,1
322,B4_K05_I03-04-05-07-08,Branch4,5,3,L1-L3-L4,1,,0.722831508128703,-0.27136758479059,2.48443094665765,1.78658531836538,0.294236007740989,1
322,B4_K05_I03-04-05-07-08,Branch4,5,3,L2-L3-L4,1,,1.0737887106353,-0.34429919258317,2.09858839916991,1.72711956942082,0.219006552505995,1
322,B4_K05_I03-04-05-07-08,Branch4,5,4,L1-L2-L3-L4,1,,1.10500084203686,-0.277429346596035,2.02509757187141,1.6002129588192,0.251008208523788,1
323,B4_K05_I03-04-05-07-09,Branch4,5,2,L1-L2,1,,1.72184593319541,0.356936927855007,1.4059195605282,1.46503543817702,0.019712056104188,1
323,B4_K05_I03-04-05-07-09,Branch4,5,2,L1-L3,1,,1.09835466163243,-0.120434513797032,2.00008284128414,1.56292120272953,0.233238656658539,1
323,B4_K05_I03-04-05-07-09,Branch4,5,2,L1-L4,1,,0.801723061230591,-0.283938708733424,2.34113625615035,1.53663017525524,0.246009423030776,1
323,B4_K05_I03-04-05-07-09,Branch4,5,2,L2-L3,1,,1.34249603449044,-0.156539936587415,1.76060040657232,1.60240884663977,0.168884356818563,1
323,B4_K05_I03-04-05-07-09,Branch4,5,2,L2-L4,1,,1.19085354554532,-0.448091849635312,1.98995548649699,1.58513477280286,0.180157501546479,1
323,B4_K05_I03-04-05-07-09,Branch4,5,2,L3-L4,1,,0.680307628149692,-0.261655632020469,2.53552520054866,1.79480925345726,0.0100022021592665,1
323,B4_K05_I03-04-05-07-09,Branch4,5,3,L1-L2-L3,1,,1.32565333846628,-0.0457865608060088,1.76520040139165,1.51289915359588,0.208823754387026,1
323,B4_K05_I03-04-05-07-09,Branch4,5,3,L1-L2-L4,1,,1.13041485532616,-0.307545790003713,2.00274077408921,1.46652302485381,0.255281176317321,1
323,B4_K05_I03-04-05-07-09,Branch4,5,3,L1-L3-L4,1,,0.723747948421269,-0.268855622187904,2.47835472024058,1.77824054163613,0.289229642072041,1
323,B4_K05_I03-04-05-07-09,Branch4,5,3,L2-L3-L4,1,,1.09793063824052,-0.344065453337763,2.07008083139485,1.71641520214274,0.21579452548768,1
323,B4_K05_I03-04-05-07-09,Branch4,5,4,L1-L2-L3-L4,1,,1.11618649602833,-0.27601609671236,2.01293825593745,1.5981091624092,0.252100390956012,1
324,B4_K05_I03-04-05-08-09,Branch4,5,2,L1-L2,1,,1.72138271814047,0.353426148263077,1.40629070774819,1.44193590419639,0.00305032937813951,1
324,B4_K05_I03-04-05-08-09,Branch4,5,2,L1-L3,1,,1.09835466163243,-0.120434513797032,2.00008284128414,1.56292120272953,0.233238656658539,1
324,B4_K05_I03-04-05-08-09,Branch4,5,2,L1-L4,1,,0.799669158810499,-0.288181072559741,2.34510649306323,1.53944738640834,0.249732910398338,1
324,B4_K05_I03-04-05-08-09,Branch4,5,2,L2-L3,1,,1.36380855595111,-0.145536615914746,1.73606282365652,1.57514647848415,0.195979548633335,1
324,B4_K05_I03-04-05-08-09,Branch4,5,2,L2-L4,1,,1.20115582661638,-0.450827428289466,1.97810486340007,1.55673759707464,0.213958913427871,1
324,B4_K05_I03-04-05-08-09,Branch4,5,2,L3-L4,1,,0.669350114796378,-0.263282854910555,2.55204348875506,1.79885532703509,0.00670656453521129,1
324,B4_K05_I03-04-05-08-09,Branch4,5,3,L1-L2-L3,1,,1.41649104332442,0.059930037190429,1.67587048949283,1.44438530793557,0.240281135565845,1
324,B4_K05_I03-04-05-08-09,Branch4,5,3,L1-L2-L4,1,,1.09021738347346,-0.280009900750551,2.03804914402909,1.44026897513474,0.267392676263834,1
324,B4_K05_I03-04-05-08-09,Branch4,5,3,L1-L3-L4,1,,0.701238225007678,-0.268814961638314,2.5096851443226,1.787590390819,0.297434074765302,1
324,B4_K05_I03-04-05-08-09,Branch4,5,3,L2-L3-L4,1,,1.07696253856144,-0.345734506151818,2.09497087192623,1.72412718488706,0.253756216407293,1
324,B4_K05_I03-04-05-08-09,Branch4,5,4,L1-L2-L3-L4,1,,1.10455677415433,-0.270793582988908,2.02295774426187,1.59020713503668,0.265801597569186,1
325,B4_K05_I03-04-06-07-08,Branch4,5,2,L1-L2,1,,1.71842582687768,0.354030983862359,1.40885289940026,1.46266622051323,0.00863987067986061,1
325,B4_K05_I03-04-06-07-08,Branch4,5,2,L1-L3,1,,1.06737804627087,-0.134259310606482,2.03310939675974,1.56521183910096,0.225901828246416,1
325,B4_K05_I03-04-06-07-08,Branch4,5,2,L1-L4,1,,0.79848809574415,-0.284241106377569,2.34529260928413,1.54691625201926,0.241874262221658,1
325,B4_K05_I03-04-06-07-08,Branch4,5,2,L2-L3,1,,1.34368847926459,-0.1590996520432,1.75895182662522,1.59217803525667,0.174827036232599,1
325,B4_K05_I03-04-06-07-08,Branch4,5,2,L2-L4,1,,1.19456336331273,-0.447452914965964,1.98522411327007,1.57897947807867,0.191625342589493,1
325,B4_K05_I03-04-06-07-08,Branch4,5,2,L3-L4,1,,0.692546084419851,-0.266604570980675,2.52271008629548,1.79448978859479,0.00341686415684764,1
325,B4_K05_I03-04-06-07-08,Branch4,5,3,L1-L2-L3,1,,1.33534236608628,-0.0286633516259589,1.75497918484249,1.49391148337857,0.211083689126905,1
325,B4_K05_I03-04-06-07-08,Branch4,5,3,L1-L2-L4,1,,1.08999435894027,-0.294045348937436,2.04083164076023,1.47049086141556,0.253681762292261,1
325,B4_K05_I03-04-06-07-08,Branch4,5,3,L1-L3-L4,1,,0.708425537069108,-0.269333604412233,2.50175679073446,1.78861059900661,0.288173711733182,1
325,B4_K05_I03-04-06-07-08,Branch4,5,3,L2-L3-L4,1,,1.08279938773355,-0.346429546509031,2.08896036835677,1.72441198555623,0.228265317623704,1
325,B4_K05_I03-04-06-07-08,Branch4,5,4,L1-L2-L3-L4,1,,1.10349132592384,-0.276339197374644,2.02692885710119,1.6058749239401,0.252575661269869,1
326,B4_K05_I03-04-06-07-09,Branch4,5,2,L1-L2,1,,1.69682503493016,0.344669795031014,1.42874508336385,1.47450424523121,0.0280869956251732,1
326,B4_K05_I03-04-06-07-09,Branch4,5,2,L1-L3,1,,1.08947294434641,-0.123526935605864,2.00954725588763,1.56568302964014,0.230310573526574,1
326,B4_K05_I03-04-06-07-09,Branch4,5,2,L1-L4,1,,0.801313199687254,-0.28397678558506,2.34195170382409,1.54340248645081,0.24547946427815,1
326,B4_K05_I03-04-06-07-09,Branch4,5,2,L2-L3,1,,1.31737231754709,-0.162386558947826,1.78767241522009,1.61420722583882,0.158010445326898,1
326,B4_K05_I03-04-06-07-09,Branch4,5,2,L2-L4,1,,1.17273952799173,-0.443152252904038,2.00894031550053,1.60121284409718,0.169992440071358,1
326,B4_K05_I03-04-06-07-09,Branch4,5,2,L3-L4,1,,0.681553434207234,-0.261604834315061,2.53579133576586,1.79821259334655,0.00661340381312472,1
326,B4_K05_I03-04-06-07-09,Branch4,5,3,L1-L2-L3,1,,1.30400148456219,-0.0524904153264614,1.78722592300167,1.52107919211968,0.203254025964593,1
326,B4_K05_I03-04-06-07-09,Branch4,5,3,L1-L2-L4,1,,1.13432957030586,-0.314221380470258,2.00028945163241,1.47765231774765,0.252141904648278,1
326,B4_K05_I03-04-06-07-09,Branch4,5,3,L1-L3-L4,1,,0.71204300227219,-0.266857373694998,2.49552230245418,1.78703422498026,0.291276053887626,1
326,B4_K05_I03-04-06-07-09,Branch4,5,3,L2-L3-L4,1,,1.08644098554232,-0.341650464252217,2.08284992549794,1.72198581660302,0.203566044443438,1
326,B4_K05_I03-04-06-07-09,Branch4,5,4,L1-L2-L3-L4,1,,1.11003995615265,-0.276425451198277,2.01994634935893,1.60374419952428,0.245325194951475,1
327,B4_K05_I03-04-06-08-09,Branch4,5,2,L1-L2,1,,1.72141381549356,0.357290331744136,1.4063305610239,1.4705659504626,0.020657671063405,1
327,B4_K05_I03-04-06-08-09,Branch4,5,2,L1-L3,1,,1.08947294434641,-0.123526935605864,2.00954725588763,1.56568302964014,0.230310573526574,1
327,B4_K05_I03-04-06-08-09,Branch4,5,2,L1-L4,1,,0.801313199687254,-0.28397678558506,2.34195170382409,1.54340248645081,0.24547946427815,1
327,B4_K05_I03-04-06-08-09,Branch4,5,2,L2-L3,1,,1.33979062456381,-0.157989553348465,1.76381383539422,1.60634131610083,0.164984496016287,1
327,B4_K05_I03-04-06-08-09,Branch4,5,2,L2-L4,1,,1.1905260516982,-0.448187435228954,1.99092079081041,1.59222361195581,0.1783850729119,1
327,B4_K05_I03-04-06-08-09,Branch4,5,2,L3-L4,1,,0.681553434207234,-0.261604834315061,2.53579133576586,1.79821259334655,0.00661340381312472,1
327,B4_K05_I03-04-06-08-09,Branch4,5,3,L1-L2-L3,1,,1.32054122780324,-0.0499094237343589,1.77054358966806,1.5193123013788,0.206104251994723,1
327,B4_K05_I03-04-06-08-09,Branch4,5,3,L1-L2-L4,1,,1.13491571155952,-0.309480169048538,1.99843949331297,1.4725890979445,0.255366870606901,1
327,B4_K05_I03-04-06-08-09,Branch4,5,3,L1-L3-L4,1,,0.71204300227219,-0.266857373694998,2.49552230245418,1.78703422498026,0.291276053887626,1
327,B4_K05_I03-04-06-08-09,Branch4,5,3,L2-L3-L4,1,,1.0938754094165,-0.347337774450876,2.07691283156997,1.72265280354857,0.214467871844552,1
327,B4_K05_I03-04-06-08-09,Branch4,5,4,L1-L2-L3-L4,1,,1.11654199014193,-0.27531251125537,2.01291162705311,1.60368063348077,0.250219231066211,1
328,B4_K05_I03-04-07-08-09,Branch4,5,2,L1-L2,1,,1.73674527073367,0.358222795034811,1.39115448285896,1.45658947796907,0.00946198432263004,1
328,B4_K05_I03-04-07-08-09,Branch4,5,2,L1-L3,1,,1.1041122693839,-0.122537595921849,1.99437936454207,1.56052986162649,0.229618008731802,1
328,B4_K05_I03-04-07-08-09,Branch4,5,2,L1-L4,1,,0.817116871446605,-0.287364136651947,2.32630993016712,1.54335103006418,0.251499545309157,1
328,B4_K05_I03-04-07-08-09,Branch4,5,2,L2-L3,1,,1.36649199601861,-0.151373992034364,1.73480913899332,1.58856647199978,0.177470718203803,1
328,B4_K05_I03-04-07-08-09,Branch4,5,2,L2-L4,1,,1.21248201200537,-0.452571020370055,1.96779360027111,1.57710316054038,0.198172306250705,1
328,B4_K05_I03-04-07-08-09,Branch4,5,2,L3-L4,1,,0.681379454411185,-0.261565377397114,2.53610010948569,1.79842323222066,3.07321572501972e-05,1
328,B4_K05_I03-04-07-08-09,Branch4,5,3,L1-L2-L3,1,,1.35950825998413,-0.0213517233459222,1.73070813434221,1.48849187974546,0.213308279210432,1
328,B4_K05_I03-04-07-08-09,Branch4,5,3,L1-L2-L4,1,,1.10109497054166,-0.292872800412543,2.02917538875714,1.4641279898514,0.260563708803178,1
328,B4_K05_I03-04-07-08-09,Branch4,5,3,L1-L3-L4,1,,0.699002900873657,-0.264714206930843,2.51300356518886,1.79258598444559,0.301297100162904,1
328,B4_K05_I03-04-07-08-09,Branch4,5,3,L2-L3-L4,1,,1.096480391119,-0.347301601401804,2.07462631365735,1.72509358688145,0.235412837308242,1
328,B4_K05_I03-04-07-08-09,Branch4,5,4,L1-L2-L3-L4,1,,1.12864105668501,-0.269959193522292,1.99831474342602,1.59579127959713,0.258380236576471,1
329,B4_K05_I03-05-06-07-08,Branch4,5,2,L1-L2,1,,1.63981112600899,0.310781736453724,1.48042613391775,1.45916850609264,0.0258256240766997,1
329,B4_K05_I03-05-06-07-08,Branch4,5,2,L1-L3,1,,1.09246649968172,-0.125446697618458,2.00656240537802,1.56252325601866,0.234160161628004,1
329,B4_K05_I03-05-06-07-08,Branch4,5,2,L1-L4,1,,0.801723061230591,-0.283938708733424,2.34113625615035,1.53663017525524,0.246009423030776,1
329,B4_K05_I03-05-06-07-08,Branch4,5,2,L2-L3,1,,1.28520465094294,-0.167549773430818,1.82018302822733,1.60603266679066,0.167954168743413,1
329,B4_K05_I03-05-06-07-08,Branch4,5,2,L2-L4,1,,1.14347790772788,-0.431884821269957,2.03504059799581,1.58987706460113,0.177051779366236,1
329,B4_K05_I03-05-06-07-08,Branch4,5,2,L3-L4,1,,0.692993320621207,-0.266682374484388,2.52208612784913,1.79426873327552,0.00996416893402282,1
329,B4_K05_I03-05-06-07-08,Branch4,5,3,L1-L2-L3,1,,1.27190904340409,-0.0671499445394674,1.81996346713414,1.51583366121611,0.205533527695494,1
329,B4_K05_I03-05-06-07-08,Branch4,5,3,L1-L2-L4,1,,1.06227831382297,-0.297310513926239,2.07053253365224,1.47302298411658,0.242643273802882,1
329,B4_K05_I03-05-06-07-08,Branch4,5,3,L1-L3-L4,1,,0.733737813961214,-0.27317764045759,2.46821559805224,1.77772164821106,0.28794517089598,1
329,B4_K05_I03-05-06-07-08,Branch4,5,3,L2-L3-L4,1,,1.04608720728233,-0.339297787629116,2.12693426207131,1.72733200605631,0.212126846452933,1
329,B4_K05_I03-05-06-07-08,Branch4,5,4,L1-L2-L3-L4,1,,1.08302022630669,-0.278848731590693,2.04783151942149,1.5951895664888,0.244367236085657,1
330,B4_K05_I03-05-06-07-09,Branch4,5,2,L1-L2,1,,1.66944653257126,0.328466583154496,1.45354187456459,1.46584985268775,0.0281452959174656,1
330,B4_K05_I03-05-06-07-09,Branch4,5,2,L1-L3,1,,1.09835466163243,-0.120434513797032,2.00008284128414,1.56292120272953,0.233238656658539,1
330,B4_K05_I03-05-06-07-09,Branch4,5,2,L1-L4,1,,0.801723061230591,-0.283938708733424,2.34113625615035,1.53663017525524,0.246009423030776,1
330,B4_K05_I03-05-06-07-09,Branch4,5,2,L2-L3,1,,1.3026647926084,-0.162566315277464,1.80222550264032,1.61020253621684,0.162801902619438,1
330,B4_K05_I03-05-06-07-09,Branch4,5,2,L2-L4,1,,1.157578556275,-0.437582575285459,2.02246293873845,1.59420311346937,0.172181956286382,1
330,B4_K05_I03-05-06-07-09,Branch4,5,2,L3-L4,1,,0.680307628149692,-0.261655632020469,2.53552520054866,1.79480925345726,0.0100022021592665,1
330,B4_K05_I03-05-06-07-09,Branch4,5,3,L1-L2-L3,1,,1.28976903502951,-0.0585798682348744,1.8016954330503,1.5185446902124,0.204520358502039,1
330,B4_K05_I03-05-06-07-09,Branch4,5,3,L1-L2-L4,1,,1.10257976718897,-0.307375069742983,2.03144585751791,1.47419618344159,0.246763848120451,1
330,B4_K05_I03-05-06-07-09,Branch4,5,3,L1-L3-L4,1,,0.723747948421269,-0.268855622187904,2.47835472024058,1.77824054163613,0.289229642072041,1
330,B4_K05_I03-05-06-07-09,Branch4,5,3,L2-L3-L4,1,,1.06582421021305,-0.342099424987647,2.10547710090047,1.72285396933431,0.207484452712816,1
330,B4_K05_I03-05-06-07-09,Branch4,5,4,L1-L2-L3-L4,1,,1.0983753141928,-0.276643581323678,2.03136103827679,1.59581340439708,0.245087953262729,1
331,B4_K05_I03-05-06-08-09,Branch4,5,2,L1-L2,1,,1.69344924935674,0.340124455062711,1.4315778776351,1.4585056718826,0.0173525896956426,1
331,B4_K05_I03-05-06-08-09,Branch4,5,2,L1-L3,1,,1.09835466163243,-0.120434513797032,2.00008284128414,1.56292120272953,0.233238656658539,1
331,B4_K05_I03-05-06-08-09,Branch4,5,2,L1-L4,1,,0.797185314463064,-0.28841601677453,2.34769806452087,1.53617268924801,0.246657456775934,1
331,B4_K05_I03-05-06-08-09,Branch4,5,2,L2-L3,1,,1.32810325883784,-0.156598811613309,1.77483784104939,1.59840515231105,0.1736791866897,1
331,B4_K05_I03-05-06-08-09,Branch4,5,2,L2-L4,1,,1.17536721306333,-0.447110804826838,2.00598770772136,1.58060622767605,0.185294423472336,1
331,B4_K05_I03-05-06-08-09,Branch4,5,2,L3-L4,1,,0.668071106692293,-0.263334320431504,2.55176843561944,1.79543327907397,0.0101136779653793,1
331,B4_K05_I03-05-06-08-09,Branch4,5,3,L1-L2-L3,1,,1.31284384776421,-0.0475666492547866,1.77804081916906,1.50771299711011,0.209301579237185,1
331,B4_K05_I03-05-06-08-09,Branch4,5,3,L1-L2-L4,1,,1.087990536563,-0.30200187344533,2.04531441599918,1.46608382882707,0.251716774068571,1
331,B4_K05_I03-05-06-08-09,Branch4,5,3,L1-L3-L4,1,,0.713362044437009,-0.270935943279909,2.49183056912933,1.77869778085632,0.290816101365161,1
331,B4_K05_I03-05-06-08-09,Branch4,5,3,L2-L3-L4,1,,1.08167738506398,-0.341709053980391,2.08683371204462,1.71660629376016,0.220208972934782,1
331,B4_K05_I03-05-06-08-09,Branch4,5,4,L1-L2-L3-L4,1,,1.10220088314228,-0.276569532590257,2.02710289475029,1.59276758105187,0.252297154282339,1
332,B4_K05_I03-05-07-08-09,Branch4,5,2,L1-L2,1,,1.69278137227172,0.339164496700801,1.4321519931414,1.45509783253797,0.0140743163397527,1
332,B4_K05_I03-05-07-08-09,Branch4,5,2,L1-L3,1,,1.09835466163243,-0.120434513797032,2.00008284128414,1.56292120272953,0.233238656658539,1
332,B4_K05_I03-05-07-08-09,Branch4,5,2,L1-L4,1,,0.797185314463064,-0.28841601677453,2.34769806452087,1.53617268924801,0.246657456775934,1
332,B4_K05_I03-05-07-08-09,Branch4,5,2,L2-L3,1,,1.33100184256523,-0.155073806274503,1.77144319519201,1.59447736244268,0.177578629782247,1
332,B4_K05_I03-05-07-08-09,Branch4,5,2,L2-L4,1,,1.17676898986224,-0.446857483157945,2.00404440943199,1.57618464780538,0.189720753100838,1
332,B4_K05_I03-05-07-08-09,Branch4,5,2,L3-L4,1,,0.668071106692293,-0.263334320431504,2.55176843561944,1.79543327907397,0.0101136779653793,1
332,B4_K05_I03-05-07-08-09,Branch4,5,3,L1-L2-L3,1,,1.32094286723263,-0.0369748115308972,1.76957763113991,1.49722698378783,0.211886675351724,1
332,B4_K05_I03-05-07-08-09,Branch4,5,3,L1-L2-L4,1,,1.07402344305312,-0.296856146230433,2.05845552861771,1.46368487596697,0.252407559607915,1
332,B4_K05_I03-05-07-08-09,Branch4,5,3,L1-L3-L4,1,,0.713362044437009,-0.270935943279909,2.49183056912933,1.77869778085632,0.290816101365161,1
332,B4_K05_I03-05-07-08-09,Branch4,5,3,L2-L3-L4,1,,1.07895281107292,-0.34164778730972,2.08990782327557,1.71732831385513,0.225188301343789,1
332,B4_K05_I03-05-07-08-09,Branch4,5,4,L1-L2-L3-L4,1,,1.10024871687259,-0.275815372238525,2.02883361177872,1.59164614517859,0.25384893100778,1
333,B4_K05_I03-06-07-08-09,Branch4,5,2,L1-L2,1,,1.6661458666766,0.32578031895224,1.45640043829524,1.46447951541846,0.0224901131223168,1
333,B4_K05_I03-06-07-08-09,Branch4,5,2,L1-L3,1,,1.08947294434641,-0.123526935605864,2.00954725588763,1.56568302964014,0.230310573526574,1
333,B4_K05_I03-06-07-08-09,Branch4,5,2,L1-L4,1,,0.801313199687254,-0.28397678558506,2.34195170382409,1.54340248645081,0.24547946427815,1
333,B4_K05_I03-06-07-08-09,Branch4,5,2,L2-L3,1,,1.3053245433052,-0.161121900674563,1.79902117229904,1.60623353004486,0.166736689161784,1
333,B4_K05_I03-06-07-08-09,Branch4,5,2,L2-L4,1,,1.15976809182972,-0.437204015379386,2.01978423094893,1.59248180057141,0.179297674083485,1
333,B4_K05_I03-06-07-08-09,Branch4,5,2,L3-L4,1,,0.681553434207234,-0.261604834315061,2.53579133576586,1.79821259334655,0.00661340381312472,1
333,B4_K05_I03-06-07-08-09,Branch4,5,3,L1-L2-L3,1,,1.29002727152194,-0.0575141850691967,1.80136068731892,1.51646819962844,0.2043324562132,1
333,B4_K05_I03-06-07-08-09,Branch4,5,3,L1-L2-L4,1,,1.07907830942174,-0.299141046500238,2.05347589820975,1.47671011869624,0.246162038835082,1
333,B4_K05_I03-06-07-08-09,Branch4,5,3,L1-L3-L4,1,,0.71204300227219,-0.266857373694998,2.49552230245418,1.78703422498026,0.291276053887626,1
333,B4_K05_I03-06-07-08-09,Branch4,5,3,L2-L3-L4,1,,1.06596441740549,-0.336576323423089,2.10395399999191,1.72518837348686,0.212901858314812,1
333,B4_K05_I03-06-07-08-09,Branch4,5,4,L1-L2-L3-L4,1,,1.09452866057267,-0.274514841490123,2.03510347720027,1.59913585023441,0.245949091357964,1
334,B4_K05_I04-05-06-07-08,Branch4,5,2,L1-L2,1,,1.63454202715961,0.306423524688297,1.48502419824963,1.45658412888845,0.0143341131310124,1
334,B4_K05_I04-05-06-07-08,Branch4,5,2,L1-L3,1,,1.08194066553269,-0.129152162411119,2.01814032086946,1.57093765524755,0.230630492609256,1
334,B4_K05_I04-05-06-07-08,Branch4,5,2,L1-L4,1,,0.800981281223464,-0.284014451324502,2.34274563899457,1.55017692963502,0.244951434589158,1
334,B4_K05_I04-05-06-07-08,Branch4,5,2,L2-L3,1,,1.2927141160295,-0.163587207198772,1.81161305290937,1.60037840868995,0.178087967236332,1
334,B4_K05_I04-05-06-07-08,Branch4,5,2,L2-L4,1,,1.14810956066827,-0.43108800511571,2.0294144332132,1.5864693625902,0.191311032391651,1
334,B4_K05_I04-05-06-07-08,Branch4,5,2,L3-L4,1,,0.697254088741847,-0.266630559408525,2.52207779831145,1.8041969458853,0.00639835189993519,1
334,B4_K05_I04-05-06-07-08,Branch4,5,3,L1-L2-L3,1,,1.28641909580902,-0.0455547040449739,1.80438917282808,1.49808687171893,0.209934446668928,1
334,B4_K05_I04-05-06-07-08,Branch4,5,3,L1-L2-L4,1,,1.05370688182444,-0.28378926910614,2.07577028527727,1.46683481768719,0.247741028726961,1
334,B4_K05_I04-05-06-07-08,Branch4,5,3,L1-L3-L4,1,,0.72484268149361,-0.271271337062234,2.48518224734162,1.79326483026879,0.289326921367461,1
334,B4_K05_I04-05-06-07-08,Branch4,5,3,L2-L3-L4,1,,1.03765269530295,-0.337395470920222,2.13834347130378,1.73924310577707,0.228026657270202,1
334,B4_K05_I04-05-06-07-08,Branch4,5,4,L1-L2-L3-L4,1,,1.07661234481947,-0.275619491309353,2.0543431854855,1.6026791097436,0.247667575303235,1
335,B4_K05_I04-05-06-07-09,Branch4,5,2,L1-L2,1,,1.69682503493016,0.344669795031014,1.42874508336385,1.47450424523121,0.0280869956251732,1
335,B4_K05_I04-05-06-07-09,Branch4,5,2,L1-L3,1,,1.09676021238966,-0.120993682382286,2.00209006409562,1.56852345339451,0.232646093152691,1
335,B4_K05_I04-05-06-07-09,Branch4,5,2,L1-L4,1,,0.80840001578433,-0.279285499254697,2.33283960986118,1.54709924660737,0.247903667992769,1
335,B4_K05_I04-05-06-07-09,Branch4,5,2,L2-L3,1,,1.31906759785036,-0.161574958763018,1.78605615812969,1.61646165741543,0.160228248694406,1
335,B4_K05_I04-05-06-07-09,Branch4,5,2,L2-L4,1,,1.17515228268151,-0.438241980891908,2.00460010029201,1.60408607682768,0.17241371172537,1
335,B4_K05_I04-05-06-07-09,Branch4,5,2,L3-L4,1,,0.696855757348784,-0.259940812196157,2.51942777412755,1.80411520147455,0.00632179762308349,1
335,B4_K05_I04-05-06-07-09,Branch4,5,3,L1-L2-L3,1,,1.30562037015615,-0.0521388183170257,1.78562955344845,1.52332022199899,0.204891659203285,1
335,B4_K05_I04-05-06-07-09,Branch4,5,3,L1-L2-L4,1,,1.1280739817619,-0.306880685584529,2.00462610769913,1.48159709112765,0.251619413270309,1
335,B4_K05_I04-05-06-07-09,Branch4,5,3,L1-L3-L4,1,,0.724929157539643,-0.26475255164068,2.48225850507108,1.79339162427112,0.293566572563471,1
335,B4_K05_I04-05-06-07-09,Branch4,5,3,L2-L3-L4,1,,1.08620471218321,-0.337830724148206,2.08347473684386,1.72938607895633,0.205964758864943,1
335,B4_K05_I04-05-06-07-09,Branch4,5,4,L1-L2-L3-L4,1,,1.11315597179141,-0.273823001836838,2.0164369258531,1.60770100755433,0.246544718381892,1
336,B4_K05_I04-05-06-08-09,Branch4,5,2,L1-L2,1,,1.69682503493016,0.344669795031014,1.42874508336385,1.47450424523121,0.0280869956251732,1
336,B4_K05_I04-05-06-08-09,Branch4,5,2,L1-L3,1,,1.09085979681912,-0.126014116376201,2.00858794515774,1.56814327870022,0.23356724451808,1
336,B4_K05_I04-05-06-08-09,Branch4,5,2,L1-L4,1,,0.803821416348235,-0.283747306306612,2.33937439576163,1.54666409546541,0.2485507657934,1
336,B4_K05_I04-05-06-08-09,Branch4,5,2,L2-L3,1,,1.31627711997755,-0.166358198714141,1.78947108256734,1.61633976628142,0.160545358212567,1
336,B4_K05_I04-05-06-08-09,Branch4,5,2,L2-L4,1,,1.17371377710051,-0.443014037327972,2.00808187824367,1.60390270016297,0.172662146521268,1
336,B4_K05_I04-05-06-08-09,Branch4,5,2,L3-L4,1,,0.697254088741847,-0.266630559408525,2.52207779831145,1.8041969458853,0.00639835189993519,1
336,B4_K05_I04-05-06-08-09,Branch4,5,3,L1-L2-L3,1,,1.30289065022871,-0.0553073385238011,1.78848121576073,1.52267154673012,0.205792066595064,1
336,B4_K05_I04-05-06-08-09,Branch4,5,3,L1-L2-L4,1,,1.12782957385155,-0.311534997410814,2.00622240192203,1.48072278685205,0.252859124285143,1
336,B4_K05_I04-05-06-08-09,Branch4,5,3,L1-L3-L4,1,,0.72487685916004,-0.27125479041219,2.48517167047958,1.79334278827627,0.293753295031522,1
336,B4_K05_I04-05-06-08-09,Branch4,5,3,L2-L3-L4,1,,1.0825084128357,-0.344377577541893,2.0899646579117,1.73055988922789,0.206710491707331,1
336,B4_K05_I04-05-06-08-09,Branch4,5,4,L1-L2-L3-L4,1,,1.10985931179653,-0.279157557479148,2.02133486003766,1.60869024203214,0.247341431007279,1
337,B4_K05_I04-05-07-08-09,Branch4,5,2,L1-L2,1,,1.68162513595106,0.326972076408978,1.44112482369039,1.45349180651576,0.0143938862356922,1
337,B4_K05_I04-05-07-08-09,Branch4,5,2,L1-L3,1,,1.11127042089813,-0.120034052454623,1.98705008760938,1.56336612164215,0.231937194339664,1
337,B4_K05_I04-05-07-08-09,Branch4,5,2,L1-L4,1,,0.817116871446605,-0.287364136651947,2.32630993016712,1.54335103006418,0.251499545309157,1
337,B4_K05_I04-05-07-08-09,Branch4,5,2,L2-L3,1,,1.33100184256523,-0.155073806274503,1.77144319519201,1.59447736244268,0.177578629782247,1
337,B4_K05_I04-05-07-08-09,Branch4,5,2,L2-L4,1,,1.18015567298592,-0.441792498586214,1.99871694930741,1.58178082871225,0.194750916488212,1
337,B4_K05_I04-05-07-08-09,Branch4,5,2,L3-L4,1,,0.682958087678421,-0.261574751387821,2.53588637200021,1.80160982448634,0.00322359686045505,1
337,B4_K05_I04-05-07-08-09,Branch4,5,3,L1-L2-L3,1,,1.32264042391343,-0.0379155317998408,1.76791226452868,1.49508846922526,0.210654194113494,1
337,B4_K05_I04-05-07-08-09,Branch4,5,3,L1-L2-L4,1,,1.07476008366393,-0.288922519665267,2.05544195105864,1.46363162860101,0.254272330788845,1
337,B4_K05_I04-05-07-08-09,Branch4,5,3,L1-L3-L4,1,,0.700656795267311,-0.264752100533328,2.51260016011984,1.79569527375969,0.303018509659603,1
337,B4_K05_I04-05-07-08-09,Branch4,5,3,L2-L3-L4,1,,1.06756638024544,-0.341450650699556,2.10530828421129,1.73128262845337,0.231632320293889,1
337,B4_K05_I04-05-07-08-09,Branch4,5,4,L1-L2-L3-L4,1,,1.10931948430564,-0.270826349165701,2.01823787552553,1.59256757207403,0.253535540513507,1
338,B4_K05_I04-06-07-08-09,Branch4,5,2,L1-L2,1,,1.708877983117,0.343301372547135,1.41638555291691,1.46227982895013,0.014491246200547,1
338,B4_K05_I04-06-07-08-09,Branch4,5,2,L1-L3,1,,1.10251457600078,-0.123093182374496,1.99637550799383,1.56612056587287,0.229019252547231,1
338,B4_K05_I04-06-07-08-09,Branch4,5,2,L1-L4,1,,0.816761235571167,-0.287403396181673,2.32711781382047,1.55008965766428,0.250966272509069,1
338,B4_K05_I04-06-07-08-09,Branch4,5,2,L2-L3,1,,1.34528699551575,-0.155059296348258,1.75731310920046,1.59848535937302,0.172777190119926,1
338,B4_K05_I04-06-07-08-09,Branch4,5,2,L2-L4,1,,1.19514745377594,-0.447403485634432,1.98531168044577,1.58872020034774,0.192489880948987,1
338,B4_K05_I04-06-07-08-09,Branch4,5,2,L3-L4,1,,0.684520269653228,-0.261565401678863,2.53581018591927,1.80500031177011,0.000166912107230401,1
338,B4_K05_I04-06-07-08-09,Branch4,5,3,L1-L2-L3,1,,1.33004484474476,-0.0422612349244363,1.76064211956483,1.5063955281003,0.207859943472929,1
338,B4_K05_I04-06-07-08-09,Branch4,5,3,L1-L2-L4,1,,1.08649474997258,-0.294149478922756,2.04438488956801,1.47478162170665,0.255401159336028,1
338,B4_K05_I04-06-07-08-09,Branch4,5,3,L1-L3-L4,1,,0.701973141647657,-0.264715030247789,2.51273987758924,1.7991036533209,0.300544552078601,1
338,B4_K05_I04-06-07-08-09,Branch4,5,3,L2-L3-L4,1,,1.08429279178028,-0.344668484521987,2.08859794396921,1.73256916446787,0.228670354729736,1
338,B4_K05_I04-06-07-08-09,Branch4,5,4,L1-L2-L3-L4,1,,1.12024536964858,-0.27062438242674,2.00760684577793,1.60068362105351,0.253687189561786,1
339,B4_K05_I05-06-07-08-09,Branch4,5,2,L1-L2,1,,1.65793491511461,0.316680794436637,1.46286659126253,1.4700278902736,0.0294855238396459,1
339,B4_K05_I05-06-07-08-09,Branch4,5,2,L1-L3,1,,1.10968135718478,-0.120592418894153,1.98904695477381,1.5689389236635,0.231341435590283,1
339,B4_K05_I05-06-07-08-09,Branch4,5,2,L1-L4,1,,0.811752646261498,-0.287866438036657,2.33225712854104,1.54360061143791,0.244853315671197,1
339,B4_K05_I05-06-07-08-09,Branch4,5,2,L2-L3,1,,1.30181714011652,-0.163154936157987,1.80370841651453,1.6164572683986,0.161099759592352,1
339,B4_K05_I05-06-07-08-09,Branch4,5,2,L2-L4,1,,1.15739199221476,-0.437672915151523,2.02335725135682,1.60135033178306,0.170438905519234,1
339,B4_K05_I05-06-07-08-09,Branch4,5,2,L3-L4,1,,0.683386522067333,-0.261652121505038,2.53527308317181,1.80138572229202,0.00980575344535722,1
339,B4_K05_I05-06-07-08-09,Branch4,5,3,L1-L2-L3,1,,1.28881821394767,-0.0623802699462776,1.80293110939111,1.52479438145026,0.202105448471306,1
339,B4_K05_I05-06-07-08-09,Branch4,5,3,L1-L2-L4,1,,1.09932001382551,-0.309833813023553,2.03539798513706,1.48205309632225,0.243380978984787,1
339,B4_K05_I05-06-07-08-09,Branch4,5,3,L1-L3-L4,1,,0.727755597188638,-0.269205041818612,2.47685468628699,1.78497311973344,0.289083311418328,1
339,B4_K05_I05-06-07-08-09,Branch4,5,3,L2-L3-L4,1,,1.06744357952576,-0.342762856001474,2.10524945158011,1.72850771847625,0.205727503479146,1
339,B4_K05_I05-06-07-08-09,Branch4,5,4,L1-L2-L3-L4,1,,1.10258594637645,-0.277187743533268,2.02736689766733,1.59835453120537,0.242652234935153,1
340,B4_K06_I01-02-03-04-05-06,Branch4,6,2,L1-L2,1,,1.72410083458907,0.360143920424809,1.40408464282837,1.4774289374503,0.0271101323924851,1
340,B4_K06_I01-02-03-04-05-06,Branch4,6,2,L1-L3,1,,1.09085979681912,-0.126014116376201,2.00858794515774,1.56814327870022,0.23356724451808,1
340,B4_K06_I01-02-03-04-05-06,Branch4,6,2,L1-L4,1,,0.805898531582039,-0.279509845002348,2.33539786044475,1.54384405012647,0.244837525174793,1
340,B4_K06_I01-02-03-04-05-06,Branch4,6,2,L2-L3,1,,1.33355749343944,-0.164728980448891,1.77177992474983,1.61634339051355,0.159672647004169,1
340,B4_K06_I01-02-03-04-05-06,Branch4,6,2,L2-L4,1,,1.18954491022077,-0.443900133245701,1.99103830904856,1.60125693535615,0.169302746847569,1
340,B4_K06_I01-02-03-04-05-06,Branch4,6,2,L3-L4,1,,0.708144343691197,-0.264993622609584,2.50592003194259,1.80016226010634,0.00965755507895298,1
340,B4_K06_I01-02-03-04-05-06,Branch4,6,3,L1-L2-L3,1,,1.33066283488438,-0.0382843660766152,1.75996397601303,1.51421486382577,0.208292563629404,1
340,B4_K06_I01-02-03-04-05-06,Branch4,6,3,L1-L2-L4,1,,1.16235436571556,-0.31453294853393,1.97129488732083,1.47478955275991,0.256902294680801,1
340,B4_K06_I01-02-03-04-05-06,Branch4,6,3,L1-L3-L4,1,,0.746059838383425,-0.271015935741328,2.45554200447594,1.78393431800075,0.285951091426484,1
340,B4_K06_I01-02-03-04-05-06,Branch4,6,3,L2-L3-L4,1,,1.0989753372345,-0.347188400187015,2.07217187140763,1.72634687378316,0.205025807382929,1
340,B4_K06_I01-02-03-04-05-06,Branch4,6,4,L1-L2-L3-L4,1,,1.11993612963045,-0.279662759411731,2.0112732486666,1.61132956214566,0.247639793103728,1
341,B4_K06_I01-02-03-04-05-07,Branch4,6,2,L1-L2,1,,1.6973652744797,0.343722119787053,1.42820701298117,1.46328423126663,0.0262143159834504,1
341,B4_K06_I01-02-03-04-05-07,Branch4,6,2,L1-L3,1,,1.10151882460104,-0.122283550548341,1.99692345584761,1.5597839680819,0.237077051478842,1
341,B4_K06_I01-02-03-04-05-07,Branch4,6,2,L1-L4,1,,0.807150198707082,-0.283437705744062,2.33512964333714,1.53640405014703,0.252674909357363,1
341,B4_K06_I01-02-03-04-05-07,Branch4,6,2,L2-L3,1,,1.31978611216238,-0.164317492255927,1.78479204348331,1.60614769823665,0.16618469437668,1
341,B4_K06_I01-02-03-04-05-07,Branch4,6,2,L2-L4,1,,1.17512054549191,-0.442686847895708,2.00537685402216,1.59235411385806,0.178840914716078,1
341,B4_K06_I01-02-03-04-05-07,Branch4,6,2,L3-L4,1,,0.694204964405089,-0.266632808990885,2.52234725090208,1.79765388325348,0.00659333161839043,1
341,B4_K06_I01-02-03-04-05-07,Branch4,6,3,L1-L2-L3,1,,1.30612729267347,-0.0557970464838192,1.78514453056471,1.51440132476625,0.208783297420196,1
341,B4_K06_I01-02-03-04-05-07,Branch4,6,3,L1-L2-L4,1,,1.11269524534612,-0.304993813009091,2.02031624080343,1.4709115426133,0.253765203181877,1
341,B4_K06_I01-02-03-04-05-07,Branch4,6,3,L1-L3-L4,1,,0.722867883574404,-0.27135159817723,2.48441825940151,1.78666538459275,0.29866434730246,1
341,B4_K06_I01-02-03-04-05-07,Branch4,6,3,L2-L3-L4,1,,1.08050500381144,-0.341481406102169,2.08972506350612,1.72434697227777,0.212676213373909,1
341,B4_K06_I01-02-03-04-05-07,Branch4,6,4,L1-L2-L3-L4,1,,1.11083842403332,-0.277716355952183,2.01892922462303,1.59819890059899,0.251119297594251,1
342,B4_K06_I01-02-03-04-05-08,Branch4,6,2,L1-L2,1,,1.74738297541927,0.369434082850695,1.38271288387109,1.45487324171181,0.00596144417266218,1
342,B4_K06_I01-02-03-04-05-08,Branch4,6,2,L1-L3,1,,1.09246649968172,-0.125446697618458,2.00656240537802,1.56252325601866,0.234160161628004,1
342,B4_K06_I01-02-03-04-05-08,Branch4,6,2,L1-L4,1,,0.804200709677322,-0.283708977785293,2.33856396328634,1.53989837211723,0.249079698547808,1
342,B4_K06_I01-02-03-04-05-08,Branch4,6,2,L2-L3,1,,1.36863515307904,-0.153518633896275,1.73276968962853,1.58671848649093,0.183821298250225,1
342,B4_K06_I01-02-03-04-05-08,Branch4,6,2,L2-L4,1,,1.21302785705862,-0.452464525549266,1.96669955420195,1.57006099906238,0.199960560849588,1
342,B4_K06_I01-02-03-04-05-08,Branch4,6,2,L3-L4,1,,0.694204964405089,-0.266632808990885,2.52234725090208,1.79765388325348,0.00659333161839043,1
342,B4_K06_I01-02-03-04-05-08,Branch4,6,3,L1-L2-L3,1,,1.36979690657406,-0.00681054216229693,1.72036392311315,1.48014556308242,0.221232316169692,1
342,B4_K06_I01-02-03-04-05-08,Branch4,6,3,L1-L2-L4,1,,1.10241822039042,-0.290231731513991,2.02725326810276,1.45924636810164,0.262311140589074,1
342,B4_K06_I01-02-03-04-05-08,Branch4,6,3,L1-L3-L4,1,,0.722831508128703,-0.27136758479059,2.48443094665765,1.78658531836538,0.294236007740989,1
342,B4_K06_I01-02-03-04-05-08,Branch4,6,3,L2-L3-L4,1,,1.10130575759241,-0.345926128436467,2.06821798981965,1.7217453698343,0.237066301113513,1
342,B4_K06_I01-02-03-04-05-08,Branch4,6,4,L1-L2-L3-L4,1,,1.11892342795352,-0.275354066024483,2.0101499131592,1.60046674025246,0.261834236793776,1
343,B4_K06_I01-02-03-04-05-09,Branch4,6,2,L1-L2,1,,1.8055410348658,0.406256089293202,1.33083066530141,1.48394788635143,0.0264311784599763,1
343,B4_K06_I01-02-03-04-05-09,Branch4,6,2,L1-L3,1,,1.09246649968172,-0.125446697618458,2.00656240537802,1.56252325601866,0.234160161628004,1
343,B4_K06_I01-02-03-04-05-09,Branch4,6,2,L1-L4,1,,0.799669158810499,-0.288181072559741,2.34510649306323,1.53944738640834,0.249732910398338,1
343,B4_K06_I01-02-03-04-05-09,Branch4,6,2,L2-L3,1,,1.38374045968097,-0.160615101828008,1.7203632247262,1.61417334470203,0.154939924865502,1
343,B4_K06_I01-02-03-04-05-09,Branch4,6,2,L2-L4,1,,1.23339889772181,-0.469926699806467,1.95406400483257,1.60045472907422,0.168451275859997,1
343,B4_K06_I01-02-03-04-05-09,Branch4,6,2,L3-L4,1,,0.682064908439042,-0.268333922501286,2.53842702806929,1.79828962770193,0.00668586732614002,1
343,B4_K06_I01-02-03-04-05-09,Branch4,6,3,L1-L2-L3,1,,1.37304051928795,-0.0270616704583077,1.71732501598291,1.51647185029746,0.210845692286559,1
343,B4_K06_I01-02-03-04-05-09,Branch4,6,3,L1-L2-L4,1,,1.24876491884278,-0.337571460202704,1.88861520664843,1.4538057352842,0.28434797571636,1
343,B4_K06_I01-02-03-04-05-09,Branch4,6,3,L1-L3-L4,1,,0.712045807165111,-0.27335983843199,2.49849856134205,1.78707085936999,0.295891298051881,1
343,B4_K06_I01-02-03-04-05-09,Branch4,6,3,L2-L3-L4,1,,1.14974434686962,-0.361119521025645,2.0192892548554,1.71232817741589,0.205247720053138,1
343,B4_K06_I01-02-03-04-05-09,Branch4,6,4,L1-L2-L3-L4,1,,1.15655529432588,-0.281971983936644,1.97371199458106,1.60960400570176,0.256838617035034,1
344,B4_K06_I01-02-03-04-06-07,Branch4,6,2,L1-L2,1,,1.69706540989094,0.344188054817947,1.42849524436713,1.46889476927724,0.027151194392675,1
344,B4_K06_I01-02-03-04-06-07,Branch4,6,2,L1-L3,1,,1.09246649968172,-0.125446697618458,2.00656240537802,1.56252325601866,0.234160161628004,1
344,B4_K06_I01-02-03-04-06-07,Branch4,6,2,L1-L4,1,,0.808774946241048,-0.279248143775371,2.33203603197538,1.54034861883127,0.248428560172191,1
344,B4_K06_I01-02-03-04-06-07,Branch4,6,2,L2-L3,1,,1.31713685705668,-0.16576412895041,1.78798325337271,1.61010969654187,0.162257241389413,1
344,B4_K06_I01-02-03-04-06-07,Branch4,6,2,L2-L4,1,,1.17533672377986,-0.438151889093764,2.00370568343783,1.59697419323653,0.174164094163386,1
344,B4_K06_I01-02-03-04-06-07,Branch4,6,2,L3-L4,1,,0.706387863707551,-0.264948119999216,2.50642251717085,1.79702462732405,0.00650133033548583,1
344,B4_K06_I01-02-03-04-06-07,Branch4,6,3,L1-L2-L3,1,,1.30350244544629,-0.0559550404619593,1.78781713364793,1.51753400440445,0.206435799650699,1
344,B4_K06_I01-02-03-04-06-07,Branch4,6,3,L1-L2-L4,1,,1.12366718150459,-0.304973166966959,2.00879035148325,1.47540328934785,0.251496286550058,1
344,B4_K06_I01-02-03-04-06-07,Branch4,6,3,L1-L3-L4,1,,0.733667896250508,-0.269395994342861,2.47045058907275,1.7860994715835,0.292625075125587,1
344,B4_K06_I01-02-03-04-06-07,Branch4,6,3,L2-L3-L4,1,,1.0813172905423,-0.339946347937845,2.08878215611757,1.72637666054807,0.208035744119219,1
344,B4_K06_I01-02-03-04-06-07,Branch4,6,4,L1-L2-L3-L4,1,,1.11012535034523,-0.277147825806006,2.02011037030057,1.60442009572751,0.247353177202534,1
345,B4_K06_I01-02-03-04-06-08,Branch4,6,2,L1-L2,1,,1.72141381549356,0.357290331744136,1.4063305610239,1.4705659504626,0.020657671063405,1
345,B4_K06_I01-02-03-04-06-08,Branch4,6,2,L1-L3,1,,1.08350284671019,-0.128589906768201,2.0161376842909,1.56528998090307,0.231225320944638,1
345,B4_K06_I01-02-03-04-06-08,Branch4,6,2,L1-L4,1,,0.803821416348235,-0.283747306306612,2.33937439576163,1.54666409546541,0.2485507657934,1
345,B4_K06_I01-02-03-04-06-08,Branch4,6,2,L2-L3,1,,1.33705591664111,-0.162702008969794,1.76713654479207,1.60620197445211,0.165305588275527,1
345,B4_K06_I01-02-03-04-06-08,Branch4,6,2,L2-L4,1,,1.19149911638923,-0.448044818431906,1.99003568458551,1.59489199042784,0.181029797932275,1
345,B4_K06_I01-02-03-04-06-08,Branch4,6,2,L3-L4,1,,0.695573638669221,-0.266603419223922,2.52243993969903,1.80103302413658,0.00322149647452855,1
345,B4_K06_I01-02-03-04-06-08,Branch4,6,3,L1-L2-L3,1,,1.31780402721314,-0.0531409129518786,1.77340113117734,1.51873275539543,0.206994254461331,1
345,B4_K06_I01-02-03-04-06-08,Branch4,6,3,L1-L2-L4,1,,1.12817670000746,-0.306708726795409,2.00458987404172,1.47556065028483,0.256275089345981,1
345,B4_K06_I01-02-03-04-06-08,Branch4,6,3,L1-L3-L4,1,,0.711146405791327,-0.269281460208168,2.50174038937318,1.79524114917007,0.296337944667388,1
345,B4_K06_I01-02-03-04-06-08,Branch4,6,3,L2-L3-L4,1,,1.09084283376582,-0.347067462279069,2.08133082087591,1.72818578327878,0.216040262924651,1
345,B4_K06_I01-02-03-04-06-08,Branch4,6,4,L1-L2-L3-L4,1,,1.11629191674162,-0.27713848214992,2.01406389371783,1.60799722354159,0.25128345591426,1
346,B4_K06_I01-02-03-04-06-09,Branch4,6,2,L1-L2,1,,1.7510402890122,0.375395611919397,1.37978582926611,1.48030943077041,0.0261466466539569,1
346,B4_K06_I01-02-03-04-06-09,Branch4,6,2,L1-L3,1,,1.08350284671019,-0.128589906768201,2.0161376842909,1.56528998090307,0.231225320944638,1
346,B4_K06_I01-02-03-04-06-09,Branch4,6,2,L1-L4,1,,0.803821416348235,-0.283747306306612,2.33937439576163,1.54666409546541,0.2485507657934,1
346,B4_K06_I01-02-03-04-06-09,Branch4,6,2,L2-L3,1,,1.34918046951811,-0.163896178388761,1.75568364978136,1.61413088792204,0.156624573553283,1
346,B4_K06_I01-02-03-04-06-09,Branch4,6,2,L2-L4,1,,1.20454405665589,-0.454030302348959,1.97912018176873,1.60358039592703,0.171733178382274,1
346,B4_K06_I01-02-03-04-06-09,Branch4,6,2,L3-L4,1,,0.695573638669221,-0.266603419223922,2.52243993969903,1.80103302413658,0.00322149647452855,1
346,B4_K06_I01-02-03-04-06-09,Branch4,6,3,L1-L2-L3,1,,1.34365138645018,-0.0342230697346504,1.74685612374174,1.51386929981541,0.207689106448354,1
346,B4_K06_I01-02-03-04-06-09,Branch4,6,3,L1-L2-L4,1,,1.18360595735816,-0.321283874806524,1.95115890669699,1.4727842272306,0.265159774049549,1
346,B4_K06_I01-02-03-04-06-09,Branch4,6,3,L1-L3-L4,1,,0.711146405791327,-0.269281460208168,2.50174038937318,1.79524114917007,0.296337944667388,1
346,B4_K06_I01-02-03-04-06-09,Branch4,6,3,L2-L3-L4,1,,1.11137620313321,-0.352859354561265,2.06048369833655,1.72526323579004,0.206918668656426,1
346,B4_K06_I01-02-03-04-06-09,Branch4,6,4,L1-L2-L3-L4,1,,1.13221814919759,-0.278724316249052,1.99836880180744,1.61212501967266,0.250767663404829,1
347,B4_K06_I01-02-03-04-07-08,Branch4,6,2,L1-L2,1,,1.71071988307302,0.3436873794242,1.41477605060159,1.45454427508126,0.0158506596253031,1
347,B4_K06_I01-02-03-04-07-08,Branch4,6,2,L1-L3,1,,1.10708821806165,-0.124449645405704,1.99142684147852,1.55739010111029,0.233444968462852,1
347,B4_K06_I01-02-03-04-07-08,Branch4,6,2,L1-L4,1,,0.824568271074246,-0.282646948457721,2.3164379018115,1.5403139732118,0.254421010075315,1
347,B4_K06_I01-02-03-04-07-08,Branch4,6,2,L2-L3,1,,1.34368847926459,-0.1590996520432,1.75895182662522,1.59217803525667,0.174827036232599,1
347,B4_K06_I01-02-03-04-07-08,Branch4,6,2,L2-L4,1,,1.1969482944707,-0.442574290782082,1.98089600765383,1.58186300102518,0.193979674404399,1
347,B4_K06_I01-02-03-04-07-08,Branch4,6,2,L3-L4,1,,0.706218700616964,-0.264910409625506,2.50671728372148,1.79723492537707,9.29193340892909e-06,1
347,B4_K06_I01-02-03-04-07-08,Branch4,6,3,L1-L2-L3,1,,1.32836753543811,-0.047768766340354,1.76249202777595,1.50101874915245,0.210391508900408,1
347,B4_K06_I01-02-03-04-07-08,Branch4,6,3,L1-L2-L4,1,,1.09224185297671,-0.288259351930352,2.03708037023113,1.46451669877146,0.257048060331542,1
347,B4_K06_I01-02-03-04-07-08,Branch4,6,3,L1-L3-L4,1,,0.722265654049614,-0.267643287868549,2.48577926189066,1.79146534119383,0.30198504496139,1
347,B4_K06_I01-02-03-04-07-08,Branch4,6,3,L2-L3-L4,1,,1.08053131541644,-0.341758776019548,2.09113785120185,1.73026782299648,0.230310638348853,1
347,B4_K06_I01-02-03-04-07-08,Branch4,6,4,L1-L2-L3-L4,1,,1.12239351270335,-0.271943253681605,2.00531424892634,1.5962854379093,0.255201033692168,1
348,B4_K06_I01-02-03-04-07-09,Branch4,6,2,L1-L2,1,,1.7125728236883,0.346017248875426,1.4131913978585,1.46139104118654,0.0223649323103939,1
348,B4_K06_I01-02-03-04-07-09,Branch4,6,2,L1-L3,1,,1.12011312851989,-0.116955010593623,1.97766105691996,1.56063845221682,0.234837632146859,1
348,B4_K06_I01-02-03-04-07-09,Branch4,6,2,L1-L4,1,,0.82206341444631,-0.282877561204387,2.31903030078607,1.53707108889914,0.251379008054736,1
348,B4_K06_I01-02-03-04-07-09,Branch4,6,2,L2-L3,1,,1.34249603449044,-0.156539936587415,1.76060040657232,1.60240884663977,0.168884356818563,1
348,B4_K06_I01-02-03-04-07-09,Branch4,6,2,L2-L4,1,,1.1932101479771,-0.443210724140863,1.98565909207094,1.58801062615668,0.182535519444985,1
348,B4_K06_I01-02-03-04-07-09,Branch4,6,2,L3-L4,1,,0.693806687369094,-0.25994312809692,2.51969697548329,1.79757646046077,0.00652078788646301,1
348,B4_K06_I01-02-03-04-07-09,Branch4,6,3,L1-L2-L3,1,,1.3273786652613,-0.0489480236903126,1.76357689610455,1.51183052915296,0.208396120164532,1
348,B4_K06_I01-02-03-04-07-09,Branch4,6,3,L1-L2-L4,1,,1.11861448594421,-0.300830574912767,2.01303363589405,1.46929521297424,0.253581859146621,1
348,B4_K06_I01-02-03-04-07-09,Branch4,6,3,L1-L3-L4,1,,0.724329871387618,-0.265165693248047,2.47996760268491,1.78670785119122,0.298903327295892,1
348,B4_K06_I01-02-03-04-07-09,Branch4,6,3,L2-L3-L4,1,,1.09161062507506,-0.343054686321202,2.07833188179667,1.7246215875217,0.218865841081668,1
348,B4_K06_I01-02-03-04-07-09,Branch4,6,4,L1-L2-L3-L4,1,,1.12676389242608,-0.272353881287959,2.00075949086068,1.59473830203491,0.252112449828059,1
349,B4_K06_I01-02-03-04-08-09,Branch4,6,2,L1-L2,1,,1.73752420228363,0.358062531152917,1.39047310147132,1.45111341203104,0.00850242371596684,1
349,B4_K06_I01-02-03-04-08-09,Branch4,6,2,L1-L3,1,,1.10708821806165,-0.124449645405704,1.99142684147852,1.55739010111029,0.233444968462852,1
349,B4_K06_I01-02-03-04-08-09,Branch4,6,2,L1-L4,1,,0.817548781812059,-0.287324454431863,2.32548051753731,1.53661460723247,0.252034793664824,1
349,B4_K06_I01-02-03-04-08-09,Branch4,6,2,L2-L3,1,,1.36684530104943,-0.154425890208623,1.73453821660093,1.58451079918442,0.181677777670984,1
349,B4_K06_I01-02-03-04-08-09,Branch4,6,2,L2-L4,1,,1.21302785705862,-0.452464525549266,1.96669955420195,1.57006099906238,0.199960560849588,1
349,B4_K06_I01-02-03-04-08-09,Branch4,6,2,L3-L4,1,,0.692546084419851,-0.266604570980675,2.52271008629548,1.79448978859479,0.00341686415684764,1
349,B4_K06_I01-02-03-04-08-09,Branch4,6,3,L1-L2-L3,1,,1.36402800818941,-0.0178432412025399,1.72622938756263,1.48041065287603,0.217665305737621,1
349,B4_K06_I01-02-03-04-08-09,Branch4,6,3,L1-L2-L4,1,,1.11539333582077,-0.291782210286039,2.01449012256396,1.45262976787589,0.262590795832493,1
349,B4_K06_I01-02-03-04-08-09,Branch4,6,3,L1-L3-L4,1,,0.709390224459197,-0.269497884849075,2.50069544412304,1.78866160299354,0.301974306381254,1
349,B4_K06_I01-02-03-04-08-09,Branch4,6,3,L2-L3-L4,1,,1.09426818557877,-0.349109176694916,2.0771734660009,1.72299788506759,0.238158015746289,1
349,B4_K06_I01-02-03-04-08-09,Branch4,6,4,L1-L2-L3-L4,1,,1.12634025165043,-0.274272449149811,2.00154056641134,1.59312919819894,0.260303555699657,1
350,B4_K06_I01-02-03-05-06-07,Branch4,6,2,L1-L2,1,,1.69559237599008,0.342637583615348,1.42974814872391,1.46540546077431,0.0238916496055574,1
350,B4_K06_I01-02-03-05-06-07,Branch4,6,2,L1-L3,1,,1.09246649968172,-0.125446697618458,2.00656240537802,1.56252325601866,0.234160161628004,1
350,B4_K06_I01-02-03-05-06-07,Branch4,6,2,L1-L4,1,,0.801723061230591,-0.283938708733424,2.34113625615035,1.53663017525524,0.246009423030776,1
350,B4_K06_I01-02-03-05-06-07,Branch4,6,2,L2-L3,1,,1.31978611216238,-0.164317492255927,1.78479204348331,1.60614769823665,0.16618469437668,1
350,B4_K06_I01-02-03-05-06-07,Branch4,6,2,L2-L4,1,,1.17415678039435,-0.442829404385475,2.00625338765095,1.58966350305216,0.176175462813312,1
350,B4_K06_I01-02-03-05-06-07,Branch4,6,2,L3-L4,1,,0.692993320621207,-0.266682374484388,2.52208612784913,1.79426873327552,0.00996416893402282,1
350,B4_K06_I01-02-03-05-06-07,Branch4,6,3,L1-L2-L3,1,,1.30354215279245,-0.0575999122606039,1.78784026317201,1.51686457821621,0.207309018699165,1
350,B4_K06_I01-02-03-05-06-07,Branch4,6,3,L1-L2-L4,1,,1.11609799439016,-0.307398434588864,2.01747735941622,1.4704006599863,0.250903456514188,1
350,B4_K06_I01-02-03-05-06-07,Branch4,6,3,L1-L3-L4,1,,0.733737813961214,-0.27317764045759,2.46821559805224,1.77772164821106,0.28794517089598,1
350,B4_K06_I01-02-03-05-06-07,Branch4,6,3,L2-L3-L4,1,,1.07921244646848,-0.345371042531932,2.09189924268308,1.72184054146232,0.211703081181878,1
350,B4_K06_I01-02-03-05-06-07,Branch4,6,4,L1-L2-L3-L4,1,,1.10497445082618,-0.279969689791445,2.02576240071213,1.59991917753204,0.248486921229143,1
351,B4_K06_I01-02-03-05-06-08,Branch4,6,2,L1-L2,1,,1.72184593319541,0.356936927855007,1.4059195605282,1.46503543817702,0.019712056104188,1
351,B4_K06_I01-02-03-05-06-08,Branch4,6,2,L1-L3,1,,1.09246649968172,-0.125446697618458,2.00656240537802,1.56252325601866,0.234160161628004,1
351,B4_K06_I01-02-03-05-06-08,Branch4,6,2,L1-L4,1,,0.801723061230591,-0.283938708733424,2.34113625615035,1.53663017525524,0.246009423030776,1
351,B4_K06_I01-02-03-05-06-08,Branch4,6,2,L2-L3,1,,1.33977139239834,-0.161236970183182,1.76390333788493,1.60226273056391,0.16921202273136,1
351,B4_K06_I01-02-03-05-06-08,Branch4,6,2,L2-L4,1,,1.19085354554532,-0.448091849635312,1.98995548649699,1.58513477280286,0.180157501546479,1
351,B4_K06_I01-02-03-05-06-08,Branch4,6,2,L3-L4,1,,0.692993320621207,-0.266682374484388,2.52208612784913,1.79426873327552,0.00996416893402282,1
351,B4_K06_I01-02-03-05-06-08,Branch4,6,3,L1-L2-L3,1,,1.32272280951128,-0.0493301464481903,1.76825744511027,1.51260103354498,0.20968137502678,1
351,B4_K06_I01-02-03-05-06-08,Branch4,6,3,L1-L2-L4,1,,1.13041485532616,-0.307545790003713,2.00274077408921,1.46652302485381,0.255281176317321,1
351,B4_K06_I01-02-03-05-06-08,Branch4,6,3,L1-L3-L4,1,,0.733737813961214,-0.27317764045759,2.46821559805224,1.77772164821106,0.28794517089598,1
351,B4_K06_I01-02-03-05-06-08,Branch4,6,3,L2-L3-L4,1,,1.096232666247,-0.345632981495396,2.07280794975979,1.71813810666121,0.21554901448238,1
351,B4_K06_I01-02-03-05-06-08,Branch4,6,4,L1-L2-L3-L4,1,,1.11382711692927,-0.279653568298337,2.01659260596451,1.60100145828114,0.252096950851471,1
352,B4_K06_I01-02-03-05-06-09,Branch4,6,2,L1-L2,1,,1.72262730932904,0.358622203820126,1.40531658836957,1.47398530510165,0.0238872621080875,1
352,B4_K06_I01-02-03-05-06-09,Branch4,6,2,L1-L3,1,,1.08947294434641,-0.123526935605864,2.00954725588763,1.56568302964014,0.230310573526574,1
352,B4_K06_I01-02-03-05-06-09,Branch4,6,2,L1-L4,1,,0.796770952582983,-0.288455075123724,2.34852036971177,1.54296019533238,0.246123460395455,1
352,B4_K06_I01-02-03-05-06-09,Branch4,6,2,L2-L3,1,,1.33717110719592,-0.159407928237274,1.76695296847478,1.61028252221884,0.161077736502538,1
352,B4_K06_I01-02-03-05-06-09,Branch4,6,2,L2-L4,1,,1.18792618943254,-0.453168428570591,1.9961520031343,1.5964549980015,0.174218584486963,1
352,B4_K06_I01-02-03-05-06-09,Branch4,6,2,L3-L4,1,,0.669350114796378,-0.263282854910555,2.55204348875506,1.79885532703509,0.00670656453521129,1
352,B4_K06_I01-02-03-05-06-09,Branch4,6,3,L1-L2-L3,1,,1.32061728341898,-0.048140653247862,1.77041131663888,1.51995478677071,0.205218672256356,1
352,B4_K06_I01-02-03-05-06-09,Branch4,6,3,L1-L2-L4,1,,1.14853305143617,-0.318948942770491,1.98698876161357,1.47232419576407,0.257896820530152,1
352,B4_K06_I01-02-03-05-06-09,Branch4,6,3,L1-L3-L4,1,,0.701259927961333,-0.268844714538105,2.50963205939235,1.78750836430283,0.292974140748207,1
352,B4_K06_I01-02-03-05-06-09,Branch4,6,3,L2-L3-L4,1,,1.09953758186644,-0.34855081140714,2.07036215427776,1.71870960055524,0.209135307808879,1
352,B4_K06_I01-02-03-05-06-09,Branch4,6,4,L1-L2-L3-L4,1,,1.11804985621308,-0.277697690623774,2.01188408905363,1.6028861320324,0.249711085094358,1
353,B4_K06_I01-02-03-05-07-08,Branch4,6,2,L1-L2,1,,1.71071988307302,0.3436873794242,1.41477605060159,1.45454427508126,0.0158506596253031,1
353,B4_K06_I01-02-03-05-07-08,Branch4,6,2,L1-L3,1,,1.11435906096997,-0.121889499016646,1.98396639665325,1.56023898291933,0.235754673249235,1
353,B4_K06_I01-02-03-05-07-08,Branch4,6,2,L1-L4,1,,0.81508193386232,-0.287557763265727,2.32805760018819,1.53335972217172,0.248982834867139,1
353,B4_K06_I01-02-03-05-07-08,Branch4,6,2,L2-L3,1,,1.34545971741507,-0.158213126110266,1.7572146085289,1.59441164226024,0.177003510760695,1
353,B4_K06_I01-02-03-05-07-08,Branch4,6,2,L2-L4,1,,1.1935945422799,-0.447602878534469,1.98614485181668,1.57631124633509,0.188988162521428,1
353,B4_K06_I01-02-03-05-07-08,Branch4,6,2,L3-L4,1,,0.692993320621207,-0.266682374484388,2.52208612784913,1.79426873327552,0.00996416893402282,1
353,B4_K06_I01-02-03-05-07-08,Branch4,6,3,L1-L2-L3,1,,1.33146789973794,-0.0450705711529342,1.75929584492195,1.50136502986753,0.212295397104954,1
353,B4_K06_I01-02-03-05-07-08,Branch4,6,3,L1-L2-L4,1,,1.09698406694197,-0.29806496218205,2.03497090375129,1.46198779784607,0.253758042329547,1
353,B4_K06_I01-02-03-05-07-08,Branch4,6,3,L1-L3-L4,1,,0.73584102786387,-0.273608978377146,2.46598765135545,1.77786459648233,0.292656002142979,1
353,B4_K06_I01-02-03-05-07-08,Branch4,6,3,L2-L3-L4,1,,1.09413074825563,-0.342684040852039,2.07401379634805,1.71785723860513,0.224463629454953,1
353,B4_K06_I01-02-03-05-07-08,Branch4,6,4,L1-L2-L3-L4,1,,1.11749431282772,-0.277955096725771,2.01154899100052,1.59207564604424,0.254815558318766,1
354,B4_K06_I01-02-03-05-07-09,Branch4,6,2,L1-L2,1,,1.68379183029783,0.328803015386088,1.4392440179492,1.45474303838923,0.0200383604760674,1
354,B4_K06_I01-02-03-05-07-09,Branch4,6,2,L1-L3,1,,1.12011312851989,-0.116955010593623,1.97766105691996,1.56063845221682,0.234837632146859,1
354,B4_K06_I01-02-03-05-07-09,Branch4,6,2,L1-L4,1,,0.81508193386232,-0.287557763265727,2.32805760018819,1.53335972217172,0.248982834867139,1
354,B4_K06_I01-02-03-05-07-09,Branch4,6,2,L2-L3,1,,1.32810325883784,-0.156598811613309,1.77483784104939,1.59840515231105,0.1736791866897,1
354,B4_K06_I01-02-03-05-07-09,Branch4,6,2,L2-L4,1,,1.176771967711,-0.442347920010616,2.00253122100729,1.58082225169354,0.18502077550786,1
354,B4_K06_I01-02-03-05-07-09,Branch4,6,2,L3-L4,1,,0.680307628149692,-0.261655632020469,2.53552520054866,1.79480925345726,0.0100022021592665,1
354,B4_K06_I01-02-03-05-07-09,Branch4,6,3,L1-L2-L3,1,,1.31712337317596,-0.0466804438395146,1.77370775448928,1.50310495373687,0.209388204126988,1
354,B4_K06_I01-02-03-05-07-09,Branch4,6,3,L1-L2-L4,1,,1.08363113492867,-0.298044190142282,2.04875165822657,1.46495733938044,0.249644716029184,1
354,B4_K06_I01-02-03-05-07-09,Branch4,6,3,L1-L3-L4,1,,0.725822350765775,-0.269279338755223,2.47614638366996,1.77837108382381,0.294019780349623,1
354,B4_K06_I01-02-03-05-07-09,Branch4,6,3,L2-L3-L4,1,,1.0823890033557,-0.337842386744302,2.08504482181194,1.7179301863838,0.219658835988791,1
354,B4_K06_I01-02-03-05-07-09,Branch4,6,4,L1-L2-L3-L4,1,,1.11081444221575,-0.27461856769054,2.01725436855513,1.58780761658667,0.251292525304602,1
355,B4_K06_I01-02-03-05-08-09,Branch4,6,2,L1-L2,1,,1.74825019785393,0.36933719312769,1.38195650526927,1.44944100300733,0.00500040333495583,1
355,B4_K06_I01-02-03-05-08-09,Branch4,6,2,L1-L3,1,,1.10151882460104,-0.122283550548341,1.99692345584761,1.5597839680819,0.237077051478842,1
355,B4_K06_I01-02-03-05-08-09,Branch4,6,2,L1-L4,1,,0.800130960237012,-0.288141332049553,2.34426755379193,1.53266871541774,0.250267830576817,1
355,B4_K06_I01-02-03-05-08-09,Branch4,6,2,L2-L3,1,,1.37175197932705,-0.151913441650629,1.72920489571102,1.5828401060881,0.187677478686583,1
355,B4_K06_I01-02-03-05-08-09,Branch4,6,2,L2-L4,1,,1.21231619623708,-0.457051579380645,1.96889655485479,1.56278119724841,0.202047206914795,1
355,B4_K06_I01-02-03-05-08-09,Branch4,6,2,L3-L4,1,,0.680821788535261,-0.268384128981313,2.53815715962273,1.79488598912061,0.0100748077024836,1
355,B4_K06_I01-02-03-05-08-09,Branch4,6,3,L1-L2-L3,1,,1.37872641928709,0.00188896382877357,1.71156504613752,1.47171486210009,0.225269165908771,1
355,B4_K06_I01-02-03-05-08-09,Branch4,6,3,L1-L2-L4,1,,1.10495912526794,-0.293383916850756,2.02586576488331,1.45021169315191,0.264424514454323,1
355,B4_K06_I01-02-03-05-08-09,Branch4,6,3,L1-L3-L4,1,,0.723465348384574,-0.275250870655285,2.48157231645197,1.77830706496441,0.293916485468306,1
355,B4_K06_I01-02-03-05-08-09,Branch4,6,3,L2-L3-L4,1,,1.09868968856188,-0.3520929227413,2.0722840043191,1.71772404011253,0.241048236101125,1
355,B4_K06_I01-02-03-05-08-09,Branch4,6,4,L1-L2-L3-L4,1,,1.1179759052067,-0.277579182791451,2.01102288315911,1.59288866043445,0.264553763178304,1
356,B4_K06_I01-02-03-06-07-08,Branch4,6,2,L1-L2,1,,1.65655897699749,0.314476774093032,1.46403856668423,1.46073907544707,0.0252398043831395,1
356,B4_K06_I01-02-03-06-07-08,Branch4,6,2,L1-L3,1,,1.10543479892344,-0.125018642153882,1.99346406679312,1.56297127099736,0.232847707286545,1
356,B4_K06_I01-02-03-06-07-08,Branch4,6,2,L1-L4,1,,0.817116871446605,-0.287364136651947,2.32630993016712,1.54335103006418,0.251499545309157,1
356,B4_K06_I01-02-03-06-07-08,Branch4,6,2,L2-L3,1,,1.3025027442723,-0.165933365678003,1.80247362682795,1.60609125966857,0.16706752859715,1
356,B4_K06_I01-02-03-06-07-08,Branch4,6,2,L2-L4,1,,1.16076680951489,-0.437057322872809,2.01887933592082,1.59518931440665,0.181980635733605,1
356,B4_K06_I01-02-03-06-07-08,Branch4,6,2,L3-L4,1,,0.695573638669221,-0.266603419223922,2.52243993969903,1.80103302413658,0.00322149647452855,1
356,B4_K06_I01-02-03-06-07-08,Branch4,6,3,L1-L2-L3,1,,1.28809232742105,-0.0656795167309608,1.80368885565401,1.51648286911501,0.204740656204388,1
356,B4_K06_I01-02-03-06-07-08,Branch4,6,3,L1-L2-L4,1,,1.06963136062591,-0.297425219007515,2.0628163351561,1.47669323251437,0.247053179490713,1
356,B4_K06_I01-02-03-06-07-08,Branch4,6,3,L1-L3-L4,1,,0.712095025042035,-0.269470425736051,2.500663540455,1.79520764182896,0.301276248325374,1
356,B4_K06_I01-02-03-06-07-08,Branch4,6,3,L2-L3-L4,1,,1.05785069291435,-0.340221434589304,2.11594989870218,1.73350345630648,0.216383644431107,1
356,B4_K06_I01-02-03-06-07-08,Branch4,6,4,L1-L2-L3-L4,1,,1.10162538511734,-0.276153857292156,2.02792167190727,1.59647362973036,0.246921990825313,1
357,B4_K06_I01-02-03-06-07-09,Branch4,6,2,L1-L2,1,,1.69706540989094,0.344188054817947,1.42849524436713,1.46889476927724,0.027151194392675,1
357,B4_K06_I01-02-03-06-07-09,Branch4,6,2,L1-L3,1,,1.09835466163243,-0.120434513797032,2.00008284128414,1.56292120272953,0.233238656658539,1
357,B4_K06_I01-02-03-06-07-09,Branch4,6,2,L1-L4,1,,0.804200709677321,-0.283708977785293,2.33856396328634,1.53989837211723,0.249079698547808,1
357,B4_K06_I01-02-03-06-07-09,Branch4,6,2,L2-L3,1,,1.31992484959,-0.160986906502862,1.78457624480096,1.61024356607917,0.161938016231525,1
357,B4_K06_I01-02-03-06-07-09,Branch4,6,2,L2-L4,1,,1.17389930536336,-0.442922371425727,2.0071829897041,1.59678158005025,0.174417807858167,1
357,B4_K06_I01-02-03-06-07-09,Branch4,6,2,L3-L4,1,,0.681553434207234,-0.261604834315061,2.53579133576586,1.79821259334655,0.00661340381312472,1
357,B4_K06_I01-02-03-06-07-09,Branch4,6,3,L1-L2-L3,1,,1.30632008627528,-0.0526408385559055,1.78486627178426,1.5180848388453,0.205552209859365,1
357,B4_K06_I01-02-03-06-07-09,Branch4,6,3,L1-L2-L4,1,,1.12342791214632,-0.309640606214466,2.01038628193281,1.47456009957363,0.252708718821639,1
357,B4_K06_I01-02-03-06-07-09,Branch4,6,3,L1-L3-L4,1,,0.712040995955025,-0.266832411508152,2.4955527928669,1.78711558999996,0.295716588875606,1
357,B4_K06_I01-02-03-06-07-09,Branch4,6,3,L2-L3-L4,1,,1.08289386246771,-0.341963984856556,2.08702373490644,1.72306582456808,0.208639093085427,1
357,B4_K06_I01-02-03-06-07-09,Branch4,6,4,L1-L2-L3-L4,1,,1.11156248436157,-0.275279719949388,2.01767135498342,1.59951637805689,0.248244677991237,1
358,B4_K06_I01-02-03-06-08-09,Branch4,6,2,L1-L2,1,,1.72141381549356,0.357290331744136,1.4063305610239,1.4705659504626,0.020657671063405,1
358,B4_K06_I01-02-03-06-08-09,Branch4,6,2,L1-L3,1,,1.08947294434641,-0.123526935605864,2.00954725588763,1.56568302964014,0.230310573526574,1
358,B4_K06_I01-02-03-06-08-09,Branch4,6,2,L1-L4,1,,0.803821416348235,-0.283747306306612,2.33937439576163,1.54666409546541,0.2485507657934,1
358,B4_K06_I01-02-03-06-08-09,Branch4,6,2,L2-L3,1,,1.33979062456381,-0.157989553348465,1.76381383539422,1.60634131610083,0.164984496016287,1
358,B4_K06_I01-02-03-06-08-09,Branch4,6,2,L2-L4,1,,1.19149911638923,-0.448044818431906,1.99003568458551,1.59489199042784,0.181029797932275,1
358,B4_K06_I01-02-03-06-08-09,Branch4,6,2,L3-L4,1,,0.682958087678421,-0.261574751387821,2.53588637200021,1.80160982448634,0.00322359686045505,1
358,B4_K06_I01-02-03-06-08-09,Branch4,6,3,L1-L2-L3,1,,1.32054122780324,-0.0499094237343589,1.77054358966806,1.5193123013788,0.206104251994723,1
358,B4_K06_I01-02-03-06-08-09,Branch4,6,3,L1-L2-L4,1,,1.12817670000746,-0.306708726795409,2.00458987404172,1.47556065028483,0.256275089345981,1
358,B4_K06_I01-02-03-06-08-09,Branch4,6,3,L1-L3-L4,1,,0.699607112566519,-0.264535459812013,2.51381467465937,1.79577284073732,0.298020449285573,1
358,B4_K06_I01-02-03-06-08-09,Branch4,6,3,L2-L3-L4,1,,1.0936810919182,-0.344795813846398,2.07696868681922,1.72587991519525,0.215882533208947,1
358,B4_K06_I01-02-03-06-08-09,Branch4,6,4,L1-L2-L3-L4,1,,1.11866291146188,-0.273481971108603,2.01038416825524,1.60509032688597,0.251299164490768,1
359,B4_K06_I01-02-03-07-08-09,Branch4,6,2,L1-L2,1,,1.68291775630352,0.327661367717253,1.44000692653272,1.45128593532307,0.0167437463896732,1
359,B4_K06_I01-02-03-07-08-09,Branch4,6,2,L1-L3,1,,1.12011312851989,-0.116955010593625,1.97766105691997,1.56063845221682,0.234837632146859,1
359,B4_K06_I01-02-03-07-08-09,Branch4,6,2,L1-L4,1,,0.820060426698667,-0.287088615731041,2.32286891307045,1.53986383851463,0.255081819355866,1
359,B4_K06_I01-02-03-07-08-09,Branch4,6,2,L2-L3,1,,1.33100184256523,-0.155073806274503,1.77144319519201,1.59447736244268,0.177578629782247,1
359,B4_K06_I01-02-03-07-08-09,Branch4,6,2,L2-L4,1,,1.18015567298592,-0.441792498586214,1.99871694930741,1.58178082871225,0.194750916488212,1
359,B4_K06_I01-02-03-07-08-09,Branch4,6,2,L3-L4,1,,0.682958087678421,-0.261574751387821,2.53588637200021,1.80160982448634,0.00322359686045505,1
359,B4_K06_I01-02-03-07-08-09,Branch4,6,3,L1-L2-L3,1,,1.32041450904248,-0.043380584777735,1.77029934722107,1.49833038654111,0.210973631512766,1
359,B4_K06_I01-02-03-07-08-09,Branch4,6,3,L1-L2-L4,1,,1.07833147490852,-0.289113820826409,2.05187840434005,1.46107030683434,0.255836180626382,1
359,B4_K06_I01-02-03-07-08-09,Branch4,6,3,L1-L3-L4,1,,0.700914204591854,-0.2647822087143,2.51227058108318,1.79563461005951,0.307352259964375,1
359,B4_K06_I01-02-03-07-08-09,Branch4,6,3,L2-L3-L4,1,,1.06756638024544,-0.341450650699556,2.10530828421129,1.73128262845337,0.231632320293889,1
359,B4_K06_I01-02-03-07-08-09,Branch4,6,4,L1-L2-L3-L4,1,,1.11312924931671,-0.270360958541932,2.01390756206505,1.58936857837006,0.255033608739333,1
360,B4_K06_I01-02-04-05-06-07,Branch4,6,2,L1-L2,1,,1.72434351591508,0.359680578283783,1.40382075552557,1.47189309715607,0.0261708925752572,1
360,B4_K06_I01-02-04-05-06-07,Branch4,6,2,L1-L3,1,,1.09246649968172,-0.125446697618458,2.00656240537802,1.56252325601866,0.234160161628004,1
360,B4_K06_I01-02-04-05-06-07,Branch4,6,2,L1-L4,1,,0.808774946241048,-0.279248143775371,2.33203603197538,1.54034861883127,0.248428560172191,1
360,B4_K06_I01-02-04-05-06-07,Branch4,6,2,L2-L3,1,,1.33442669268754,-0.164135495203861,1.77029506712642,1.61015002278855,0.161392199539836,1
360,B4_K06_I01-02-04-05-06-07,Branch4,6,2,L2-L4,1,,1.19070565953675,-0.443675831085347,1.98929378079542,1.59683771769265,0.173715905174341,1
360,B4_K06_I01-02-04-05-06-07,Branch4,6,2,L3-L4,1,,0.706387863707551,-0.264948119999216,2.50642251717085,1.79702462732405,0.00650133033548583,1
360,B4_K06_I01-02-04-05-06-07,Branch4,6,3,L1-L2-L3,1,,1.32035921037614,-0.0496847042269413,1.77068618169205,1.51705647714708,0.207566321468955,1
360,B4_K06_I01-02-04-05-06-07,Branch4,6,3,L1-L2-L4,1,,1.1513452466828,-0.309995019901759,1.98151665713784,1.47236590344665,0.256932675844893,1
360,B4_K06_I01-02-04-05-06-07,Branch4,6,3,L1-L3-L4,1,,0.733667896250508,-0.269395994342861,2.47045058907275,1.7860994715835,0.292625075125587,1
360,B4_K06_I01-02-04-05-06-07,Branch4,6,3,L2-L3-L4,1,,1.09843045797383,-0.342733277654789,2.07059057222183,1.72335574751857,0.207788821727527,1
360,B4_K06_I01-02-04-05-06-07,Branch4,6,4,L1-L2-L3-L4,1,,1.12125273907748,-0.277559590522402,2.00888233462486,1.60655032713045,0.249514412150014,1
361,B4_K06_I01-02-04-05-06-08,Branch4,6,2,L1-L2,1,,1.74896326993233,0.372361927301886,1.3814332584302,1.46808128652416,0.0188111955772523,1
361,B4_K06_I01-02-04-05-06-08,Branch4,6,2,L1-L3,1,,1.09246649968172,-0.125446697618458,2.00656240537802,1.56252325601866,0.234160161628004,1
361,B4_K06_I01-02-04-05-06-08,Branch4,6,2,L1-L4,1,,0.806723855171366,-0.283476699570249,2.33595658397784,1.54316093206755,0.252145055565111,1
361,B4_K06_I01-02-04-05-06-08,Branch4,6,2,L2-L3,1,,1.35700818919795,-0.1596349420233,1.74630480792231,1.60232859631018,0.16832264807663,1
361,B4_K06_I01-02-04-05-06-08,Branch4,6,2,L2-L4,1,,1.20823954814329,-0.453325374375388,1.97367545237396,1.59032394484536,0.184963382709555,1
361,B4_K06_I01-02-04-05-06-08,Branch4,6,2,L3-L4,1,,0.695573638669221,-0.266603419223922,2.52243993969903,1.80103302413658,0.00322149647452855,1
361,B4_K06_I01-02-04-05-06-08,Branch4,6,3,L1-L2-L3,1,,1.3372017968558,-0.0467942423178002,1.75370276246794,1.51512075938737,0.210503029165066,1
361,B4_K06_I01-02-04-05-06-08,Branch4,6,3,L1-L2-L4,1,,1.14554545054814,-0.307152618123484,1.98682137276646,1.46952763766048,0.262367037761324,1
361,B4_K06_I01-02-04-05-06-08,Branch4,6,3,L1-L3-L4,1,,0.711263635826787,-0.269287965416449,2.50159936446718,1.79523658891807,0.300724352833436,1
361,B4_K06_I01-02-04-05-06-08,Branch4,6,3,L2-L3-L4,1,,1.10717395284264,-0.348090380272696,2.06328224029376,1.72476185378888,0.220061336195601,1
361,B4_K06_I01-02-04-05-06-08,Branch4,6,4,L1-L2-L3-L4,1,,1.12912365473707,-0.276313850055919,2.00034848570029,1.60597387101746,0.256436774342698,1
362,B4_K06_I01-02-04-05-06-09,Branch4,6,2,L1-L2,1,,1.7776487811738,0.390430827865485,1.35583883945277,1.48314689611883,0.0251961317389924,1
362,B4_K06_I01-02-04-05-06-09,Branch4,6,2,L1-L3,1,,1.09085979681912,-0.126014116376201,2.00858794515774,1.56814327870022,0.23356724451808,1
362,B4_K06_I01-02-04-05-06-09,Branch4,6,2,L1-L4,1,,0.803821416348235,-0.283747306306612,2.33937439576163,1.54666409546541,0.2485507657934,1
362,B4_K06_I01-02-04-05-06-09,Branch4,6,2,L2-L3,1,,1.36808266868945,-0.161471606171532,1.73647090317337,1.61634471544739,0.157937705320137,1
362,B4_K06_I01-02-04-05-06-09,Branch4,6,2,L2-L4,1,,1.22004340101594,-0.459566595180434,1.9645624023964,1.60341498371625,0.171269738825291,1
362,B4_K06_I01-02-04-05-06-09,Branch4,6,2,L3-L4,1,,0.697254088741847,-0.266630559408525,2.52207779831145,1.8041969458853,0.00639835189993519,1
362,B4_K06_I01-02-04-05-06-09,Branch4,6,3,L1-L2-L3,1,,1.36210483618841,-0.0278763890882522,1.72827578715033,1.51611396407415,0.210475207992683,1
362,B4_K06_I01-02-04-05-06-09,Branch4,6,3,L1-L2-L4,1,,1.21177968639828,-0.32595285507939,1.92333485854872,1.46748550545421,0.272437272794812,1
362,B4_K06_I01-02-04-05-06-09,Branch4,6,3,L1-L3-L4,1,,0.72487685916004,-0.27125479041219,2.48517167047958,1.79334278827627,0.293753295031522,1
362,B4_K06_I01-02-04-05-06-09,Branch4,6,3,L2-L3-L4,1,,1.13375815198372,-0.352920919797566,2.03558769896539,1.72151539672373,0.206543381781464,1
362,B4_K06_I01-02-04-05-06-09,Branch4,6,4,L1-L2-L3-L4,1,,1.14380219193296,-0.279933786936661,1.98692778821642,1.61468314955921,0.254042586825291,1
363,B4_K06_I01-02-04-05-07-08,Branch4,6,2,L1-L2,1,,1.73817460811896,0.359473875690339,1.38992807014554,1.45775151687191,0.0149696672061171,1
363,B4_K06_I01-02-04-05-07-08,Branch4,6,2,L1-L3,1,,1.11435906096998,-0.121889499016645,1.98396639665325,1.56023898291933,0.235754673249235,1
363,B4_K06_I01-02-04-05-07-08,Branch4,6,2,L1-L4,1,,0.817548781812061,-0.287324454431863,2.3254805175373,1.53661460723247,0.252034793664823,1
363,B4_K06_I01-02-04-05-07-08,Branch4,6,2,L2-L3,1,,1.36265284629247,-0.156638139222862,1.73968295010672,1.59450469627106,0.176086509094378,1
363,B4_K06_I01-02-04-05-07-08,Branch4,6,2,L2-L4,1,,1.21002911942954,-0.452977698864443,1.97073115598229,1.57886018647045,0.191155443122265,1
363,B4_K06_I01-02-04-05-07-08,Branch4,6,2,L3-L4,1,,0.694204964405088,-0.266632808990885,2.52234725090208,1.79765388325348,0.00659333161839039,1
363,B4_K06_I01-02-04-05-07-08,Branch4,6,3,L1-L2-L3,1,,1.34649711277447,-0.0416112842797729,1.7441500878043,1.50331505255029,0.213078142436072,1
363,B4_K06_I01-02-04-05-07-08,Branch4,6,3,L1-L2-L4,1,,1.11864900685521,-0.300544129005017,2.01310714478096,1.46324941582847,0.259094394770529,1
363,B4_K06_I01-02-04-05-07-08,Branch4,6,3,L1-L3-L4,1,,0.72426239814862,-0.271661735912111,2.48289265602965,1.78666460456512,0.299078505320063,1
363,B4_K06_I01-02-04-05-07-08,Branch4,6,3,L2-L3-L4,1,,1.10252375564619,-0.349529921483273,2.06830903280138,1.72256467216703,0.228368352710971,1
363,B4_K06_I01-02-04-05-07-08,Branch4,6,4,L1-L2-L3-L4,1,,1.13047171707784,-0.27656145340158,1.99807552643083,1.59581758516075,0.258029379659577,1
364,B4_K06_I01-02-04-05-07-09,Branch4,6,2,L1-L2,1,,1.71151334884956,0.344754070761359,1.41409586310611,1.45795362172953,0.0191107946746511,1
364,B4_K06_I01-02-04-05-07-09,Branch4,6,2,L1-L3,1,,1.11435906096997,-0.121889499016646,1.98396639665325,1.56023898291933,0.235754673249235,1
364,B4_K06_I01-02-04-05-07-09,Branch4,6,2,L1-L4,1,,0.817548781812059,-0.287324454431863,2.32548051753731,1.53661460723247,0.252034793664824,1
364,B4_K06_I01-02-04-05-07-09,Branch4,6,2,L2-L3,1,,1.34257277785548,-0.159740600761051,1.76059587926937,1.59833253831516,0.1731113731019,1
364,B4_K06_I01-02-04-05-07-09,Branch4,6,2,L2-L4,1,,1.19315653968595,-0.447703292588237,1.98717164490942,1.58339010258552,0.187214256038621,1
364,B4_K06_I01-02-04-05-07-09,Branch4,6,2,L3-L4,1,,0.694204964405088,-0.266632808990885,2.52234725090208,1.79765388325348,0.00659333161839039,1
364,B4_K06_I01-02-04-05-07-09,Branch4,6,3,L1-L2-L3,1,,1.32722486511478,-0.0498928201711035,1.76373349076078,1.50732772439019,0.210599952292806,1
364,B4_K06_I01-02-04-05-07-09,Branch4,6,3,L1-L2-L4,1,,1.10458033293345,-0.300418285950268,2.02758733063154,1.46644578513133,0.254849343738893,1
364,B4_K06_I01-02-04-05-07-09,Branch4,6,3,L1-L3-L4,1,,0.724262398148618,-0.271661735912111,2.48289265602965,1.78666460456512,0.299078505320063,1
364,B4_K06_I01-02-04-05-07-09,Branch4,6,3,L2-L3-L4,1,,1.0877855537281,-0.347184818815596,2.08396422911081,1.72501586649596,0.223802067007238,1
364,B4_K06_I01-02-04-05-07-09,Branch4,6,4,L1-L2-L3-L4,1,,1.12150580772447,-0.276916391743751,2.00734267997776,1.5945817960583,0.254363440122434,1
365,B4_K06_I01-02-04-05-08-09,Branch4,6,2,L1-L2,1,,1.76488810504389,0.373377443200415,1.3657520234379,1.45113054577706,0.00449475080549613,1
365,B4_K06_I01-02-04-05-08-09,Branch4,6,2,L1-L3,1,,1.11435906096997,-0.121889499016646,1.98396639665325,1.56023898291933,0.235754673249235,1
365,B4_K06_I01-02-04-05-08-09,Branch4,6,2,L1-L4,1,,0.820060426698666,-0.287088615731041,2.32286891307045,1.53986383851462,0.255081819355866,1
365,B4_K06_I01-02-04-05-08-09,Branch4,6,2,L2-L3,1,,1.38886420714539,-0.150379679199725,1.71179622560874,1.58297044188784,0.186723583606563,1
365,B4_K06_I01-02-04-05-08-09,Branch4,6,2,L2-L4,1,,1.23112733808574,-0.457593691708886,1.94910835421924,1.56818202459571,0.206463315170582,1
365,B4_K06_I01-02-04-05-08-09,Branch4,6,2,L3-L4,1,,0.695573638669221,-0.266603419223922,2.52243993969903,1.80103302413658,0.00322149647452855,1
365,B4_K06_I01-02-04-05-08-09,Branch4,6,3,L1-L2-L3,1,,1.39513516861651,0.00403222877881715,1.69514345416091,1.47241202487434,0.224669275820487,1
365,B4_K06_I01-02-04-05-08-09,Branch4,6,3,L1-L2-L4,1,,1.11157736242276,-0.289305864889477,2.01765432538761,1.45549041303936,0.267841321508471,1
365,B4_K06_I01-02-04-05-08-09,Branch4,6,3,L1-L3-L4,1,,0.712203381103574,-0.269474949294104,2.50053253477995,1.79520334551857,0.305659474688969,1
365,B4_K06_I01-02-04-05-08-09,Branch4,6,3,L2-L3-L4,1,,1.10984921198595,-0.350603115132713,2.06147577230209,1.72578893250889,0.245252916233482,1
365,B4_K06_I01-02-04-05-08-09,Branch4,6,4,L1-L2-L3-L4,1,,1.13791874573167,-0.272987467131295,1.98952868580647,1.59643547746523,0.266282651216301,1
366,B4_K06_I01-02-04-06-07-08,Branch4,6,2,L1-L2,1,,1.71101912213322,0.345101466337549,1.41454164105456,1.46352121606905,0.0200584548290937,1
366,B4_K06_I01-02-04-06-07-08,Branch4,6,2,L1-L3,1,,1.10543479892344,-0.125018642153882,1.99346406679312,1.56297127099736,0.232847707286545,1
366,B4_K06_I01-02-04-06-07-08,Branch4,6,2,L1-L4,1,,0.82163625652161,-0.282916247192924,2.31985277848396,1.54379260549725,0.250847790185975,1
366,B4_K06_I01-02-04-06-07-08,Branch4,6,2,L2-L3,1,,1.33977139239834,-0.161236970183182,1.76390333788493,1.60226273056391,0.16921202273136,1
366,B4_K06_I01-02-04-06-07-08,Branch4,6,2,L2-L4,1,,1.19418850351935,-0.443067352676508,1.98476005070664,1.59067611270905,0.185175426568126,1
366,B4_K06_I01-02-04-06-07-08,Branch4,6,2,L3-L4,1,,0.707725279633524,-0.264919247787349,2.50650932344673,1.80038557548514,0.00314741632420033,1
366,B4_K06_I01-02-04-06-07-08,Branch4,6,3,L1-L2-L3,1,,1.32297452266659,-0.0525738500601018,1.76812997089133,1.51253810428268,0.207976658056602,1
366,B4_K06_I01-02-04-06-07-08,Branch4,6,3,L1-L2-L4,1,,1.10915898292145,-0.297680659139246,2.02185597560775,1.47376609588881,0.253415154443741,1
366,B4_K06_I01-02-04-06-07-08,Branch4,6,3,L1-L3-L4,1,,0.723635064836703,-0.267646918308087,2.48565842721314,1.79459140785656,0.299373677122364,1
366,B4_K06_I01-02-04-06-07-08,Branch4,6,3,L2-L3-L4,1,,1.08980017813653,-0.341747159151803,2.08092713386823,1.72944554542351,0.220140548529809,1
366,B4_K06_I01-02-04-06-07-08,Branch4,6,4,L1-L2-L3-L4,1,,1.12267395126646,-0.274629286745481,2.00623932976549,1.60216831880168,0.251642469396788,1
367,B4_K06_I01-02-04-06-07-09,Branch4,6,2,L1-L2,1,,1.68605667022351,0.332168839042066,1.43730898659123,1.46739061833563,0.027545908318041,1
367,B4_K06_I01-02-04-06-07-09,Branch4,6,2,L1-L3,1,,1.10543479892344,-0.125018642153882,1.99346406679312,1.56297127099736,0.232847707286545,1
367,B4_K06_I01-02-04-06-07-09,Branch4,6,2,L1-L4,1,,0.82163625652161,-0.282916247192924,2.31985277848396,1.54379260549725,0.250847790185975,1
367,B4_K06_I01-02-04-06-07-09,Branch4,6,2,L2-L3,1,,1.31713685705668,-0.16576412895041,1.78798325337271,1.61010969654187,0.162257241389413,1
367,B4_K06_I01-02-04-06-07-09,Branch4,6,2,L2-L4,1,,1.17631623998811,-0.438012738010747,2.00283285713189,1.59966113218344,0.1768290403701,1
367,B4_K06_I01-02-04-06-07-09,Branch4,6,2,L3-L4,1,,0.707725279633524,-0.264919247787349,2.50650932344673,1.80038557548514,0.00314741632420033,1
367,B4_K06_I01-02-04-06-07-09,Branch4,6,3,L1-L2-L3,1,,1.30319351974823,-0.0602321737448102,1.78832936520087,1.51841178050516,0.204652587333049,1
367,B4_K06_I01-02-04-06-07-09,Branch4,6,3,L1-L2-L4,1,,1.10972782650919,-0.302789735665772,2.02257899634253,1.47934507673376,0.249327425808631,1
367,B4_K06_I01-02-04-06-07-09,Branch4,6,3,L1-L3-L4,1,,0.723635064836703,-0.267646918308087,2.48565842721314,1.79459140785656,0.299373677122364,1
367,B4_K06_I01-02-04-06-07-09,Branch4,6,3,L2-L3-L4,1,,1.07843810790521,-0.339438233596551,2.0927936674163,1.73106269367854,0.210411349320371,1
367,B4_K06_I01-02-04-06-07-09,Branch4,6,4,L1-L2-L3-L4,1,,1.11570059410298,-0.275632759918746,2.0137127623063,1.6020792795772,0.246702709584605,1
368,B4_K06_I01-02-04-06-08-09,Branch4,6,2,L1-L2,1,,1.73796276010473,0.361145563231251,1.39020292184041,1.47210142029869,0.0200967745504739,1
368,B4_K06_I01-02-04-06-08-09,Branch4,6,2,L1-L3,1,,1.09659824692668,-0.128127787144972,2.00289813286084,1.56573063050468,0.229923030327933,1
368,B4_K06_I01-02-04-06-08-09,Branch4,6,2,L1-L4,1,,0.814234605992091,-0.287636196295014,2.32970487257825,1.54684796041207,0.247912215191903,1
368,B4_K06_I01-02-04-06-08-09,Branch4,6,2,L2-L3,1,,1.35431337737392,-0.161086768474937,1.74950537198054,1.60625407948506,0.164430132270755,1
368,B4_K06_I01-02-04-06-08-09,Branch4,6,2,L2-L4,1,,1.20694689064772,-0.453565876539932,1.97553899921702,1.59473895828314,0.180555633287359,1
368,B4_K06_I01-02-04-06-08-09,Branch4,6,2,L3-L4,1,,0.695573638669221,-0.266603419223922,2.52243993969903,1.80103302413658,0.00322149647452855,1
368,B4_K06_I01-02-04-06-08-09,Branch4,6,3,L1-L2-L3,1,,1.33415473273929,-0.0512779035061018,1.75696820178916,1.5191220412464,0.206328631692348,1
368,B4_K06_I01-02-04-06-08-09,Branch4,6,3,L1-L2-L4,1,,1.14837450974219,-0.312385683116105,1.98522332875198,1.47454992581867,0.257842625411594,1
368,B4_K06_I01-02-04-06-08-09,Branch4,6,3,L1-L3-L4,1,,0.711989079038927,-0.269466427707776,2.50079185173153,1.79521187480038,0.296893213291822,1
368,B4_K06_I01-02-04-06-08-09,Branch4,6,3,L2-L3-L4,1,,1.10828703055531,-0.349805324099347,2.0627259402021,1.72504307008926,0.215711674811267,1
368,B4_K06_I01-02-04-06-08-09,Branch4,6,4,L1-L2-L3-L4,1,,1.13096128072348,-0.277709287271449,1.99885746777756,1.60657834974363,0.25169333832987,1
369,B4_K06_I01-02-04-07-08-09,Branch4,6,2,L1-L2,1,,1.73771899491265,0.358671470861831,1.39031052365597,1.45441748936911,0.0117383116429571,1
369,B4_K06_I01-02-04-07-08-09,Branch4,6,2,L1-L3,1,,1.11435906096997,-0.121889499016646,1.98396639665325,1.56023898291933,0.235754673249235,1
369,B4_K06_I01-02-04-07-08-09,Branch4,6,2,L1-L4,1,,0.820060426698666,-0.287088615731041,2.32286891307045,1.53986383851462,0.255081819355866,1
369,B4_K06_I01-02-04-07-08-09,Branch4,6,2,L2-L3,1,,1.36560197948924,-0.155093610411284,1.73626252426746,1.59060676129197,0.179957600393888,1
369,B4_K06_I01-02-04-07-08-09,Branch4,6,2,L2-L4,1,,1.21248201200537,-0.452571020370056,1.96779360027111,1.57710316054038,0.198172306250705,1
369,B4_K06_I01-02-04-07-08-09,Branch4,6,2,L3-L4,1,,0.695573638669221,-0.266603419223922,2.52243993969903,1.80103302413658,0.00322149647452855,1
369,B4_K06_I01-02-04-07-08-09,Branch4,6,3,L1-L2-L3,1,,1.35571142056059,-0.0295418295463342,1.73463233725874,1.49230357610571,0.21591452436858,1
369,B4_K06_I01-02-04-07-08-09,Branch4,6,3,L1-L2-L4,1,,1.10390013650497,-0.292946086764481,2.02637038390476,1.46165757714784,0.262017716999513,1
369,B4_K06_I01-02-04-07-08-09,Branch4,6,3,L1-L3-L4,1,,0.712203381103574,-0.269474949294104,2.50053253477995,1.79520334551857,0.305659474688969,1
369,B4_K06_I01-02-04-07-08-09,Branch4,6,3,L2-L3-L4,1,,1.09624550749113,-0.349409457921935,2.07632892075449,1.72833787795815,0.236135773817151,1
369,B4_K06_I01-02-04-07-08-09,Branch4,6,4,L1-L2-L3-L4,1,,1.13075101198174,-0.274089237065682,1.99719547602547,1.59618322932448,0.260715414815741,1
370,B4_K06_I01-02-05-06-07-08,Branch4,6,2,L1-L2,1,,1.71217477854171,0.346421004082019,1.41356226876611,1.46696224129075,0.0233094194222295,1
370,B4_K06_I01-02-05-06-07-08,Branch4,6,2,L1-L3,1,,1.10543479892344,-0.125018642153882,1.99346406679312,1.56297127099736,0.232847707286545,1
370,B4_K06_I01-02-05-06-07-08,Branch4,6,2,L1-L4,1,,0.814620016946726,-0.287597189659236,2.3288919931959,1.54010274914622,0.248446546387903,1
370,B4_K06_I01-02-05-06-07-08,Branch4,6,2,L2-L3,1,,1.33705591664111,-0.162702008969794,1.76713654479207,1.60620197445211,0.165305588275527,1
370,B4_K06_I01-02-05-06-07-08,Branch4,6,2,L2-L4,1,,1.1905260516982,-0.448187435228953,1.99092079081041,1.59222361195582,0.1783850729119,1
370,B4_K06_I01-02-05-06-07-08,Branch4,6,2,L3-L4,1,,0.694204964405089,-0.266632808990885,2.52234725090208,1.79765388325348,0.00659333161839043,1
370,B4_K06_I01-02-05-06-07-08,Branch4,6,3,L1-L2-L3,1,,1.31984988999059,-0.0558127920655933,1.77144388593721,1.51727537026083,0.206594913539587,1
370,B4_K06_I01-02-05-06-07-08,Branch4,6,3,L1-L2-L4,1,,1.12931640328801,-0.310256549402455,2.00448893331814,1.47239318201119,0.253365689361042,1
370,B4_K06_I01-02-05-06-07-08,Branch4,6,3,L1-L3-L4,1,,0.724256971429184,-0.271684373536141,2.48287123778141,1.78658406781774,0.29464975161483,1
370,B4_K06_I01-02-05-06-07-08,Branch4,6,3,L2-L3-L4,1,,1.09525457516084,-0.34615508447353,2.07500852845118,1.72260178477952,0.213174686485867,1
370,B4_K06_I01-02-05-06-07-08,Branch4,6,4,L1-L2-L3-L4,1,,1.12172706225821,-0.278824216204535,2.00808363285033,1.59992813995077,0.249942691779033,1
371,B4_K06_I01-02-05-06-07-09,Branch4,6,2,L1-L2,1,,1.68784298544943,0.333967360359975,1.43578274041064,1.47093105055731,0.0308163675628838,1
371,B4_K06_I01-02-05-06-07-09,Branch4,6,2,L1-L3,1,,1.10543479892344,-0.125018642153882,1.99346406679312,1.56297127099736,0.232847707286545,1
371,B4_K06_I01-02-05-06-07-09,Branch4,6,2,L1-L4,1,,0.812168064276539,-0.287827689326739,2.33143929307491,1.53684887782334,0.245388676443102,1
371,B4_K06_I01-02-05-06-07-09,Branch4,6,2,L2-L3,1,,1.31457499491258,-0.167178779290584,1.79109879310491,1.61408035646326,0.158322896529792,1
371,B4_K06_I01-02-05-06-07-09,Branch4,6,2,L2-L4,1,,1.17178735219594,-0.443288330316524,2.00978021974137,1.59852046137513,0.167321246219793,1
371,B4_K06_I01-02-05-06-07-09,Branch4,6,2,L3-L4,1,,0.692993320621207,-0.266682374484388,2.52208612784913,1.79426873327552,0.00996416893402282,1
371,B4_K06_I01-02-05-06-07-09,Branch4,6,3,L1-L2-L3,1,,1.30352163007282,-0.0581085526468926,1.78790905625216,1.51874060796308,0.20389483123223,1
371,B4_K06_I01-02-05-06-07-09,Branch4,6,3,L1-L2-L4,1,,1.13584337158429,-0.317846330050722,1.99982736453981,1.47475123490045,0.249329405046504,1
371,B4_K06_I01-02-05-06-07-09,Branch4,6,3,L1-L3-L4,1,,0.735778362675834,-0.273630831937311,2.46601759241963,1.77774434616284,0.288231986029216,1
371,B4_K06_I01-02-05-06-07-09,Branch4,6,3,L2-L3-L4,1,,1.08290805351287,-0.347631091812891,2.08862432029788,1.72156088208238,0.202512272078931,1
371,B4_K06_I01-02-05-06-07-09,Branch4,6,4,L1-L2-L3-L4,1,,1.1130283001994,-0.281740088853859,2.0177438857024,1.59859687991406,0.244110036220861,1
372,B4_K06_I01-02-05-06-08-09,Branch4,6,2,L1-L2,1,,1.74079424270219,0.363472182916265,1.38778199929132,1.47342095309193,0.0255751006382819,1
372,B4_K06_I01-02-05-06-08-09,Branch4,6,2,L1-L3,1,,1.10543479892344,-0.125018642153882,1.99346406679312,1.56297127099736,0.232847707286545,1
372,B4_K06_I01-02-05-06-08-09,Branch4,6,2,L1-L4,1,,0.810135708073998,-0.292061388972346,2.33538250566673,1.53965410211159,0.249095281301996,1
372,B4_K06_I01-02-05-06-08-09,Branch4,6,2,L2-L3,1,,1.35170402972893,-0.162507252300143,1.75263179173442,1.61018825915585,0.160530730815442,1
372,B4_K06_I01-02-05-06-08-09,Branch4,6,2,L2-L4,1,,1.20341748128661,-0.458660052608882,1.98159239107938,1.59631802995234,0.173766085528369,1
372,B4_K06_I01-02-05-06-08-09,Branch4,6,2,L3-L4,1,,0.682064908439042,-0.268333922501286,2.53842702806929,1.79828962770193,0.00668586732614002,1
372,B4_K06_I01-02-05-06-08-09,Branch4,6,3,L1-L2-L3,1,,1.33658955698606,-0.0479863038474461,1.75438804521448,1.51759729300937,0.206873373743428,1
372,B4_K06_I01-02-05-06-08-09,Branch4,6,3,L1-L2-L4,1,,1.17107501255783,-0.32470666795143,1.96526872653105,1.46898665922357,0.261526174106116,1
372,B4_K06_I01-02-05-06-08-09,Branch4,6,3,L1-L3-L4,1,,0.713506732111197,-0.273681306218617,2.4968831660209,1.78705891493747,0.296345489898711,1
372,B4_K06_I01-02-05-06-08-09,Branch4,6,3,L2-L3-L4,1,,1.11404287931362,-0.353670559173409,2.05632166774511,1.71798572877622,0.209054763224302,1
372,B4_K06_I01-02-05-06-08-09,Branch4,6,4,L1-L2-L3-L4,1,,1.13441832926726,-0.281506672753464,1.99574854401575,1.60135427987585,0.251659467736329,1
373,B4_K06_I01-02-05-07-08-09,Branch4,6,2,L1-L2,1,,1.71257282368829,0.34601724887542,1.41319139785851,1.46139104118654,0.0223649323103938,1
373,B4_K06_I01-02-05-07-08-09,Branch4,6,2,L1-L3,1,,1.11435906096998,-0.121889499016645,1.98396639665325,1.56023898291933,0.235754673249235,1
373,B4_K06_I01-02-05-07-08-09,Branch4,6,2,L1-L4,1,,0.810602509825039,-0.292020957633729,2.33454117402239,1.53289607103985,0.249635597334988,1
373,B4_K06_I01-02-05-07-08-09,Branch4,6,2,L2-L3,1,,1.33977139239834,-0.161236970183182,1.76390333788493,1.60226273056391,0.16921202273136,1
373,B4_K06_I01-02-05-07-08-09,Branch4,6,2,L2-L4,1,,1.18948042902656,-0.452833534814505,1.99337205766256,1.58492724456475,0.180421368076835,1
373,B4_K06_I01-02-05-07-08-09,Branch4,6,2,L3-L4,1,,0.680821788535261,-0.268384128981313,2.53815715962273,1.79488598912061,0.0100748077024836,1
373,B4_K06_I01-02-05-07-08-09,Branch4,6,3,L1-L2-L3,1,,1.32289460338123,-0.0550433690195828,1.76832218691112,1.51371559589498,0.209015234249871,1
373,B4_K06_I01-02-05-07-08-09,Branch4,6,3,L1-L2-L4,1,,1.12473497448189,-0.312983372875122,2.01024739044413,1.46529447761842,0.254575513646736,1
373,B4_K06_I01-02-05-07-08-09,Branch4,6,3,L1-L3-L4,1,,0.725489617023634,-0.275696804128356,2.47937406826916,1.77832072883698,0.294241504007162,1
373,B4_K06_I01-02-05-07-08-09,Branch4,6,3,L2-L3-L4,1,,1.09720076064875,-0.348171202493482,2.07217367078807,1.71599973723459,0.215636476864112,1
373,B4_K06_I01-02-05-07-08-09,Branch4,6,4,L1-L2-L3-L4,1,,1.12054478503947,-0.281157615950583,2.00924301365695,1.59238694032615,0.252697239954816,1
374,B4_K06_I01-02-06-07-08-09,Branch4,6,2,L1-L2,1,,1.73703559930229,0.35888883496041,1.39091686546805,1.45990038237963,0.0126951541576073,1
374,B4_K06_I01-02-06-07-08-09,Branch4,6,2,L1-L3,1,,1.09820823733195,-0.12756400191425,2.0008838021232,1.56012208813545,0.230522180761016,1
374,B4_K06_I01-02-06-07-08-09,Branch4,6,2,L1-L4,1,,0.812638974707722,-0.291823101517089,2.33278126142291,1.54290877046348,0.252153375056905,1
374,B4_K06_I01-02-06-07-08-09,Branch4,6,2,L2-L3,1,,1.36091101227935,-0.157511504142937,1.74138932193231,1.59229381565215,0.173931556318174,1
374,B4_K06_I01-02-06-07-08-09,Branch4,6,2,L2-L4,1,,1.20967277484269,-0.45753090209604,1.97314471648432,1.5812894304686,0.194050472450855,1
374,B4_K06_I01-02-06-07-08-09,Branch4,6,2,L3-L4,1,,0.681884435663247,-0.268294419952917,2.53874298871965,1.79849655833219,9.88858544472027e-05,1
374,B4_K06_I01-02-06-07-08-09,Branch4,6,3,L1-L2-L3,1,,1.34513843659559,-0.0396599859855068,1.74544646396526,1.50053652115903,0.210634653162381,1
374,B4_K06_I01-02-06-07-08-09,Branch4,6,3,L1-L2-L4,1,,1.10919931181032,-0.302177668083425,2.02326233687733,1.4670982020592,0.260228309494332,1
374,B4_K06_I01-02-06-07-08-09,Branch4,6,3,L1-L3-L4,1,,0.699037509166058,-0.271300351125142,2.51607217605809,1.7926711663382,0.301470852595885,1
374,B4_K06_I01-02-06-07-08-09,Branch4,6,3,L2-L3-L4,1,,1.0974785477243,-0.35259112375452,2.07524328151484,1.72451606725088,0.230531101044305,1
374,B4_K06_I01-02-06-07-08-09,Branch4,6,4,L1-L2-L3-L4,1,,1.12733954238137,-0.275929203666445,2.00133327386818,1.59778689991028,0.257564312850853,1
375,B4_K06_I01-03-04-05-06-07,Branch4,6,2,L1-L2,1,,1.69559237599008,0.342637583615348,1.42974814872391,1.46540546077431,0.0238916496055574,1
375,B4_K06_I01-03-04-05-06-07,Branch4,6,2,L1-L3,1,,1.09246649968172,-0.125446697618458,2.00656240537802,1.56252325601866,0.234160161628004,1
375,B4_K06_I01-03-04-05-06-07,Branch4,6,2,L1-L4,1,,0.804200709677322,-0.283708977785293,2.33856396328634,1.53989837211723,0.249079698547808,1
375,B4_K06_I01-03-04-05-06-07,Branch4,6,2,L2-L3,1,,1.31978611216238,-0.164317492255927,1.78479204348331,1.60614769823665,0.16618469437668,1
375,B4_K06_I01-03-04-05-06-07,Branch4,6,2,L2-L4,1,,1.17512054549191,-0.442686847895708,2.00537685402216,1.59235411385806,0.178840914716078,1
375,B4_K06_I01-03-04-05-06-07,Branch4,6,2,L3-L4,1,,0.694204964405089,-0.266632808990885,2.52234725090208,1.79765388325348,0.00659333161839043,1
375,B4_K06_I01-03-04-05-06-07,Branch4,6,3,L1-L2-L3,1,,1.30354215279245,-0.0575999122606039,1.78784026317201,1.51686457821621,0.207309018699165,1
375,B4_K06_I01-03-04-05-06-07,Branch4,6,3,L1-L2-L4,1,,1.1095931776865,-0.304639704964796,2.02338585883987,1.47305665194134,0.252030770248165,1
375,B4_K06_I01-03-04-05-06-07,Branch4,6,3,L1-L3-L4,1,,0.722831508128703,-0.27136758479059,2.48443094665765,1.78658531836538,0.294236007740989,1
375,B4_K06_I01-03-04-05-06-07,Branch4,6,3,L2-L3-L4,1,,1.08050500381144,-0.341481406102169,2.08972506350612,1.72434697227777,0.212676213373909,1
375,B4_K06_I01-03-04-05-06-07,Branch4,6,4,L1-L2-L3-L4,1,,1.10703441060981,-0.278158070747762,2.0232819209161,1.60132035189262,0.249555096177304,1
376,B4_K06_I01-03-04-05-06-08,Branch4,6,2,L1-L2,1,,1.6929197142517,0.340438483954972,1.43205234113903,1.4641062955113,0.0182979274508359,1
376,B4_K06_I01-03-04-05-06-08,Branch4,6,2,L1-L3,1,,1.08350284671019,-0.128589906768201,2.0161376842909,1.56528998090307,0.231225320944638,1
376,B4_K06_I01-03-04-05-06-08,Branch4,6,2,L1-L4,1,,0.801313199687254,-0.28397678558506,2.34195170382409,1.54340248645081,0.24547946427815,1
376,B4_K06_I01-03-04-05-06-08,Branch4,6,2,L2-L3,1,,1.32252242661731,-0.162839090856528,1.78152559814201,1.60219461373828,0.170105123383425,1
376,B4_K06_I01-03-04-05-06-08,Branch4,6,2,L2-L4,1,,1.176403212578,-0.442445706645972,2.00352196040122,1.58793056751766,0.183261724901663,1
376,B4_K06_I01-03-04-05-06-08,Branch4,6,2,L3-L4,1,,0.694204964405089,-0.266632808990885,2.52234725090208,1.79765388325348,0.00659333161839043,1
376,B4_K06_I01-03-04-05-06-08,Branch4,6,3,L1-L2-L3,1,,1.30569055250332,-0.0536853907644449,1.78547380607692,1.51253423645305,0.207511333927798,1
376,B4_K06_I01-03-04-05-06-08,Branch4,6,3,L1-L2-L4,1,,1.09255804103881,-0.299212072192822,2.0395487719203,1.47340251292897,0.250291746170812,1
376,B4_K06_I01-03-04-05-06-08,Branch4,6,3,L1-L3-L4,1,,0.722794701718006,-0.271384033443299,2.48444426131531,1.78650503410885,0.289808064784414,1
376,B4_K06_I01-03-04-05-06-08,Branch4,6,3,L2-L3-L4,1,,1.0737887106353,-0.34429919258317,2.09858839916991,1.72711956942082,0.219006552505995,1
376,B4_K06_I01-03-04-05-06-08,Branch4,6,4,L1-L2-L3-L4,1,,1.10112511283389,-0.277869718922338,2.02953515888492,1.60334047695957,0.249521919143278,1
377,B4_K06_I01-03-04-05-06-09,Branch4,6,2,L1-L2,1,,1.72583304255241,0.361853982233775,1.40263625538837,1.48089555869694,0.0303256887733564,1
377,B4_K06_I01-03-04-05-06-09,Branch4,6,2,L1-L3,1,,1.08947294434641,-0.123526935605864,2.00954725588763,1.56568302964014,0.230310573526574,1
377,B4_K06_I01-03-04-05-06-09,Branch4,6,2,L1-L4,1,,0.801313199687254,-0.28397678558506,2.34195170382409,1.54340248645081,0.24547946427815,1
377,B4_K06_I01-03-04-05-06-09,Branch4,6,2,L2-L3,1,,1.33219104826203,-0.162150096470801,1.77300667282044,1.61819014954096,0.153244042213222,1
377,B4_K06_I01-03-04-05-06-09,Branch4,6,2,L2-L4,1,,1.1870388139915,-0.448871742658833,1.99617895358061,1.60550271548521,0.165124299166439,1
377,B4_K06_I01-03-04-05-06-09,Branch4,6,2,L3-L4,1,,0.681553434207234,-0.261604834315061,2.53579133576586,1.79821259334655,0.00661340381312476,1
377,B4_K06_I01-03-04-05-06-09,Branch4,6,3,L1-L2-L3,1,,1.32873717645114,-0.0364382226009438,1.76185941767182,1.51604162055439,0.204732123520789,1
377,B4_K06_I01-03-04-05-06-09,Branch4,6,3,L1-L2-L4,1,,1.17543986694878,-0.323744543443106,1.96032484636994,1.47387723838699,0.260475079440028,1
377,B4_K06_I01-03-04-05-06-09,Branch4,6,3,L1-L3-L4,1,,0.712043002272187,-0.266857373694997,2.49552230245418,1.78703422498026,0.291276053887627,1
377,B4_K06_I01-03-04-05-06-09,Branch4,6,3,L2-L3-L4,1,,1.10570999851893,-0.345332153885068,2.06261769090758,1.71869132420319,0.199053079479808,1
377,B4_K06_I01-03-04-05-06-09,Branch4,6,4,L1-L2-L3-L4,1,,1.12389070281171,-0.277460350927002,2.00616783289483,1.60702289044023,0.246279160277181,1
378,B4_K06_I01-03-04-05-07-08,Branch4,6,2,L1-L2,1,,1.69487914525483,0.340928253613275,1.43033834505776,1.45633726964175,0.019681861844383,1
378,B4_K06_I01-03-04-05-07-08,Branch4,6,2,L1-L3,1,,1.10732417017287,-0.117322234707037,1.99055473307212,1.56018651113231,0.236148999502579,1
378,B4_K06_I01-03-04-05-07-08,Branch4,6,2,L1-L4,1,,0.807150198707082,-0.283437705744061,2.33512964333714,1.53640405014703,0.252674909357363,1
378,B4_K06_I01-03-04-05-07-08,Branch4,6,2,L2-L3,1,,1.32810325883784,-0.156598811613309,1.77483784104939,1.59840515231105,0.1736791866897,1
378,B4_K06_I01-03-04-05-07-08,Branch4,6,2,L2-L4,1,,1.17774726503426,-0.442198972532832,2.00161836132037,1.58351106257035,0.187680202879133,1
378,B4_K06_I01-03-04-05-07-08,Branch4,6,2,L3-L4,1,,0.681553434207234,-0.261604834315061,2.53579133576586,1.79821259334655,0.00661340381312476,1
378,B4_K06_I01-03-04-05-07-08,Branch4,6,3,L1-L2-L3,1,,1.31413373992304,-0.0477739609285764,1.77675310000166,1.50690758322867,0.210507715854893,1
378,B4_K06_I01-03-04-05-07-08,Branch4,6,3,L1-L2-L4,1,,1.085200239791,-0.294786259554548,2.04614387171318,1.46645890493245,0.253996374176626,1
378,B4_K06_I01-03-04-05-07-08,Branch4,6,3,L1-L3-L4,1,,0.712039673117125,-0.266808143162381,2.49558264030778,1.78719664575255,0.300157617374369,1
378,B4_K06_I01-03-04-05-07-08,Branch4,6,3,L2-L3-L4,1,,1.07289586887038,-0.342499679089179,2.09868086410356,1.72602187077464,0.224142235480325,1
378,B4_K06_I01-03-04-05-07-08,Branch4,6,4,L1-L2-L3-L4,1,,1.10920598489142,-0.272607771536531,2.01884188435364,1.59296887168173,0.254035135777726,1
379,B4_K06_I01-03-04-05-07-09,Branch4,6,2,L1-L2,1,,1.72233687056808,0.35659970339604,1.40547006612842,1.45950494910852,0.0187653427012574,1
379,B4_K06_I01-03-04-05-07-09,Branch4,6,2,L1-L3,1,,1.10732417017288,-0.117322234707036,1.99055473307212,1.56018651113231,0.236148999502579,1
379,B4_K06_I01-03-04-05-07-09,Branch4,6,2,L1-L4,1,,0.807150198707082,-0.283437705744062,2.33512964333714,1.53640405014703,0.252674909357363,1
379,B4_K06_I01-03-04-05-07-09,Branch4,6,2,L2-L3,1,,1.34528699551575,-0.155059296348258,1.75731310920046,1.59848535937302,0.172777190119926,1
379,B4_K06_I01-03-04-05-07-09,Branch4,6,2,L2-L4,1,,1.19315653968595,-0.447703292588238,1.98717164490943,1.58339010258552,0.187214256038621,1
379,B4_K06_I01-03-04-05-07-09,Branch4,6,2,L3-L4,1,,0.681553434207234,-0.261604834315061,2.53579133576586,1.79821259334655,0.00661340381312476,1
379,B4_K06_I01-03-04-05-07-09,Branch4,6,3,L1-L2-L3,1,,1.32965004127245,-0.0435191784995469,1.76108662612411,1.50803480506036,0.211385429197981,1
379,B4_K06_I01-03-04-05-07-09,Branch4,6,3,L1-L2-L4,1,,1.11263481181249,-0.299966241596841,2.01911782953106,1.46553472282135,0.257757402145497,1
379,B4_K06_I01-03-04-05-07-09,Branch4,6,3,L1-L3-L4,1,,0.712039673117125,-0.266808143162381,2.49558264030778,1.78719664575255,0.300157617374369,1
379,B4_K06_I01-03-04-05-07-09,Branch4,6,3,L2-L3-L4,1,,1.08873386172571,-0.346411741733689,2.08239746302974,1.72377992391701,0.224233902215777,1
379,B4_K06_I01-03-04-05-07-09,Branch4,6,4,L1-L2-L3-L4,1,,1.12019012692586,-0.273019790128909,2.0077809004529,1.59533066262018,0.256130424013246,1
380,B4_K06_I01-03-04-05-08-09,Branch4,6,2,L1-L2,1,,1.77471927581062,0.384665236833071,1.35805784268116,1.45486102340873,0.00201659601770257,1
380,B4_K06_I01-03-04-05-08-09,Branch4,6,2,L1-L3,1,,1.09835466163243,-0.120434513797032,2.00008284128414,1.56292120272953,0.233238656658539,1
380,B4_K06_I01-03-04-05-08-09,Branch4,6,2,L1-L4,1,,0.799669158810499,-0.288181072559741,2.34510649306323,1.53944738640834,0.249732910398338,1
380,B4_K06_I01-03-04-05-08-09,Branch4,6,2,L2-L3,1,,1.39144616734819,-0.145860378222286,1.70872014976799,1.58314542702917,0.186374519567642,1
380,B4_K06_I01-03-04-05-08-09,Branch4,6,2,L2-L4,1,,1.22885030237982,-0.46241673009901,1.95334836282995,1.56532142911919,0.204170774548404,1
380,B4_K06_I01-03-04-05-08-09,Branch4,6,2,L3-L4,1,,0.669350114796378,-0.263282854910555,2.55204348875506,1.79885532703509,0.00670656453521129,1
380,B4_K06_I01-03-04-05-08-09,Branch4,6,3,L1-L2-L3,1,,1.40290128338492,0.0179447161769923,1.68749956922279,1.47167086739572,0.226045959882652,1
380,B4_K06_I01-03-04-05-08-09,Branch4,6,3,L1-L2-L4,1,,1.11534373092624,-0.295173032697429,2.0153114547595,1.45630732769065,0.267669723418912,1
380,B4_K06_I01-03-04-05-08-09,Branch4,6,3,L1-L3-L4,1,,0.701238225007678,-0.268814961638314,2.5096851443226,1.787590390819,0.297434074765302,1
380,B4_K06_I01-03-04-05-08-09,Branch4,6,3,L2-L3-L4,1,,1.11635450609049,-0.351823358384704,2.05299383858827,1.71699292374996,0.242616980755482,1
380,B4_K06_I01-03-04-05-08-09,Branch4,6,4,L1-L2-L3-L4,1,,1.12900105540237,-0.272771850410625,1.99872909548199,1.59678178380085,0.266534427979947,1
381,B4_K06_I01-03-04-06-07-08,Branch4,6,2,L1-L2,1,,1.69344924935674,0.340124455062711,1.4315778776351,1.4585056718826,0.0173525896956426,1
381,B4_K06_I01-03-04-06-07-08,Branch4,6,2,L1-L3,1,,1.09246649968172,-0.125446697618458,2.00656240537802,1.56252325601866,0.234160161628004,1
381,B4_K06_I01-03-04-06-07-08,Branch4,6,2,L1-L4,1,,0.806723855171366,-0.283476699570249,2.33595658397784,1.54316093206755,0.252145055565111,1
381,B4_K06_I01-03-04-06-07-08,Branch4,6,2,L2-L3,1,,1.3253454527108,-0.16132915001087,1.77818435907287,1.59825069260269,0.174018397485239,1
381,B4_K06_I01-03-04-06-07-08,Branch4,6,2,L2-L4,1,,1.17874455864375,-0.442047945806675,2.00068718817716,1.5861971353292,0.190337967299281,1
381,B4_K06_I01-03-04-06-07-08,Branch4,6,2,L3-L4,1,,0.695573638669221,-0.266603419223922,2.52243993969903,1.80103302413658,0.00322149647452855,1
381,B4_K06_I01-03-04-06-07-08,Branch4,6,3,L1-L2-L3,1,,1.31145902421008,-0.0486366686863939,1.7794540901965,1.50535396474225,0.210446088387873,1
381,B4_K06_I01-03-04-06-07-08,Branch4,6,3,L1-L2-L4,1,,1.0757848311116,-0.291606425218721,2.05490809561538,1.47061556367062,0.254281925397344,1
381,B4_K06_I01-03-04-06-07-08,Branch4,6,3,L1-L3-L4,1,,0.711263635826787,-0.269287965416449,2.50159936446718,1.79523658891807,0.300724352833436,1
381,B4_K06_I01-03-04-06-07-08,Branch4,6,3,L2-L3-L4,1,,1.07031426306797,-0.341775170575173,2.10244930761194,1.7313136063203,0.225799078973359,1
381,B4_K06_I01-03-04-06-07-08,Branch4,6,4,L1-L2-L3-L4,1,,1.10519556345921,-0.274954199873767,2.02428398247025,1.6005325392211,0.253635351038022,1
382,B4_K06_I01-03-04-06-07-09,Branch4,6,2,L1-L2,1,,1.69559237599008,0.342637583615348,1.42974814872391,1.46540546077431,0.0238916496055574,1
382,B4_K06_I01-03-04-06-07-09,Branch4,6,2,L1-L3,1,,1.09835466163243,-0.120434513797032,2.00008284128414,1.56292120272953,0.233238656658539,1
382,B4_K06_I01-03-04-06-07-09,Branch4,6,2,L1-L4,1,,0.804200709677321,-0.283708977785293,2.33856396328634,1.53989837211723,0.249079698547808,1
382,B4_K06_I01-03-04-06-07-09,Branch4,6,2,L2-L3,1,,1.32256440829804,-0.159555585133837,1.78140480515499,1.60628850068505,0.165858750608742,1
382,B4_K06_I01-03-04-06-07-09,Branch4,6,2,L2-L4,1,,1.17512054549191,-0.442686847895708,2.00537685402216,1.59235411385806,0.178840914716078,1
382,B4_K06_I01-03-04-06-07-09,Branch4,6,2,L3-L4,1,,0.681553434207234,-0.261604834315061,2.53579133576586,1.79821259334655,0.00661340381312472,1
382,B4_K06_I01-03-04-06-07-09,Branch4,6,3,L1-L2-L3,1,,1.3063446269698,-0.0543075172897572,1.78490157306232,1.5174663672094,0.206426938067067,1
382,B4_K06_I01-03-04-06-07-09,Branch4,6,3,L1-L2-L4,1,,1.10959317768649,-0.304639704964795,2.02338585883987,1.47305665194134,0.252030770248165,1
382,B4_K06_I01-03-04-06-07-09,Branch4,6,3,L1-L3-L4,1,,0.712040995955025,-0.266832411508152,2.4955527928669,1.78711558999996,0.295716588875606,1
382,B4_K06_I01-03-04-06-07-09,Branch4,6,3,L2-L3-L4,1,,1.08218207776051,-0.339987797759534,2.08702262430164,1.72262688660157,0.212888344057858,1
382,B4_K06_I01-03-04-06-07-09,Branch4,6,4,L1-L2-L3-L4,1,,1.10937997303832,-0.274538671948983,2.0196374431699,1.59836889304609,0.249600740067047,1
383,B4_K06_I01-03-04-06-08-09,Branch4,6,2,L1-L2,1,,1.72262730932904,0.358622203820126,1.40531658836957,1.47398530510165,0.0238872621080875,1
383,B4_K06_I01-03-04-06-08-09,Branch4,6,2,L1-L3,1,,1.08947294434641,-0.123526935605864,2.00954725588763,1.56568302964014,0.230310573526574,1
383,B4_K06_I01-03-04-06-08-09,Branch4,6,2,L1-L4,1,,0.803821416348235,-0.283747306306612,2.33937439576163,1.54666409546541,0.2485507657934,1
383,B4_K06_I01-03-04-06-08-09,Branch4,6,2,L2-L3,1,,1.33717110719592,-0.159407928237274,1.76695296847478,1.61028252221884,0.161077736502538,1
383,B4_K06_I01-03-04-06-08-09,Branch4,6,2,L2-L4,1,,1.19026971375141,-0.448281702058762,1.99185523711467,1.5993155920321,0.176614708838451,1
383,B4_K06_I01-03-04-06-08-09,Branch4,6,2,L3-L4,1,,0.682958087678421,-0.261574751387821,2.53588637200021,1.80160982448634,0.00322359686045505,1
383,B4_K06_I01-03-04-06-08-09,Branch4,6,3,L1-L2-L3,1,,1.32061728341898,-0.048140653247862,1.77041131663888,1.51995478677071,0.205218672256356,1
383,B4_K06_I01-03-04-06-08-09,Branch4,6,3,L1-L2-L4,1,,1.14196387657856,-0.311639078579452,1.9916315428284,1.47656258540337,0.25718480505232,1
383,B4_K06_I01-03-04-06-08-09,Branch4,6,3,L1-L3-L4,1,,0.699607112566519,-0.264535459812013,2.51381467465937,1.79577284073732,0.298020449285573,1
383,B4_K06_I01-03-04-06-08-09,Branch4,6,3,L2-L3-L4,1,,1.09619882032484,-0.345385493841512,2.07433879346291,1.72537308592878,0.211094190969672,1
383,B4_K06_I01-03-04-06-08-09,Branch4,6,4,L1-L2-L3-L4,1,,1.12095468554258,-0.274178863626309,2.00829237633229,1.60617897475306,0.249901430885115,1
384,B4_K06_I01-03-04-07-08-09,Branch4,6,2,L1-L2,1,,1.70915001841191,0.34232347429358,1.41613212742542,1.45336557550851,0.0102712641303281,1
384,B4_K06_I01-03-04-07-08-09,Branch4,6,2,L1-L3,1,,1.11127042089813,-0.120034052454623,1.98705008760938,1.56336612164215,0.231937194339664,1
384,B4_K06_I01-03-04-07-08-09,Branch4,6,2,L1-L4,1,,0.817116871446605,-0.287364136651947,2.32630993016712,1.54335103006418,0.251499545309157,1
384,B4_K06_I01-03-04-07-08-09,Branch4,6,2,L2-L3,1,,1.35112413850633,-0.152005836139723,1.75051865060204,1.59066630051446,0.180541264890814,1
384,B4_K06_I01-03-04-07-08-09,Branch4,6,2,L2-L4,1,,1.19702737963418,-0.447041969613265,1.98227152107525,1.57723756843155,0.198666319747505,1
384,B4_K06_I01-03-04-07-08-09,Branch4,6,2,L3-L4,1,,0.682958087678421,-0.261574751387821,2.53588637200021,1.80160982448634,0.00322359686045505,1
384,B4_K06_I01-03-04-07-08-09,Branch4,6,3,L1-L2-L3,1,,1.3480017478482,-0.0213610572533249,1.74223974250606,1.48604629960588,0.214814905526452,1
384,B4_K06_I01-03-04-07-08-09,Branch4,6,3,L1-L2-L4,1,,1.0835228027899,-0.28889310221211,2.04638216397637,1.462260736715,0.258094401372312,1
384,B4_K06_I01-03-04-07-08-09,Branch4,6,3,L1-L3-L4,1,,0.700656795267311,-0.264752100533328,2.51260016011984,1.79569527375969,0.303018509659603,1
384,B4_K06_I01-03-04-07-08-09,Branch4,6,3,L2-L3-L4,1,,1.08179247796023,-0.344334748248447,2.09039194188709,1.72911193045266,0.236331394180653,1
384,B4_K06_I01-03-04-07-08-09,Branch4,6,4,L1-L2-L3-L4,1,,1.11828920125811,-0.270524014505709,2.00900369164143,1.5939918961473,0.257217711038221,1
385,B4_K06_I01-03-05-06-07-08,Branch4,6,2,L1-L2,1,,1.6943865916488,0.341282576836611,1.43077617173652,1.46194198599946,0.020625242109214,1
385,B4_K06_I01-03-05-06-07-08,Branch4,6,2,L1-L3,1,,1.09835466163243,-0.120434513797032,2.00008284128414,1.56292120272953,0.233238656658539,1
385,B4_K06_I01-03-05-06-07-08,Branch4,6,2,L1-L4,1,,0.801723061230591,-0.283938708733424,2.34113625615035,1.53663017525524,0.246009423030776,1
385,B4_K06_I01-03-05-06-07-08,Branch4,6,2,L2-L3,1,,1.32529066043777,-0.158092812948785,1.77815852526531,1.60234228013593,0.169772517393945,1
385,B4_K06_I01-03-05-06-07-08,Branch4,6,2,L2-L4,1,,1.17543367427363,-0.442591469893314,2.00441669579341,1.58524085301067,0.180599250023113,1
385,B4_K06_I01-03-05-06-07-08,Branch4,6,2,L3-L4,1,,0.680307628149692,-0.261655632020469,2.53552520054866,1.79480925345726,0.0100022021592665,1
385,B4_K06_I01-03-05-06-07-08,Branch4,6,3,L1-L2-L3,1,,1.30978719964581,-0.0505641908991437,1.78124636172263,1.51223459237017,0.207854676031964,1
385,B4_K06_I01-03-05-06-07-08,Branch4,6,3,L1-L2-L4,1,,1.10213482385171,-0.302353627833927,2.03060907904928,1.46878573580083,0.250497545045592,1
385,B4_K06_I01-03-05-06-07-08,Branch4,6,3,L1-L3-L4,1,,0.723747948421269,-0.268855622187904,2.47835472024058,1.77824054163613,0.289229642072041,1
385,B4_K06_I01-03-05-06-07-08,Branch4,6,3,L2-L3-L4,1,,1.08147780267977,-0.34086952892324,2.08729276752151,1.71904430573755,0.215795200346142,1
385,B4_K06_I01-03-05-06-07-08,Branch4,6,4,L1-L2-L3-L4,1,,1.1052107652673,-0.275607074531783,2.02400503444581,1.59584523746066,0.249950356142302,1
386,B4_K06_I01-03-05-06-07-09,Branch4,6,2,L1-L2,1,,1.69559237599008,0.342637583615348,1.42974814872391,1.46540546077431,0.0238916496055574,1
386,B4_K06_I01-03-05-06-07-09,Branch4,6,2,L1-L3,1,,1.09835466163243,-0.120434513797032,2.00008284128414,1.56292120272953,0.233238656658539,1
386,B4_K06_I01-03-05-06-07-09,Branch4,6,2,L1-L4,1,,0.801723061230591,-0.283938708733424,2.34113625615035,1.53663017525524,0.246009423030776,1
386,B4_K06_I01-03-05-06-07-09,Branch4,6,2,L2-L3,1,,1.32256440829804,-0.159555585133837,1.78140480515499,1.60628850068505,0.165858750608742,1
386,B4_K06_I01-03-05-06-07-09,Branch4,6,2,L2-L4,1,,1.17415678039435,-0.442829404385475,2.00625338765095,1.58966350305216,0.176175462813312,1
386,B4_K06_I01-03-05-06-07-09,Branch4,6,2,L3-L4,1,,0.680307628149692,-0.261655632020469,2.53552520054866,1.79480925345726,0.0100022021592665,1
386,B4_K06_I01-03-05-06-07-09,Branch4,6,3,L1-L2-L3,1,,1.3063446269698,-0.0543075172897572,1.78490157306232,1.5174663672094,0.206426938067067,1
386,B4_K06_I01-03-05-06-07-09,Branch4,6,3,L1-L2-L4,1,,1.11609799439016,-0.307398434588864,2.01747735941622,1.4704006599863,0.250903456514188,1
386,B4_K06_I01-03-05-06-07-09,Branch4,6,3,L1-L3-L4,1,,0.723747948421269,-0.268855622187904,2.47835472024058,1.77824054163613,0.289229642072041,1
386,B4_K06_I01-03-05-06-07-09,Branch4,6,3,L2-L3-L4,1,,1.07956512694609,-0.344982714187276,2.09116446591474,1.72085145704458,0.212373829246714,1
386,B4_K06_I01-03-05-06-07-09,Branch4,6,4,L1-L2-L3-L4,1,,1.10732637527787,-0.276362314098252,2.02210980720785,1.59698509612625,0.248526710181862,1
387,B4_K06_I01-03-05-06-08-09,Branch4,6,2,L1-L2,1,,1.72184593319541,0.356936927855007,1.4059195605282,1.46503543817702,0.019712056104188,1
387,B4_K06_I01-03-05-06-08-09,Branch4,6,2,L1-L3,1,,1.09835466163243,-0.120434513797032,2.00008284128414,1.56292120272953,0.233238656658539,1
387,B4_K06_I01-03-05-06-08-09,Branch4,6,2,L1-L4,1,,0.801723061230591,-0.283938708733424,2.34113625615035,1.53663017525524,0.246009423030776,1
387,B4_K06_I01-03-05-06-08-09,Branch4,6,2,L2-L3,1,,1.34249603449044,-0.156539936587415,1.76060040657232,1.60240884663977,0.168884356818563,1
387,B4_K06_I01-03-05-06-08-09,Branch4,6,2,L2-L4,1,,1.19085354554532,-0.448091849635312,1.98995548649699,1.58513477280286,0.180157501546479,1
387,B4_K06_I01-03-05-06-08-09,Branch4,6,2,L3-L4,1,,0.680307628149692,-0.261655632020469,2.53552520054866,1.79480925345726,0.0100022021592665,1
387,B4_K06_I01-03-05-06-08-09,Branch4,6,3,L1-L2-L3,1,,1.32565333846628,-0.0457865608060088,1.76520040139165,1.51289915359588,0.208823754387026,1
387,B4_K06_I01-03-05-06-08-09,Branch4,6,3,L1-L2-L4,1,,1.13041485532616,-0.307545790003713,2.00274077408921,1.46652302485381,0.255281176317321,1
387,B4_K06_I01-03-05-06-08-09,Branch4,6,3,L1-L3-L4,1,,0.723747948421269,-0.268855622187904,2.47835472024058,1.77824054163613,0.289229642072041,1
387,B4_K06_I01-03-05-06-08-09,Branch4,6,3,L2-L3-L4,1,,1.09793063824052,-0.344065453337763,2.07008083139485,1.71641520214274,0.21579452548768,1
387,B4_K06_I01-03-05-06-08-09,Branch4,6,4,L1-L2-L3-L4,1,,1.11618649602833,-0.27601609671236,2.01293825593745,1.5981091624092,0.252100390956012,1
388,B4_K06_I01-03-05-07-08-09,Branch4,6,2,L1-L2,1,,1.69403867982463,0.339826748844028,1.43106451898342,1.4529054213696,0.0164061559904129,1
388,B4_K06_I01-03-05-07-08-09,Branch4,6,2,L1-L3,1,,1.10732417017288,-0.117322234707036,1.99055473307212,1.56018651113231,0.236148999502579,1
388,B4_K06_I01-03-05-07-08-09,Branch4,6,2,L1-L4,1,,0.804657620836382,-0.28367023357148,2.33773198322064,1.53313481984891,0.249610588821586,1
388,B4_K06_I01-03-05-07-08-09,Branch4,6,2,L2-L3,1,,1.33100184256523,-0.155073806274503,1.77144319519201,1.59447736244268,0.177578629782247,1
388,B4_K06_I01-03-05-07-08-09,Branch4,6,2,L2-L4,1,,1.17817161332229,-0.442098779615492,2.00059701466134,1.57640782051703,0.189440003778574,1
388,B4_K06_I01-03-05-07-08-09,Branch4,6,2,L3-L4,1,,0.680307628149692,-0.261655632020469,2.53552520054866,1.79480925345726,0.0100022021592665,1
388,B4_K06_I01-03-05-07-08-09,Branch4,6,3,L1-L2-L3,1,,1.31871634843675,-0.0424407640472724,1.77196684736178,1.50044466616535,0.212276560527966,1
388,B4_K06_I01-03-05-07-08-09,Branch4,6,3,L1-L2-L4,1,,1.07756150133884,-0.292414514130705,2.05357444857057,1.46186055273708,0.252990110534616,1
388,B4_K06_I01-03-05-07-08-09,Branch4,6,3,L1-L3-L4,1,,0.723802061591624,-0.268831770168763,2.47833522011412,1.77836145702911,0.293665961613181,1
388,B4_K06_I01-03-05-07-08-09,Branch4,6,3,L2-L3-L4,1,,1.07948228414897,-0.337899467220431,2.08836965573955,1.71872952544252,0.224720404009295,1
388,B4_K06_I01-03-05-07-08-09,Branch4,6,4,L1-L2-L3-L4,1,,1.10523434954308,-0.273628509393389,2.02299995811741,1.59045063227872,0.254470715049179,1
389,B4_K06_I01-03-06-07-08-09,Branch4,6,2,L1-L2,1,,1.6943865916488,0.341282576836611,1.43077617173652,1.46194198599946,0.020625242109214,1
389,B4_K06_I01-03-06-07-08-09,Branch4,6,2,L1-L3,1,,1.09835466163243,-0.120434513797032,2.00008284128414,1.56292120272953,0.233238656658539,1
389,B4_K06_I01-03-06-07-08-09,Branch4,6,2,L1-L4,1,,0.804200709677321,-0.283708977785293,2.33856396328634,1.53989837211723,0.249079698547808,1
389,B4_K06_I01-03-06-07-08-09,Branch4,6,2,L2-L3,1,,1.32529066043777,-0.158092812948785,1.77815852526531,1.60234228013593,0.169772517393945,1
389,B4_K06_I01-03-06-07-08-09,Branch4,6,2,L2-L4,1,,1.176403212578,-0.442445706645971,2.00352196040122,1.58793056751767,0.183261724901663,1
389,B4_K06_I01-03-06-07-08-09,Branch4,6,2,L3-L4,1,,0.681553434207234,-0.261604834315061,2.53579133576586,1.79821259334655,0.00661340381312472,1
389,B4_K06_I01-03-06-07-08-09,Branch4,6,3,L1-L2-L3,1,,1.30978719964581,-0.0505641908991437,1.78124636172263,1.51223459237017,0.207854676031964,1
389,B4_K06_I01-03-06-07-08-09,Branch4,6,3,L1-L2-L4,1,,1.09569370053387,-0.299554469883804,2.03644464419557,1.47113969476867,0.251923970525496,1
389,B4_K06_I01-03-06-07-08-09,Branch4,6,3,L1-L3-L4,1,,0.712040995955025,-0.266832411508152,2.4955527928669,1.78711558999996,0.295716588875606,1
389,B4_K06_I01-03-06-07-08-09,Branch4,6,3,L2-L3-L4,1,,1.07572909522374,-0.34267232435928,2.09551033424438,1.72529773441907,0.219068659786826,1
389,B4_K06_I01-03-06-07-08-09,Branch4,6,4,L1-L2-L3-L4,1,,1.10730412795329,-0.273800263938994,2.02149607687342,1.5972379221931,0.251030616527977,1
390,B4_K06_I01-04-05-06-07-08,Branch4,6,2,L1-L2,1,,1.69706540989094,0.344188054817947,1.42849524436713,1.46889476927724,0.027151194392675,1
390,B4_K06_I01-04-05-06-07-08,Branch4,6,2,L1-L3,1,,1.099868510795,-0.122856037199717,1.99897154314201,1.56537615381823,0.236486050793257,1
390,B4_K06_I01-04-05-06-07-08,Branch4,6,2,L1-L4,1,,0.808774946241048,-0.279248143775371,2.33203603197538,1.54034861883127,0.248428560172191,1
390,B4_K06_I01-04-05-06-07-08,Branch4,6,2,L2-L3,1,,1.31886447763732,-0.164925323003241,1.78632185841554,1.61236748355615,0.164474416465587,1
390,B4_K06_I01-04-05-06-07-08,Branch4,6,2,L2-L4,1,,1.17533672377986,-0.438151889093764,2.00370568343783,1.59697419323653,0.174164094163386,1
390,B4_K06_I01-04-05-06-07-08,Branch4,6,2,L3-L4,1,,0.708144343691195,-0.264993622609584,2.5059200319426,1.80016226010634,0.00965755507895294,1
390,B4_K06_I01-04-05-06-07-08,Branch4,6,3,L1-L2-L3,1,,1.30528646763601,-0.055417662458622,1.78603921041351,1.51969529137419,0.208098056733695,1
390,B4_K06_I01-04-05-06-07-08,Branch4,6,3,L1-L2-L4,1,,1.12366718150459,-0.304973166966959,2.00879035148325,1.47540328934785,0.251496286550058,1
390,B4_K06_I01-04-05-06-07-08,Branch4,6,3,L1-L3-L4,1,,0.746189447406813,-0.271009265194081,2.4554388470902,1.78405072226283,0.290351615340864,1
390,B4_K06_I01-04-05-06-07-08,Branch4,6,3,L2-L3-L4,1,,1.08135340002177,-0.342196475705996,2.09006236365632,1.72880443871666,0.209424208211724,1
390,B4_K06_I01-04-05-06-07-08,Branch4,6,4,L1-L2-L3-L4,1,,1.11038952354793,-0.278047997736388,2.02013072344425,1.60504254396125,0.248381047942977,1
391,B4_K06_I01-04-05-06-07-09,Branch4,6,2,L1-L2,1,,1.66944653257126,0.328466583154496,1.45354187456459,1.46584985268775,0.0281452959174656,1
391,B4_K06_I01-04-05-06-07-09,Branch4,6,2,L1-L3,1,,1.10568649878421,-0.11788643723262,1.99258445464853,1.56576125250645,0.235558323923202,1
391,B4_K06_I01-04-05-06-07-09,Branch4,6,2,L1-L4,1,,0.808774946241048,-0.279248143775371,2.33203603197538,1.54034861883127,0.248428560172191,1
391,B4_K06_I01-04-05-06-07-09,Branch4,6,2,L2-L3,1,,1.30441474645881,-0.161724134821551,1.80054591199612,1.61247795306419,0.165036139707426,1
391,B4_K06_I01-04-05-06-07-09,Branch4,6,2,L2-L4,1,,1.16002098164426,-0.432645875567248,2.01806890254537,1.59710791172328,0.174613136823984,1
391,B4_K06_I01-04-05-06-07-09,Branch4,6,2,L3-L4,1,,0.695599385709146,-0.259989736502015,2.51918876645555,1.80072974241339,0.00969289021590792,1
391,B4_K06_I01-04-05-06-07-09,Branch4,6,3,L1-L2-L3,1,,1.29162448514308,-0.0580080084235213,1.79984597157003,1.52077172370783,0.206222406252983,1
391,B4_K06_I01-04-05-06-07-09,Branch4,6,3,L1-L2-L4,1,,1.09666310879394,-0.299934066101778,2.03539168707508,1.47739830778681,0.246866672115244,1
391,B4_K06_I01-04-05-06-07-09,Branch4,6,3,L1-L3-L4,1,,0.736200571942103,-0.266679098717589,2.46560014500747,1.78460211088528,0.291598529707349,1
391,B4_K06_I01-04-05-06-07-09,Branch4,6,3,L2-L3-L4,1,,1.06700985886404,-0.337113688444875,2.10401744423733,1.7295709034435,0.209589598292973,1
391,B4_K06_I01-04-05-06-07-09,Branch4,6,4,L1-L2-L3-L4,1,,1.10158791652316,-0.27392673285116,2.02768604397897,1.59974538436576,0.246348243319884,1
392,B4_K06_I01-04-05-06-08-09,Branch4,6,2,L1-L2,1,,1.72141381549356,0.357290331744136,1.4063305610239,1.4705659504626,0.020657671063405,1
392,B4_K06_I01-04-05-06-08-09,Branch4,6,2,L1-L3,1,,1.09676021238966,-0.120993682382286,2.00209006409562,1.56852345339451,0.232646093152691,1
392,B4_K06_I01-04-05-06-08-09,Branch4,6,2,L1-L4,1,,0.803821416348235,-0.283747306306612,2.33937439576163,1.54666409546541,0.2485507657934,1
392,B4_K06_I01-04-05-06-08-09,Branch4,6,2,L2-L3,1,,1.34150724859789,-0.157154678144947,1.76216090112727,1.60856994373541,0.16717008594223,1
392,B4_K06_I01-04-05-06-08-09,Branch4,6,2,L2-L4,1,,1.19149911638923,-0.448044818431906,1.99003568458551,1.59489199042784,0.181029797932275,1
392,B4_K06_I01-04-05-06-08-09,Branch4,6,2,L3-L4,1,,0.684675012775437,-0.261602520237518,2.53552075632945,1.80478970268525,0.00641654592380034,1
392,B4_K06_I01-04-05-06-08-09,Branch4,6,3,L1-L2-L3,1,,1.32224378851089,-0.049483646966817,1.76885803932556,1.52153891092418,0.207741077591136,1
392,B4_K06_I01-04-05-06-08-09,Branch4,6,3,L1-L2-L4,1,,1.12817670000746,-0.306708726795409,2.00458987404172,1.47556065028483,0.256275089345981,1
392,B4_K06_I01-04-05-06-08-09,Branch4,6,3,L1-L3-L4,1,,0.714095079958162,-0.26670745766178,2.49635021366524,1.79390278398262,0.295245720492574,1
392,B4_K06_I01-04-05-06-08-09,Branch4,6,3,L2-L3-L4,1,,1.0937186183597,-0.346809944499399,2.07816284261516,1.72831742263422,0.217240069564012,1
392,B4_K06_I01-04-05-06-08-09,Branch4,6,4,L1-L2-L3-L4,1,,1.11893294438046,-0.274446589500492,2.01041169226209,1.60573121264348,0.252292185566713,1
393,B4_K06_I01-04-05-07-08-09,Branch4,6,2,L1-L2,1,,1.68291775630352,0.327661367717252,1.44000692653273,1.45128593532307,0.0167437463896732,1
393,B4_K06_I01-04-05-07-08-09,Branch4,6,2,L1-L3,1,,1.12011312851989,-0.116955010593623,1.97766105691996,1.56063845221682,0.234837632146859,1
393,B4_K06_I01-04-05-07-08-09,Branch4,6,2,L1-L4,1,,0.820060426698666,-0.287088615731041,2.32286891307045,1.53986383851462,0.255081819355866,1
393,B4_K06_I01-04-05-07-08-09,Branch4,6,2,L2-L3,1,,1.33100184256523,-0.155073806274503,1.77144319519201,1.59447736244268,0.177578629782247,1
393,B4_K06_I01-04-05-07-08-09,Branch4,6,2,L2-L4,1,,1.18015567298592,-0.441792498586214,1.99871694930741,1.58178082871225,0.194750916488212,1
393,B4_K06_I01-04-05-07-08-09,Branch4,6,2,L3-L4,1,,0.682958087678421,-0.261574751387821,2.53588637200021,1.80160982448634,0.00322359686045505,1
393,B4_K06_I01-04-05-07-08-09,Branch4,6,3,L1-L2-L3,1,,1.32041450904248,-0.0433805847777373,1.77029934722107,1.49833038654111,0.210973631512766,1
393,B4_K06_I01-04-05-07-08-09,Branch4,6,3,L1-L2-L4,1,,1.07833147490852,-0.289113820826408,2.05187840434004,1.46107030683434,0.255836180626382,1
393,B4_K06_I01-04-05-07-08-09,Branch4,6,3,L1-L3-L4,1,,0.700914204591849,-0.2647822087143,2.51227058108318,1.79563461005951,0.307352259964377,1
393,B4_K06_I01-04-05-07-08-09,Branch4,6,3,L2-L3-L4,1,,1.06756638024544,-0.341450650699556,2.10530828421129,1.73128262845337,0.231632320293889,1
393,B4_K06_I01-04-05-07-08-09,Branch4,6,4,L1-L2-L3-L4,1,,1.11312924931671,-0.270360958541932,2.01390756206505,1.58936857837005,0.255033608739333,1
394,B4_K06_I01-04-06-07-08-09,Branch4,6,2,L1-L2,1,,1.6832956300354,0.32916796130546,1.43967780268002,1.46038590681031,0.0209826777736137,1
394,B4_K06_I01-04-06-07-08-09,Branch4,6,2,L1-L3,1,,1.11127042089813,-0.120034052454623,1.98705008760938,1.56336612164215,0.231937194339664,1
394,B4_K06_I01-04-06-07-08-09,Branch4,6,2,L1-L4,1,,0.82163625652161,-0.282916247192924,2.31985277848396,1.54379260549725,0.250847790185975,1
394,B4_K06_I01-04-06-07-08-09,Branch4,6,2,L2-L3,1,,1.32529066043777,-0.158092812948785,1.77815852526531,1.60234228013593,0.169772517393945,1
394,B4_K06_I01-04-06-07-08-09,Branch4,6,2,L2-L4,1,,1.17882800640535,-0.437537701034256,1.99915286490982,1.59082266636037,0.185652730825282,1
394,B4_K06_I01-04-06-07-08-09,Branch4,6,2,L3-L4,1,,0.695178491826181,-0.259913581761765,2.51978602096191,1.80095528508906,0.00314911100105398,1
394,B4_K06_I01-04-06-07-08-09,Branch4,6,3,L1-L2-L3,1,,1.31017207495944,-0.0536943657189698,1.78098485974451,1.51213027928188,0.206206510048601,1
394,B4_K06_I01-04-06-07-08-09,Branch4,6,3,L1-L2-L4,1,,1.08232621511403,-0.292499580468307,2.04826617863045,1.47421867412797,0.250002589870563,1
394,B4_K06_I01-04-06-07-08-09,Branch4,6,3,L1-L3-L4,1,,0.712158064877682,-0.262920591725089,2.49759166292707,1.79511732240541,0.301067707844822,1
394,B4_K06_I01-04-06-07-08-09,Branch4,6,3,L2-L3-L4,1,,1.07446185286734,-0.33739879214077,2.09632757439736,1.73074973223394,0.220658087439914,1
394,B4_K06_I01-04-06-07-08-09,Branch4,6,4,L1-L2-L3-L4,1,,1.11402953437173,-0.270586475208866,2.0136756135307,1.59680174573853,0.249603619278356,1
395,B4_K06_I01-05-06-07-08-09,Branch4,6,2,L1-L2,1,,1.66223580961031,0.320156136827271,1.45913633911483,1.4715104509181,0.0351529188939354,1
395,B4_K06_I01-05-06-07-08-09,Branch4,6,2,L1-L3,1,,1.11848131904796,-0.117518439494446,1.97968043302565,1.56618411162781,0.234243751420183,1
395,B4_K06_I01-05-06-07-08-09,Branch4,6,2,L1-L4,1,,0.814620016946726,-0.287597189659236,2.3288919931959,1.54010274914622,0.248446546387903,1
395,B4_K06_I01-05-06-07-08-09,Branch4,6,2,L2-L3,1,,1.29930754815235,-0.164553800109494,1.80679497079022,1.62044502715319,0.157156490646732,1
395,B4_K06_I01-05-06-07-08-09,Branch4,6,2,L2-L4,1,,1.15629664533151,-0.437898823036979,2.02507043333359,1.60579022084967,0.166006139412594,1
395,B4_K06_I01-05-06-07-08-09,Branch4,6,2,L3-L4,1,,0.683386522067333,-0.261652121505038,2.53527308317181,1.80138572229202,0.00980575344535722,1
395,B4_K06_I01-05-06-07-08-09,Branch4,6,3,L1-L2-L3,1,,1.2917840872575,-0.0583914781232755,1.79973249961451,1.5225020182044,0.202971786991723,1
395,B4_K06_I01-05-06-07-08-09,Branch4,6,3,L1-L2-L4,1,,1.11650163582211,-0.315275849098727,2.01909234877997,1.48172859263964,0.246160984223528,1
395,B4_K06_I01-05-06-07-08-09,Branch4,6,3,L1-L3-L4,1,,0.727764467066276,-0.269171821101521,2.47688495169627,1.78509224435727,0.293518994471197,1
395,B4_K06_I01-05-06-07-08-09,Branch4,6,3,L2-L3-L4,1,,1.07045261059243,-0.342924309573877,2.10186444679539,1.72772755195723,0.200774628879418,1
395,B4_K06_I01-05-06-07-08-09,Branch4,6,4,L1-L2-L3-L4,1,,1.10842931118899,-0.277539115130859,2.02122579388721,1.59648457816287,0.243155045405076,1
396,B4_K06_I02-03-04-05-06-07,Branch4,6,2,L1-L2,1,,1.6988043325779,0.345932430545193,1.42701905390695,1.47240857354176,0.0304032654001196,1
396,B4_K06_I02-03-04-05-06-07,Branch4,6,2,L1-L3,1,,1.09246649968172,-0.125446697618458,2.00656240537802,1.56252325601866,0.234160161628004,1
396,B4_K06_I02-03-04-05-06-07,Branch4,6,2,L1-L4,1,,0.808774946241051,-0.27924814377537,2.33203603197538,1.54034861883127,0.248428560172191,1
396,B4_K06_I02-03-04-05-06-07,Branch4,6,2,L2-L3,1,,1.31457499491258,-0.167178779290584,1.79109879310491,1.61408035646326,0.158322896529792,1
396,B4_K06_I02-03-04-05-06-07,Branch4,6,2,L2-L4,1,,1.17417855632846,-0.438377951701353,2.00545472325403,1.60139820655082,0.169745898294285,1
396,B4_K06_I02-03-04-05-06-07,Branch4,6,2,L3-L4,1,,0.706387863707553,-0.264948119999216,2.50642251717085,1.79702462732405,0.00650133033548587,1
396,B4_K06_I02-03-04-05-06-07,Branch4,6,3,L1-L2-L3,1,,1.31400911926032,-0.0433509102127224,1.7767442636744,1.51000175439266,0.207039704260575,1
396,B4_K06_I02-03-04-05-06-07,Branch4,6,3,L1-L2-L4,1,,1.13740886064231,-0.309924278258459,1.99588009676238,1.47660138138846,0.252655508560221,1
396,B4_K06_I02-03-04-05-06-07,Branch4,6,3,L1-L3-L4,1,,0.733667896250507,-0.269395994342861,2.47045058907275,1.78609947158351,0.292625075125589,1
396,B4_K06_I02-03-04-05-06-07,Branch4,6,3,L2-L3-L4,1,,1.08552599050072,-0.339177146781128,2.08366505526559,1.72497892825856,0.202663723838167,1
396,B4_K06_I02-03-04-05-06-07,Branch4,6,4,L1-L2-L3-L4,1,,1.11232775540747,-0.277877789223344,2.01812442145468,1.60554484271762,0.246032792211957,1
397,B4_K06_I02-03-04-05-06-08,Branch4,6,2,L1-L2,1,,1.72098892644573,0.355852019810654,1.40663991337835,1.46164581229306,0.0164733503367444,1
397,B4_K06_I02-03-04-05-06-08,Branch4,6,2,L1-L3,1,,1.09246649968172,-0.125446697618458,2.00656240537802,1.56252325601866,0.234160161628004,1
397,B4_K06_I02-03-04-05-06-08,Branch4,6,2,L1-L4,1,,0.804200709677322,-0.283708977785293,2.33856396328634,1.53989837211723,0.249079698547808,1
397,B4_K06_I02-03-04-05-06-08,Branch4,6,2,L2-L3,1,,1.34257277785548,-0.159740600761051,1.76059587926937,1.59833253831516,0.1731113731019,1
397,B4_K06_I02-03-04-05-06-08,Branch4,6,2,L2-L4,1,,1.19315653968595,-0.447703292588238,1.98717164490943,1.58339010258552,0.187214256038621,1
397,B4_K06_I02-03-04-05-06-08,Branch4,6,2,L3-L4,1,,0.694204964405089,-0.266632808990885,2.52234725090208,1.79765388325348,0.00659333161839043,1
397,B4_K06_I02-03-04-05-06-08,Branch4,6,3,L1-L2-L3,1,,1.32848716557997,-0.0421992177007459,1.76219257103602,1.50498063492193,0.211600407823129,1
397,B4_K06_I02-03-04-05-06-08,Branch4,6,3,L1-L2-L4,1,,1.10971747792294,-0.299685803979356,2.02200077295441,1.46776724133876,0.256172422413907,1
397,B4_K06_I02-03-04-05-06-08,Branch4,6,3,L1-L3-L4,1,,0.722831508128703,-0.27136758479059,2.48443094665765,1.78658531836538,0.294236007740989,1
397,B4_K06_I02-03-04-05-06-08,Branch4,6,3,L2-L3-L4,1,,1.08778555372811,-0.347184818815591,2.0839642291108,1.72501586649596,0.223802067007236,1
397,B4_K06_I02-03-04-05-06-08,Branch4,6,4,L1-L2-L3-L4,1,,1.11390957670046,-0.277118233917571,2.0158844268834,1.60136944847335,0.254673624727998,1
398,B4_K06_I02-03-04-05-06-09,Branch4,6,2,L1-L2,1,,1.72787748317476,0.363179767755793,1.40085418301759,1.47884669940608,0.0326009826935039,1
398,B4_K06_I02-03-04-05-06-09,Branch4,6,2,L1-L3,1,,1.09835466163243,-0.120434513797032,2.00008284128414,1.56292120272953,0.233238656658539,1
398,B4_K06_I02-03-04-05-06-09,Branch4,6,2,L1-L4,1,,0.804200709677322,-0.283708977785293,2.33856396328634,1.53989837211723,0.249079698547808,1
398,B4_K06_I02-03-04-05-06-09,Branch4,6,2,L2-L3,1,,1.33219104826203,-0.162150096470801,1.77300667282044,1.61819014954096,0.153244042213222,1
398,B4_K06_I02-03-04-05-06-09,Branch4,6,2,L2-L4,1,,1.1870388139915,-0.448871742658833,1.99617895358061,1.60550271548521,0.165124299166439,1
398,B4_K06_I02-03-04-05-06-09,Branch4,6,2,L3-L4,1,,0.681553434207234,-0.261604834315061,2.53579133576586,1.79821259334655,0.00661340381312476,1
398,B4_K06_I02-03-04-05-06-09,Branch4,6,3,L1-L2-L3,1,,1.33082383795398,-0.035237113679221,1.75971730399448,1.51408482141923,0.206205807811975,1
398,B4_K06_I02-03-04-05-06-09,Branch4,6,3,L1-L2-L4,1,,1.17787400147116,-0.324016821578004,1.95791122114924,1.47215651824286,0.262205630592471,1
398,B4_K06_I02-03-04-05-06-09,Branch4,6,3,L1-L3-L4,1,,0.712040995955021,-0.266832411508151,2.4955527928669,1.78711558999996,0.295716588875607,1
398,B4_K06_I02-03-04-05-06-09,Branch4,6,3,L2-L3-L4,1,,1.10570999851893,-0.345332153885068,2.06261769090758,1.71869132420319,0.199053079479808,1
398,B4_K06_I02-03-04-05-06-09,Branch4,6,4,L1-L2-L3-L4,1,,1.12777828105556,-0.277085164638002,2.00175078561424,1.60402552641998,0.24793084601815,1
399,B4_K06_I02-03-04-05-07-08,Branch4,6,2,L1-L2,1,,1.72336039216852,0.357820924565584,1.40460386987091,1.46291750029752,0.0220011870704753,1
399,B4_K06_I02-03-04-05-07-08,Branch4,6,2,L1-L3,1,,1.10151882460104,-0.122283550548341,1.99692345584761,1.5597839680819,0.237077051478842,1
399,B4_K06_I02-03-04-05-07-08,Branch4,6,2,L1-L4,1,,0.807150198707082,-0.283437705744062,2.33512964333714,1.53640405014703,0.252674909357363,1
399,B4_K06_I02-03-04-05-07-08,Branch4,6,2,L2-L3,1,,1.33977139239834,-0.161236970183182,1.76390333788493,1.60226273056391,0.16921202273136,1
399,B4_K06_I02-03-04-05-07-08,Branch4,6,2,L2-L4,1,,1.19181075405435,-0.44794814118642,1.98907055452904,1.58780485397875,0.182800821193818,1
399,B4_K06_I02-03-04-05-07-08,Branch4,6,2,L3-L4,1,,0.694204964405089,-0.266632808990885,2.52234725090208,1.79765388325348,0.00659333161839043,1
399,B4_K06_I02-03-04-05-07-08,Branch4,6,3,L1-L2-L3,1,,1.32285979700097,-0.0513795267293533,1.7682053635704,1.51330886398125,0.21074457298714,1
399,B4_K06_I02-03-04-05-07-08,Branch4,6,3,L1-L2-L4,1,,1.12646779926852,-0.305028054143796,2.0061118862426,1.46722583594432,0.25794797080922,1
399,B4_K06_I02-03-04-05-07-08,Branch4,6,3,L1-L3-L4,1,,0.722867883574404,-0.27135159817723,2.48441825940151,1.78666538459275,0.29866434730246,1
399,B4_K06_I02-03-04-05-07-08,Branch4,6,3,L2-L3-L4,1,,1.09063028928417,-0.347358145943842,2.08078714807113,1.72429036058674,0.21874769965221,1
399,B4_K06_I02-03-04-05-07-08,Branch4,6,4,L1-L2-L3-L4,1,,1.11988570648178,-0.27739322112909,2.0095700395441,1.59933829575287,0.254645622832398,1
400,B4_K06_I02-03-04-05-07-09,Branch4,6,2,L1-L2,1,,1.72464472945704,0.359233073115943,1.40351870862248,1.46635634001439,0.0252305669293345,1
400,B4_K06_I02-03-04-05-07-09,Branch4,6,2,L1-L3,1,,1.10151882460105,-0.122283550548339,1.9969234558476,1.5597839680819,0.237077051478842,1
400,B4_K06_I02-03-04-05-07-09,Branch4,6,2,L1-L4,1,,0.804657620836384,-0.283670233571479,2.33773198322064,1.53313481984891,0.249610588821586,1
400,B4_K06_I02-03-04-05-07-09,Branch4,6,2,L2-L3,1,,1.33705591664111,-0.162702008969794,1.76713654479207,1.60620197445211,0.165305588275527,1
400,B4_K06_I02-03-04-05-07-09,Branch4,6,2,L2-L4,1,,1.18957467123789,-0.448327982081949,1.99178770380077,1.58955261810728,0.175738788853204,1
400,B4_K06_I02-03-04-05-07-09,Branch4,6,2,L3-L4,1,,0.692993320621207,-0.266682374484388,2.52208612784913,1.79426873327552,0.00996416893402282,1
400,B4_K06_I02-03-04-05-07-09,Branch4,6,3,L1-L2-L3,1,,1.32279180178669,-0.0497223491138825,1.76821683579744,1.51396802431811,0.209851386671261,1
400,B4_K06_I02-03-04-05-07-09,Branch4,6,3,L1-L2-L4,1,,1.14679368417382,-0.312710175651742,1.98720508180943,1.46548234483803,0.257944446930577,1
400,B4_K06_I02-03-04-05-07-09,Branch4,6,3,L1-L3-L4,1,,0.733842964793034,-0.273164852603431,2.46813964429386,1.77784196637551,0.29236804681423,1
400,B4_K06_I02-03-04-05-07-09,Branch4,6,3,L2-L3-L4,1,,1.09414203979606,-0.349964703121318,2.07696334085879,1.72006416576606,0.212211760246997,1
400,B4_K06_I02-03-04-05-07-09,Branch4,6,4,L1-L2-L3-L4,1,,1.11997098743529,-0.279946943393221,2.01011146220513,1.59902256066582,0.252188762306785,1
401,B4_K06_I02-03-04-05-08-09,Branch4,6,2,L1-L2,1,,1.77567392028059,0.384638147578009,1.35722126987133,1.44951001083316,0.00105004440162792,1
401,B4_K06_I02-03-04-05-08-09,Branch4,6,2,L1-L3,1,,1.10151882460104,-0.122283550548341,1.99692345584761,1.5597839680819,0.237077051478842,1
401,B4_K06_I02-03-04-05-08-09,Branch4,6,2,L1-L4,1,,0.807150198707082,-0.283437705744062,2.33512964333714,1.53640405014703,0.252674909357363,1
401,B4_K06_I02-03-04-05-08-09,Branch4,6,2,L2-L3,1,,1.39203933248963,-0.148758747573159,1.70819497536185,1.57911518250897,0.190558707815849,1
401,B4_K06_I02-03-04-05-08-09,Branch4,6,2,L2-L4,1,,1.23179536032836,-0.457482209369457,1.94794595935819,1.56117520813723,0.208267679208109,1
401,B4_K06_I02-03-04-05-08-09,Branch4,6,2,L3-L4,1,,0.694204964405089,-0.266632808990885,2.52234725090208,1.79765388325348,0.00659333161839043,1
401,B4_K06_I02-03-04-05-08-09,Branch4,6,3,L1-L2-L3,1,,1.40906434058343,0.0231028395981223,1.6815897418239,1.46381824533484,0.230954012240285,1
401,B4_K06_I02-03-04-05-08-09,Branch4,6,3,L1-L2-L4,1,,1.11144861200264,-0.286642530362221,2.0172589060238,1.45120837976779,0.269540276778907,1
401,B4_K06_I02-03-04-05-08-09,Branch4,6,3,L1-L3-L4,1,,0.722867883574404,-0.27135159817723,2.48441825940151,1.78666538459275,0.29866434730246,1
401,B4_K06_I02-03-04-05-08-09,Branch4,6,3,L2-L3-L4,1,,1.11304854305911,-0.348671057930784,2.05618347205089,1.72029284851463,0.246882375195181,1
401,B4_K06_I02-03-04-05-08-09,Branch4,6,4,L1-L2-L3-L4,1,,1.13014685101147,-0.273797043053578,1.99786836248893,1.59754778528316,0.268881020667559,1
402,B4_K06_I02-03-04-06-07-08,Branch4,6,2,L1-L2,1,,1.71977150748853,0.355201452351904,1.40769922394731,1.46380517842325,0.0141807310061898,1
402,B4_K06_I02-03-04-06-07-08,Branch4,6,2,L1-L3,1,,1.07620156042604,-0.131152999434265,2.02364514154433,1.56241798819917,0.22887045522027,1
402,B4_K06_I02-03-04-06-07-08,Branch4,6,2,L1-L4,1,,0.80840001578433,-0.279285499254697,2.33283960986118,1.54709924660737,0.247903667992769,1
402,B4_K06_I02-03-04-06-07-08,Branch4,6,2,L2-L3,1,,1.34082614602273,-0.160609701151768,1.76230102244427,1.59609736079412,0.17092928461195,1
402,B4_K06_I02-03-04-06-07-08,Branch4,6,2,L2-L4,1,,1.19553796327383,-0.442823527564277,1.98285219517894,1.58626751036384,0.189578748448453,1
402,B4_K06_I02-03-04-06-07-08,Branch4,6,2,L3-L4,1,,0.706218700616964,-0.264910409625506,2.50671728372148,1.79723492537707,9.29193340892909e-06,1
402,B4_K06_I02-03-04-06-07-08,Branch4,6,3,L1-L2-L3,1,,1.3224011688957,-0.0474147981496635,1.76847131731357,1.50765697395974,0.208239264251689,1
402,B4_K06_I02-03-04-06-07-08,Branch4,6,3,L1-L2-L4,1,,1.10029222168016,-0.291787005556055,2.02944467110475,1.47306097940926,0.25510403578948,1
402,B4_K06_I02-03-04-06-07-08,Branch4,6,3,L1-L3-L4,1,,0.721186278489968,-0.267444738365067,2.48699988559942,1.79150269679016,0.292751622419537,1
402,B4_K06_I02-03-04-06-07-08,Branch4,6,3,L2-L3-L4,1,,1.08166266481048,-0.343410695280074,2.09055107433291,1.73057549695287,0.225797786629286,1
402,B4_K06_I02-03-04-06-07-08,Branch4,6,4,L1-L2-L3-L4,1,,1.11279749889253,-0.273172387091579,2.01659907736473,1.60726406554812,0.252612493512961,1
403,B4_K06_I02-03-04-06-07-09,Branch4,6,2,L1-L2,1,,1.6988043325779,0.345932430545193,1.42701905390695,1.47240857354176,0.0304032654001196,1
403,B4_K06_I02-03-04-06-07-09,Branch4,6,2,L1-L3,1,,1.09246649968172,-0.125446697618458,2.00656240537802,1.56252325601866,0.234160161628004,1
403,B4_K06_I02-03-04-06-07-09,Branch4,6,2,L1-L4,1,,0.808774946241048,-0.279248143775371,2.33203603197538,1.54034861883127,0.248428560172191,1
403,B4_K06_I02-03-04-06-07-09,Branch4,6,2,L2-L3,1,,1.31457499491258,-0.167178779290584,1.79109879310491,1.61408035646326,0.158322896529792,1
403,B4_K06_I02-03-04-06-07-09,Branch4,6,2,L2-L4,1,,1.17417855632846,-0.438377951701353,2.00545472325403,1.60139820655082,0.169745898294285,1
403,B4_K06_I02-03-04-06-07-09,Branch4,6,2,L3-L4,1,,0.706387863707551,-0.264948119999216,2.50642251717085,1.79702462732405,0.00650133033548583,1
403,B4_K06_I02-03-04-06-07-09,Branch4,6,3,L1-L2-L3,1,,1.31400911926032,-0.0433509102127224,1.7767442636744,1.51000175439266,0.207039704260575,1
403,B4_K06_I02-03-04-06-07-09,Branch4,6,3,L1-L2-L4,1,,1.13740886064231,-0.309924278258457,1.99588009676238,1.47660138138846,0.25265550856022,1
403,B4_K06_I02-03-04-06-07-09,Branch4,6,3,L1-L3-L4,1,,0.733667896250508,-0.269395994342861,2.47045058907275,1.7860994715835,0.292625075125587,1
403,B4_K06_I02-03-04-06-07-09,Branch4,6,3,L2-L3-L4,1,,1.08552599050072,-0.339177146781132,2.08366505526559,1.72497892825857,0.202663723838168,1
403,B4_K06_I02-03-04-06-07-09,Branch4,6,4,L1-L2-L3-L4,1,,1.11232775540747,-0.277877789223345,2.01812442145468,1.60554484271762,0.246032792211958,1
404,B4_K06_I02-03-04-06-08-09,Branch4,6,2,L1-L2,1,,1.72046154013716,0.356149670834884,1.40712518128033,1.46717215245279,0.0174219588521752,1
404,B4_K06_I02-03-04-06-08-09,Branch4,6,2,L1-L3,1,,1.07620156042604,-0.131152999434265,2.02364514154433,1.56241798819917,0.22887045522027,1
404,B4_K06_I02-03-04-06-08-09,Branch4,6,2,L1-L4,1,,0.801313199687254,-0.28397678558506,2.34195170382409,1.54340248645081,0.24547946427815,1
404,B4_K06_I02-03-04-06-08-09,Branch4,6,2,L2-L3,1,,1.33804954400954,-0.16208847447859,1.76557608376921,1.60002599052867,0.167024432622758,1
404,B4_K06_I02-03-04-06-08-09,Branch4,6,2,L2-L4,1,,1.19181075405435,-0.447948141186419,1.98907055452904,1.58780485397874,0.182800821193819,1
404,B4_K06_I02-03-04-06-08-09,Branch4,6,2,L3-L4,1,,0.692546084419851,-0.266604570980675,2.52271008629548,1.79448978859479,0.00341686415684764,1
404,B4_K06_I02-03-04-06-08-09,Branch4,6,3,L1-L2-L3,1,,1.3189654801859,-0.0509048831621128,1.77207550786755,1.51239612155858,0.206718184800704,1
404,B4_K06_I02-03-04-06-08-09,Branch4,6,3,L1-L2-L4,1,,1.1209870643356,-0.304506549409069,2.01154020541136,1.47150032929036,0.254710674266176,1
404,B4_K06_I02-03-04-06-08-09,Branch4,6,3,L1-L3-L4,1,,0.708422488899934,-0.269319600746067,2.50177500819629,1.78865331186507,0.292603259569053,1
404,B4_K06_I02-03-04-06-08-09,Branch4,6,3,L2-L3-L4,1,,1.08884207839035,-0.346711883957107,2.08217028649536,1.72281653837511,0.217983945973542,1
404,B4_K06_I02-03-04-06-08-09,Branch4,6,4,L1-L2-L3-L4,1,,1.11167371362332,-0.277288145374162,2.01858262251568,1.60485481973021,0.250706370920219,1
405,B4_K06_I02-03-04-07-08-09,Branch4,6,2,L1-L2,1,,1.73817460811896,0.359473875690333,1.38992807014555,1.45775151687191,0.0149696672061172,1
405,B4_K06_I02-03-04-07-08-09,Branch4,6,2,L1-L3,1,,1.10708821806165,-0.124449645405704,1.99142684147852,1.55739010111029,0.233444968462852,1
405,B4_K06_I02-03-04-07-08-09,Branch4,6,2,L1-L4,1,,0.824568271074246,-0.282646948457721,2.3164379018115,1.5403139732118,0.254421010075315,1
405,B4_K06_I02-03-04-07-08-09,Branch4,6,2,L2-L3,1,,1.36091101227935,-0.157511504142937,1.74138932193231,1.59229381565215,0.173931556318174,1
405,B4_K06_I02-03-04-07-08-09,Branch4,6,2,L2-L4,1,,1.21236736238318,-0.44812660682707,1.96646158283599,1.58172264546742,0.193493445442817,1
405,B4_K06_I02-03-04-07-08-09,Branch4,6,2,L3-L4,1,,0.706218700616964,-0.264910409625506,2.50671728372148,1.79723492537707,9.29193340892909e-06,1
405,B4_K06_I02-03-04-07-08-09,Branch4,6,3,L1-L2-L3,1,,1.34399953052386,-0.043381156438918,1.74670261865625,1.50222678903641,0.211320921057842,1
405,B4_K06_I02-03-04-07-08-09,Branch4,6,3,L1-L2-L4,1,,1.1123386018939,-0.292961179138295,2.01747212020601,1.46601677111005,0.259730431672907,1
405,B4_K06_I02-03-04-07-08-09,Branch4,6,3,L1-L3-L4,1,,0.722265654049614,-0.267643287868549,2.48577926189066,1.79146534119383,0.30198504496139,1
405,B4_K06_I02-03-04-07-08-09,Branch4,6,3,L2-L3-L4,1,,1.09753755066072,-0.345037872186216,2.07323857278125,1.7274505264615,0.229884852175955,1
405,B4_K06_I02-03-04-07-08-09,Branch4,6,4,L1-L2-L3-L4,1,,1.13320564987893,-0.272286953568101,1.99442182057033,1.59860685874572,0.257338883436326,1
406,B4_K06_I02-03-05-06-07-08,Branch4,6,2,L1-L2,1,,1.6943865916488,0.341282576836611,1.43077617173652,1.46194198599946,0.020625242109214,1
406,B4_K06_I02-03-05-06-07-08,Branch4,6,2,L1-L3,1,,1.09246649968172,-0.125446697618458,2.00656240537802,1.56252325601866,0.234160161628004,1
406,B4_K06_I02-03-05-06-07-08,Branch4,6,2,L1-L4,1,,0.801723061230591,-0.283938708733424,2.34113625615035,1.53663017525524,0.246009423030776,1
406,B4_K06_I02-03-05-06-07-08,Branch4,6,2,L2-L3,1,,1.32252242661731,-0.162839090856528,1.78152559814201,1.60219461373828,0.170105123383425,1
406,B4_K06_I02-03-05-06-07-08,Branch4,6,2,L2-L4,1,,1.17543367427363,-0.442591469893314,2.00441669579341,1.58524085301067,0.180599250023113,1
406,B4_K06_I02-03-05-06-07-08,Branch4,6,2,L3-L4,1,,0.692993320621207,-0.266682374484388,2.52208612784913,1.79426873327552,0.00996416893402282,1
406,B4_K06_I02-03-05-06-07-08,Branch4,6,3,L1-L2-L3,1,,1.30678339446715,-0.0541832475333931,1.78439504625086,1.51194656802359,0.208704894653479,1
406,B4_K06_I02-03-05-06-07-08,Branch4,6,3,L1-L2-L4,1,,1.10213482385171,-0.302353627833927,2.03060907904928,1.46878573580083,0.250497545045592,1
406,B4_K06_I02-03-05-06-07-08,Branch4,6,3,L1-L3-L4,1,,0.733737813961214,-0.27317764045759,2.46821559805224,1.77772164821106,0.28794517089598,1
406,B4_K06_I02-03-05-06-07-08,Branch4,6,3,L2-L3-L4,1,,1.08250048395234,-0.340333036287347,2.08609557491889,1.71944618354175,0.214788489035,1
406,B4_K06_I02-03-05-06-07-08,Branch4,6,4,L1-L2-L3-L4,1,,1.10290145125617,-0.279224144554873,2.02761428401615,1.59880323250808,0.249933850789755,1
407,B4_K06_I02-03-05-06-07-09,Branch4,6,2,L1-L2,1,,1.6973652744797,0.343722119787053,1.42820701298117,1.46328423126663,0.0262143159834504,1
407,B4_K06_I02-03-05-06-07-09,Branch4,6,2,L1-L3,1,,1.10732417017288,-0.117322234707036,1.99055473307212,1.56018651113231,0.236148999502579,1
407,B4_K06_I02-03-05-06-07-09,Branch4,6,2,L1-L4,1,,0.804657620836382,-0.28367023357148,2.33773198322064,1.53313481984891,0.249610588821586,1
407,B4_K06_I02-03-05-06-07-09,Branch4,6,2,L2-L3,1,,1.32256440829804,-0.159555585133837,1.78140480515499,1.60628850068505,0.165858750608742,1
407,B4_K06_I02-03-05-06-07-09,Branch4,6,2,L2-L4,1,,1.17415678039435,-0.442829404385475,2.00625338765095,1.58966350305216,0.176175462813312,1
407,B4_K06_I02-03-05-06-07-09,Branch4,6,2,L3-L4,1,,0.680307628149692,-0.261655632020469,2.53552520054866,1.79480925345726,0.0100022021592665,1
407,B4_K06_I02-03-05-06-07-09,Branch4,6,3,L1-L2-L3,1,,1.30893532358052,-0.0524895499343579,1.78220329292303,1.51497669600302,0.207903364830563,1
407,B4_K06_I02-03-05-06-07-09,Branch4,6,3,L1-L2-L4,1,,1.11906544832997,-0.307729498077379,2.01454414165917,1.46830251714444,0.252639447830951,1
407,B4_K06_I02-03-05-06-07-09,Branch4,6,3,L1-L3-L4,1,,0.723802061591624,-0.268831770168763,2.47833522011412,1.77836145702911,0.293665961613181,1
407,B4_K06_I02-03-05-06-07-09,Branch4,6,3,L2-L3-L4,1,,1.07956512694609,-0.344982714187276,2.09116446591474,1.72085145704458,0.212373829246714,1
407,B4_K06_I02-03-05-06-07-09,Branch4,6,4,L1-L2-L3-L4,1,,1.11119474046296,-0.275916399495946,2.01770784783405,1.59387988136468,0.250113078264716,1
408,B4_K06_I02-03-05-06-08-09,Branch4,6,2,L1-L2,1,,1.6943865916488,0.341282576836611,1.43077617173652,1.46194198599946,0.020625242109214,1
408,B4_K06_I02-03-05-06-08-09,Branch4,6,2,L1-L3,1,,1.09835466163243,-0.120434513797032,2.00008284128414,1.56292120272953,0.233238656658539,1
408,B4_K06_I02-03-05-06-08-09,Branch4,6,2,L1-L4,1,,0.797185314463064,-0.28841601677453,2.34769806452087,1.53617268924801,0.246657456775934,1
408,B4_K06_I02-03-05-06-08-09,Branch4,6,2,L2-L3,1,,1.32529066043777,-0.158092812948785,1.77815852526531,1.60234228013593,0.169772517393945,1
408,B4_K06_I02-03-05-06-08-09,Branch4,6,2,L2-L4,1,,1.17402693838618,-0.447358440486529,2.00788205998134,1.58503200380831,0.180865774661082,1
408,B4_K06_I02-03-05-06-08-09,Branch4,6,2,L3-L4,1,,0.668071106692293,-0.263334320431504,2.55176843561944,1.79543327907397,0.0101136779653793,1
408,B4_K06_I02-03-05-06-08-09,Branch4,6,3,L1-L2-L3,1,,1.30978719964581,-0.0505641908991437,1.78124636172263,1.51223459237017,0.207854676031964,1
408,B4_K06_I02-03-05-06-08-09,Branch4,6,3,L1-L2-L4,1,,1.1019951580986,-0.307086508779435,2.03213931558189,1.46803162561433,0.251619819667984,1
408,B4_K06_I02-03-05-06-08-09,Branch4,6,3,L1-L3-L4,1,,0.713362044437009,-0.270935943279909,2.49183056912933,1.77869778085632,0.290816101365161,1
408,B4_K06_I02-03-05-06-08-09,Branch4,6,3,L2-L3-L4,1,,1.08249928121877,-0.343365580001452,2.08656701840107,1.71685715055977,0.215850254967666,1
408,B4_K06_I02-03-05-06-08-09,Branch4,6,4,L1-L2-L3-L4,1,,1.10425495389067,-0.277326301183154,2.02526949032889,1.59390456666028,0.250816108501014,1
409,B4_K06_I02-03-05-07-08-09,Branch4,6,2,L1-L2,1,,1.71019336864976,0.342818393021861,1.41523076746151,1.45116430279017,0.0125851490004685,1
409,B4_K06_I02-03-05-07-08-09,Branch4,6,2,L1-L3,1,,1.12011312851989,-0.116955010593625,1.97766105691997,1.56063845221682,0.234837632146859,1
409,B4_K06_I02-03-05-07-08-09,Branch4,6,2,L1-L4,1,,0.815081933862319,-0.287557763265727,2.32805760018819,1.53335972217172,0.248982834867139,1
409,B4_K06_I02-03-05-07-08-09,Branch4,6,2,L2-L3,1,,1.35112413850633,-0.152005836139723,1.75051865060204,1.59066630051446,0.180541264890814,1
409,B4_K06_I02-03-05-07-08-09,Branch4,6,2,L2-L4,1,,1.19505656861314,-0.447350090467551,1.98416653432418,1.57190580599301,0.193400040978355,1
409,B4_K06_I02-03-05-07-08-09,Branch4,6,2,L3-L4,1,,0.680307628149692,-0.261655632020469,2.53552520054866,1.79480925345726,0.0100022021592665,1
409,B4_K06_I02-03-05-07-08-09,Branch4,6,3,L1-L2-L3,1,,1.34466494920159,-0.0278750337464357,1.74566789779477,1.48913689338074,0.214698343251046,1
409,B4_K06_I02-03-05-07-08-09,Branch4,6,3,L1-L2-L4,1,,1.0902687212904,-0.29346898641535,2.04082104001965,1.45774661467878,0.255181611671954,1
409,B4_K06_I02-03-05-07-08-09,Branch4,6,3,L1-L3-L4,1,,0.725822350765771,-0.269279338755223,2.47614638366997,1.77837108382381,0.294019780349623,1
409,B4_K06_I02-03-05-07-08-09,Branch4,6,3,L2-L3-L4,1,,1.09210641160355,-0.341816698393929,2.07579062748589,1.71734099399145,0.229937745870904,1
409,B4_K06_I02-03-05-07-08-09,Branch4,6,4,L1-L2-L3-L4,1,,1.11791690779507,-0.273572187218761,2.00965473279324,1.58803734854249,0.256435879670736,1
410,B4_K06_I02-03-06-07-08-09,Branch4,6,2,L1-L2,1,,1.69344924935674,0.340124455062711,1.4315778776351,1.4585056718826,0.0173525896956426,1
410,B4_K06_I02-03-06-07-08-09,Branch4,6,2,L1-L3,1,,1.09835466163243,-0.120434513797032,2.00008284128414,1.56292120272953,0.233238656658539,1
410,B4_K06_I02-03-06-07-08-09,Branch4,6,2,L1-L4,1,,0.804200709677321,-0.283708977785293,2.33856396328634,1.53989837211723,0.249079698547808,1
410,B4_K06_I02-03-06-07-08-09,Branch4,6,2,L2-L3,1,,1.32810325883784,-0.156598811613309,1.77483784104939,1.59840515231105,0.1736791866897,1
410,B4_K06_I02-03-06-07-08-09,Branch4,6,2,L2-L4,1,,1.17774726503426,-0.442198972532831,2.00161836132037,1.58351106257035,0.187680202879133,1
410,B4_K06_I02-03-06-07-08-09,Branch4,6,2,L3-L4,1,,0.681553434207234,-0.261604834315061,2.53579133576586,1.79821259334655,0.00661340381312472,1
410,B4_K06_I02-03-06-07-08-09,Branch4,6,3,L1-L2-L3,1,,1.31284384776421,-0.0475666492547866,1.77804081916906,1.50771299711011,0.209301579237185,1
410,B4_K06_I02-03-06-07-08-09,Branch4,6,3,L1-L2-L4,1,,1.08182121646624,-0.294405883110182,2.04947728110261,1.46877834333344,0.252402676675041,1
410,B4_K06_I02-03-06-07-08-09,Branch4,6,3,L1-L3-L4,1,,0.712040995955025,-0.266832411508152,2.4955527928669,1.78711558999996,0.295716588875606,1
410,B4_K06_I02-03-06-07-08-09,Branch4,6,3,L2-L3-L4,1,,1.07289586887039,-0.342499679089177,2.09868086410355,1.72602187077464,0.224142235480324,1
410,B4_K06_I02-03-06-07-08-09,Branch4,6,4,L1-L2-L3-L4,1,,1.10533133018743,-0.273064315758508,2.02325088130923,1.59612256096105,0.252532134338329,1
411,B4_K06_I02-04-05-06-07-08,Branch4,6,2,L1-L2,1,,1.72434351591508,0.359680578283783,1.40382075552557,1.47189309715607,0.0261708925752572,1
411,B4_K06_I02-04-05-06-07-08,Branch4,6,2,L1-L3,1,,1.09246649968172,-0.125446697618458,2.00656240537802,1.56252325601866,0.234160161628004,1
411,B4_K06_I02-04-05-06-07-08,Branch4,6,2,L1-L4,1,,0.808774946241048,-0.279248143775371,2.33203603197538,1.54034861883127,0.248428560172191,1
411,B4_K06_I02-04-05-06-07-08,Branch4,6,2,L2-L3,1,,1.33442669268754,-0.164135495203861,1.77029506712642,1.61015002278855,0.161392199539836,1
411,B4_K06_I02-04-05-06-07-08,Branch4,6,2,L2-L4,1,,1.19070565953675,-0.443675831085347,1.98929378079542,1.59683771769265,0.173715905174341,1
411,B4_K06_I02-04-05-06-07-08,Branch4,6,2,L3-L4,1,,0.706387863707551,-0.264948119999216,2.50642251717085,1.79702462732405,0.00650133033548583,1
411,B4_K06_I02-04-05-06-07-08,Branch4,6,3,L1-L2-L3,1,,1.32035921037614,-0.0496847042269413,1.77068618169205,1.51705647714708,0.207566321468955,1
411,B4_K06_I02-04-05-06-07-08,Branch4,6,3,L1-L2-L4,1,,1.1513452466828,-0.309995019901759,1.98151665713784,1.47236590344665,0.256932675844893,1
411,B4_K06_I02-04-05-06-07-08,Branch4,6,3,L1-L3-L4,1,,0.733667896250508,-0.269395994342861,2.47045058907275,1.7860994715835,0.292625075125587,1
411,B4_K06_I02-04-05-06-07-08,Branch4,6,3,L2-L3-L4,1,,1.09843045797383,-0.342733277654789,2.07059057222183,1.72335574751857,0.207788821727527,1
411,B4_K06_I02-04-05-06-07-08,Branch4,6,4,L1-L2-L3-L4,1,,1.12125273907748,-0.277559590522402,2.00888233462486,1.60655032713045,0.249514412150014,1
412,B4_K06_I02-04-05-06-07-09,Branch4,6,2,L1-L2,1,,1.72598166019945,0.361336514573555,1.40244513754967,1.47535855521811,0.0293898260701322,1
412,B4_K06_I02-04-05-06-07-09,Branch4,6,2,L1-L3,1,,1.09246649968172,-0.125446697618458,2.00656240537802,1.56252325601866,0.234160161628004,1
412,B4_K06_I02-04-05-06-07-09,Branch4,6,2,L1-L4,1,,0.808774946241048,-0.279248143775371,2.33203603197538,1.54034861883127,0.248428560172191,1
412,B4_K06_I02-04-05-06-07-09,Branch4,6,2,L2-L3,1,,1.33188404897749,-0.165537210534363,1.77337847890915,1.61410662579176,0.157471987492256,1
412,B4_K06_I02-04-05-06-07-09,Branch4,6,2,L2-L4,1,,1.18954491022076,-0.4439001332457,1.99103830904856,1.60125693535615,0.169302746847569,1
412,B4_K06_I02-04-05-06-07-09,Branch4,6,2,L3-L4,1,,0.706387863707551,-0.264948119999216,2.50642251717085,1.79702462732405,0.00650133033548583,1
412,B4_K06_I02-04-05-06-07-09,Branch4,6,3,L1-L2-L3,1,,1.32993576667859,-0.0382475135239188,1.76065960655993,1.51097221804483,0.208030327839182,1
412,B4_K06_I02-04-05-06-07-09,Branch4,6,3,L1-L2-L4,1,,1.16485935918481,-0.314806161722222,1.96881194415955,1.47294910975828,0.258617396565715,1
412,B4_K06_I02-04-05-06-07-09,Branch4,6,3,L1-L3-L4,1,,0.733667896250508,-0.269395994342861,2.47045058907275,1.7860994715835,0.292625075125587,1
412,B4_K06_I02-04-05-06-07-09,Branch4,6,3,L2-L3-L4,1,,1.10161632520776,-0.342770357876885,2.06698307758285,1.72249356434142,0.202819472734128,1
412,B4_K06_I02-04-05-06-07-09,Branch4,6,4,L1-L2-L3-L4,1,,1.12358369901443,-0.27827381947869,2.00675625140756,1.60764288745235,0.248201930344705,1
413,B4_K06_I02-04-05-06-08-09,Branch4,6,2,L1-L2,1,,1.72184593319541,0.356936927855007,1.4059195605282,1.46503543817702,0.019712056104188,1
413,B4_K06_I02-04-05-06-08-09,Branch4,6,2,L1-L3,1,,1.09246649968172,-0.125446697618458,2.00656240537802,1.56252325601866,0.234160161628004,1
413,B4_K06_I02-04-05-06-08-09,Branch4,6,2,L1-L4,1,,0.806723855171366,-0.283476699570249,2.33595658397784,1.54316093206755,0.252145055565111,1
413,B4_K06_I02-04-05-06-08-09,Branch4,6,2,L2-L3,1,,1.33977139239834,-0.161236970183182,1.76390333788493,1.60226273056391,0.16921202273136,1
413,B4_K06_I02-04-05-06-08-09,Branch4,6,2,L2-L4,1,,1.19278962677297,-0.447802377604866,1.98816748403391,1.59047226706824,0.185442538366953,1
413,B4_K06_I02-04-05-06-08-09,Branch4,6,2,L3-L4,1,,0.695573638669221,-0.266603419223922,2.52243993969903,1.80103302413658,0.00322149647452855,1
413,B4_K06_I02-04-05-06-08-09,Branch4,6,3,L1-L2-L3,1,,1.32272280951128,-0.0493301464481903,1.76825744511027,1.51260103354498,0.20968137502678,1
413,B4_K06_I02-04-05-06-08-09,Branch4,6,3,L1-L2-L4,1,,1.11707518357943,-0.301951224613049,2.01487330009913,1.47198209708131,0.257519567877679,1
413,B4_K06_I02-04-05-06-08-09,Branch4,6,3,L1-L3-L4,1,,0.711263635826787,-0.269287965416449,2.50159936446718,1.79523658891807,0.300724352833436,1
413,B4_K06_I02-04-05-06-08-09,Branch4,6,3,L2-L3-L4,1,,1.0896877006409,-0.345417017785737,2.08195474236974,1.72792789939188,0.220466360160312,1
413,B4_K06_I02-04-05-06-08-09,Branch4,6,4,L1-L2-L3-L4,1,,1.1180788948578,-0.276037634715156,2.01152078114989,1.60385669865609,0.25423660052547,1
414,B4_K06_I02-04-05-07-08-09,Branch4,6,2,L1-L2,1,,1.73889031040512,0.360468742129123,1.38932669328168,1.46111425216814,0.0181958798147034,1
414,B4_K06_I02-04-05-07-08-09,Branch4,6,2,L1-L3,1,,1.11435906096997,-0.121889499016646,1.98396639665325,1.56023898291933,0.235754673249235,1
414,B4_K06_I02-04-05-07-08-09,Branch4,6,2,L1-L4,1,,0.817548781812059,-0.287324454431863,2.32548051753731,1.53661460723247,0.252034793664824,1
414,B4_K06_I02-04-05-07-08-09,Branch4,6,2,L2-L3,1,,1.35978812869877,-0.158151991578612,1.74303052371561,1.5984120544851,0.17220814953217,1
414,B4_K06_I02-04-05-07-08-09,Branch4,6,2,L2-L4,1,,1.20862077691475,-0.45322610429257,1.9726741620256,1.58326615502468,0.186749322372738,1
414,B4_K06_I02-04-05-07-08-09,Branch4,6,2,L3-L4,1,,0.694204964405088,-0.266632808990885,2.52234725090208,1.79765388325348,0.00659333161839039,1
414,B4_K06_I02-04-05-07-08-09,Branch4,6,3,L1-L2-L3,1,,1.34282631000457,-0.0454894590651008,1.74797064724736,1.50839191901713,0.211518884346873,1
414,B4_K06_I02-04-05-07-08-09,Branch4,6,3,L1-L2-L4,1,,1.13257805526048,-0.305649993204811,2.00000484222619,1.46504733284635,0.258958451652799,1
414,B4_K06_I02-04-05-07-08-09,Branch4,6,3,L1-L3-L4,1,,0.724262398148618,-0.271661735912111,2.48289265602965,1.78666460456512,0.299078505320063,1
414,B4_K06_I02-04-05-07-08-09,Branch4,6,3,L2-L3-L4,1,,1.10348710240023,-0.351272519273153,2.06793484852355,1.72287716012317,0.223991175923636,1
414,B4_K06_I02-04-05-07-08-09,Branch4,6,4,L1-L2-L3-L4,1,,1.13247358065613,-0.277280357159827,1.99627976765449,1.59689204185858,0.25650233704777,1
415,B4_K06_I02-04-06-07-08-09,Branch4,6,2,L1-L2,1,,1.71101912213322,0.345101466337549,1.41454164105456,1.46352121606905,0.0200584548290937,1
415,B4_K06_I02-04-06-07-08-09,Branch4,6,2,L1-L3,1,,1.09820823733195,-0.12756400191425,2.0008838021232,1.56012208813545,0.230522180761016,1
415,B4_K06_I02-04-06-07-08-09,Branch4,6,2,L1-L4,1,,0.82163625652161,-0.282916247192924,2.31985277848396,1.54379260549725,0.250847790185975,1
415,B4_K06_I02-04-06-07-08-09,Branch4,6,2,L2-L3,1,,1.33804954400954,-0.16208847447859,1.76557608376921,1.60002599052867,0.167024432622758,1
415,B4_K06_I02-04-06-07-08-09,Branch4,6,2,L2-L4,1,,1.19418850351935,-0.443067352676508,1.98476005070664,1.59067611270905,0.185175426568126,1
415,B4_K06_I02-04-06-07-08-09,Branch4,6,2,L3-L4,1,,0.706218700616964,-0.264910409625506,2.50671728372148,1.79723492537707,9.29193340892909e-06,1
415,B4_K06_I02-04-06-07-08-09,Branch4,6,3,L1-L2-L3,1,,1.32074514327689,-0.0538881549116992,1.77040095180599,1.51105225113568,0.206248366733829,1
415,B4_K06_I02-04-06-07-08-09,Branch4,6,3,L1-L2-L4,1,,1.10915898292145,-0.297680659139246,2.02185597560775,1.47376609588881,0.253415154443741,1
415,B4_K06_I02-04-06-07-08-09,Branch4,6,3,L1-L3-L4,1,,0.722150376150636,-0.267637242549655,2.48591642711881,1.79146956813709,0.297618348082101,1
415,B4_K06_I02-04-06-07-08-09,Branch4,6,3,L2-L3-L4,1,,1.08499398418471,-0.343459591448816,2.08674762929335,1.72963478706484,0.220496039030351,1
415,B4_K06_I02-04-06-07-08-09,Branch4,6,4,L1-L2-L3-L4,1,,1.12236795397567,-0.273733887747108,2.00627126121758,1.60154606613482,0.250658221275658,1
416,B4_K06_I02-05-06-07-08-09,Branch4,6,2,L1-L2,1,,1.68605667022351,0.332168839042066,1.43730898659123,1.46739061833563,0.027545908318041,1
416,B4_K06_I02-05-06-07-08-09,Branch4,6,2,L1-L3,1,,1.10543479892344,-0.125018642153882,1.99346406679312,1.56297127099736,0.232847707286545,1
416,B4_K06_I02-05-06-07-08-09,Branch4,6,2,L1-L4,1,,0.812168064276539,-0.287827689326739,2.33143929307491,1.53684887782334,0.245388676443102,1
416,B4_K06_I02-05-06-07-08-09,Branch4,6,2,L2-L3,1,,1.31713685705668,-0.16576412895041,1.78798325337271,1.61010969654187,0.162257241389413,1
416,B4_K06_I02-05-06-07-08-09,Branch4,6,2,L2-L4,1,,1.17294132773866,-0.443061699135175,2.00804124573417,1.59409007994633,0.17174944957751,1
416,B4_K06_I02-05-06-07-08-09,Branch4,6,2,L3-L4,1,,0.692993320621207,-0.266682374484388,2.52208612784913,1.79426873327552,0.00996416893402282,1
416,B4_K06_I02-05-06-07-08-09,Branch4,6,3,L1-L2-L3,1,,1.30319351974823,-0.0602321737448102,1.78832936520087,1.51841178050516,0.204652587333049,1
416,B4_K06_I02-05-06-07-08-09,Branch4,6,3,L1-L2-L4,1,,1.12200812867635,-0.312918108988014,2.01283558478755,1.47351754386032,0.248135745470343,1
416,B4_K06_I02-05-06-07-08-09,Branch4,6,3,L1-L3-L4,1,,0.735778362675834,-0.273630831937311,2.46601759241963,1.77774434616284,0.288231986029216,1
416,B4_K06_I02-05-06-07-08-09,Branch4,6,3,L2-L3-L4,1,,1.08071854867864,-0.346767509143939,2.09076150636409,1.72187228059495,0.207190492432851,1
416,B4_K06_I02-05-06-07-08-09,Branch4,6,4,L1-L2-L3-L4,1,,1.11078086400913,-0.28097375361119,2.01976638291274,1.59740576208223,0.245394024838458,1
417,B4_K06_I03-04-05-06-07-08,Branch4,6,2,L1-L2,1,,1.69559237599008,0.342637583615348,1.42974814872391,1.46540546077431,0.0238916496055574,1
417,B4_K06_I03-04-05-06-07-08,Branch4,6,2,L1-L3,1,,1.09246649968172,-0.125446697618458,2.00656240537802,1.56252325601866,0.234160161628004,1
417,B4_K06_I03-04-05-06-07-08,Branch4,6,2,L1-L4,1,,0.804200709677322,-0.283708977785293,2.33856396328634,1.53989837211723,0.249079698547808,1
417,B4_K06_I03-04-05-06-07-08,Branch4,6,2,L2-L3,1,,1.31978611216238,-0.164317492255927,1.78479204348331,1.60614769823665,0.16618469437668,1
417,B4_K06_I03-04-05-06-07-08,Branch4,6,2,L2-L4,1,,1.17512054549191,-0.442686847895708,2.00537685402216,1.59235411385806,0.178840914716078,1
417,B4_K06_I03-04-05-06-07-08,Branch4,6,2,L3-L4,1,,0.694204964405089,-0.266632808990885,2.52234725090208,1.79765388325348,0.00659333161839043,1
417,B4_K06_I03-04-05-06-07-08,Branch4,6,3,L1-L2-L3,1,,1.30354215279245,-0.0575999122606039,1.78784026317201,1.51686457821621,0.207309018699165,1
417,B4_K06_I03-04-05-06-07-08,Branch4,6,3,L1-L2-L4,1,,1.1095931776865,-0.304639704964796,2.02338585883987,1.47305665194134,0.252030770248165,1
417,B4_K06_I03-04-05-06-07-08,Branch4,6,3,L1-L3-L4,1,,0.722831508128703,-0.27136758479059,2.48443094665765,1.78658531836538,0.294236007740989,1
417,B4_K06_I03-04-05-06-07-08,Branch4,6,3,L2-L3-L4,1,,1.08050500381144,-0.341481406102169,2.08972506350612,1.72434697227777,0.212676213373909,1
417,B4_K06_I03-04-05-06-07-08,Branch4,6,4,L1-L2-L3-L4,1,,1.10703441060981,-0.278158070747762,2.0232819209161,1.60132035189262,0.249555096177304,1
418,B4_K06_I03-04-05-06-07-09,Branch4,6,2,L1-L2,1,,1.6988043325779,0.345932430545193,1.42701905390695,1.47240857354176,0.0304032654001196,1
418,B4_K06_I03-04-05-06-07-09,Branch4,6,2,L1-L3,1,,1.09835466163243,-0.120434513797032,2.00008284128414,1.56292120272953,0.233238656658539,1
418,B4_K06_I03-04-05-06-07-09,Branch4,6,2,L1-L4,1,,0.804200709677322,-0.283708977785293,2.33856396328634,1.53989837211723,0.249079698547808,1
418,B4_K06_I03-04-05-06-07-09,Branch4,6,2,L2-L3,1,,1.31737231754709,-0.162386558947826,1.78767241522009,1.61420722583882,0.158010445326898,1
418,B4_K06_I03-04-05-06-07-09,Branch4,6,2,L2-L4,1,,1.17273952799173,-0.443152252904037,2.00894031550053,1.60121284409718,0.169992440071358,1
418,B4_K06_I03-04-05-06-07-09,Branch4,6,2,L3-L4,1,,0.681553434207234,-0.261604834315061,2.53579133576586,1.79821259334655,0.00661340381312476,1
418,B4_K06_I03-04-05-06-07-09,Branch4,6,3,L1-L2-L3,1,,1.31809743464072,-0.0402680714264461,1.77255880292735,1.51039335777432,0.206134921163409,1
418,B4_K06_I03-04-05-06-07-09,Branch4,6,3,L1-L2-L4,1,,1.13713632962312,-0.314545916598359,1.99750347544677,1.47568452469827,0.253935064729889,1
418,B4_K06_I03-04-05-06-07-09,Branch4,6,3,L1-L3-L4,1,,0.712040995955021,-0.266832411508151,2.4955527928669,1.78711558999996,0.295716588875607,1
418,B4_K06_I03-04-05-06-07-09,Branch4,6,3,L2-L3-L4,1,,1.08644098554231,-0.341650464252221,2.08284992549795,1.72198581660302,0.203566044443438,1
418,B4_K06_I03-04-05-06-07-09,Branch4,6,4,L1-L2-L3-L4,1,,1.1138553717398,-0.276023611285658,2.01559411980067,1.60068147674496,0.246964664667742,1
419,B4_K06_I03-04-05-06-08-09,Branch4,6,2,L1-L2,1,,1.6943865916488,0.341282576836611,1.43077617173652,1.46194198599946,0.020625242109214,1
419,B4_K06_I03-04-05-06-08-09,Branch4,6,2,L1-L3,1,,1.09835466163243,-0.120434513797032,2.00008284128414,1.56292120272953,0.233238656658539,1
419,B4_K06_I03-04-05-06-08-09,Branch4,6,2,L1-L4,1,,0.804200709677322,-0.283708977785293,2.33856396328634,1.53989837211723,0.249079698547808,1
419,B4_K06_I03-04-05-06-08-09,Branch4,6,2,L2-L3,1,,1.32529066043777,-0.158092812948785,1.77815852526531,1.60234228013593,0.169772517393945,1
419,B4_K06_I03-04-05-06-08-09,Branch4,6,2,L2-L4,1,,1.176403212578,-0.442445706645972,2.00352196040122,1.58793056751766,0.183261724901663,1
419,B4_K06_I03-04-05-06-08-09,Branch4,6,2,L3-L4,1,,0.681553434207234,-0.261604834315061,2.53579133576586,1.79821259334655,0.00661340381312476,1
419,B4_K06_I03-04-05-06-08-09,Branch4,6,3,L1-L2-L3,1,,1.30978719964581,-0.0505641908991437,1.78124636172263,1.51223459237017,0.207854676031964,1
419,B4_K06_I03-04-05-06-08-09,Branch4,6,3,L1-L2-L4,1,,1.09569370053387,-0.299554469883805,2.03644464419557,1.47113969476867,0.251923970525496,1
419,B4_K06_I03-04-05-06-08-09,Branch4,6,3,L1-L3-L4,1,,0.712040995955021,-0.266832411508151,2.4955527928669,1.78711558999996,0.295716588875607,1
419,B4_K06_I03-04-05-06-08-09,Branch4,6,3,L2-L3-L4,1,,1.07572909522374,-0.34267232435928,2.09551033424438,1.72529773441907,0.219068659786826,1
419,B4_K06_I03-04-05-06-08-09,Branch4,6,4,L1-L2-L3-L4,1,,1.10730412795329,-0.273800263938994,2.02149607687342,1.5972379221931,0.251030616527977,1
420,B4_K06_I03-04-05-07-08-09,Branch4,6,2,L1-L2,1,,1.72233687056808,0.35659970339604,1.40547006612842,1.45950494910852,0.0187653427012574,1
420,B4_K06_I03-04-05-07-08-09,Branch4,6,2,L1-L3,1,,1.10732417017288,-0.117322234707036,1.99055473307212,1.56018651113231,0.236148999502579,1
420,B4_K06_I03-04-05-07-08-09,Branch4,6,2,L1-L4,1,,0.807150198707082,-0.283437705744062,2.33512964333714,1.53640405014703,0.252674909357363,1
420,B4_K06_I03-04-05-07-08-09,Branch4,6,2,L2-L3,1,,1.34528699551575,-0.155059296348258,1.75731310920046,1.59848535937302,0.172777190119926,1
420,B4_K06_I03-04-05-07-08-09,Branch4,6,2,L2-L4,1,,1.19315653968595,-0.447703292588238,1.98717164490943,1.58339010258552,0.187214256038621,1
420,B4_K06_I03-04-05-07-08-09,Branch4,6,2,L3-L4,1,,0.681553434207234,-0.261604834315061,2.53579133576586,1.79821259334655,0.00661340381312476,1
420,B4_K06_I03-04-05-07-08-09,Branch4,6,3,L1-L2-L3,1,,1.32965004127245,-0.0435191784995469,1.76108662612411,1.50803480506036,0.211385429197981,1
420,B4_K06_I03-04-05-07-08-09,Branch4,6,3,L1-L2-L4,1,,1.11263481181249,-0.299966241596841,2.01911782953106,1.46553472282135,0.257757402145497,1
420,B4_K06_I03-04-05-07-08-09,Branch4,6,3,L1-L3-L4,1,,0.712039673117125,-0.266808143162381,2.49558264030778,1.78719664575255,0.300157617374369,1
420,B4_K06_I03-04-05-07-08-09,Branch4,6,3,L2-L3-L4,1,,1.08873386172571,-0.346411741733689,2.08239746302974,1.72377992391701,0.224233902215777,1
420,B4_K06_I03-04-05-07-08-09,Branch4,6,4,L1-L2-L3-L4,1,,1.12019012692586,-0.273019790128909,2.0077809004529,1.59533066262018,0.256130424013246,1
421,B4_K06_I03-04-06-07-08-09,Branch4,6,2,L1-L2,1,,1.71977150748853,0.355201452351904,1.40769922394731,1.46380517842325,0.0141807310061898,1
421,B4_K06_I03-04-06-07-08-09,Branch4,6,2,L1-L3,1,,1.08224074526497,-0.126047543162045,2.01696217599143,1.56282416590327,0.227962266021517,1
421,B4_K06_I03-04-06-07-08-09,Branch4,6,2,L1-L4,1,,0.803821416348235,-0.283747306306612,2.33937439576163,1.54666409546541,0.2485507657934,1
421,B4_K06_I03-04-06-07-08-09,Branch4,6,2,L2-L3,1,,1.34354746098107,-0.155918969784374,1.75900638030127,1.59625507306796,0.170599553425681,1
421,B4_K06_I03-04-06-07-08-09,Branch4,6,2,L2-L4,1,,1.19414120518449,-0.44755440508243,1.98625068791727,1.58605654238738,0.189852895237717,1
421,B4_K06_I03-04-06-07-08-09,Branch4,6,2,L3-L4,1,,0.681379454411185,-0.261565377397114,2.53610010948569,1.79842323222066,3.07321572501972e-05,1
421,B4_K06_I03-04-06-07-08-09,Branch4,6,3,L1-L2-L3,1,,1.32573193078442,-0.0432804380327296,1.76499586201074,1.50748266639911,0.207451787213901,1
421,B4_K06_I03-04-06-07-08-09,Branch4,6,3,L1-L2-L4,1,,1.1002294700333,-0.296560971063856,2.03085205430159,1.47239372726597,0.25613686227508,1
421,B4_K06_I03-04-06-07-08-09,Branch4,6,3,L1-L3-L4,1,,0.698061409324602,-0.264526284146991,2.51407367629131,1.79261655086995,0.296249437676453,1
421,B4_K06_I03-04-06-07-08-09,Branch4,6,3,L2-L3-L4,1,,1.08441867975005,-0.345160408648867,2.08732632295998,1.72687807885125,0.225807400890927,1
421,B4_K06_I03-04-06-07-08-09,Branch4,6,4,L1-L2-L3-L4,1,,1.1140779023111,-0.271149812834818,2.01427753347962,1.60231581715868,0.25333844617682,1
422,B4_K06_I03-05-06-07-08-09,Branch4,6,2,L1-L2,1,,1.66658007246637,0.325392408865755,1.4560136335869,1.45879960472673,0.021551147901345,1
422,B4_K06_I03-05-06-07-08-09,Branch4,6,2,L1-L3,1,,1.09835466163243,-0.120434513797032,2.00008284128414,1.56292120272953,0.233238656658539,1
422,B4_K06_I03-05-06-07-08-09,Branch4,6,2,L1-L4,1,,0.801723061230591,-0.283938708733424,2.34113625615035,1.53663017525524,0.246009423030776,1
422,B4_K06_I03-05-06-07-08-09,Branch4,6,2,L2-L3,1,,1.30807180857308,-0.159645824116936,1.79574144667356,1.60227347831674,0.17066443816306,1
422,B4_K06_I03-05-06-07-08-09,Branch4,6,2,L2-L4,1,,1.1600667365646,-0.437108866494196,2.01882912048681,1.58534412105549,0.181042039976259,1
422,B4_K06_I03-05-06-07-08-09,Branch4,6,2,L3-L4,1,,0.680307628149692,-0.261655632020469,2.53552520054866,1.79480925345726,0.0100022021592665,1
422,B4_K06_I03-05-06-07-08-09,Branch4,6,3,L1-L2-L3,1,,1.29399558854424,-0.0552649279487087,1.79723677650712,1.51155936395645,0.206953567612022,1
422,B4_K06_I03-05-06-07-08-09,Branch4,6,3,L1-L2-L4,1,,1.07477934566951,-0.297191913445609,2.05756556602793,1.46988774320825,0.246568247848841,1
422,B4_K06_I03-05-06-07-08-09,Branch4,6,3,L1-L3-L4,1,,0.723747948421269,-0.268855622187904,2.47835472024058,1.77824054163613,0.289229642072041,1
422,B4_K06_I03-05-06-07-08-09,Branch4,6,3,L2-L3-L4,1,,1.0678668278761,-0.335553550525155,2.10045333096318,1.72031969182592,0.215042414731173,1
422,B4_K06_I03-05-06-07-08-09,Branch4,6,4,L1-L2-L3-L4,1,,1.09428553380856,-0.275100981519865,2.03498952794944,1.59345150257298,0.247875021443158,1
423,B4_K06_I04-05-06-07-08-09,Branch4,6,2,L1-L2,1,,1.68454042072416,0.330568497795683,1.43860789334731,1.46387511378826,0.024267804016731,1
423,B4_K06_I04-05-06-07-08-09,Branch4,6,2,L1-L3,1,,1.11848131904796,-0.117518439494446,1.97968043302565,1.56618411162781,0.234243751420183,1
423,B4_K06_I04-05-06-07-08-09,Branch4,6,2,L1-L4,1,,0.817116871446605,-0.287364136651947,2.32630993016712,1.54335103006418,0.251499545309157,1
423,B4_K06_I04-05-06-07-08-09,Branch4,6,2,L2-L3,1,,1.32431028261918,-0.15870807290438,1.77972193554945,1.60853969810909,0.168065938302211,1
423,B4_K06_I04-05-06-07-08-09,Branch4,6,2,L2-L4,1,,1.17610634681166,-0.442542182017665,2.00448189474063,1.59504209225293,0.181504791086586,1
423,B4_K06_I04-05-06-07-08-09,Branch4,6,2,L3-L4,1,,0.684675012775437,-0.261602520237518,2.53552075632945,1.80478970268525,0.00641654592380034,1
423,B4_K06_I04-05-06-07-08-09,Branch4,6,3,L1-L2-L3,1,,1.30907387599765,-0.0561007338145633,1.78226653907365,1.51898198247188,0.20652387214318,1
423,B4_K06_I04-05-06-07-08-09,Branch4,6,3,L1-L2-L4,1,,1.09564010425707,-0.302401518192171,2.03718269908266,1.4764141834858,0.250389945443481,1
423,B4_K06_I04-05-06-07-08-09,Branch4,6,3,L1-L3-L4,1,,0.715491082942995,-0.266993833712184,2.49482722022943,1.79395772612874,0.300169659478118,1
423,B4_K06_I04-05-06-07-08-09,Branch4,6,3,L2-L3-L4,1,,1.07808270137533,-0.342705135976537,2.09416661109675,1.73050241284094,0.217013832990632,1
423,B4_K06_I04-05-06-07-08-09,Branch4,6,4,L1-L2-L3-L4,1,,1.11526312725815,-0.273896333799115,2.01321759680878,1.59660381737163,0.250075977589281,1
424,B4_K07_I01-02-03-04-05-06-07,Branch4,7,2,L1-L2,1,,1.72434351591508,0.359680578283783,1.40382075552557,1.47189309715607,0.0261708925752572,1
424,B4_K07_I01-02-03-04-05-06-07,Branch4,7,2,L1-L3,1,,1.09246649968172,-0.125446697618458,2.00656240537802,1.56252325601866,0.234160161628004,1
424,B4_K07_I01-02-03-04-05-06-07,Branch4,7,2,L1-L4,1,,0.808774946241051,-0.27924814377537,2.33203603197538,1.54034861883127,0.248428560172191,1
424,B4_K07_I01-02-03-04-05-06-07,Branch4,7,2,L2-L3,1,,1.33442669268754,-0.164135495203861,1.77029506712642,1.61015002278855,0.161392199539836,1
424,B4_K07_I01-02-03-04-05-06-07,Branch4,7,2,L2-L4,1,,1.19070565953675,-0.443675831085346,1.98929378079542,1.59683771769265,0.173715905174341,1
424,B4_K07_I01-02-03-04-05-06-07,Branch4,7,2,L3-L4,1,,0.706387863707553,-0.264948119999216,2.50642251717085,1.79702462732405,0.00650133033548587,1
424,B4_K07_I01-02-03-04-05-06-07,Branch4,7,3,L1-L2-L3,1,,1.32035921037614,-0.0496847042269413,1.77068618169205,1.51705647714708,0.207566321468955,1
424,B4_K07_I01-02-03-04-05-06-07,Branch4,7,3,L1-L2-L4,1,,1.1513452466828,-0.309995019901759,1.98151665713785,1.47236590344665,0.256932675844892,1
424,B4_K07_I01-02-03-04-05-06-07,Branch4,7,3,L1-L3-L4,1,,0.733667896250507,-0.269395994342861,2.47045058907275,1.78609947158351,0.292625075125589,1
424,B4_K07_I01-02-03-04-05-06-07,Branch4,7,3,L2-L3-L4,1,,1.09843045797383,-0.342733277654785,2.07059057222182,1.72335574751857,0.207788821727526,1
424,B4_K07_I01-02-03-04-05-06-07,Branch4,7,4,L1-L2-L3-L4,1,,1.12125273907748,-0.277559590522403,2.00888233462486,1.60655032713045,0.249514412150014,1
425,B4_K07_I01-02-03-04-05-06-08,Branch4,7,2,L1-L2,1,,1.72184593319541,0.356936927855007,1.4059195605282,1.46503543817702,0.019712056104188,1
425,B4_K07_I01-02-03-04-05-06-08,Branch4,7,2,L1-L3,1,,1.09246649968172,-0.125446697618458,2.00656240537802,1.56252325601866,0.234160161628004,1
425,B4_K07_I01-02-03-04-05-06-08,Branch4,7,2,L1-L4,1,,0.804200709677322,-0.283708977785293,2.33856396328634,1.53989837211723,0.249079698547808,1
425,B4_K07_I01-02-03-04-05-06-08,Branch4,7,2,L2-L3,1,,1.33977139239834,-0.161236970183182,1.76390333788493,1.60226273056391,0.16921202273136,1
425,B4_K07_I01-02-03-04-05-06-08,Branch4,7,2,L2-L4,1,,1.19181075405435,-0.44794814118642,1.98907055452904,1.58780485397875,0.182800821193818,1
425,B4_K07_I01-02-03-04-05-06-08,Branch4,7,2,L3-L4,1,,0.694204964405089,-0.266632808990885,2.52234725090208,1.79765388325348,0.00659333161839043,1
425,B4_K07_I01-02-03-04-05-06-08,Branch4,7,3,L1-L2-L3,1,,1.32272280951128,-0.0493301464481903,1.76825744511027,1.51260103354498,0.20968137502678,1
425,B4_K07_I01-02-03-04-05-06-08,Branch4,7,3,L1-L2-L4,1,,1.12366940022997,-0.304754286627082,2.00888081568713,1.4693559939583,0.25630937888154,1
425,B4_K07_I01-02-03-04-05-06-08,Branch4,7,3,L1-L3-L4,1,,0.722831508128703,-0.27136758479059,2.48443094665765,1.78658531836538,0.294236007740989,1
425,B4_K07_I01-02-03-04-05-06-08,Branch4,7,3,L2-L3-L4,1,,1.09063028928417,-0.347358145943842,2.08078714807113,1.72429036058674,0.21874769965221,1
425,B4_K07_I01-02-03-04-05-06-08,Branch4,7,4,L1-L2-L3-L4,1,,1.11595892113136,-0.27783008833969,2.01404348903164,1.60243213446289,0.253155141981479,1
426,B4_K07_I01-02-03-04-05-06-09,Branch4,7,2,L1-L2,1,,1.7510402890122,0.375395611919397,1.37978582926611,1.48030943077041,0.0261466466539569,1
426,B4_K07_I01-02-03-04-05-06-09,Branch4,7,2,L1-L3,1,,1.08350284671019,-0.128589906768201,2.0161376842909,1.56528998090307,0.231225320944638,1
426,B4_K07_I01-02-03-04-05-06-09,Branch4,7,2,L1-L4,1,,0.801313199687254,-0.28397678558506,2.34195170382409,1.54340248645081,0.24547946427815,1
426,B4_K07_I01-02-03-04-05-06-09,Branch4,7,2,L2-L3,1,,1.34918046951811,-0.163896178388761,1.75568364978136,1.61413088792204,0.156624573553283,1
426,B4_K07_I01-02-03-04-05-06-09,Branch4,7,2,L2-L4,1,,1.20359531842251,-0.454164578736701,1.97995972479937,1.60092974478324,0.169101893275289,1
426,B4_K07_I01-02-03-04-05-06-09,Branch4,7,2,L3-L4,1,,0.694204964405088,-0.266632808990885,2.52234725090208,1.79765388325348,0.00659333161839039,1
426,B4_K07_I01-02-03-04-05-06-09,Branch4,7,3,L1-L2-L3,1,,1.34365138645018,-0.0342230697346504,1.74685612374174,1.51386929981541,0.207689106448354,1
426,B4_K07_I01-02-03-04-05-06-09,Branch4,7,3,L1-L2-L4,1,,1.1902256819262,-0.323848946622513,1.94510113601194,1.46892549393768,0.265183731528627,1
426,B4_K07_I01-02-03-04-05-06-09,Branch4,7,3,L1-L3-L4,1,,0.722794701718006,-0.271384033443299,2.48444426131531,1.78650503410885,0.289808064784414,1
426,B4_K07_I01-02-03-04-05-06-09,Branch4,7,3,L2-L3-L4,1,,1.11755327451069,-0.349967703077282,2.05139736484654,1.71852344136196,0.203616313406896,1
426,B4_K07_I01-02-03-04-05-06-09,Branch4,7,4,L1-L2-L3-L4,1,,1.13014346587556,-0.28060674365698,2.00085782239275,1.61069519335719,0.249722304896599,1
427,B4_K07_I01-02-03-04-05-07-08,Branch4,7,2,L1-L2,1,,1.73817460811896,0.359473875690333,1.38992807014555,1.45775151687191,0.0149696672061172,1
427,B4_K07_I01-02-03-04-05-07-08,Branch4,7,2,L1-L3,1,,1.11435906096997,-0.121889499016646,1.98396639665325,1.56023898291933,0.235754673249235,1
427,B4_K07_I01-02-03-04-05-07-08,Branch4,7,2,L1-L4,1,,0.817548781812058,-0.287324454431864,2.32548051753731,1.53661460723247,0.252034793664824,1
427,B4_K07_I01-02-03-04-05-07-08,Branch4,7,2,L2-L3,1,,1.36265284629247,-0.156638139222862,1.73968295010672,1.59450469627106,0.176086509094378,1
427,B4_K07_I01-02-03-04-05-07-08,Branch4,7,2,L2-L4,1,,1.21002911942954,-0.452977698864442,1.97073115598228,1.57886018647045,0.191155443122265,1
427,B4_K07_I01-02-03-04-05-07-08,Branch4,7,2,L3-L4,1,,0.694204964405089,-0.266632808990885,2.52234725090208,1.79765388325348,0.00659333161839043,1
427,B4_K07_I01-02-03-04-05-07-08,Branch4,7,3,L1-L2-L3,1,,1.34649711277447,-0.041611284279773,1.7441500878043,1.50331505255029,0.213078142436072,1
427,B4_K07_I01-02-03-04-05-07-08,Branch4,7,3,L1-L2-L4,1,,1.11864900685521,-0.300544129005018,2.01310714478096,1.46324941582847,0.259094394770529,1
427,B4_K07_I01-02-03-04-05-07-08,Branch4,7,3,L1-L3-L4,1,,0.724262398148619,-0.271661735912111,2.48289265602965,1.78666460456512,0.299078505320063,1
427,B4_K07_I01-02-03-04-05-07-08,Branch4,7,3,L2-L3-L4,1,,1.10252375564619,-0.349529921483273,2.06830903280138,1.72256467216703,0.228368352710971,1
427,B4_K07_I01-02-03-04-05-07-08,Branch4,7,4,L1-L2-L3-L4,1,,1.13047171707785,-0.27656145340158,1.99807552643083,1.59581758516075,0.258029379659577,1
428,B4_K07_I01-02-03-04-05-07-09,Branch4,7,2,L1-L2,1,,1.7125728236883,0.346017248875426,1.4131913978585,1.46139104118654,0.0223649323103939,1
428,B4_K07_I01-02-03-04-05-07-09,Branch4,7,2,L1-L3,1,,1.11435906096997,-0.121889499016646,1.98396639665325,1.56023898291933,0.235754673249235,1
428,B4_K07_I01-02-03-04-05-07-09,Branch4,7,2,L1-L4,1,,0.817548781812058,-0.287324454431864,2.32548051753731,1.53661460723247,0.252034793664824,1
428,B4_K07_I01-02-03-04-05-07-09,Branch4,7,2,L2-L3,1,,1.33977139239834,-0.161236970183182,1.76390333788493,1.60226273056391,0.16921202273136,1
428,B4_K07_I01-02-03-04-05-07-09,Branch4,7,2,L2-L4,1,,1.19181075405435,-0.44794814118642,1.98907055452904,1.58780485397875,0.182800821193818,1
428,B4_K07_I01-02-03-04-05-07-09,Branch4,7,2,L3-L4,1,,0.694204964405089,-0.266632808990885,2.52234725090208,1.79765388325348,0.00659333161839043,1
428,B4_K07_I01-02-03-04-05-07-09,Branch4,7,3,L1-L2-L3,1,,1.32289460338124,-0.055043369019579,1.76832218691111,1.51371559589497,0.209015234249871,1
428,B4_K07_I01-02-03-04-05-07-09,Branch4,7,3,L1-L2-L4,1,,1.11842498906193,-0.305534307678221,2.01457631346573,1.46858125669614,0.254678102045486,1
428,B4_K07_I01-02-03-04-05-07-09,Branch4,7,3,L1-L3-L4,1,,0.724262398148619,-0.271661735912111,2.48289265602965,1.78666460456512,0.299078505320063,1
428,B4_K07_I01-02-03-04-05-07-09,Branch4,7,3,L2-L3-L4,1,,1.09063028928417,-0.347358145943842,2.08078714807113,1.72429036058674,0.21874769965221,1
428,B4_K07_I01-02-03-04-05-07-09,Branch4,7,4,L1-L2-L3-L4,1,,1.12349212116292,-0.277652252597289,2.0055715111885,1.59570070844468,0.25290023982976,1
429,B4_K07_I01-02-03-04-05-08-09,Branch4,7,2,L1-L2,1,,1.77471927581062,0.384665236833071,1.35805784268116,1.45486102340873,0.00201659601770257,1
429,B4_K07_I01-02-03-04-05-08-09,Branch4,7,2,L1-L3,1,,1.09246649968172,-0.125446697618458,2.00656240537802,1.56252325601866,0.234160161628004,1
429,B4_K07_I01-02-03-04-05-08-09,Branch4,7,2,L1-L4,1,,0.804200709677322,-0.283708977785293,2.33856396328634,1.53989837211723,0.249079698547808,1
429,B4_K07_I01-02-03-04-05-08-09,Branch4,7,2,L2-L3,1,,1.38886420714539,-0.150379679199725,1.71179622560874,1.58297044188784,0.186723583606563,1
429,B4_K07_I01-02-03-04-05-08-09,Branch4,7,2,L2-L4,1,,1.23014401447024,-0.457750116596299,1.95007845853255,1.56555918235845,0.203876040264105,1
429,B4_K07_I01-02-03-04-05-08-09,Branch4,7,2,L3-L4,1,,0.694204964405089,-0.266632808990885,2.52234725090208,1.79765388325348,0.00659333161839043,1
429,B4_K07_I01-02-03-04-05-08-09,Branch4,7,3,L1-L2-L3,1,,1.39910330020641,0.0134004873779623,1.69123888719985,1.47211055926377,0.226573852543989,1
429,B4_K07_I01-02-03-04-05-08-09,Branch4,7,3,L1-L2-L4,1,,1.11960803013985,-0.290699971515657,2.00969138418656,1.45585294671584,0.266981650399692,1
429,B4_K07_I01-02-03-04-05-08-09,Branch4,7,3,L1-L3-L4,1,,0.722831508128703,-0.27136758479059,2.48443094665765,1.78658531836538,0.294236007740989,1
429,B4_K07_I01-02-03-04-05-08-09,Branch4,7,3,L2-L3-L4,1,,1.11514737859649,-0.34917865081447,2.05400335976486,1.71986110894723,0.241957516072071,1
429,B4_K07_I01-02-03-04-05-08-09,Branch4,7,4,L1-L2-L3-L4,1,,1.12768170453384,-0.274942155798822,2.00107777096966,1.6015933896897,0.265869872677281,1
430,B4_K07_I01-02-03-04-06-07-08,Branch4,7,2,L1-L2,1,,1.68232351914673,0.327968709874591,1.44051722127621,1.45692435594135,0.0176911596777568,1
430,B4_K07_I01-02-03-04-06-07-08,Branch4,7,2,L1-L3,1,,1.10543479892344,-0.125018642153882,1.99346406679312,1.56297127099736,0.232847707286545,1
430,B4_K07_I01-02-03-04-06-07-08,Branch4,7,2,L1-L4,1,,0.82163625652161,-0.282916247192924,2.31985277848396,1.54379260549725,0.250847790185975,1
430,B4_K07_I01-02-03-04-06-07-08,Branch4,7,2,L2-L3,1,,1.3253454527108,-0.16132915001087,1.77818435907287,1.59825069260269,0.174018397485239,1
430,B4_K07_I01-02-03-04-06-07-08,Branch4,7,2,L2-L4,1,,1.1801757370699,-0.43729195657102,1.99724022173503,1.58640938660286,0.190061022669112,1
430,B4_K07_I01-02-03-04-06-07-08,Branch4,7,2,L3-L4,1,,0.707725279633524,-0.264919247787349,2.50650932344673,1.80038557548514,0.00314741632420033,1
430,B4_K07_I01-02-03-04-06-07-08,Branch4,7,3,L1-L2-L3,1,,1.31040433013708,-0.0539731127732268,1.78072616494014,1.50695962407139,0.208541298384895,1
430,B4_K07_I01-02-03-04-06-07-08,Branch4,7,3,L1-L2-L4,1,,1.07606511730007,-0.288006681941492,2.05363916196176,1.46959438854835,0.251499209569692,1
430,B4_K07_I01-02-03-04-06-07-08,Branch4,7,3,L1-L3-L4,1,,0.723635064836703,-0.267646918308087,2.48565842721314,1.79459140785656,0.299373677122364,1
430,B4_K07_I01-02-03-04-06-07-08,Branch4,7,3,L2-L3-L4,1,,1.07033613283995,-0.338136099078465,2.10154357001449,1.73288903319622,0.22559534461628,1
430,B4_K07_I01-02-03-04-06-07-08,Branch4,7,4,L1-L2-L3-L4,1,,1.10996238675159,-0.273468155271602,2.01879039840176,1.59869983535639,0.251085235171186,1
431,B4_K07_I01-02-03-04-06-07-09,Branch4,7,2,L1-L2,1,,1.72434351591508,0.359680578283783,1.40382075552557,1.47189309715607,0.0261708925752572,1
431,B4_K07_I01-02-03-04-06-07-09,Branch4,7,2,L1-L3,1,,1.09835466163243,-0.120434513797032,2.00008284128414,1.56292120272953,0.233238656658539,1
431,B4_K07_I01-02-03-04-06-07-09,Branch4,7,2,L1-L4,1,,0.808774946241048,-0.279248143775371,2.33203603197538,1.54034861883127,0.248428560172191,1
431,B4_K07_I01-02-03-04-06-07-09,Branch4,7,2,L2-L3,1,,1.33717110719592,-0.159407928237274,1.76695296847478,1.61028252221884,0.161077736502538,1
431,B4_K07_I01-02-03-04-06-07-09,Branch4,7,2,L2-L4,1,,1.19070565953675,-0.443675831085347,1.98929378079542,1.59683771769265,0.173715905174341,1
431,B4_K07_I01-02-03-04-06-07-09,Branch4,7,2,L3-L4,1,,0.693806687369094,-0.25994312809692,2.51969697548329,1.79757646046077,0.00652078788646301,1
431,B4_K07_I01-02-03-04-06-07-09,Branch4,7,3,L1-L2-L3,1,,1.32332515376974,-0.0460981951038366,1.76759136009226,1.51731496766446,0.206710221391566,1
431,B4_K07_I01-02-03-04-06-07-09,Branch4,7,3,L1-L2-L4,1,,1.1513452466828,-0.309995019901759,1.98151665713784,1.47236590344665,0.256932675844893,1
431,B4_K07_I01-02-03-04-06-07-09,Branch4,7,3,L1-L3-L4,1,,0.722919572839239,-0.264874138178652,2.4814804984793,1.78663289411229,0.294036692969915,1
431,B4_K07_I01-02-03-04-06-07-09,Branch4,7,3,L2-L3-L4,1,,1.10018462732839,-0.341210149602803,2.06781344139037,1.72162239827136,0.208044771148803,1
431,B4_K07_I01-02-03-04-06-07-09,Branch4,7,4,L1-L2-L3-L4,1,,1.12365590666359,-0.273947683197278,2.00519115305602,1.60365823191087,0.249525659692923,1
432,B4_K07_I01-02-03-04-06-08-09,Branch4,7,2,L1-L2,1,,1.72046154013716,0.356149670834884,1.40712518128033,1.46717215245279,0.0174219588521752,1
432,B4_K07_I01-02-03-04-06-08-09,Branch4,7,2,L1-L3,1,,1.08350284671019,-0.128589906768201,2.0161376842909,1.56528998090307,0.231225320944638,1
432,B4_K07_I01-02-03-04-06-08-09,Branch4,7,2,L1-L4,1,,0.803821416348235,-0.283747306306612,2.33937439576163,1.54666409546541,0.2485507657934,1
432,B4_K07_I01-02-03-04-06-08-09,Branch4,7,2,L2-L3,1,,1.33977139239834,-0.161236970183182,1.76390333788493,1.60226273056391,0.16921202273136,1
432,B4_K07_I01-02-03-04-06-08-09,Branch4,7,2,L2-L4,1,,1.19278962677297,-0.447802377604866,1.98816748403391,1.59047226706824,0.185442538366953,1
432,B4_K07_I01-02-03-04-06-08-09,Branch4,7,2,L3-L4,1,,0.695573638669221,-0.266603419223922,2.52243993969903,1.80103302413658,0.00322149647452855,1
432,B4_K07_I01-02-03-04-06-08-09,Branch4,7,3,L1-L2-L3,1,,1.32142281371976,-0.0492211609999391,1.76956389164306,1.51356516406294,0.20847309692284,1
432,B4_K07_I01-02-03-04-06-08-09,Branch4,7,3,L1-L2-L4,1,,1.11424203895674,-0.301678103779242,2.01768515263087,1.47418312198635,0.255918535169103,1
432,B4_K07_I01-02-03-04-06-08-09,Branch4,7,3,L1-L3-L4,1,,0.711146405791327,-0.269281460208168,2.50174038937318,1.79524114917007,0.296337944667388,1
432,B4_K07_I01-02-03-04-06-08-09,Branch4,7,3,L2-L3-L4,1,,1.0896877006409,-0.345417017785737,2.08195474236974,1.72792789939188,0.220466360160312,1
432,B4_K07_I01-02-03-04-06-08-09,Branch4,7,4,L1-L2-L3-L4,1,,1.11415264080898,-0.276451903820205,2.01600154201261,1.60694748307711,0.252779275469736,1
433,B4_K07_I01-02-03-04-07-08-09,Branch4,7,2,L1-L2,1,,1.73817460811896,0.359473875690333,1.38992807014555,1.45775151687191,0.0149696672061172,1
433,B4_K07_I01-02-03-04-07-08-09,Branch4,7,2,L1-L3,1,,1.12011312851989,-0.116955010593623,1.97766105691996,1.56063845221682,0.234837632146859,1
433,B4_K07_I01-02-03-04-07-08-09,Branch4,7,2,L1-L4,1,,0.820060426698666,-0.287088615731041,2.32286891307045,1.53986383851462,0.255081819355866,1
433,B4_K07_I01-02-03-04-07-08-09,Branch4,7,2,L2-L3,1,,1.36531267530717,-0.152021596717079,1.73648341012405,1.59466243403052,0.175750936279477,1
433,B4_K07_I01-02-03-04-07-08-09,Branch4,7,2,L2-L4,1,,1.21100715467705,-0.452827919828052,1.96980270150153,1.58150592702334,0.193771753305499,1
433,B4_K07_I01-02-03-04-07-08-09,Branch4,7,2,L3-L4,1,,0.682958087678421,-0.261574751387821,2.53588637200021,1.80160982448634,0.00322359686045505,1
433,B4_K07_I01-02-03-04-07-08-09,Branch4,7,3,L1-L2-L3,1,,1.34935918664746,-0.0381296182110266,1.74118443036332,1.50359247973594,0.212233563334509,1
433,B4_K07_I01-02-03-04-07-08-09,Branch4,7,3,L1-L2-L4,1,,1.11223006972745,-0.297702993604235,2.01891081309501,1.46540795900473,0.260724416888424,1
433,B4_K07_I01-02-03-04-07-08-09,Branch4,7,3,L1-L3-L4,1,,0.700914204591849,-0.2647822087143,2.51227058108318,1.79563461005951,0.307352259964377,1
433,B4_K07_I01-02-03-04-07-08-09,Branch4,7,3,L2-L3-L4,1,,1.10090678128677,-0.348249184488203,2.0703560115678,1.72593004103169,0.231112548695052,1
433,B4_K07_I01-02-03-04-07-08-09,Branch4,7,4,L1-L2-L3-L4,1,,1.13493784921315,-0.27112635160669,1.99196864293653,1.59434808925658,0.259158482890232,1
434,B4_K07_I01-02-03-05-06-07-08,Branch4,7,2,L1-L2,1,,1.6943865916488,0.341282576836611,1.43077617173652,1.46194198599946,0.020625242109214,1
434,B4_K07_I01-02-03-05-06-07-08,Branch4,7,2,L1-L3,1,,1.09246649968172,-0.125446697618458,2.00656240537802,1.56252325601866,0.234160161628004,1
434,B4_K07_I01-02-03-05-06-07-08,Branch4,7,2,L1-L4,1,,0.801723061230591,-0.283938708733424,2.34113625615035,1.53663017525524,0.246009423030776,1
434,B4_K07_I01-02-03-05-06-07-08,Branch4,7,2,L2-L3,1,,1.32252242661731,-0.162839090856528,1.78152559814201,1.60219461373828,0.170105123383425,1
434,B4_K07_I01-02-03-05-06-07-08,Branch4,7,2,L2-L4,1,,1.17543367427363,-0.442591469893314,2.00441669579341,1.58524085301067,0.180599250023113,1
434,B4_K07_I01-02-03-05-06-07-08,Branch4,7,2,L3-L4,1,,0.692993320621207,-0.266682374484388,2.52208612784913,1.79426873327552,0.00996416893402282,1
434,B4_K07_I01-02-03-05-06-07-08,Branch4,7,3,L1-L2-L3,1,,1.30678339446715,-0.0541832475333931,1.78439504625086,1.51194656802359,0.208704894653479,1
434,B4_K07_I01-02-03-05-06-07-08,Branch4,7,3,L1-L2-L4,1,,1.10213482385171,-0.302353627833927,2.03060907904928,1.46878573580083,0.250497545045592,1
434,B4_K07_I01-02-03-05-06-07-08,Branch4,7,3,L1-L3-L4,1,,0.733737813961214,-0.27317764045759,2.46821559805224,1.77772164821106,0.28794517089598,1
434,B4_K07_I01-02-03-05-06-07-08,Branch4,7,3,L2-L3-L4,1,,1.08250048395234,-0.340333036287347,2.08609557491889,1.71944618354175,0.214788489035,1
434,B4_K07_I01-02-03-05-06-07-08,Branch4,7,4,L1-L2-L3-L4,1,,1.10290145125617,-0.279224144554873,2.02761428401615,1.59880323250808,0.249933850789755,1
435,B4_K07_I01-02-03-05-06-07-09,Branch4,7,2,L1-L2,1,,1.6943865916488,0.341282576836611,1.43077617173652,1.46194198599946,0.020625242109214,1
435,B4_K07_I01-02-03-05-06-07-09,Branch4,7,2,L1-L3,1,,1.09835466163243,-0.120434513797032,2.00008284128414,1.56292120272953,0.233238656658539,1
435,B4_K07_I01-02-03-05-06-07-09,Branch4,7,2,L1-L4,1,,0.801723061230591,-0.283938708733424,2.34113625615035,1.53663017525524,0.246009423030776,1
435,B4_K07_I01-02-03-05-06-07-09,Branch4,7,2,L2-L3,1,,1.32529066043777,-0.158092812948785,1.77815852526531,1.60234228013593,0.169772517393945,1
435,B4_K07_I01-02-03-05-06-07-09,Branch4,7,2,L2-L4,1,,1.17543367427363,-0.442591469893314,2.00441669579341,1.58524085301067,0.180599250023113,1
435,B4_K07_I01-02-03-05-06-07-09,Branch4,7,2,L3-L4,1,,0.680307628149692,-0.261655632020469,2.53552520054866,1.79480925345726,0.0100022021592665,1
435,B4_K07_I01-02-03-05-06-07-09,Branch4,7,3,L1-L2-L3,1,,1.30978719964581,-0.0505641908991437,1.78124636172263,1.51223459237017,0.207854676031964,1
435,B4_K07_I01-02-03-05-06-07-09,Branch4,7,3,L1-L2-L4,1,,1.10213482385171,-0.302353627833927,2.03060907904928,1.46878573580083,0.250497545045592,1
435,B4_K07_I01-02-03-05-06-07-09,Branch4,7,3,L1-L3-L4,1,,0.723747948421269,-0.268855622187904,2.47835472024058,1.77824054163613,0.289229642072041,1
435,B4_K07_I01-02-03-05-06-07-09,Branch4,7,3,L2-L3-L4,1,,1.08147780267977,-0.34086952892324,2.08729276752151,1.71904430573755,0.215795200346142,1
435,B4_K07_I01-02-03-05-06-07-09,Branch4,7,4,L1-L2-L3-L4,1,,1.1052107652673,-0.275607074531783,2.02400503444581,1.59584523746066,0.249950356142302,1
436,B4_K07_I01-02-03-05-06-08-09,Branch4,7,2,L1-L2,1,,1.72184593319541,0.356936927855007,1.4059195605282,1.46503543817702,0.019712056104188,1
436,B4_K07_I01-02-03-05-06-08-09,Branch4,7,2,L1-L3,1,,1.09835466163243,-0.120434513797032,2.00008284128414,1.56292120272953,0.233238656658539,1
436,B4_K07_I01-02-03-05-06-08-09,Branch4,7,2,L1-L4,1,,0.797185314463064,-0.28841601677453,2.34769806452087,1.53617268924801,0.246657456775934,1
436,B4_K07_I01-02-03-05-06-08-09,Branch4,7,2,L2-L3,1,,1.34249603449044,-0.156539936587415,1.76060040657232,1.60240884663977,0.168884356818563,1
436,B4_K07_I01-02-03-05-06-08-09,Branch4,7,2,L2-L4,1,,1.18948042902656,-0.452833534814505,1.99337205766256,1.58492724456475,0.180421368076835,1
436,B4_K07_I01-02-03-05-06-08-09,Branch4,7,2,L3-L4,1,,0.668071106692293,-0.263334320431504,2.55176843561944,1.79543327907397,0.0101136779653793,1
436,B4_K07_I01-02-03-05-06-08-09,Branch4,7,3,L1-L2-L3,1,,1.32565333846628,-0.0457865608060088,1.76520040139165,1.51289915359588,0.208823754387026,1
436,B4_K07_I01-02-03-05-06-08-09,Branch4,7,3,L1-L2-L4,1,,1.13036204443071,-0.312215175983736,2.00415552870729,1.46562239772644,0.256515224805518,1
436,B4_K07_I01-02-03-05-06-08-09,Branch4,7,3,L1-L3-L4,1,,0.713362044437009,-0.270935943279909,2.49183056912933,1.77869778085632,0.290816101365161,1
436,B4_K07_I01-02-03-05-06-08-09,Branch4,7,3,L2-L3-L4,1,,1.09787740100586,-0.347451521041062,2.07094606618808,1.71480527960941,0.216233646569464,1
436,B4_K07_I01-02-03-05-06-08-09,Branch4,7,4,L1-L2-L3-L4,1,,1.11530600412395,-0.27769356081604,2.01410951533824,1.59619477184615,0.252964102371618,1
437,B4_K07_I01-02-03-05-07-08-09,Branch4,7,2,L1-L2,1,,1.71019336864976,0.342818393021861,1.41523076746151,1.45116430279017,0.0125851490004685,1
437,B4_K07_I01-02-03-05-07-08-09,Branch4,7,2,L1-L3,1,,1.12011312851989,-0.116955010593625,1.97766105691997,1.56063845221682,0.234837632146859,1
437,B4_K07_I01-02-03-05-07-08-09,Branch4,7,2,L1-L4,1,,0.815081933862319,-0.287557763265727,2.32805760018819,1.53335972217172,0.248982834867139,1
437,B4_K07_I01-02-03-05-07-08-09,Branch4,7,2,L2-L3,1,,1.35112413850633,-0.152005836139723,1.75051865060204,1.59066630051446,0.180541264890814,1
437,B4_K07_I01-02-03-05-07-08-09,Branch4,7,2,L2-L4,1,,1.19505656861314,-0.447350090467551,1.98416653432418,1.57190580599301,0.193400040978355,1
437,B4_K07_I01-02-03-05-07-08-09,Branch4,7,2,L3-L4,1,,0.680307628149692,-0.261655632020469,2.53552520054866,1.79480925345726,0.0100022021592665,1
437,B4_K07_I01-02-03-05-07-08-09,Branch4,7,3,L1-L2-L3,1,,1.34466494920159,-0.0278750337464357,1.74566789779477,1.48913689338074,0.214698343251046,1
437,B4_K07_I01-02-03-05-07-08-09,Branch4,7,3,L1-L2-L4,1,,1.0902687212904,-0.29346898641535,2.04082104001965,1.45774661467878,0.255181611671954,1
437,B4_K07_I01-02-03-05-07-08-09,Branch4,7,3,L1-L3-L4,1,,0.725822350765771,-0.269279338755223,2.47614638366997,1.77837108382381,0.294019780349623,1
437,B4_K07_I01-02-03-05-07-08-09,Branch4,7,3,L2-L3-L4,1,,1.09210641160355,-0.341816698393929,2.07579062748589,1.71734099399145,0.229937745870904,1
437,B4_K07_I01-02-03-05-07-08-09,Branch4,7,4,L1-L2-L3-L4,1,,1.11791690779507,-0.273572187218761,2.00965473279324,1.58803734854249,0.256435879670736,1
438,B4_K07_I01-02-03-06-07-08-09,Branch4,7,2,L1-L2,1,,1.6832956300354,0.32916796130546,1.43967780268002,1.46038590681031,0.0209826777736137,1
438,B4_K07_I01-02-03-06-07-08-09,Branch4,7,2,L1-L3,1,,1.11127042089813,-0.120034052454623,1.98705008760938,1.56336612164215,0.231937194339664,1
438,B4_K07_I01-02-03-06-07-08-09,Branch4,7,2,L1-L4,1,,0.814620016946724,-0.287597189659237,2.3288919931959,1.54010274914622,0.248446546387903,1
438,B4_K07_I01-02-03-06-07-08-09,Branch4,7,2,L2-L3,1,,1.32529066043777,-0.158092812948785,1.77815852526531,1.60234228013593,0.169772517393945,1
438,B4_K07_I01-02-03-06-07-08-09,Branch4,7,2,L2-L4,1,,1.176403212578,-0.442445706645971,2.00352196040122,1.58793056751767,0.183261724901663,1
438,B4_K07_I01-02-03-06-07-08-09,Branch4,7,2,L3-L4,1,,0.681553434207234,-0.261604834315061,2.53579133576586,1.79821259334655,0.00661340381312472,1
438,B4_K07_I01-02-03-06-07-08-09,Branch4,7,3,L1-L2-L3,1,,1.31017207495944,-0.0536943657189698,1.78098485974451,1.51213027928188,0.206206510048601,1
438,B4_K07_I01-02-03-06-07-08-09,Branch4,7,3,L1-L2-L4,1,,1.08788373853402,-0.30001834994959,2.04468254242319,1.47186761393989,0.249128296107513,1
438,B4_K07_I01-02-03-06-07-08-09,Branch4,7,3,L1-L3-L4,1,,0.713511049439778,-0.267156932078759,2.49392823585859,1.78709518161798,0.296198710483043,1
438,B4_K07_I01-02-03-06-07-08-09,Branch4,7,3,L2-L3-L4,1,,1.07572909522374,-0.34267232435928,2.09551033424438,1.72529773441907,0.219068659786826,1
438,B4_K07_I01-02-03-06-07-08-09,Branch4,7,4,L1-L2-L3-L4,1,,1.11096868123229,-0.274060241951771,2.01743198509426,1.59348929276404,0.249363676709769,1
439,B4_K07_I01-02-04-05-06-07-08,Branch4,7,2,L1-L2,1,,1.71217477854171,0.346421004082019,1.41356226876611,1.46696224129075,0.0233094194222295,1
439,B4_K07_I01-02-04-05-06-07-08,Branch4,7,2,L1-L3,1,,1.10543479892344,-0.125018642153882,1.99346406679312,1.56297127099736,0.232847707286545,1
439,B4_K07_I01-02-04-05-06-07-08,Branch4,7,2,L1-L4,1,,0.814620016946724,-0.287597189659237,2.3288919931959,1.54010274914622,0.248446546387903,1
439,B4_K07_I01-02-04-05-06-07-08,Branch4,7,2,L2-L3,1,,1.33705591664111,-0.162702008969794,1.76713654479207,1.60620197445211,0.165305588275527,1
439,B4_K07_I01-02-04-05-06-07-08,Branch4,7,2,L2-L4,1,,1.1905260516982,-0.448187435228954,1.99092079081041,1.59222361195581,0.1783850729119,1
439,B4_K07_I01-02-04-05-06-07-08,Branch4,7,2,L3-L4,1,,0.694204964405088,-0.266632808990885,2.52234725090208,1.79765388325348,0.00659333161839039,1
439,B4_K07_I01-02-04-05-06-07-08,Branch4,7,3,L1-L2-L3,1,,1.31984988999059,-0.0558127920655933,1.77144388593721,1.51727537026083,0.206594913539587,1
439,B4_K07_I01-02-04-05-06-07-08,Branch4,7,3,L1-L2-L4,1,,1.12931640328802,-0.310256549402455,2.00448893331814,1.47239318201119,0.253365689361043,1
439,B4_K07_I01-02-04-05-06-07-08,Branch4,7,3,L1-L3-L4,1,,0.724256971429185,-0.271684373536142,2.4828712377814,1.78658406781774,0.29464975161483,1
439,B4_K07_I01-02-04-05-06-07-08,Branch4,7,3,L2-L3-L4,1,,1.09525457516082,-0.34615508447354,2.0750085284512,1.72260178477952,0.213174686485872,1
439,B4_K07_I01-02-04-05-06-07-08,Branch4,7,4,L1-L2-L3-L4,1,,1.1217270622582,-0.278824216204536,2.00808363285034,1.59992813995077,0.249942691779033,1
440,B4_K07_I01-02-04-05-06-07-09,Branch4,7,2,L1-L2,1,,1.68605667022351,0.332168839042066,1.43730898659123,1.46739061833563,0.027545908318041,1
440,B4_K07_I01-02-04-05-06-07-09,Branch4,7,2,L1-L3,1,,1.10543479892344,-0.125018642153882,1.99346406679312,1.56297127099736,0.232847707286545,1
440,B4_K07_I01-02-04-05-06-07-09,Branch4,7,2,L1-L4,1,,0.814620016946724,-0.287597189659237,2.3288919931959,1.54010274914622,0.248446546387903,1
440,B4_K07_I01-02-04-05-06-07-09,Branch4,7,2,L2-L3,1,,1.31713685705668,-0.16576412895041,1.78798325337271,1.61010969654187,0.162257241389413,1
440,B4_K07_I01-02-04-05-06-07-09,Branch4,7,2,L2-L4,1,,1.17389930536336,-0.442922371425727,2.0071829897041,1.59678158005025,0.174417807858167,1
440,B4_K07_I01-02-04-05-06-07-09,Branch4,7,2,L3-L4,1,,0.694204964405088,-0.266632808990885,2.52234725090208,1.79765388325348,0.00659333161839039,1
440,B4_K07_I01-02-04-05-06-07-09,Branch4,7,3,L1-L2-L3,1,,1.30319351974823,-0.0602321737448102,1.78832936520087,1.51841178050516,0.204652587333049,1
440,B4_K07_I01-02-04-05-06-07-09,Branch4,7,3,L1-L2-L4,1,,1.1156317703123,-0.310207798818607,2.01862794751396,1.47618207326141,0.249193288909807,1
440,B4_K07_I01-02-04-05-06-07-09,Branch4,7,3,L1-L3-L4,1,,0.724256971429185,-0.271684373536142,2.4828712377814,1.78658406781774,0.29464975161483,1
440,B4_K07_I01-02-04-05-06-07-09,Branch4,7,3,L2-L3-L4,1,,1.08092622482055,-0.343676924126583,2.09015367432814,1.72493332427228,0.208476280452409,1
440,B4_K07_I01-02-04-05-06-07-09,Branch4,7,4,L1-L2-L3-L4,1,,1.11276357543205,-0.279153849062508,2.01735750992857,1.59876229976701,0.246465848678964,1
441,B4_K07_I01-02-04-05-06-08-09,Branch4,7,2,L1-L2,1,,1.74896326993233,0.372361927301886,1.3814332584302,1.46808128652416,0.0188111955772523,1
441,B4_K07_I01-02-04-05-06-08-09,Branch4,7,2,L1-L3,1,,1.09246649968172,-0.125446697618458,2.00656240537802,1.56252325601866,0.234160161628004,1
441,B4_K07_I01-02-04-05-06-08-09,Branch4,7,2,L1-L4,1,,0.806723855171366,-0.283476699570249,2.33595658397784,1.54316093206755,0.252145055565111,1
441,B4_K07_I01-02-04-05-06-08-09,Branch4,7,2,L2-L3,1,,1.35700818919795,-0.1596349420233,1.74630480792231,1.60232859631018,0.16832264807663,1
441,B4_K07_I01-02-04-05-06-08-09,Branch4,7,2,L2-L4,1,,1.20823954814329,-0.453325374375388,1.97367545237396,1.59032394484536,0.184963382709555,1
441,B4_K07_I01-02-04-05-06-08-09,Branch4,7,2,L3-L4,1,,0.695573638669221,-0.266603419223922,2.52243993969903,1.80103302413658,0.00322149647452855,1
441,B4_K07_I01-02-04-05-06-08-09,Branch4,7,3,L1-L2-L3,1,,1.3372017968558,-0.0467942423178002,1.75370276246794,1.51512075938737,0.210503029165066,1
441,B4_K07_I01-02-04-05-06-08-09,Branch4,7,3,L1-L2-L4,1,,1.14554545054814,-0.307152618123484,1.98682137276646,1.46952763766048,0.262367037761324,1
441,B4_K07_I01-02-04-05-06-08-09,Branch4,7,3,L1-L3-L4,1,,0.711263635826787,-0.269287965416449,2.50159936446718,1.79523658891807,0.300724352833436,1
441,B4_K07_I01-02-04-05-06-08-09,Branch4,7,3,L2-L3-L4,1,,1.10717395284264,-0.348090380272696,2.06328224029376,1.72476185378888,0.220061336195601,1
441,B4_K07_I01-02-04-05-06-08-09,Branch4,7,4,L1-L2-L3-L4,1,,1.12912365473707,-0.276313850055919,2.00034848570029,1.60597387101746,0.256436774342698,1
442,B4_K07_I01-02-04-05-07-08-09,Branch4,7,2,L1-L2,1,,1.73889031040512,0.360468742129122,1.38932669328168,1.46111425216814,0.0181958798147033,1
442,B4_K07_I01-02-04-05-07-08-09,Branch4,7,2,L1-L3,1,,1.11435906096998,-0.121889499016645,1.98396639665325,1.56023898291933,0.235754673249235,1
442,B4_K07_I01-02-04-05-07-08-09,Branch4,7,2,L1-L4,1,,0.817548781812061,-0.287324454431863,2.3254805175373,1.53661460723247,0.252034793664823,1
442,B4_K07_I01-02-04-05-07-08-09,Branch4,7,2,L2-L3,1,,1.35978812869877,-0.158151991578612,1.74303052371561,1.5984120544851,0.17220814953217,1
442,B4_K07_I01-02-04-05-07-08-09,Branch4,7,2,L2-L4,1,,1.20862077691475,-0.45322610429257,1.9726741620256,1.58326615502468,0.186749322372738,1
442,B4_K07_I01-02-04-05-07-08-09,Branch4,7,2,L3-L4,1,,0.694204964405088,-0.266632808990885,2.52234725090208,1.79765388325348,0.00659333161839039,1
442,B4_K07_I01-02-04-05-07-08-09,Branch4,7,3,L1-L2-L3,1,,1.34282631000457,-0.0454894590651015,1.74797064724736,1.50839191901713,0.211518884346873,1
442,B4_K07_I01-02-04-05-07-08-09,Branch4,7,3,L1-L2-L4,1,,1.13257805526048,-0.305649993204811,2.00000484222619,1.46504733284635,0.258958451652799,1
442,B4_K07_I01-02-04-05-07-08-09,Branch4,7,3,L1-L3-L4,1,,0.72426239814862,-0.271661735912111,2.48289265602965,1.78666460456512,0.299078505320063,1
442,B4_K07_I01-02-04-05-07-08-09,Branch4,7,3,L2-L3-L4,1,,1.10348710240023,-0.351272519273153,2.06793484852355,1.72287716012317,0.223991175923636,1
442,B4_K07_I01-02-04-05-07-08-09,Branch4,7,4,L1-L2-L3-L4,1,,1.13247358065613,-0.277280357159827,1.99627976765449,1.59689204185858,0.25650233704777,1
443,B4_K07_I01-02-04-06-07-08-09,Branch4,7,2,L1-L2,1,,1.71012914049716,0.343977888992555,1.41529720362314,1.46010723286964,0.0168013600401132,1
443,B4_K07_I01-02-04-06-07-08-09,Branch4,7,2,L1-L3,1,,1.10543479892344,-0.125018642153882,1.99346406679312,1.56297127099736,0.232847707286545,1
443,B4_K07_I01-02-04-06-07-08-09,Branch4,7,2,L1-L4,1,,0.817116871446605,-0.287364136651947,2.32630993016712,1.54335103006418,0.251499545309157,1
443,B4_K07_I01-02-04-06-07-08-09,Branch4,7,2,L2-L3,1,,1.34257277785548,-0.159740600761051,1.76059587926937,1.59833253831516,0.1731113731019,1
443,B4_K07_I01-02-04-06-07-08-09,Branch4,7,2,L2-L4,1,,1.19414120518449,-0.44755440508243,1.98625068791727,1.58605654238738,0.189852895237717,1
443,B4_K07_I01-02-04-06-07-08-09,Branch4,7,2,L3-L4,1,,0.695573638669221,-0.266603419223922,2.52243993969903,1.80103302413658,0.00322149647452855,1
443,B4_K07_I01-02-04-06-07-08-09,Branch4,7,3,L1-L2-L3,1,,1.32757135031054,-0.0471380032807039,1.76327971868571,1.50608226613928,0.209705342263858,1
443,B4_K07_I01-02-04-06-07-08-09,Branch4,7,3,L1-L2-L4,1,,1.09513636319062,-0.297264591848809,2.0363861764459,1.47075402196793,0.254991663470404,1
443,B4_K07_I01-02-04-06-07-08-09,Branch4,7,3,L1-L3-L4,1,,0.712095025042035,-0.269470425736051,2.500663540455,1.79520764182896,0.301276248325374,1
443,B4_K07_I01-02-04-06-07-08-09,Branch4,7,3,L2-L3-L4,1,,1.08508031808315,-0.346532231871792,2.08771162052252,1.72963604536262,0.226176204731917,1
443,B4_K07_I01-02-04-06-07-08-09,Branch4,7,4,L1-L2-L3-L4,1,,1.11972202872577,-0.275603000980716,2.00926064746395,1.59911033923929,0.253978977295482,1
444,B4_K07_I01-02-05-06-07-08-09,Branch4,7,2,L1-L2,1,,1.7154851970545,0.349127485199272,1.41071520869314,1.46834482543042,0.0288527582977455,1
444,B4_K07_I01-02-05-06-07-08-09,Branch4,7,2,L1-L3,1,,1.11435906096997,-0.121889499016646,1.98396639665325,1.56023898291933,0.235754673249235,1
444,B4_K07_I01-02-05-06-07-08-09,Branch4,7,2,L1-L4,1,,0.81508193386232,-0.287557763265727,2.32805760018819,1.53335972217172,0.248982834867139,1
444,B4_K07_I01-02-05-06-07-08-09,Branch4,7,2,L2-L3,1,,1.33442669268754,-0.164135495203861,1.77029506712642,1.61015002278855,0.161392199539836,1
444,B4_K07_I01-02-05-06-07-08-09,Branch4,7,2,L2-L4,1,,1.1883569345631,-0.448558512954565,1.99357112194132,1.59397435681708,0.171317868259002,1
444,B4_K07_I01-02-05-06-07-08-09,Branch4,7,2,L3-L4,1,,0.692993320621207,-0.266682374484388,2.52208612784913,1.79426873327552,0.00996416893402282,1
444,B4_K07_I01-02-05-06-07-08-09,Branch4,7,3,L1-L2-L3,1,,1.32257817163621,-0.0520840476240408,1.76853647326407,1.51531076674496,0.207253602842551,1
444,B4_K07_I01-02-05-06-07-08-09,Branch4,7,3,L1-L2-L4,1,,1.15244806500158,-0.318193338689285,1.98279583179824,1.46856003091122,0.255354310487072,1
444,B4_K07_I01-02-05-06-07-08-09,Branch4,7,3,L1-L3-L4,1,,0.73584102786387,-0.273608978377146,2.46598765135545,1.77786459648233,0.292656002142979,1
444,B4_K07_I01-02-05-06-07-08-09,Branch4,7,3,L2-L3-L4,1,,1.09692270593572,-0.350277566421381,2.07392608818449,1.71940568585885,0.207341323768953,1
444,B4_K07_I01-02-05-06-07-08-09,Branch4,7,4,L1-L2-L3-L4,1,,1.12581043523171,-0.280968980102672,2.00410403714616,1.59662052656876,0.249135142608094,1
445,B4_K07_I01-03-04-05-06-07-08,Branch4,7,2,L1-L2,1,,1.6943865916488,0.341282576836611,1.43077617173652,1.46194198599946,0.020625242109214,1
445,B4_K07_I01-03-04-05-06-07-08,Branch4,7,2,L1-L3,1,,1.09246649968172,-0.125446697618458,2.00656240537802,1.56252325601866,0.234160161628004,1
445,B4_K07_I01-03-04-05-06-07-08,Branch4,7,2,L1-L4,1,,0.804200709677322,-0.283708977785293,2.33856396328634,1.53989837211723,0.249079698547808,1
445,B4_K07_I01-03-04-05-06-07-08,Branch4,7,2,L2-L3,1,,1.32252242661731,-0.162839090856528,1.78152559814201,1.60219461373828,0.170105123383425,1
445,B4_K07_I01-03-04-05-06-07-08,Branch4,7,2,L2-L4,1,,1.176403212578,-0.442445706645972,2.00352196040122,1.58793056751766,0.183261724901663,1
445,B4_K07_I01-03-04-05-06-07-08,Branch4,7,2,L3-L4,1,,0.694204964405089,-0.266632808990885,2.52234725090208,1.79765388325348,0.00659333161839043,1
445,B4_K07_I01-03-04-05-06-07-08,Branch4,7,3,L1-L2-L3,1,,1.30678339446715,-0.0541832475333931,1.78439504625086,1.51194656802359,0.208704894653479,1
445,B4_K07_I01-03-04-05-06-07-08,Branch4,7,3,L1-L2-L4,1,,1.09569370053387,-0.299554469883805,2.03644464419557,1.47113969476867,0.251923970525496,1
445,B4_K07_I01-03-04-05-06-07-08,Branch4,7,3,L1-L3-L4,1,,0.722831508128703,-0.27136758479059,2.48443094665765,1.78658531836538,0.294236007740989,1
445,B4_K07_I01-03-04-05-06-07-08,Branch4,7,3,L2-L3-L4,1,,1.0737887106353,-0.34429919258317,2.09858839916991,1.72711956942082,0.219006552505995,1
445,B4_K07_I01-03-04-05-06-07-08,Branch4,7,4,L1-L2-L3-L4,1,,1.10500084203686,-0.277429346596035,2.02509757187141,1.6002129588192,0.251008208523788,1
446,B4_K07_I01-03-04-05-06-07-09,Branch4,7,2,L1-L2,1,,1.69559237599008,0.342637583615348,1.42974814872391,1.46540546077431,0.0238916496055574,1
446,B4_K07_I01-03-04-05-06-07-09,Branch4,7,2,L1-L3,1,,1.09835466163243,-0.120434513797032,2.00008284128414,1.56292120272953,0.233238656658539,1
446,B4_K07_I01-03-04-05-06-07-09,Branch4,7,2,L1-L4,1,,0.804200709677322,-0.283708977785293,2.33856396328634,1.53989837211723,0.249079698547808,1
446,B4_K07_I01-03-04-05-06-07-09,Branch4,7,2,L2-L3,1,,1.32256440829804,-0.159555585133837,1.78140480515499,1.60628850068505,0.165858750608742,1
446,B4_K07_I01-03-04-05-06-07-09,Branch4,7,2,L2-L4,1,,1.17512054549191,-0.442686847895708,2.00537685402216,1.59235411385806,0.178840914716078,1
446,B4_K07_I01-03-04-05-06-07-09,Branch4,7,2,L3-L4,1,,0.681553434207234,-0.261604834315061,2.53579133576586,1.79821259334655,0.00661340381312476,1
446,B4_K07_I01-03-04-05-06-07-09,Branch4,7,3,L1-L2-L3,1,,1.3063446269698,-0.0543075172897572,1.78490157306232,1.5174663672094,0.206426938067067,1
446,B4_K07_I01-03-04-05-06-07-09,Branch4,7,3,L1-L2-L4,1,,1.1095931776865,-0.304639704964796,2.02338585883987,1.47305665194134,0.252030770248165,1
446,B4_K07_I01-03-04-05-06-07-09,Branch4,7,3,L1-L3-L4,1,,0.712040995955021,-0.266832411508151,2.4955527928669,1.78711558999996,0.295716588875607,1
446,B4_K07_I01-03-04-05-06-07-09,Branch4,7,3,L2-L3-L4,1,,1.0821820777605,-0.339987797759543,2.08702262430166,1.72262688660157,0.212888344057862,1
446,B4_K07_I01-03-04-05-06-07-09,Branch4,7,4,L1-L2-L3-L4,1,,1.10937997303831,-0.274538671948984,2.0196374431699,1.59836889304609,0.249600740067047,1
447,B4_K07_I01-03-04-05-06-08-09,Branch4,7,2,L1-L2,1,,1.72184593319541,0.356936927855007,1.4059195605282,1.46503543817702,0.019712056104188,1
447,B4_K07_I01-03-04-05-06-08-09,Branch4,7,2,L1-L3,1,,1.09835466163243,-0.120434513797032,2.00008284128414,1.56292120272953,0.233238656658539,1
447,B4_K07_I01-03-04-05-06-08-09,Branch4,7,2,L1-L4,1,,0.804200709677322,-0.283708977785293,2.33856396328634,1.53989837211723,0.249079698547808,1
447,B4_K07_I01-03-04-05-06-08-09,Branch4,7,2,L2-L3,1,,1.34249603449044,-0.156539936587415,1.76060040657232,1.60240884663977,0.168884356818563,1
447,B4_K07_I01-03-04-05-06-08-09,Branch4,7,2,L2-L4,1,,1.19181075405435,-0.44794814118642,1.98907055452904,1.58780485397875,0.182800821193818,1
447,B4_K07_I01-03-04-05-06-08-09,Branch4,7,2,L3-L4,1,,0.681553434207234,-0.261604834315061,2.53579133576586,1.79821259334655,0.00661340381312476,1
447,B4_K07_I01-03-04-05-06-08-09,Branch4,7,3,L1-L2-L3,1,,1.32565333846628,-0.0457865608060088,1.76520040139165,1.51289915359588,0.208823754387026,1
447,B4_K07_I01-03-04-05-06-08-09,Branch4,7,3,L1-L2-L4,1,,1.12366940022997,-0.304754286627082,2.00888081568713,1.4693559939583,0.25630937888154,1
447,B4_K07_I01-03-04-05-06-08-09,Branch4,7,3,L1-L3-L4,1,,0.712040995955021,-0.266832411508151,2.4955527928669,1.78711558999996,0.295716588875607,1
447,B4_K07_I01-03-04-05-06-08-09,Branch4,7,3,L2-L3-L4,1,,1.09130749026532,-0.3468401054486,2.07963692182337,1.72320490545471,0.219317107029808,1
447,B4_K07_I01-03-04-05-06-08-09,Branch4,7,4,L1-L2-L3-L4,1,,1.1183118678403,-0.274181705875976,2.01039775127163,1.59952291422612,0.253164357398377,1
448,B4_K07_I01-03-04-05-07-08-09,Branch4,7,2,L1-L2,1,,1.72157524711287,0.355570715274636,1.40611599538089,1.45611997152767,0.0155236377918158,1
448,B4_K07_I01-03-04-05-07-08-09,Branch4,7,2,L1-L3,1,,1.10732417017288,-0.117322234707036,1.99055473307212,1.56018651113231,0.236148999502579,1
448,B4_K07_I01-03-04-05-07-08-09,Branch4,7,2,L1-L4,1,,0.807150198707082,-0.283437705744062,2.33512964333714,1.53640405014703,0.252674909357363,1
448,B4_K07_I01-03-04-05-07-08-09,Branch4,7,2,L2-L3,1,,1.34816315284016,-0.153547854465693,1.75395237710904,1.59457109723544,0.176662868293513,1
448,B4_K07_I01-03-04-05-07-08-09,Branch4,7,2,L2-L4,1,,1.19456336331273,-0.447452914965964,1.98522411327007,1.57897947807867,0.191625342589493,1
448,B4_K07_I01-03-04-05-07-08-09,Branch4,7,2,L3-L4,1,,0.681553434207234,-0.261604834315061,2.53579133576586,1.79821259334655,0.00661340381312476,1
448,B4_K07_I01-03-04-05-07-08-09,Branch4,7,3,L1-L2-L3,1,,1.33317709886132,-0.0398820442360289,1.7574231587186,1.50309217663044,0.212921799279557,1
448,B4_K07_I01-03-04-05-07-08-09,Branch4,7,3,L1-L2-L4,1,,1.09878515634261,-0.294830905576127,2.03214100831961,1.46342253922212,0.258136472001223,1
448,B4_K07_I01-03-04-05-07-08-09,Branch4,7,3,L1-L3-L4,1,,0.712039673117125,-0.266808143162381,2.49558264030778,1.78719664575255,0.300157617374369,1
448,B4_K07_I01-03-04-05-07-08-09,Branch4,7,3,L2-L3-L4,1,,1.08760714637842,-0.344838604317906,2.0830280321842,1.72356900021839,0.228691791560961,1
448,B4_K07_I01-03-04-05-07-08-09,Branch4,7,4,L1-L2-L3-L4,1,,1.11822632316529,-0.272290025474497,2.00953405538856,1.59424221125256,0.257652985204633,1
449,B4_K07_I01-03-04-06-07-08-09,Branch4,7,2,L1-L2,1,,1.69344924935674,0.340124455062711,1.4315778776351,1.4585056718826,0.0173525896956426,1
449,B4_K07_I01-03-04-06-07-08-09,Branch4,7,2,L1-L3,1,,1.09835466163243,-0.120434513797032,2.00008284128414,1.56292120272953,0.233238656658539,1
449,B4_K07_I01-03-04-06-07-08-09,Branch4,7,2,L1-L4,1,,0.806723855171366,-0.283476699570249,2.33595658397784,1.54316093206755,0.252145055565111,1
449,B4_K07_I01-03-04-06-07-08-09,Branch4,7,2,L2-L3,1,,1.32810325883784,-0.156598811613309,1.77483784104939,1.59840515231105,0.1736791866897,1
449,B4_K07_I01-03-04-06-07-08-09,Branch4,7,2,L2-L4,1,,1.17874455864375,-0.442047945806675,2.00068718817716,1.5861971353292,0.190337967299281,1
449,B4_K07_I01-03-04-06-07-08-09,Branch4,7,2,L3-L4,1,,0.682958087678421,-0.261574751387821,2.53588637200021,1.80160982448634,0.00322359686045505,1
449,B4_K07_I01-03-04-06-07-08-09,Branch4,7,3,L1-L2-L3,1,,1.31284384776421,-0.0475666492547866,1.77804081916906,1.50771299711011,0.209301579237185,1
449,B4_K07_I01-03-04-06-07-08-09,Branch4,7,3,L1-L2-L4,1,,1.0757848311116,-0.291606425218721,2.05490809561538,1.47061556367062,0.254281925397344,1
449,B4_K07_I01-03-04-06-07-08-09,Branch4,7,3,L1-L3-L4,1,,0.699711367708236,-0.264539255163111,2.51368765197879,1.79576858875844,0.302414558025423,1
449,B4_K07_I01-03-04-06-07-08-09,Branch4,7,3,L2-L3-L4,1,,1.06969346663494,-0.342236335014158,2.10319871899499,1.73095808140098,0.226728789872873,1
449,B4_K07_I01-03-04-06-07-08-09,Branch4,7,4,L1-L2-L3-L4,1,,1.10745128303569,-0.27130364804804,2.0207325980883,1.5975187062169,0.253640725868074,1
450,B4_K07_I01-03-05-06-07-08-09,Branch4,7,2,L1-L2,1,,1.6943865916488,0.341282576836611,1.43077617173652,1.46194198599946,0.020625242109214,1
450,B4_K07_I01-03-05-06-07-08-09,Branch4,7,2,L1-L3,1,,1.09835466163243,-0.120434513797032,2.00008284128414,1.56292120272953,0.233238656658539,1
450,B4_K07_I01-03-05-06-07-08-09,Branch4,7,2,L1-L4,1,,0.801723061230591,-0.283938708733424,2.34113625615035,1.53663017525524,0.246009423030776,1
450,B4_K07_I01-03-05-06-07-08-09,Branch4,7,2,L2-L3,1,,1.32529066043777,-0.158092812948785,1.77815852526531,1.60234228013593,0.169772517393945,1
450,B4_K07_I01-03-05-06-07-08-09,Branch4,7,2,L2-L4,1,,1.17543367427363,-0.442591469893314,2.00441669579341,1.58524085301067,0.180599250023113,1
450,B4_K07_I01-03-05-06-07-08-09,Branch4,7,2,L3-L4,1,,0.680307628149692,-0.261655632020469,2.53552520054866,1.79480925345726,0.0100022021592665,1
450,B4_K07_I01-03-05-06-07-08-09,Branch4,7,3,L1-L2-L3,1,,1.30978719964581,-0.0505641908991437,1.78124636172263,1.51223459237017,0.207854676031964,1
450,B4_K07_I01-03-05-06-07-08-09,Branch4,7,3,L1-L2-L4,1,,1.10213482385171,-0.302353627833927,2.03060907904928,1.46878573580083,0.250497545045592,1
450,B4_K07_I01-03-05-06-07-08-09,Branch4,7,3,L1-L3-L4,1,,0.723747948421269,-0.268855622187904,2.47835472024058,1.77824054163613,0.289229642072041,1
450,B4_K07_I01-03-05-06-07-08-09,Branch4,7,3,L2-L3-L4,1,,1.08147780267977,-0.34086952892324,2.08729276752151,1.71904430573755,0.215795200346142,1
450,B4_K07_I01-03-05-06-07-08-09,Branch4,7,4,L1-L2-L3-L4,1,,1.1052107652673,-0.275607074531783,2.02400503444581,1.59584523746066,0.249950356142302,1
451,B4_K07_I01-04-05-06-07-08-09,Branch4,7,2,L1-L2,1,,1.68454042072416,0.330568497795683,1.43860789334731,1.46387511378826,0.024267804016731,1
451,B4_K07_I01-04-05-06-07-08-09,Branch4,7,2,L1-L3,1,,1.11127042089813,-0.120034052454623,1.98705008760938,1.56336612164215,0.231937194339664,1
451,B4_K07_I01-04-05-06-07-08-09,Branch4,7,2,L1-L4,1,,0.817116871446605,-0.287364136651947,2.32630993016712,1.54335103006418,0.251499545309157,1
451,B4_K07_I01-04-05-06-07-08-09,Branch4,7,2,L2-L3,1,,1.32256440829804,-0.159555585133837,1.78140480515499,1.60628850068505,0.165858750608742,1
451,B4_K07_I01-04-05-06-07-08-09,Branch4,7,2,L2-L4,1,,1.17610634681166,-0.442542182017665,2.00448189474063,1.59504209225293,0.181504791086586,1
451,B4_K07_I01-04-05-06-07-08-09,Branch4,7,2,L3-L4,1,,0.682958087678421,-0.261574751387821,2.53588637200021,1.80160982448634,0.00322359686045505,1
451,B4_K07_I01-04-05-06-07-08-09,Branch4,7,3,L1-L2-L3,1,,1.30610871586306,-0.0585461367267773,1.78533489979858,1.51847441052541,0.204674845229072,1
451,B4_K07_I01-04-05-06-07-08-09,Branch4,7,3,L1-L2-L4,1,,1.09564010425707,-0.302401518192171,2.03718269908266,1.4764141834858,0.250389945443481,1
451,B4_K07_I01-04-05-06-07-08-09,Branch4,7,3,L1-L3-L4,1,,0.700656795267311,-0.264752100533328,2.51260016011984,1.79569527375969,0.303018509659603,1
451,B4_K07_I01-04-05-06-07-08-09,Branch4,7,3,L2-L3-L4,1,,1.07630575401904,-0.342055917626889,2.09552176927447,1.72900845828034,0.216234877629821,1
451,B4_K07_I01-04-05-06-07-08-09,Branch4,7,4,L1-L2-L3-L4,1,,1.11500903474456,-0.273028362427908,2.01320666423403,1.59600402555063,0.249053918423661,1
452,B4_K07_I02-03-04-05-06-07-08,Branch4,7,2,L1-L2,1,,1.72184593319541,0.356936927855007,1.4059195605282,1.46503543817702,0.019712056104188,1
452,B4_K07_I02-03-04-05-06-07-08,Branch4,7,2,L1-L3,1,,1.09246649968172,-0.125446697618458,2.00656240537802,1.56252325601866,0.234160161628004,1
452,B4_K07_I02-03-04-05-06-07-08,Branch4,7,2,L1-L4,1,,0.804200709677322,-0.283708977785293,2.33856396328634,1.53989837211723,0.249079698547808,1
452,B4_K07_I02-03-04-05-06-07-08,Branch4,7,2,L2-L3,1,,1.33977139239834,-0.161236970183182,1.76390333788493,1.60226273056391,0.16921202273136,1
452,B4_K07_I02-03-04-05-06-07-08,Branch4,7,2,L2-L4,1,,1.19181075405435,-0.44794814118642,1.98907055452904,1.58780485397875,0.182800821193818,1
452,B4_K07_I02-03-04-05-06-07-08,Branch4,7,2,L3-L4,1,,0.694204964405089,-0.266632808990885,2.52234725090208,1.79765388325348,0.00659333161839043,1
452,B4_K07_I02-03-04-05-06-07-08,Branch4,7,3,L1-L2-L3,1,,1.32272280951128,-0.0493301464481903,1.76825744511027,1.51260103354498,0.20968137502678,1
452,B4_K07_I02-03-04-05-06-07-08,Branch4,7,3,L1-L2-L4,1,,1.12366940022997,-0.304754286627082,2.00888081568713,1.4693559939583,0.25630937888154,1
452,B4_K07_I02-03-04-05-06-07-08,Branch4,7,3,L1-L3-L4,1,,0.722831508128703,-0.27136758479059,2.48443094665765,1.78658531836538,0.294236007740989,1
452,B4_K07_I02-03-04-05-06-07-08,Branch4,7,3,L2-L3-L4,1,,1.09063028928417,-0.347358145943842,2.08078714807113,1.72429036058674,0.21874769965221,1
452,B4_K07_I02-03-04-05-06-07-08,Branch4,7,4,L1-L2-L3-L4,1,,1.11595892113136,-0.27783008833969,2.01404348903164,1.60243213446289,0.253155141981479,1
453,B4_K07_I02-03-04-05-06-07-09,Branch4,7,2,L1-L2,1,,1.72434351591508,0.359680578283783,1.40382075552557,1.47189309715607,0.0261708925752572,1
453,B4_K07_I02-03-04-05-06-07-09,Branch4,7,2,L1-L3,1,,1.09246649968172,-0.125446697618458,2.00656240537802,1.56252325601866,0.234160161628004,1
453,B4_K07_I02-03-04-05-06-07-09,Branch4,7,2,L1-L4,1,,0.808774946241051,-0.27924814377537,2.33203603197538,1.54034861883127,0.248428560172191,1
453,B4_K07_I02-03-04-05-06-07-09,Branch4,7,2,L2-L3,1,,1.33442669268754,-0.164135495203861,1.77029506712642,1.61015002278855,0.161392199539836,1
453,B4_K07_I02-03-04-05-06-07-09,Branch4,7,2,L2-L4,1,,1.19070565953675,-0.443675831085346,1.98929378079542,1.59683771769265,0.173715905174341,1
453,B4_K07_I02-03-04-05-06-07-09,Branch4,7,2,L3-L4,1,,0.706387863707553,-0.264948119999216,2.50642251717085,1.79702462732405,0.00650133033548587,1
453,B4_K07_I02-03-04-05-06-07-09,Branch4,7,3,L1-L2-L3,1,,1.32035921037614,-0.0496847042269413,1.77068618169205,1.51705647714708,0.207566321468955,1
453,B4_K07_I02-03-04-05-06-07-09,Branch4,7,3,L1-L2-L4,1,,1.1513452466828,-0.309995019901759,1.98151665713785,1.47236590344665,0.256932675844892,1
453,B4_K07_I02-03-04-05-06-07-09,Branch4,7,3,L1-L3-L4,1,,0.733667896250507,-0.269395994342861,2.47045058907275,1.78609947158351,0.292625075125589,1
453,B4_K07_I02-03-04-05-06-07-09,Branch4,7,3,L2-L3-L4,1,,1.09843045797383,-0.342733277654785,2.07059057222182,1.72335574751857,0.207788821727526,1
453,B4_K07_I02-03-04-05-06-07-09,Branch4,7,4,L1-L2-L3-L4,1,,1.12125273907748,-0.277559590522403,2.00888233462486,1.60655032713045,0.249514412150014,1
454,B4_K07_I02-03-04-05-06-08-09,Branch4,7,2,L1-L2,1,,1.72184593319541,0.356936927855007,1.4059195605282,1.46503543817702,0.019712056104188,1
454,B4_K07_I02-03-04-05-06-08-09,Branch4,7,2,L1-L3,1,,1.09246649968172,-0.125446697618458,2.00656240537802,1.56252325601866,0.234160161628004,1
454,B4_K07_I02-03-04-05-06-08-09,Branch4,7,2,L1-L4,1,,0.804200709677322,-0.283708977785293,2.33856396328634,1.53989837211723,0.249079698547808,1
454,B4_K07_I02-03-04-05-06-08-09,Branch4,7,2,L2-L3,1,,1.33977139239834,-0.161236970183182,1.76390333788493,1.60226273056391,0.16921202273136,1
454,B4_K07_I02-03-04-05-06-08-09,Branch4,7,2,L2-L4,1,,1.19181075405435,-0.44794814118642,1.98907055452904,1.58780485397875,0.182800821193818,1
454,B4_K07_I02-03-04-05-06-08-09,Branch4,7,2,L3-L4,1,,0.694204964405089,-0.266632808990885,2.52234725090208,1.79765388325348,0.00659333161839043,1
454,B4_K07_I02-03-04-05-06-08-09,Branch4,7,3,L1-L2-L3,1,,1.32272280951128,-0.0493301464481903,1.76825744511027,1.51260103354498,0.20968137502678,1
454,B4_K07_I02-03-04-05-06-08-09,Branch4,7,3,L1-L2-L4,1,,1.12366940022997,-0.304754286627082,2.00888081568713,1.4693559939583,0.25630937888154,1
454,B4_K07_I02-03-04-05-06-08-09,Branch4,7,3,L1-L3-L4,1,,0.722831508128703,-0.27136758479059,2.48443094665765,1.78658531836538,0.294236007740989,1
454,B4_K07_I02-03-04-05-06-08-09,Branch4,7,3,L2-L3-L4,1,,1.09063028928417,-0.347358145943842,2.08078714807113,1.72429036058674,0.21874769965221,1
454,B4_K07_I02-03-04-05-06-08-09,Branch4,7,4,L1-L2-L3-L4,1,,1.11595892113136,-0.27783008833969,2.01404348903164,1.60243213446289,0.253155141981479,1
455,B4_K07_I02-03-04-05-07-08-09,Branch4,7,2,L1-L2,1,,1.73817460811896,0.359473875690333,1.38992807014555,1.45775151687191,0.0149696672061172,1
455,B4_K07_I02-03-04-05-07-08-09,Branch4,7,2,L1-L3,1,,1.11435906096997,-0.121889499016646,1.98396639665325,1.56023898291933,0.235754673249235,1
455,B4_K07_I02-03-04-05-07-08-09,Branch4,7,2,L1-L4,1,,0.817548781812058,-0.287324454431864,2.32548051753731,1.53661460723247,0.252034793664824,1
455,B4_K07_I02-03-04-05-07-08-09,Branch4,7,2,L2-L3,1,,1.36265284629247,-0.156638139222862,1.73968295010672,1.59450469627106,0.176086509094378,1
455,B4_K07_I02-03-04-05-07-08-09,Branch4,7,2,L2-L4,1,,1.21002911942954,-0.452977698864442,1.97073115598228,1.57886018647045,0.191155443122265,1
455,B4_K07_I02-03-04-05-07-08-09,Branch4,7,2,L3-L4,1,,0.694204964405089,-0.266632808990885,2.52234725090208,1.79765388325348,0.00659333161839043,1
455,B4_K07_I02-03-04-05-07-08-09,Branch4,7,3,L1-L2-L3,1,,1.34649711277447,-0.041611284279773,1.7441500878043,1.50331505255029,0.213078142436072,1
455,B4_K07_I02-03-04-05-07-08-09,Branch4,7,3,L1-L2-L4,1,,1.11864900685521,-0.300544129005018,2.01310714478096,1.46324941582847,0.259094394770529,1
455,B4_K07_I02-03-04-05-07-08-09,Branch4,7,3,L1-L3-L4,1,,0.724262398148619,-0.271661735912111,2.48289265602965,1.78666460456512,0.299078505320063,1
455,B4_K07_I02-03-04-05-07-08-09,Branch4,7,3,L2-L3-L4,1,,1.10252375564619,-0.349529921483273,2.06830903280138,1.72256467216703,0.228368352710971,1
455,B4_K07_I02-03-04-05-07-08-09,Branch4,7,4,L1-L2-L3-L4,1,,1.13047171707785,-0.27656145340158,1.99807552643083,1.59581758516075,0.258029379659577,1
456,B4_K07_I02-03-04-06-07-08-09,Branch4,7,2,L1-L2,1,,1.71012914049716,0.343977888992555,1.41529720362314,1.46010723286964,0.0168013600401132,1
456,B4_K07_I02-03-04-06-07-08-09,Branch4,7,2,L1-L3,1,,1.09820823733195,-0.12756400191425,2.0008838021232,1.56012208813545,0.230522180761016,1
456,B4_K07_I02-03-04-06-07-08-09,Branch4,7,2,L1-L4,1,,0.814620016946724,-0.287597189659237,2.3288919931959,1.54010274914622,0.248446546387903,1
456,B4_K07_I02-03-04-06-07-08-09,Branch4,7,2,L2-L3,1,,1.34082614602273,-0.160609701151768,1.76230102244427,1.59609736079412,0.17092928461195,1
456,B4_K07_I02-03-04-06-07-08-09,Branch4,7,2,L2-L4,1,,1.19315653968595,-0.447703292588237,1.98717164490942,1.58339010258552,0.187214256038621,1
456,B4_K07_I02-03-04-06-07-08-09,Branch4,7,2,L3-L4,1,,0.692546084419851,-0.266604570980675,2.52271008629548,1.79448978859479,0.00341686415684764,1
456,B4_K07_I02-03-04-06-07-08-09,Branch4,7,3,L1-L2-L3,1,,1.32594029826009,-0.047581441239417,1.76491960240599,1.50395232991187,0.208077263850713,1
456,B4_K07_I02-03-04-06-07-08-09,Branch4,7,3,L1-L2-L4,1,,1.10138735692478,-0.300078461095797,2.03074099443022,1.46873682198731,0.253259055725836,1
456,B4_K07_I02-03-04-06-07-08-09,Branch4,7,3,L1-L3-L4,1,,0.709233593348775,-0.269485641784938,2.5008890948322,1.78868342560416,0.297606686807009,1
456,B4_K07_I02-03-04-06-07-08-09,Branch4,7,3,L2-L3-L4,1,,1.087375637139,-0.3453449927944,2.08326917814298,1.72274573961891,0.222543170533109,1
456,B4_K07_I02-03-04-06-07-08-09,Branch4,7,4,L1-L2-L3-L4,1,,1.11727282467066,-0.276474535779689,2.01183804440335,1.59709373469472,0.25188006766643,1
457,B4_K07_I02-03-05-06-07-08-09,Branch4,7,2,L1-L2,1,,1.69344924935674,0.340124455062711,1.4315778776351,1.4585056718826,0.0173525896956426,1
457,B4_K07_I02-03-05-06-07-08-09,Branch4,7,2,L1-L3,1,,1.09835466163243,-0.120434513797032,2.00008284128414,1.56292120272953,0.233238656658539,1
457,B4_K07_I02-03-05-06-07-08-09,Branch4,7,2,L1-L4,1,,0.801723061230591,-0.283938708733424,2.34113625615035,1.53663017525524,0.246009423030776,1
457,B4_K07_I02-03-05-06-07-08-09,Branch4,7,2,L2-L3,1,,1.32810325883784,-0.156598811613309,1.77483784104939,1.59840515231105,0.1736791866897,1
457,B4_K07_I02-03-05-06-07-08-09,Branch4,7,2,L2-L4,1,,1.176771967711,-0.442347920010616,2.00253122100729,1.58082225169354,0.18502077550786,1
457,B4_K07_I02-03-05-06-07-08-09,Branch4,7,2,L3-L4,1,,0.680307628149692,-0.261655632020469,2.53552520054866,1.79480925345726,0.0100022021592665,1
457,B4_K07_I02-03-05-06-07-08-09,Branch4,7,3,L1-L2-L3,1,,1.31284384776421,-0.0475666492547866,1.77804081916906,1.50771299711011,0.209301579237185,1
457,B4_K07_I02-03-05-06-07-08-09,Branch4,7,3,L1-L2-L4,1,,1.08812628466429,-0.297227600176937,2.04378380204943,1.46673993060407,0.250679572623306,1
457,B4_K07_I02-03-05-06-07-08-09,Branch4,7,3,L1-L3-L4,1,,0.723747948421269,-0.268855622187904,2.47835472024058,1.77824054163613,0.289229642072041,1
457,B4_K07_I02-03-05-06-07-08-09,Branch4,7,3,L2-L3-L4,1,,1.0823890033557,-0.337842386744302,2.08504482181194,1.7179301863838,0.219658835988791,1
457,B4_K07_I02-03-05-06-07-08-09,Branch4,7,4,L1-L2-L3-L4,1,,1.10319949757572,-0.274854846546174,2.02579519196021,1.5947210183983,0.251446479086721,1
458,B4_K07_I02-04-05-06-07-08-09,Branch4,7,2,L1-L2,1,,1.71217477854171,0.346421004082019,1.41356226876611,1.46696224129075,0.0233094194222295,1
458,B4_K07_I02-04-05-06-07-08-09,Branch4,7,2,L1-L3,1,,1.10543479892344,-0.125018642153882,1.99346406679312,1.56297127099736,0.232847707286545,1
458,B4_K07_I02-04-05-06-07-08-09,Branch4,7,2,L1-L4,1,,0.814620016946724,-0.287597189659237,2.3288919931959,1.54010274914622,0.248446546387903,1
458,B4_K07_I02-04-05-06-07-08-09,Branch4,7,2,L2-L3,1,,1.33705591664111,-0.162702008969794,1.76713654479207,1.60620197445211,0.165305588275527,1
458,B4_K07_I02-04-05-06-07-08-09,Branch4,7,2,L2-L4,1,,1.1905260516982,-0.448187435228954,1.99092079081041,1.59222361195581,0.1783850729119,1
458,B4_K07_I02-04-05-06-07-08-09,Branch4,7,2,L3-L4,1,,0.694204964405088,-0.266632808990885,2.52234725090208,1.79765388325348,0.00659333161839039,1
458,B4_K07_I02-04-05-06-07-08-09,Branch4,7,3,L1-L2-L3,1,,1.31984988999059,-0.0558127920655933,1.77144388593721,1.51727537026083,0.206594913539587,1
458,B4_K07_I02-04-05-06-07-08-09,Branch4,7,3,L1-L2-L4,1,,1.12931640328802,-0.310256549402455,2.00448893331814,1.47239318201119,0.253365689361043,1
458,B4_K07_I02-04-05-06-07-08-09,Branch4,7,3,L1-L3-L4,1,,0.724256971429185,-0.271684373536142,2.4828712377814,1.78658406781774,0.29464975161483,1
458,B4_K07_I02-04-05-06-07-08-09,Branch4,7,3,L2-L3-L4,1,,1.09525457516082,-0.34615508447354,2.0750085284512,1.72260178477952,0.213174686485872,1
458,B4_K07_I02-04-05-06-07-08-09,Branch4,7,4,L1-L2-L3-L4,1,,1.1217270622582,-0.278824216204536,2.00808363285034,1.59992813995077,0.249942691779033,1
459,B4_K07_I03-04-05-06-07-08-09,Branch4,7,2,L1-L2,1,,1.69344924935674,0.340124455062711,1.4315778776351,1.4585056718826,0.0173525896956426,1
459,B4_K07_I03-04-05-06-07-08-09,Branch4,7,2,L1-L3,1,,1.09835466163243,-0.120434513797032,2.00008284128414,1.56292120272953,0.233238656658539,1
459,B4_K07_I03-04-05-06-07-08-09,Branch4,7,2,L1-L4,1,,0.804200709677322,-0.283708977785293,2.33856396328634,1.53989837211723,0.249079698547808,1
459,B4_K07_I03-04-05-06-07-08-09,Branch4,7,2,L2-L3,1,,1.32810325883784,-0.156598811613309,1.77483784104939,1.59840515231105,0.1736791866897,1
459,B4_K07_I03-04-05-06-07-08-09,Branch4,7,2,L2-L4,1,,1.17774726503426,-0.442198972532832,2.00161836132037,1.58351106257035,0.187680202879133,1
459,B4_K07_I03-04-05-06-07-08-09,Branch4,7,2,L3-L4,1,,0.681553434207234,-0.261604834315061,2.53579133576586,1.79821259334655,0.00661340381312476,1
459,B4_K07_I03-04-05-06-07-08-09,Branch4,7,3,L1-L2-L3,1,,1.31284384776421,-0.0475666492547866,1.77804081916906,1.50771299711011,0.209301579237185,1
459,B4_K07_I03-04-05-06-07-08-09,Branch4,7,3,L1-L2-L4,1,,1.08182121646625,-0.294405883110182,2.04947728110261,1.46877834333344,0.25240267667504,1
459,B4_K07_I03-04-05-06-07-08-09,Branch4,7,3,L1-L3-L4,1,,0.712040995955021,-0.266832411508151,2.4955527928669,1.78711558999996,0.295716588875607,1
459,B4_K07_I03-04-05-06-07-08-09,Branch4,7,3,L2-L3-L4,1,,1.07289586887038,-0.342499679089179,2.09868086410356,1.72602187077464,0.224142235480325,1
459,B4_K07_I03-04-05-06-07-08-09,Branch4,7,4,L1-L2-L3-L4,1,,1.10533133018743,-0.273064315758508,2.02325088130923,1.59612256096105,0.252532134338329,1
460,B4_K08_I01-02-03-04-05-06-07-08,Branch4,8,2,L1-L2,1,,1.72184593319541,0.356936927855007,1.4059195605282,1.46503543817702,0.019712056104188,1
460,B4_K08_I01-02-03-04-05-06-07-08,Branch4,8,2,L1-L3,1,,1.09246649968172,-0.125446697618458,2.00656240537802,1.56252325601866,0.234160161628004,1
460,B4_K08_I01-02-03-04-05-06-07-08,Branch4,8,2,L1-L4,1,,0.804200709677322,-0.283708977785293,2.33856396328634,1.53989837211723,0.249079698547808,1
460,B4_K08_I01-02-03-04-05-06-07-08,Branch4,8,2,L2-L3,1,,1.33977139239834,-0.161236970183182,1.76390333788493,1.60226273056391,0.16921202273136,1
460,B4_K08_I01-02-03-04-05-06-07-08,Branch4,8,2,L2-L4,1,,1.19181075405435,-0.44794814118642,1.98907055452904,1.58780485397875,0.182800821193818,1
460,B4_K08_I01-02-03-04-05-06-07-08,Branch4,8,2,L3-L4,1,,0.694204964405089,-0.266632808990885,2.52234725090208,1.79765388325348,0.00659333161839043,1
460,B4_K08_I01-02-03-04-05-06-07-08,Branch4,8,3,L1-L2-L3,1,,1.32272280951128,-0.0493301464481903,1.76825744511027,1.51260103354498,0.20968137502678,1
460,B4_K08_I01-02-03-04-05-06-07-08,Branch4,8,3,L1-L2-L4,1,,1.12366940022997,-0.304754286627082,2.00888081568713,1.4693559939583,0.25630937888154,1
460,B4_K08_I01-02-03-04-05-06-07-08,Branch4,8,3,L1-L3-L4,1,,0.722831508128703,-0.27136758479059,2.48443094665765,1.78658531836538,0.294236007740989,1
460,B4_K08_I01-02-03-04-05-06-07-08,Branch4,8,3,L2-L3-L4,1,,1.09063028928417,-0.347358145943842,2.08078714807113,1.72429036058674,0.21874769965221,1
460,B4_K08_I01-02-03-04-05-06-07-08,Branch4,8,4,L1-L2-L3-L4,1,,1.11595892113136,-0.27783008833969,2.01404348903164,1.60243213446289,0.253155141981479,1
461,B4_K08_I01-02-03-04-05-06-07-09,Branch4,8,2,L1-L2,1,,1.72296450795682,0.35821355943182,1.40497939428316,1.46845162717757,0.022944770777685,1
461,B4_K08_I01-02-03-04-05-06-07-09,Branch4,8,2,L1-L3,1,,1.09246649968172,-0.125446697618458,2.00656240537802,1.56252325601866,0.234160161628004,1
461,B4_K08_I01-02-03-04-05-06-07-09,Branch4,8,2,L1-L4,1,,0.804200709677322,-0.283708977785293,2.33856396328634,1.53989837211723,0.249079698547808,1
461,B4_K08_I01-02-03-04-05-06-07-09,Branch4,8,2,L2-L3,1,,1.33705591664111,-0.162702008969794,1.76713654479207,1.60620197445211,0.165305588275527,1
461,B4_K08_I01-02-03-04-05-06-07-09,Branch4,8,2,L2-L4,1,,1.1905260516982,-0.448187435228953,1.99092079081041,1.59222361195582,0.1783850729119,1
461,B4_K08_I01-02-03-04-05-06-07-09,Branch4,8,2,L3-L4,1,,0.694204964405089,-0.266632808990885,2.52234725090208,1.79765388325348,0.00659333161839043,1
461,B4_K08_I01-02-03-04-05-06-07-09,Branch4,8,3,L1-L2-L3,1,,1.32027248167676,-0.0514453302498505,1.77083148109077,1.5163469442779,0.208410120101098,1
461,B4_K08_I01-02-03-04-05-06-07-09,Branch4,8,3,L1-L2-L4,1,,1.13750397488123,-0.309727427613885,1.99587151279118,1.47055399972122,0.257008184697554,1
461,B4_K08_I01-02-03-04-05-06-07-09,Branch4,8,3,L1-L3-L4,1,,0.722831508128703,-0.27136758479059,2.48443094665765,1.78658531836538,0.294236007740989,1
461,B4_K08_I01-02-03-04-05-06-07-09,Branch4,8,3,L2-L3-L4,1,,1.09525457516084,-0.34615508447353,2.07500852845118,1.72260178477952,0.213174686485867,1
461,B4_K08_I01-02-03-04-05-06-07-09,Branch4,8,4,L1-L2-L3-L4,1,,1.11811380540956,-0.278543780129299,2.01209565621493,1.60350879212896,0.251708706263331,1
462,B4_K08_I01-02-03-04-05-06-08-09,Branch4,8,2,L1-L2,1,,1.72184593319541,0.356936927855007,1.4059195605282,1.46503543817702,0.019712056104188,1
462,B4_K08_I01-02-03-04-05-06-08-09,Branch4,8,2,L1-L3,1,,1.09246649968172,-0.125446697618458,2.00656240537802,1.56252325601866,0.234160161628004,1
462,B4_K08_I01-02-03-04-05-06-08-09,Branch4,8,2,L1-L4,1,,0.804200709677322,-0.283708977785293,2.33856396328634,1.53989837211723,0.249079698547808,1
462,B4_K08_I01-02-03-04-05-06-08-09,Branch4,8,2,L2-L3,1,,1.33977139239834,-0.161236970183182,1.76390333788493,1.60226273056391,0.16921202273136,1
462,B4_K08_I01-02-03-04-05-06-08-09,Branch4,8,2,L2-L4,1,,1.19181075405435,-0.44794814118642,1.98907055452904,1.58780485397875,0.182800821193818,1
462,B4_K08_I01-02-03-04-05-06-08-09,Branch4,8,2,L3-L4,1,,0.694204964405089,-0.266632808990885,2.52234725090208,1.79765388325348,0.00659333161839043,1
462,B4_K08_I01-02-03-04-05-06-08-09,Branch4,8,3,L1-L2-L3,1,,1.32272280951128,-0.0493301464481903,1.76825744511027,1.51260103354498,0.20968137502678,1
462,B4_K08_I01-02-03-04-05-06-08-09,Branch4,8,3,L1-L2-L4,1,,1.12366940022997,-0.304754286627082,2.00888081568713,1.4693559939583,0.25630937888154,1
462,B4_K08_I01-02-03-04-05-06-08-09,Branch4,8,3,L1-L3-L4,1,,0.722831508128703,-0.27136758479059,2.48443094665765,1.78658531836538,0.294236007740989,1
462,B4_K08_I01-02-03-04-05-06-08-09,Branch4,8,3,L2-L3-L4,1,,1.09063028928417,-0.347358145943842,2.08078714807113,1.72429036058674,0.21874769965221,1
462,B4_K08_I01-02-03-04-05-06-08-09,Branch4,8,4,L1-L2-L3-L4,1,,1.11595892113136,-0.27783008833969,2.01404348903164,1.60243213446289,0.253155141981479,1
463,B4_K08_I01-02-03-04-05-07-08-09,Branch4,8,2,L1-L2,1,,1.73817460811896,0.359473875690339,1.38992807014554,1.45775151687191,0.0149696672061171,1
463,B4_K08_I01-02-03-04-05-07-08-09,Branch4,8,2,L1-L3,1,,1.11435906096998,-0.121889499016645,1.98396639665325,1.56023898291933,0.235754673249235,1
463,B4_K08_I01-02-03-04-05-07-08-09,Branch4,8,2,L1-L4,1,,0.81754878181206,-0.287324454431864,2.3254805175373,1.53661460723247,0.252034793664823,1
463,B4_K08_I01-02-03-04-05-07-08-09,Branch4,8,2,L2-L3,1,,1.36265284629247,-0.156638139222862,1.73968295010672,1.59450469627106,0.176086509094378,1
463,B4_K08_I01-02-03-04-05-07-08-09,Branch4,8,2,L2-L4,1,,1.21002911942954,-0.452977698864442,1.97073115598228,1.57886018647045,0.191155443122265,1
463,B4_K08_I01-02-03-04-05-07-08-09,Branch4,8,2,L3-L4,1,,0.694204964405089,-0.266632808990885,2.52234725090208,1.79765388325348,0.00659333161839043,1
463,B4_K08_I01-02-03-04-05-07-08-09,Branch4,8,3,L1-L2-L3,1,,1.34649711277447,-0.0416112842797729,1.7441500878043,1.50331505255029,0.213078142436072,1
463,B4_K08_I01-02-03-04-05-07-08-09,Branch4,8,3,L1-L2-L4,1,,1.11864900685521,-0.300544129005015,2.01310714478096,1.46324941582847,0.259094394770529,1
463,B4_K08_I01-02-03-04-05-07-08-09,Branch4,8,3,L1-L3-L4,1,,0.724262398148613,-0.27166173591211,2.48289265602966,1.78666460456512,0.299078505320064,1
463,B4_K08_I01-02-03-04-05-07-08-09,Branch4,8,3,L2-L3-L4,1,,1.10252375564619,-0.349529921483273,2.06830903280138,1.72256467216703,0.228368352710971,1
463,B4_K08_I01-02-03-04-05-07-08-09,Branch4,8,4,L1-L2-L3-L4,1,,1.13047171707784,-0.276561453401581,1.99807552643084,1.59581758516075,0.258029379659576,1
464,B4_K08_I01-02-03-04-06-07-08-09,Branch4,8,2,L1-L2,1,,1.71012914049716,0.343977888992555,1.41529720362314,1.46010723286964,0.0168013600401132,1
464,B4_K08_I01-02-03-04-06-07-08-09,Branch4,8,2,L1-L3,1,,1.11127042089813,-0.120034052454623,1.98705008760938,1.56336612164215,0.231937194339664,1
464,B4_K08_I01-02-03-04-06-07-08-09,Branch4,8,2,L1-L4,1,,0.817116871446605,-0.287364136651947,2.32630993016712,1.54335103006418,0.251499545309157,1
464,B4_K08_I01-02-03-04-06-07-08-09,Branch4,8,2,L2-L3,1,,1.34528699551575,-0.155059296348258,1.75731310920046,1.59848535937302,0.172777190119926,1
464,B4_K08_I01-02-03-04-06-07-08-09,Branch4,8,2,L2-L4,1,,1.19414120518449,-0.44755440508243,1.98625068791727,1.58605654238738,0.189852895237717,1
464,B4_K08_I01-02-03-04-06-07-08-09,Branch4,8,2,L3-L4,1,,0.682958087678421,-0.261574751387821,2.53588637200021,1.80160982448634,0.00322359686045505,1
464,B4_K08_I01-02-03-04-06-07-08-09,Branch4,8,3,L1-L2-L3,1,,1.33019099301146,-0.044087879123342,1.76055700340569,1.50675689348385,0.208804024034156,1
464,B4_K08_I01-02-03-04-06-07-08-09,Branch4,8,3,L1-L2-L4,1,,1.09513636319062,-0.297264591848809,2.0363861764459,1.47075402196793,0.254991663470404,1
464,B4_K08_I01-02-03-04-06-07-08-09,Branch4,8,3,L1-L3-L4,1,,0.700656795267311,-0.264752100533328,2.51260016011984,1.79569527375969,0.303018509659603,1
464,B4_K08_I01-02-03-04-06-07-08-09,Branch4,8,3,L2-L3-L4,1,,1.08619592978928,-0.345751382408661,2.08594342431459,1.72835930521044,0.226539587007106,1
464,B4_K08_I01-02-03-04-06-07-08-09,Branch4,8,4,L1-L2-L3-L4,1,,1.12201880113988,-0.271957549497491,2.00569576582572,1.59617488827352,0.254035310649977,1
465,B4_K08_I01-02-03-05-06-07-08-09,Branch4,8,2,L1-L2,1,,1.6832956300354,0.32916796130546,1.43967780268002,1.46038590681031,0.0209826777736137,1
465,B4_K08_I01-02-03-05-06-07-08-09,Branch4,8,2,L1-L3,1,,1.11127042089813,-0.120034052454623,1.98705008760938,1.56336612164215,0.231937194339664,1
465,B4_K08_I01-02-03-05-06-07-08-09,Branch4,8,2,L1-L4,1,,0.812168064276539,-0.287827689326739,2.33143929307491,1.53684887782334,0.245388676443102,1
465,B4_K08_I01-02-03-05-06-07-08-09,Branch4,8,2,L2-L3,1,,1.32529066043777,-0.158092812948785,1.77815852526531,1.60234228013593,0.169772517393945,1
465,B4_K08_I01-02-03-05-06-07-08-09,Branch4,8,2,L2-L4,1,,1.17543367427363,-0.442591469893314,2.00441669579341,1.58524085301067,0.180599250023113,1
465,B4_K08_I01-02-03-05-06-07-08-09,Branch4,8,2,L3-L4,1,,0.680307628149692,-0.261655632020469,2.53552520054866,1.79480925345726,0.0100022021592665,1
465,B4_K08_I01-02-03-05-06-07-08-09,Branch4,8,3,L1-L2-L3,1,,1.31017207495944,-0.0536943657189698,1.78098485974451,1.51213027928188,0.206206510048601,1
465,B4_K08_I01-02-03-05-06-07-08-09,Branch4,8,3,L1-L2-L4,1,,1.09406236746545,-0.30279064374118,2.03910550833655,1.46981627328646,0.24747496966757,1
465,B4_K08_I01-02-03-05-06-07-08-09,Branch4,8,3,L1-L3-L4,1,,0.725811100695368,-0.269312319210123,2.4761191596664,1.77824978434062,0.289582610277002,1
465,B4_K08_I01-02-03-05-06-07-08-09,Branch4,8,3,L2-L3-L4,1,,1.08147780267977,-0.34086952892324,2.08729276752151,1.71904430573755,0.215795200346142,1
465,B4_K08_I01-02-03-05-06-07-08-09,Branch4,8,4,L1-L2-L3-L4,1,,1.1089123529995,-0.275858350057872,2.01990632459656,1.59213198792916,0.248272543985329,1
466,B4_K08_I01-02-04-05-06-07-08-09,Branch4,8,2,L1-L2,1,,1.71389719824017,0.347475553538628,1.41206400892683,1.46485521817039,0.0256124566486335,1
466,B4_K08_I01-02-04-05-06-07-08-09,Branch4,8,2,L1-L3,1,,1.11435906096997,-0.121889499016646,1.98396639665325,1.56023898291933,0.235754673249235,1
466,B4_K08_I01-02-04-05-06-07-08-09,Branch4,8,2,L1-L4,1,,0.817548781812059,-0.287324454431863,2.32548051753731,1.53661460723247,0.252034793664824,1
466,B4_K08_I01-02-04-05-06-07-08-09,Branch4,8,2,L2-L3,1,,1.33705591664111,-0.162702008969794,1.76713654479207,1.60620197445211,0.165305588275527,1
466,B4_K08_I01-02-04-05-06-07-08-09,Branch4,8,2,L2-L4,1,,1.1905260516982,-0.448187435228954,1.99092079081041,1.59222361195581,0.1783850729119,1
466,B4_K08_I01-02-04-05-06-07-08-09,Branch4,8,2,L3-L4,1,,0.694204964405088,-0.266632808990885,2.52234725090208,1.79765388325348,0.00659333161839039,1
466,B4_K08_I01-02-04-05-06-07-08-09,Branch4,8,3,L1-L2-L3,1,,1.3223883709555,-0.0540438828022254,1.76879979888665,1.51484220159025,0.208052496486901,1
466,B4_K08_I01-02-04-05-06-07-08-09,Branch4,8,3,L1-L2-L4,1,,1.13225121313389,-0.310575932066227,2.00158244097485,1.47029112472522,0.255080024075444,1
466,B4_K08_I01-02-04-05-06-07-08-09,Branch4,8,3,L1-L3-L4,1,,0.724262398148618,-0.271661735912111,2.48289265602965,1.78666460456512,0.299078505320063,1
466,B4_K08_I01-02-04-05-06-07-08-09,Branch4,8,3,L2-L3-L4,1,,1.09525457516082,-0.34615508447354,2.0750085284512,1.72260178477952,0.213174686485872,1
466,B4_K08_I01-02-04-05-06-07-08-09,Branch4,8,4,L1-L2-L3-L4,1,,1.12558176978857,-0.278390368712073,2.00369618511307,1.59683565898384,0.251508787316221,1
467,B4_K08_I01-03-04-05-06-07-08-09,Branch4,8,2,L1-L2,1,,1.69344924935674,0.340124455062711,1.4315778776351,1.4585056718826,0.0173525896956426,1
467,B4_K08_I01-03-04-05-06-07-08-09,Branch4,8,2,L1-L3,1,,1.09835466163243,-0.120434513797032,2.00008284128414,1.56292120272953,0.233238656658539,1
467,B4_K08_I01-03-04-05-06-07-08-09,Branch4,8,2,L1-L4,1,,0.804200709677322,-0.283708977785293,2.33856396328634,1.53989837211723,0.249079698547808,1
467,B4_K08_I01-03-04-05-06-07-08-09,Branch4,8,2,L2-L3,1,,1.32810325883784,-0.156598811613309,1.77483784104939,1.59840515231105,0.1736791866897,1
467,B4_K08_I01-03-04-05-06-07-08-09,Branch4,8,2,L2-L4,1,,1.17774726503426,-0.442198972532832,2.00161836132037,1.58351106257035,0.187680202879133,1
467,B4_K08_I01-03-04-05-06-07-08-09,Branch4,8,2,L3-L4,1,,0.681553434207234,-0.261604834315061,2.53579133576586,1.79821259334655,0.00661340381312476,1
467,B4_K08_I01-03-04-05-06-07-08-09,Branch4,8,3,L1-L2-L3,1,,1.31284384776421,-0.0475666492547866,1.77804081916906,1.50771299711011,0.209301579237185,1
467,B4_K08_I01-03-04-05-06-07-08-09,Branch4,8,3,L1-L2-L4,1,,1.08182121646625,-0.294405883110182,2.04947728110261,1.46877834333344,0.25240267667504,1
467,B4_K08_I01-03-04-05-06-07-08-09,Branch4,8,3,L1-L3-L4,1,,0.712040995955021,-0.266832411508151,2.4955527928669,1.78711558999996,0.295716588875607,1
467,B4_K08_I01-03-04-05-06-07-08-09,Branch4,8,3,L2-L3-L4,1,,1.07289586887038,-0.342499679089179,2.09868086410356,1.72602187077464,0.224142235480325,1
467,B4_K08_I01-03-04-05-06-07-08-09,Branch4,8,4,L1-L2-L3-L4,1,,1.10533133018743,-0.273064315758508,2.02325088130923,1.59612256096105,0.252532134338329,1
468,B4_K08_I02-03-04-05-06-07-08-09,Branch4,8,2,L1-L2,1,,1.6943865916488,0.341282576836611,1.43077617173652,1.46194198599946,0.020625242109214,1
468,B4_K08_I02-03-04-05-06-07-08-09,Branch4,8,2,L1-L3,1,,1.09246649968172,-0.125446697618458,2.00656240537802,1.56252325601866,0.234160161628004,1
468,B4_K08_I02-03-04-05-06-07-08-09,Branch4,8,2,L1-L4,1,,0.804200709677322,-0.283708977785293,2.33856396328634,1.53989837211723,0.249079698547808,1
468,B4_K08_I02-03-04-05-06-07-08-09,Branch4,8,2,L2-L3,1,,1.32252242661731,-0.162839090856528,1.78152559814201,1.60219461373828,0.170105123383425,1
468,B4_K08_I02-03-04-05-06-07-08-09,Branch4,8,2,L2-L4,1,,1.176403212578,-0.442445706645972,2.00352196040122,1.58793056751766,0.183261724901663,1
468,B4_K08_I02-03-04-05-06-07-08-09,Branch4,8,2,L3-L4,1,,0.694204964405089,-0.266632808990885,2.52234725090208,1.79765388325348,0.00659333161839043,1
468,B4_K08_I02-03-04-05-06-07-08-09,Branch4,8,3,L1-L2-L3,1,,1.30678339446715,-0.0541832475333931,1.78439504625086,1.51194656802359,0.208704894653479,1
468,B4_K08_I02-03-04-05-06-07-08-09,Branch4,8,3,L1-L2-L4,1,,1.09569370053387,-0.299554469883805,2.03644464419557,1.47113969476867,0.251923970525496,1
468,B4_K08_I02-03-04-05-06-07-08-09,Branch4,8,3,L1-L3-L4,1,,0.722831508128703,-0.27136758479059,2.48443094665765,1.78658531836538,0.294236007740989,1
468,B4_K08_I02-03-04-05-06-07-08-09,Branch4,8,3,L2-L3-L4,1,,1.0737887106353,-0.34429919258317,2.09858839916991,1.72711956942082,0.219006552505995,1
468,B4_K08_I02-03-04-05-06-07-08-09,Branch4,8,4,L1-L2-L3-L4,1,,1.10500084203686,-0.277429346596035,2.02509757187141,1.6002129588192,0.251008208523788,1
469,B4_K09_I01-02-03-04-05-06-07-08-09,Branch4,9,2,L1-L2,1,,1.72184593319541,0.356936927855007,1.4059195605282,1.46503543817702,0.019712056104188,1
469,B4_K09_I01-02-03-04-05-06-07-08-09,Branch4,9,2,L1-L3,1,,1.09246649968172,-0.125446697618458,2.00656240537802,1.56252325601866,0.234160161628004,1
469,B4_K09_I01-02-03-04-05-06-07-08-09,Branch4,9,2,L1-L4,1,,0.804200709677322,-0.283708977785293,2.33856396328634,1.53989837211723,0.249079698547808,1
469,B4_K09_I01-02-03-04-05-06-07-08-09,Branch4,9,2,L2-L3,1,,1.33977139239834,-0.161236970183182,1.76390333788493,1.60226273056391,0.16921202273136,1
469,B4_K09_I01-02-03-04-05-06-07-08-09,Branch4,9,2,L2-L4,1,,1.19181075405435,-0.44794814118642,1.98907055452904,1.58780485397875,0.182800821193818,1
469,B4_K09_I01-02-03-04-05-06-07-08-09,Branch4,9,2,L3-L4,1,,0.694204964405089,-0.266632808990885,2.52234725090208,1.79765388325348,0.00659333161839043,1
469,B4_K09_I01-02-03-04-05-06-07-08-09,Branch4,9,3,L1-L2-L3,1,,1.32272280951128,-0.0493301464481903,1.76825744511027,1.51260103354498,0.20968137502678,1
469,B4_K09_I01-02-03-04-05-06-07-08-09,Branch4,9,3,L1-L2-L4,1,,1.12366940022997,-0.304754286627082,2.00888081568713,1.4693559939583,0.25630937888154,1
469,B4_K09_I01-02-03-04-05-06-07-08-09,Branch4,9,3,L1-L3-L4,1,,0.722831508128703,-0.27136758479059,2.48443094665765,1.78658531836538,0.294236007740989,1
469,B4_K09_I01-02-03-04-05-06-07-08-09,Branch4,9,3,L2-L3-L4,1,,1.09063028928417,-0.347358145943842,2.08078714807113,1.72429036058674,0.21874769965221,1
469,B4_K09_I01-02-03-04-05-06-07-08-09,Branch4,9,4,L1-L2-L3-L4,1,,1.11595892113136,-0.27783008833969,2.01404348903164,1.60243213446289,0.253155141981479,1
