Altair Feko - Solver (seq) Version 2022-14825 from 2022-03-31
          Altair Feko - PREFEKO Version 2022-14825 from 2022-03-31 [FEK: default 183; used 183] BINARY
          CADFEKO version 2022-14827 (x64) from 2022-03-31
          Copyright (c) 1999-2014 Altair Development S.A. (Pty) Ltd
          Copyright (c) 2014-2022 Altair Engineering, Inc.
          Intel(R) MKL version 2018.0.4 (build 20180808) on Intel(R) Advanced Vector Extensions 2 (Intel(R) AVX2) enabled processors, Intel(R) 64 architecture (1 thread)
Computer: PC WIN64 EM64T MKL -- shdbgf
          Microsoft Windows 10 vNEXT  (Build 22631), Version 10.0.22631 x64 (SP 0.0)
          Intel(R) Core(TM) i7-14650HX; GenuineIntel family 6 model 7 stepping 1 brand id 0
          1 physical CPU with a total of 24 processors found (multi-core CPU with max. 16 cores per physical CPU)
Threads:  OpenMP threading not used
Date:     2026-07-29 20:19:53                     
File:     8x8x2_pos64
Memory:   Unlimited, system allows maximum usage of 15.519 GByte
          (installed memory 15.715 GByte, thereof free 7.570 GByte)
Md5 check:EC3A68BC1F2485112F70015E0274977A
MD5 total:BEDE99A0934CC30C45990C8AB037D17E
Licence:  Altair Simulation Products

 NOTE    35127: You are running a sequential version of Altair Feko, but it was detected that your machine has more than one core. For best performance, it would be recommended to run the parallel Feko Solver
 NOTE    35179: Compatible graphics card (GPU) found on this machine for possible hardware acceleration (your Feko license allows GPU usage). Please use the command line option --use-gpu to use or enable the checkbox in the GUI

Spice Engine:  PollEx Spice Version 2021-68847 from 2021-08-12


                         TRANSFORMATION OF THE GEOMETRY

          The following structures are rotated/translated/scaled/mirrored:
              metallic wires

          All structures with labels in the range
          from dipole.Wire1 to dipole.Wire1 are rotated/translated/scaled/mirrored

          Making 1 copies

          Label is incremented by 1

          Translation in x direction by   3.781E+00
          Translation in y direction by   2.219E+00
          Translation in z direction by   3.000E+00

          Before the rotation/translation/scaling/mirroring there were: 
                                14 metallic segments
                                 6 polygonal surfaces

          After rotation/translation/scaling/mirroring there are: 
                                20 metallic segments
                                 6 polygonal surfaces


                         TRANSFORMATION OF THE GEOMETRY

          The following structures are rotated/translated/scaled/mirrored:
              metallic wires

          All structures with labels in the range
          from dipole.Wire1.Port1 to dipole.Wire1.Port1 are rotated/translated/scaled/mirrored

          Making 1 copies

          Label is incremented by 1

          Translation in x direction by   3.781E+00
          Translation in y direction by   2.219E+00
          Translation in z direction by   3.000E+00

          Before the rotation/translation/scaling/mirroring there were: 
                                20 metallic segments
                                 6 polygonal surfaces

          After rotation/translation/scaling/mirroring there are: 
                                21 metallic segments
                                 6 polygonal surfaces


                         TRANSFORMATION OF THE GEOMETRY

          The following structures are rotated/translated/scaled/mirrored:
              metallic wires

          All structures with labels in the range
          from dipole.Wire1 to dipole.Wire1 are rotated/translated/scaled/mirrored

          Making 1 copies

          Label is incremented by 2

          Translation in x direction by   3.844E+00
          Translation in y direction by   2.219E+00
          Translation in z direction by   3.000E+00

          Before the rotation/translation/scaling/mirroring there were: 
                                21 metallic segments
                                 6 polygonal surfaces

          After rotation/translation/scaling/mirroring there are: 
                                27 metallic segments
                                 6 polygonal surfaces


                         TRANSFORMATION OF THE GEOMETRY

          The following structures are rotated/translated/scaled/mirrored:
              metallic wires

          All structures with labels in the range
          from dipole.Wire1.Port1 to dipole.Wire1.Port1 are rotated/translated/scaled/mirrored

          Making 1 copies

          Label is incremented by 2

          Translation in x direction by   3.844E+00
          Translation in y direction by   2.219E+00
          Translation in z direction by   3.000E+00

          Before the rotation/translation/scaling/mirroring there were: 
                                27 metallic segments
                                 6 polygonal surfaces

          After rotation/translation/scaling/mirroring there are: 
                                28 metallic segments
                                 6 polygonal surfaces


                         TRANSFORMATION OF THE GEOMETRY

          The following structures are rotated/translated/scaled/mirrored:
              metallic wires

          All structures with labels in the range
          from dipole.Wire1 to dipole.Wire1 are rotated/translated/scaled/mirrored

          Making 1 copies

          Label is incremented by 3

          Translation in x direction by   3.906E+00
          Translation in y direction by   2.219E+00
          Translation in z direction by   3.000E+00

          Before the rotation/translation/scaling/mirroring there were: 
                                28 metallic segments
                                 6 polygonal surfaces

          After rotation/translation/scaling/mirroring there are: 
                                34 metallic segments
                                 6 polygonal surfaces


                         TRANSFORMATION OF THE GEOMETRY

          The following structures are rotated/translated/scaled/mirrored:
              metallic wires

          All structures with labels in the range
          from dipole.Wire1.Port1 to dipole.Wire1.Port1 are rotated/translated/scaled/mirrored

          Making 1 copies

          Label is incremented by 3

          Translation in x direction by   3.906E+00
          Translation in y direction by   2.219E+00
          Translation in z direction by   3.000E+00

          Before the rotation/translation/scaling/mirroring there were: 
                                34 metallic segments
                                 6 polygonal surfaces

          After rotation/translation/scaling/mirroring there are: 
                                35 metallic segments
                                 6 polygonal surfaces


                         TRANSFORMATION OF THE GEOMETRY

          The following structures are rotated/translated/scaled/mirrored:
              metallic wires

          All structures with labels in the range
          from dipole.Wire1 to dipole.Wire1 are rotated/translated/scaled/mirrored

          Making 1 copies

          Label is incremented by 4

          Translation in x direction by   3.969E+00
          Translation in y direction by   2.219E+00
          Translation in z direction by   3.000E+00

          Before the rotation/translation/scaling/mirroring there were: 
                                35 metallic segments
                                 6 polygonal surfaces

          After rotation/translation/scaling/mirroring there are: 
                                41 metallic segments
                                 6 polygonal surfaces


                         TRANSFORMATION OF THE GEOMETRY

          The following structures are rotated/translated/scaled/mirrored:
              metallic wires

          All structures with labels in the range
          from dipole.Wire1.Port1 to dipole.Wire1.Port1 are rotated/translated/scaled/mirrored

          Making 1 copies

          Label is incremented by 4

          Translation in x direction by   3.969E+00
          Translation in y direction by   2.219E+00
          Translation in z direction by   3.000E+00

          Before the rotation/translation/scaling/mirroring there were: 
                                41 metallic segments
                                 6 polygonal surfaces

          After rotation/translation/scaling/mirroring there are: 
                                42 metallic segments
                                 6 polygonal surfaces


                         TRANSFORMATION OF THE GEOMETRY

          The following structures are rotated/translated/scaled/mirrored:
              metallic wires

          All structures with labels in the range
          from dipole.Wire1 to dipole.Wire1 are rotated/translated/scaled/mirrored

          Making 1 copies

          Label is incremented by 5

          Translation in x direction by   4.031E+00
          Translation in y direction by   2.219E+00
          Translation in z direction by   3.000E+00

          Before the rotation/translation/scaling/mirroring there were: 
                                42 metallic segments
                                 6 polygonal surfaces

          After rotation/translation/scaling/mirroring there are: 
                                48 metallic segments
                                 6 polygonal surfaces


                         TRANSFORMATION OF THE GEOMETRY

          The following structures are rotated/translated/scaled/mirrored:
              metallic wires

          All structures with labels in the range
          from dipole.Wire1.Port1 to dipole.Wire1.Port1 are rotated/translated/scaled/mirrored

          Making 1 copies

          Label is incremented by 5

          Translation in x direction by   4.031E+00
          Translation in y direction by   2.219E+00
          Translation in z direction by   3.000E+00

          Before the rotation/translation/scaling/mirroring there were: 
                                48 metallic segments
                                 6 polygonal surfaces

          After rotation/translation/scaling/mirroring there are: 
                                49 metallic segments
                                 6 polygonal surfaces


                         TRANSFORMATION OF THE GEOMETRY

          The following structures are rotated/translated/scaled/mirrored:
              metallic wires

          All structures with labels in the range
          from dipole.Wire1 to dipole.Wire1 are rotated/translated/scaled/mirrored

          Making 1 copies

          Label is incremented by 6

          Translation in x direction by   4.094E+00
          Translation in y direction by   2.219E+00
          Translation in z direction by   3.000E+00

          Before the rotation/translation/scaling/mirroring there were: 
                                49 metallic segments
                                 6 polygonal surfaces

          After rotation/translation/scaling/mirroring there are: 
                                55 metallic segments
                                 6 polygonal surfaces


                         TRANSFORMATION OF THE GEOMETRY

          The following structures are rotated/translated/scaled/mirrored:
              metallic wires

          All structures with labels in the range
          from dipole.Wire1.Port1 to dipole.Wire1.Port1 are rotated/translated/scaled/mirrored

          Making 1 copies

          Label is incremented by 6

          Translation in x direction by   4.094E+00
          Translation in y direction by   2.219E+00
          Translation in z direction by   3.000E+00

          Before the rotation/translation/scaling/mirroring there were: 
                                55 metallic segments
                                 6 polygonal surfaces

          After rotation/translation/scaling/mirroring there are: 
                                56 metallic segments
                                 6 polygonal surfaces


                         TRANSFORMATION OF THE GEOMETRY

          The following structures are rotated/translated/scaled/mirrored:
              metallic wires

          All structures with labels in the range
          from dipole.Wire1 to dipole.Wire1 are rotated/translated/scaled/mirrored

          Making 1 copies

          Label is incremented by 7

          Translation in x direction by   4.156E+00
          Translation in y direction by   2.219E+00
          Translation in z direction by   3.000E+00

          Before the rotation/translation/scaling/mirroring there were: 
                                56 metallic segments
                                 6 polygonal surfaces

          After rotation/translation/scaling/mirroring there are: 
                                62 metallic segments
                                 6 polygonal surfaces


                         TRANSFORMATION OF THE GEOMETRY

          The following structures are rotated/translated/scaled/mirrored:
              metallic wires

          All structures with labels in the range
          from dipole.Wire1.Port1 to dipole.Wire1.Port1 are rotated/translated/scaled/mirrored

          Making 1 copies

          Label is incremented by 7

          Translation in x direction by   4.156E+00
          Translation in y direction by   2.219E+00
          Translation in z direction by   3.000E+00

          Before the rotation/translation/scaling/mirroring there were: 
                                62 metallic segments
                                 6 polygonal surfaces

          After rotation/translation/scaling/mirroring there are: 
                                63 metallic segments
                                 6 polygonal surfaces


                         TRANSFORMATION OF THE GEOMETRY

          The following structures are rotated/translated/scaled/mirrored:
              metallic wires

          All structures with labels in the range
          from dipole.Wire1 to dipole.Wire1 are rotated/translated/scaled/mirrored

          Making 1 copies

          Label is incremented by 8

          Translation in x direction by   4.219E+00
          Translation in y direction by   2.219E+00
          Translation in z direction by   3.000E+00

          Before the rotation/translation/scaling/mirroring there were: 
                                63 metallic segments
                                 6 polygonal surfaces

          After rotation/translation/scaling/mirroring there are: 
                                69 metallic segments
                                 6 polygonal surfaces


                         TRANSFORMATION OF THE GEOMETRY

          The following structures are rotated/translated/scaled/mirrored:
              metallic wires

          All structures with labels in the range
          from dipole.Wire1.Port1 to dipole.Wire1.Port1 are rotated/translated/scaled/mirrored

          Making 1 copies

          Label is incremented by 8

          Translation in x direction by   4.219E+00
          Translation in y direction by   2.219E+00
          Translation in z direction by   3.000E+00

          Before the rotation/translation/scaling/mirroring there were: 
                                69 metallic segments
                                 6 polygonal surfaces

          After rotation/translation/scaling/mirroring there are: 
                                70 metallic segments
                                 6 polygonal surfaces


                         TRANSFORMATION OF THE GEOMETRY

          The following structures are rotated/translated/scaled/mirrored:
              metallic wires

          All structures with labels in the range
          from dipole.Wire1 to dipole.Wire1 are rotated/translated/scaled/mirrored

          Making 1 copies

          Label is incremented by 9

          Translation in x direction by   3.781E+00
          Translation in y direction by   2.156E+00
          Translation in z direction by   3.000E+00

          Before the rotation/translation/scaling/mirroring there were: 
                                70 metallic segments
                                 6 polygonal surfaces

          After rotation/translation/scaling/mirroring there are: 
                                76 metallic segments
                                 6 polygonal surfaces


                         TRANSFORMATION OF THE GEOMETRY

          The following structures are rotated/translated/scaled/mirrored:
              metallic wires

          All structures with labels in the range
          from dipole.Wire1.Port1 to dipole.Wire1.Port1 are rotated/translated/scaled/mirrored

          Making 1 copies

          Label is incremented by 9

          Translation in x direction by   3.781E+00
          Translation in y direction by   2.156E+00
          Translation in z direction by   3.000E+00

          Before the rotation/translation/scaling/mirroring there were: 
                                76 metallic segments
                                 6 polygonal surfaces

          After rotation/translation/scaling/mirroring there are: 
                                77 metallic segments
                                 6 polygonal surfaces


                         TRANSFORMATION OF THE GEOMETRY

          The following structures are rotated/translated/scaled/mirrored:
              metallic wires

          All structures with labels in the range
          from dipole.Wire1 to dipole.Wire1 are rotated/translated/scaled/mirrored

          Making 1 copies

          Label is incremented by 10

          Translation in x direction by   3.844E+00
          Translation in y direction by   2.156E+00
          Translation in z direction by   3.000E+00

          Before the rotation/translation/scaling/mirroring there were: 
                                77 metallic segments
                                 6 polygonal surfaces

          After rotation/translation/scaling/mirroring there are: 
                                83 metallic segments
                                 6 polygonal surfaces


                         TRANSFORMATION OF THE GEOMETRY

          The following structures are rotated/translated/scaled/mirrored:
              metallic wires

          All structures with labels in the range
          from dipole.Wire1.Port1 to dipole.Wire1.Port1 are rotated/translated/scaled/mirrored

          Making 1 copies

          Label is incremented by 10

          Translation in x direction by   3.844E+00
          Translation in y direction by   2.156E+00
          Translation in z direction by   3.000E+00

          Before the rotation/translation/scaling/mirroring there were: 
                                83 metallic segments
                                 6 polygonal surfaces

          After rotation/translation/scaling/mirroring there are: 
                                84 metallic segments
                                 6 polygonal surfaces


                         TRANSFORMATION OF THE GEOMETRY

          The following structures are rotated/translated/scaled/mirrored:
              metallic wires

          All structures with labels in the range
          from dipole.Wire1 to dipole.Wire1 are rotated/translated/scaled/mirrored

          Making 1 copies

          Label is incremented by 11

          Translation in x direction by   3.906E+00
          Translation in y direction by   2.156E+00
          Translation in z direction by   3.000E+00

          Before the rotation/translation/scaling/mirroring there were: 
                                84 metallic segments
                                 6 polygonal surfaces

          After rotation/translation/scaling/mirroring there are: 
                                90 metallic segments
                                 6 polygonal surfaces


                         TRANSFORMATION OF THE GEOMETRY

          The following structures are rotated/translated/scaled/mirrored:
              metallic wires

          All structures with labels in the range
          from dipole.Wire1.Port1 to dipole.Wire1.Port1 are rotated/translated/scaled/mirrored

          Making 1 copies

          Label is incremented by 11

          Translation in x direction by   3.906E+00
          Translation in y direction by   2.156E+00
          Translation in z direction by   3.000E+00

          Before the rotation/translation/scaling/mirroring there were: 
                                90 metallic segments
                                 6 polygonal surfaces

          After rotation/translation/scaling/mirroring there are: 
                                91 metallic segments
                                 6 polygonal surfaces


                         TRANSFORMATION OF THE GEOMETRY

          The following structures are rotated/translated/scaled/mirrored:
              metallic wires

          All structures with labels in the range
          from dipole.Wire1 to dipole.Wire1 are rotated/translated/scaled/mirrored

          Making 1 copies

          Label is incremented by 12

          Translation in x direction by   3.969E+00
          Translation in y direction by   2.156E+00
          Translation in z direction by   3.000E+00

          Before the rotation/translation/scaling/mirroring there were: 
                                91 metallic segments
                                 6 polygonal surfaces

          After rotation/translation/scaling/mirroring there are: 
                                97 metallic segments
                                 6 polygonal surfaces


                         TRANSFORMATION OF THE GEOMETRY

          The following structures are rotated/translated/scaled/mirrored:
              metallic wires

          All structures with labels in the range
          from dipole.Wire1.Port1 to dipole.Wire1.Port1 are rotated/translated/scaled/mirrored

          Making 1 copies

          Label is incremented by 12

          Translation in x direction by   3.969E+00
          Translation in y direction by   2.156E+00
          Translation in z direction by   3.000E+00

          Before the rotation/translation/scaling/mirroring there were: 
                                97 metallic segments
                                 6 polygonal surfaces

          After rotation/translation/scaling/mirroring there are: 
                                98 metallic segments
                                 6 polygonal surfaces


                         TRANSFORMATION OF THE GEOMETRY

          The following structures are rotated/translated/scaled/mirrored:
              metallic wires

          All structures with labels in the range
          from dipole.Wire1 to dipole.Wire1 are rotated/translated/scaled/mirrored

          Making 1 copies

          Label is incremented by 13

          Translation in x direction by   4.031E+00
          Translation in y direction by   2.156E+00
          Translation in z direction by   3.000E+00

          Before the rotation/translation/scaling/mirroring there were: 
                                98 metallic segments
                                 6 polygonal surfaces

          After rotation/translation/scaling/mirroring there are: 
                               104 metallic segments
                                 6 polygonal surfaces


                         TRANSFORMATION OF THE GEOMETRY

          The following structures are rotated/translated/scaled/mirrored:
              metallic wires

          All structures with labels in the range
          from dipole.Wire1.Port1 to dipole.Wire1.Port1 are rotated/translated/scaled/mirrored

          Making 1 copies

          Label is incremented by 13

          Translation in x direction by   4.031E+00
          Translation in y direction by   2.156E+00
          Translation in z direction by   3.000E+00

          Before the rotation/translation/scaling/mirroring there were: 
                               104 metallic segments
                                 6 polygonal surfaces

          After rotation/translation/scaling/mirroring there are: 
                               105 metallic segments
                                 6 polygonal surfaces


                         TRANSFORMATION OF THE GEOMETRY

          The following structures are rotated/translated/scaled/mirrored:
              metallic wires

          All structures with labels in the range
          from dipole.Wire1 to dipole.Wire1 are rotated/translated/scaled/mirrored

          Making 1 copies

          Label is incremented by 14

          Translation in x direction by   4.094E+00
          Translation in y direction by   2.156E+00
          Translation in z direction by   3.000E+00

          Before the rotation/translation/scaling/mirroring there were: 
                               105 metallic segments
                                 6 polygonal surfaces

          After rotation/translation/scaling/mirroring there are: 
                               111 metallic segments
                                 6 polygonal surfaces


                         TRANSFORMATION OF THE GEOMETRY

          The following structures are rotated/translated/scaled/mirrored:
              metallic wires

          All structures with labels in the range
          from dipole.Wire1.Port1 to dipole.Wire1.Port1 are rotated/translated/scaled/mirrored

          Making 1 copies

          Label is incremented by 14

          Translation in x direction by   4.094E+00
          Translation in y direction by   2.156E+00
          Translation in z direction by   3.000E+00

          Before the rotation/translation/scaling/mirroring there were: 
                               111 metallic segments
                                 6 polygonal surfaces

          After rotation/translation/scaling/mirroring there are: 
                               112 metallic segments
                                 6 polygonal surfaces


                         TRANSFORMATION OF THE GEOMETRY

          The following structures are rotated/translated/scaled/mirrored:
              metallic wires

          All structures with labels in the range
          from dipole.Wire1 to dipole.Wire1 are rotated/translated/scaled/mirrored

          Making 1 copies

          Label is incremented by 15

          Translation in x direction by   4.156E+00
          Translation in y direction by   2.156E+00
          Translation in z direction by   3.000E+00

          Before the rotation/translation/scaling/mirroring there were: 
                               112 metallic segments
                                 6 polygonal surfaces

          After rotation/translation/scaling/mirroring there are: 
                               118 metallic segments
                                 6 polygonal surfaces


                         TRANSFORMATION OF THE GEOMETRY

          The following structures are rotated/translated/scaled/mirrored:
              metallic wires

          All structures with labels in the range
          from dipole.Wire1.Port1 to dipole.Wire1.Port1 are rotated/translated/scaled/mirrored

          Making 1 copies

          Label is incremented by 15

          Translation in x direction by   4.156E+00
          Translation in y direction by   2.156E+00
          Translation in z direction by   3.000E+00

          Before the rotation/translation/scaling/mirroring there were: 
                               118 metallic segments
                                 6 polygonal surfaces

          After rotation/translation/scaling/mirroring there are: 
                               119 metallic segments
                                 6 polygonal surfaces


                         TRANSFORMATION OF THE GEOMETRY

          The following structures are rotated/translated/scaled/mirrored:
              metallic wires

          All structures with labels in the range
          from dipole.Wire1 to dipole.Wire1 are rotated/translated/scaled/mirrored

          Making 1 copies

          Label is incremented by 16

          Translation in x direction by   4.219E+00
          Translation in y direction by   2.156E+00
          Translation in z direction by   3.000E+00

          Before the rotation/translation/scaling/mirroring there were: 
                               119 metallic segments
                                 6 polygonal surfaces

          After rotation/translation/scaling/mirroring there are: 
                               125 metallic segments
                                 6 polygonal surfaces


                         TRANSFORMATION OF THE GEOMETRY

          The following structures are rotated/translated/scaled/mirrored:
              metallic wires

          All structures with labels in the range
          from dipole.Wire1.Port1 to dipole.Wire1.Port1 are rotated/translated/scaled/mirrored

          Making 1 copies

          Label is incremented by 16

          Translation in x direction by   4.219E+00
          Translation in y direction by   2.156E+00
          Translation in z direction by   3.000E+00

          Before the rotation/translation/scaling/mirroring there were: 
                               125 metallic segments
                                 6 polygonal surfaces

          After rotation/translation/scaling/mirroring there are: 
                               126 metallic segments
                                 6 polygonal surfaces


                         TRANSFORMATION OF THE GEOMETRY

          The following structures are rotated/translated/scaled/mirrored:
              metallic wires

          All structures with labels in the range
          from dipole.Wire1 to dipole.Wire1 are rotated/translated/scaled/mirrored

          Making 1 copies

          Label is incremented by 17

          Translation in x direction by   3.781E+00
          Translation in y direction by   2.094E+00
          Translation in z direction by   3.000E+00

          Before the rotation/translation/scaling/mirroring there were: 
                               126 metallic segments
                                 6 polygonal surfaces

          After rotation/translation/scaling/mirroring there are: 
                               132 metallic segments
                                 6 polygonal surfaces


                         TRANSFORMATION OF THE GEOMETRY

          The following structures are rotated/translated/scaled/mirrored:
              metallic wires

          All structures with labels in the range
          from dipole.Wire1.Port1 to dipole.Wire1.Port1 are rotated/translated/scaled/mirrored

          Making 1 copies

          Label is incremented by 17

          Translation in x direction by   3.781E+00
          Translation in y direction by   2.094E+00
          Translation in z direction by   3.000E+00

          Before the rotation/translation/scaling/mirroring there were: 
                               132 metallic segments
                                 6 polygonal surfaces

          After rotation/translation/scaling/mirroring there are: 
                               133 metallic segments
                                 6 polygonal surfaces


                         TRANSFORMATION OF THE GEOMETRY

          The following structures are rotated/translated/scaled/mirrored:
              metallic wires

          All structures with labels in the range
          from dipole.Wire1 to dipole.Wire1 are rotated/translated/scaled/mirrored

          Making 1 copies

          Label is incremented by 18

          Translation in x direction by   3.844E+00
          Translation in y direction by   2.094E+00
          Translation in z direction by   3.000E+00

          Before the rotation/translation/scaling/mirroring there were: 
                               133 metallic segments
                                 6 polygonal surfaces

          After rotation/translation/scaling/mirroring there are: 
                               139 metallic segments
                                 6 polygonal surfaces


                         TRANSFORMATION OF THE GEOMETRY

          The following structures are rotated/translated/scaled/mirrored:
              metallic wires

          All structures with labels in the range
          from dipole.Wire1.Port1 to dipole.Wire1.Port1 are rotated/translated/scaled/mirrored

          Making 1 copies

          Label is incremented by 18

          Translation in x direction by   3.844E+00
          Translation in y direction by   2.094E+00
          Translation in z direction by   3.000E+00

          Before the rotation/translation/scaling/mirroring there were: 
                               139 metallic segments
                                 6 polygonal surfaces

          After rotation/translation/scaling/mirroring there are: 
                               140 metallic segments
                                 6 polygonal surfaces


                         TRANSFORMATION OF THE GEOMETRY

          The following structures are rotated/translated/scaled/mirrored:
              metallic wires

          All structures with labels in the range
          from dipole.Wire1 to dipole.Wire1 are rotated/translated/scaled/mirrored

          Making 1 copies

          Label is incremented by 19

          Translation in x direction by   3.906E+00
          Translation in y direction by   2.094E+00
          Translation in z direction by   3.000E+00

          Before the rotation/translation/scaling/mirroring there were: 
                               140 metallic segments
                                 6 polygonal surfaces

          After rotation/translation/scaling/mirroring there are: 
                               146 metallic segments
                                 6 polygonal surfaces


                         TRANSFORMATION OF THE GEOMETRY

          The following structures are rotated/translated/scaled/mirrored:
              metallic wires

          All structures with labels in the range
          from dipole.Wire1.Port1 to dipole.Wire1.Port1 are rotated/translated/scaled/mirrored

          Making 1 copies

          Label is incremented by 19

          Translation in x direction by   3.906E+00
          Translation in y direction by   2.094E+00
          Translation in z direction by   3.000E+00

          Before the rotation/translation/scaling/mirroring there were: 
                               146 metallic segments
                                 6 polygonal surfaces

          After rotation/translation/scaling/mirroring there are: 
                               147 metallic segments
                                 6 polygonal surfaces


                         TRANSFORMATION OF THE GEOMETRY

          The following structures are rotated/translated/scaled/mirrored:
              metallic wires

          All structures with labels in the range
          from dipole.Wire1 to dipole.Wire1 are rotated/translated/scaled/mirrored

          Making 1 copies

          Label is incremented by 20

          Translation in x direction by   3.969E+00
          Translation in y direction by   2.094E+00
          Translation in z direction by   3.000E+00

          Before the rotation/translation/scaling/mirroring there were: 
                               147 metallic segments
                                 6 polygonal surfaces

          After rotation/translation/scaling/mirroring there are: 
                               153 metallic segments
                                 6 polygonal surfaces


                         TRANSFORMATION OF THE GEOMETRY

          The following structures are rotated/translated/scaled/mirrored:
              metallic wires

          All structures with labels in the range
          from dipole.Wire1.Port1 to dipole.Wire1.Port1 are rotated/translated/scaled/mirrored

          Making 1 copies

          Label is incremented by 20

          Translation in x direction by   3.969E+00
          Translation in y direction by   2.094E+00
          Translation in z direction by   3.000E+00

          Before the rotation/translation/scaling/mirroring there were: 
                               153 metallic segments
                                 6 polygonal surfaces

          After rotation/translation/scaling/mirroring there are: 
                               154 metallic segments
                                 6 polygonal surfaces


                         TRANSFORMATION OF THE GEOMETRY

          The following structures are rotated/translated/scaled/mirrored:
              metallic wires

          All structures with labels in the range
          from dipole.Wire1 to dipole.Wire1 are rotated/translated/scaled/mirrored

          Making 1 copies

          Label is incremented by 21

          Translation in x direction by   4.031E+00
          Translation in y direction by   2.094E+00
          Translation in z direction by   3.000E+00

          Before the rotation/translation/scaling/mirroring there were: 
                               154 metallic segments
                                 6 polygonal surfaces

          After rotation/translation/scaling/mirroring there are: 
                               160 metallic segments
                                 6 polygonal surfaces


                         TRANSFORMATION OF THE GEOMETRY

          The following structures are rotated/translated/scaled/mirrored:
              metallic wires

          All structures with labels in the range
          from dipole.Wire1.Port1 to dipole.Wire1.Port1 are rotated/translated/scaled/mirrored

          Making 1 copies

          Label is incremented by 21

          Translation in x direction by   4.031E+00
          Translation in y direction by   2.094E+00
          Translation in z direction by   3.000E+00

          Before the rotation/translation/scaling/mirroring there were: 
                               160 metallic segments
                                 6 polygonal surfaces

          After rotation/translation/scaling/mirroring there are: 
                               161 metallic segments
                                 6 polygonal surfaces


                         TRANSFORMATION OF THE GEOMETRY

          The following structures are rotated/translated/scaled/mirrored:
              metallic wires

          All structures with labels in the range
          from dipole.Wire1 to dipole.Wire1 are rotated/translated/scaled/mirrored

          Making 1 copies

          Label is incremented by 22

          Translation in x direction by   4.094E+00
          Translation in y direction by   2.094E+00
          Translation in z direction by   3.000E+00

          Before the rotation/translation/scaling/mirroring there were: 
                               161 metallic segments
                                 6 polygonal surfaces

          After rotation/translation/scaling/mirroring there are: 
                               167 metallic segments
                                 6 polygonal surfaces


                         TRANSFORMATION OF THE GEOMETRY

          The following structures are rotated/translated/scaled/mirrored:
              metallic wires

          All structures with labels in the range
          from dipole.Wire1.Port1 to dipole.Wire1.Port1 are rotated/translated/scaled/mirrored

          Making 1 copies

          Label is incremented by 22

          Translation in x direction by   4.094E+00
          Translation in y direction by   2.094E+00
          Translation in z direction by   3.000E+00

          Before the rotation/translation/scaling/mirroring there were: 
                               167 metallic segments
                                 6 polygonal surfaces

          After rotation/translation/scaling/mirroring there are: 
                               168 metallic segments
                                 6 polygonal surfaces


                         TRANSFORMATION OF THE GEOMETRY

          The following structures are rotated/translated/scaled/mirrored:
              metallic wires

          All structures with labels in the range
          from dipole.Wire1 to dipole.Wire1 are rotated/translated/scaled/mirrored

          Making 1 copies

          Label is incremented by 23

          Translation in x direction by   4.156E+00
          Translation in y direction by   2.094E+00
          Translation in z direction by   3.000E+00

          Before the rotation/translation/scaling/mirroring there were: 
                               168 metallic segments
                                 6 polygonal surfaces

          After rotation/translation/scaling/mirroring there are: 
                               174 metallic segments
                                 6 polygonal surfaces


                         TRANSFORMATION OF THE GEOMETRY

          The following structures are rotated/translated/scaled/mirrored:
              metallic wires

          All structures with labels in the range
          from dipole.Wire1.Port1 to dipole.Wire1.Port1 are rotated/translated/scaled/mirrored

          Making 1 copies

          Label is incremented by 23

          Translation in x direction by   4.156E+00
          Translation in y direction by   2.094E+00
          Translation in z direction by   3.000E+00

          Before the rotation/translation/scaling/mirroring there were: 
                               174 metallic segments
                                 6 polygonal surfaces

          After rotation/translation/scaling/mirroring there are: 
                               175 metallic segments
                                 6 polygonal surfaces


                         TRANSFORMATION OF THE GEOMETRY

          The following structures are rotated/translated/scaled/mirrored:
              metallic wires

          All structures with labels in the range
          from dipole.Wire1 to dipole.Wire1 are rotated/translated/scaled/mirrored

          Making 1 copies

          Label is incremented by 24

          Translation in x direction by   4.219E+00
          Translation in y direction by   2.094E+00
          Translation in z direction by   3.000E+00

          Before the rotation/translation/scaling/mirroring there were: 
                               175 metallic segments
                                 6 polygonal surfaces

          After rotation/translation/scaling/mirroring there are: 
                               181 metallic segments
                                 6 polygonal surfaces


                         TRANSFORMATION OF THE GEOMETRY

          The following structures are rotated/translated/scaled/mirrored:
              metallic wires

          All structures with labels in the range
          from dipole.Wire1.Port1 to dipole.Wire1.Port1 are rotated/translated/scaled/mirrored

          Making 1 copies

          Label is incremented by 24

          Translation in x direction by   4.219E+00
          Translation in y direction by   2.094E+00
          Translation in z direction by   3.000E+00

          Before the rotation/translation/scaling/mirroring there were: 
                               181 metallic segments
                                 6 polygonal surfaces

          After rotation/translation/scaling/mirroring there are: 
                               182 metallic segments
                                 6 polygonal surfaces


                         TRANSFORMATION OF THE GEOMETRY

          The following structures are rotated/translated/scaled/mirrored:
              metallic wires

          All structures with labels in the range
          from dipole.Wire1 to dipole.Wire1 are rotated/translated/scaled/mirrored

          Making 1 copies

          Label is incremented by 25

          Translation in x direction by   3.781E+00
          Translation in y direction by   2.031E+00
          Translation in z direction by   3.000E+00

          Before the rotation/translation/scaling/mirroring there were: 
                               182 metallic segments
                                 6 polygonal surfaces

          After rotation/translation/scaling/mirroring there are: 
                               188 metallic segments
                                 6 polygonal surfaces


                         TRANSFORMATION OF THE GEOMETRY

          The following structures are rotated/translated/scaled/mirrored:
              metallic wires

          All structures with labels in the range
          from dipole.Wire1.Port1 to dipole.Wire1.Port1 are rotated/translated/scaled/mirrored

          Making 1 copies

          Label is incremented by 25

          Translation in x direction by   3.781E+00
          Translation in y direction by   2.031E+00
          Translation in z direction by   3.000E+00

          Before the rotation/translation/scaling/mirroring there were: 
                               188 metallic segments
                                 6 polygonal surfaces

          After rotation/translation/scaling/mirroring there are: 
                               189 metallic segments
                                 6 polygonal surfaces


                         TRANSFORMATION OF THE GEOMETRY

          The following structures are rotated/translated/scaled/mirrored:
              metallic wires

          All structures with labels in the range
          from dipole.Wire1 to dipole.Wire1 are rotated/translated/scaled/mirrored

          Making 1 copies

          Label is incremented by 26

          Translation in x direction by   3.844E+00
          Translation in y direction by   2.031E+00
          Translation in z direction by   3.000E+00

          Before the rotation/translation/scaling/mirroring there were: 
                               189 metallic segments
                                 6 polygonal surfaces

          After rotation/translation/scaling/mirroring there are: 
                               195 metallic segments
                                 6 polygonal surfaces


                         TRANSFORMATION OF THE GEOMETRY

          The following structures are rotated/translated/scaled/mirrored:
              metallic wires

          All structures with labels in the range
          from dipole.Wire1.Port1 to dipole.Wire1.Port1 are rotated/translated/scaled/mirrored

          Making 1 copies

          Label is incremented by 26

          Translation in x direction by   3.844E+00
          Translation in y direction by   2.031E+00
          Translation in z direction by   3.000E+00

          Before the rotation/translation/scaling/mirroring there were: 
                               195 metallic segments
                                 6 polygonal surfaces

          After rotation/translation/scaling/mirroring there are: 
                               196 metallic segments
                                 6 polygonal surfaces


                         TRANSFORMATION OF THE GEOMETRY

          The following structures are rotated/translated/scaled/mirrored:
              metallic wires

          All structures with labels in the range
          from dipole.Wire1 to dipole.Wire1 are rotated/translated/scaled/mirrored

          Making 1 copies

          Label is incremented by 27

          Translation in x direction by   3.906E+00
          Translation in y direction by   2.031E+00
          Translation in z direction by   3.000E+00

          Before the rotation/translation/scaling/mirroring there were: 
                               196 metallic segments
                                 6 polygonal surfaces

          After rotation/translation/scaling/mirroring there are: 
                               202 metallic segments
                                 6 polygonal surfaces


                         TRANSFORMATION OF THE GEOMETRY

          The following structures are rotated/translated/scaled/mirrored:
              metallic wires

          All structures with labels in the range
          from dipole.Wire1.Port1 to dipole.Wire1.Port1 are rotated/translated/scaled/mirrored

          Making 1 copies

          Label is incremented by 27

          Translation in x direction by   3.906E+00
          Translation in y direction by   2.031E+00
          Translation in z direction by   3.000E+00

          Before the rotation/translation/scaling/mirroring there were: 
                               202 metallic segments
                                 6 polygonal surfaces

          After rotation/translation/scaling/mirroring there are: 
                               203 metallic segments
                                 6 polygonal surfaces


                         TRANSFORMATION OF THE GEOMETRY

          The following structures are rotated/translated/scaled/mirrored:
              metallic wires

          All structures with labels in the range
          from dipole.Wire1 to dipole.Wire1 are rotated/translated/scaled/mirrored

          Making 1 copies

          Label is incremented by 28

          Translation in x direction by   3.969E+00
          Translation in y direction by   2.031E+00
          Translation in z direction by   3.000E+00

          Before the rotation/translation/scaling/mirroring there were: 
                               203 metallic segments
                                 6 polygonal surfaces

          After rotation/translation/scaling/mirroring there are: 
                               209 metallic segments
                                 6 polygonal surfaces


                         TRANSFORMATION OF THE GEOMETRY

          The following structures are rotated/translated/scaled/mirrored:
              metallic wires

          All structures with labels in the range
          from dipole.Wire1.Port1 to dipole.Wire1.Port1 are rotated/translated/scaled/mirrored

          Making 1 copies

          Label is incremented by 28

          Translation in x direction by   3.969E+00
          Translation in y direction by   2.031E+00
          Translation in z direction by   3.000E+00

          Before the rotation/translation/scaling/mirroring there were: 
                               209 metallic segments
                                 6 polygonal surfaces

          After rotation/translation/scaling/mirroring there are: 
                               210 metallic segments
                                 6 polygonal surfaces


                         TRANSFORMATION OF THE GEOMETRY

          The following structures are rotated/translated/scaled/mirrored:
              metallic wires

          All structures with labels in the range
          from dipole.Wire1 to dipole.Wire1 are rotated/translated/scaled/mirrored

          Making 1 copies

          Label is incremented by 29

          Translation in x direction by   4.031E+00
          Translation in y direction by   2.031E+00
          Translation in z direction by   3.000E+00

          Before the rotation/translation/scaling/mirroring there were: 
                               210 metallic segments
                                 6 polygonal surfaces

          After rotation/translation/scaling/mirroring there are: 
                               216 metallic segments
                                 6 polygonal surfaces


                         TRANSFORMATION OF THE GEOMETRY

          The following structures are rotated/translated/scaled/mirrored:
              metallic wires

          All structures with labels in the range
          from dipole.Wire1.Port1 to dipole.Wire1.Port1 are rotated/translated/scaled/mirrored

          Making 1 copies

          Label is incremented by 29

          Translation in x direction by   4.031E+00
          Translation in y direction by   2.031E+00
          Translation in z direction by   3.000E+00

          Before the rotation/translation/scaling/mirroring there were: 
                               216 metallic segments
                                 6 polygonal surfaces

          After rotation/translation/scaling/mirroring there are: 
                               217 metallic segments
                                 6 polygonal surfaces


                         TRANSFORMATION OF THE GEOMETRY

          The following structures are rotated/translated/scaled/mirrored:
              metallic wires

          All structures with labels in the range
          from dipole.Wire1 to dipole.Wire1 are rotated/translated/scaled/mirrored

          Making 1 copies

          Label is incremented by 30

          Translation in x direction by   4.094E+00
          Translation in y direction by   2.031E+00
          Translation in z direction by   3.000E+00

          Before the rotation/translation/scaling/mirroring there were: 
                               217 metallic segments
                                 6 polygonal surfaces

          After rotation/translation/scaling/mirroring there are: 
                               223 metallic segments
                                 6 polygonal surfaces


                         TRANSFORMATION OF THE GEOMETRY

          The following structures are rotated/translated/scaled/mirrored:
              metallic wires

          All structures with labels in the range
          from dipole.Wire1.Port1 to dipole.Wire1.Port1 are rotated/translated/scaled/mirrored

          Making 1 copies

          Label is incremented by 30

          Translation in x direction by   4.094E+00
          Translation in y direction by   2.031E+00
          Translation in z direction by   3.000E+00

          Before the rotation/translation/scaling/mirroring there were: 
                               223 metallic segments
                                 6 polygonal surfaces

          After rotation/translation/scaling/mirroring there are: 
                               224 metallic segments
                                 6 polygonal surfaces


                         TRANSFORMATION OF THE GEOMETRY

          The following structures are rotated/translated/scaled/mirrored:
              metallic wires

          All structures with labels in the range
          from dipole.Wire1 to dipole.Wire1 are rotated/translated/scaled/mirrored

          Making 1 copies

          Label is incremented by 31

          Translation in x direction by   4.156E+00
          Translation in y direction by   2.031E+00
          Translation in z direction by   3.000E+00

          Before the rotation/translation/scaling/mirroring there were: 
                               224 metallic segments
                                 6 polygonal surfaces

          After rotation/translation/scaling/mirroring there are: 
                               230 metallic segments
                                 6 polygonal surfaces


                         TRANSFORMATION OF THE GEOMETRY

          The following structures are rotated/translated/scaled/mirrored:
              metallic wires

          All structures with labels in the range
          from dipole.Wire1.Port1 to dipole.Wire1.Port1 are rotated/translated/scaled/mirrored

          Making 1 copies

          Label is incremented by 31

          Translation in x direction by   4.156E+00
          Translation in y direction by   2.031E+00
          Translation in z direction by   3.000E+00

          Before the rotation/translation/scaling/mirroring there were: 
                               230 metallic segments
                                 6 polygonal surfaces

          After rotation/translation/scaling/mirroring there are: 
                               231 metallic segments
                                 6 polygonal surfaces


                         TRANSFORMATION OF THE GEOMETRY

          The following structures are rotated/translated/scaled/mirrored:
              metallic wires

          All structures with labels in the range
          from dipole.Wire1 to dipole.Wire1 are rotated/translated/scaled/mirrored

          Making 1 copies

          Label is incremented by 32

          Translation in x direction by   4.219E+00
          Translation in y direction by   2.031E+00
          Translation in z direction by   3.000E+00

          Before the rotation/translation/scaling/mirroring there were: 
                               231 metallic segments
                                 6 polygonal surfaces

          After rotation/translation/scaling/mirroring there are: 
                               237 metallic segments
                                 6 polygonal surfaces


                         TRANSFORMATION OF THE GEOMETRY

          The following structures are rotated/translated/scaled/mirrored:
              metallic wires

          All structures with labels in the range
          from dipole.Wire1.Port1 to dipole.Wire1.Port1 are rotated/translated/scaled/mirrored

          Making 1 copies

          Label is incremented by 32

          Translation in x direction by   4.219E+00
          Translation in y direction by   2.031E+00
          Translation in z direction by   3.000E+00

          Before the rotation/translation/scaling/mirroring there were: 
                               237 metallic segments
                                 6 polygonal surfaces

          After rotation/translation/scaling/mirroring there are: 
                               238 metallic segments
                                 6 polygonal surfaces


                         TRANSFORMATION OF THE GEOMETRY

          The following structures are rotated/translated/scaled/mirrored:
              metallic wires

          All structures with labels in the range
          from dipole.Wire1 to dipole.Wire1 are rotated/translated/scaled/mirrored

          Making 1 copies

          Label is incremented by 33

          Translation in x direction by   3.781E+00
          Translation in y direction by   1.969E+00
          Translation in z direction by   3.000E+00

          Before the rotation/translation/scaling/mirroring there were: 
                               238 metallic segments
                                 6 polygonal surfaces

          After rotation/translation/scaling/mirroring there are: 
                               244 metallic segments
                                 6 polygonal surfaces


                         TRANSFORMATION OF THE GEOMETRY

          The following structures are rotated/translated/scaled/mirrored:
              metallic wires

          All structures with labels in the range
          from dipole.Wire1.Port1 to dipole.Wire1.Port1 are rotated/translated/scaled/mirrored

          Making 1 copies

          Label is incremented by 33

          Translation in x direction by   3.781E+00
          Translation in y direction by   1.969E+00
          Translation in z direction by   3.000E+00

          Before the rotation/translation/scaling/mirroring there were: 
                               244 metallic segments
                                 6 polygonal surfaces

          After rotation/translation/scaling/mirroring there are: 
                               245 metallic segments
                                 6 polygonal surfaces


                         TRANSFORMATION OF THE GEOMETRY

          The following structures are rotated/translated/scaled/mirrored:
              metallic wires

          All structures with labels in the range
          from dipole.Wire1 to dipole.Wire1 are rotated/translated/scaled/mirrored

          Making 1 copies

          Label is incremented by 34

          Translation in x direction by   3.844E+00
          Translation in y direction by   1.969E+00
          Translation in z direction by   3.000E+00

          Before the rotation/translation/scaling/mirroring there were: 
                               245 metallic segments
                                 6 polygonal surfaces

          After rotation/translation/scaling/mirroring there are: 
                               251 metallic segments
                                 6 polygonal surfaces


                         TRANSFORMATION OF THE GEOMETRY

          The following structures are rotated/translated/scaled/mirrored:
              metallic wires

          All structures with labels in the range
          from dipole.Wire1.Port1 to dipole.Wire1.Port1 are rotated/translated/scaled/mirrored

          Making 1 copies

          Label is incremented by 34

          Translation in x direction by   3.844E+00
          Translation in y direction by   1.969E+00
          Translation in z direction by   3.000E+00

          Before the rotation/translation/scaling/mirroring there were: 
                               251 metallic segments
                                 6 polygonal surfaces

          After rotation/translation/scaling/mirroring there are: 
                               252 metallic segments
                                 6 polygonal surfaces


                         TRANSFORMATION OF THE GEOMETRY

          The following structures are rotated/translated/scaled/mirrored:
              metallic wires

          All structures with labels in the range
          from dipole.Wire1 to dipole.Wire1 are rotated/translated/scaled/mirrored

          Making 1 copies

          Label is incremented by 35

          Translation in x direction by   3.906E+00
          Translation in y direction by   1.969E+00
          Translation in z direction by   3.000E+00

          Before the rotation/translation/scaling/mirroring there were: 
                               252 metallic segments
                                 6 polygonal surfaces

          After rotation/translation/scaling/mirroring there are: 
                               258 metallic segments
                                 6 polygonal surfaces


                         TRANSFORMATION OF THE GEOMETRY

          The following structures are rotated/translated/scaled/mirrored:
              metallic wires

          All structures with labels in the range
          from dipole.Wire1.Port1 to dipole.Wire1.Port1 are rotated/translated/scaled/mirrored

          Making 1 copies

          Label is incremented by 35

          Translation in x direction by   3.906E+00
          Translation in y direction by   1.969E+00
          Translation in z direction by   3.000E+00

          Before the rotation/translation/scaling/mirroring there were: 
                               258 metallic segments
                                 6 polygonal surfaces

          After rotation/translation/scaling/mirroring there are: 
                               259 metallic segments
                                 6 polygonal surfaces


                         TRANSFORMATION OF THE GEOMETRY

          The following structures are rotated/translated/scaled/mirrored:
              metallic wires

          All structures with labels in the range
          from dipole.Wire1 to dipole.Wire1 are rotated/translated/scaled/mirrored

          Making 1 copies

          Label is incremented by 36

          Translation in x direction by   3.969E+00
          Translation in y direction by   1.969E+00
          Translation in z direction by   3.000E+00

          Before the rotation/translation/scaling/mirroring there were: 
                               259 metallic segments
                                 6 polygonal surfaces

          After rotation/translation/scaling/mirroring there are: 
                               265 metallic segments
                                 6 polygonal surfaces


                         TRANSFORMATION OF THE GEOMETRY

          The following structures are rotated/translated/scaled/mirrored:
              metallic wires

          All structures with labels in the range
          from dipole.Wire1.Port1 to dipole.Wire1.Port1 are rotated/translated/scaled/mirrored

          Making 1 copies

          Label is incremented by 36

          Translation in x direction by   3.969E+00
          Translation in y direction by   1.969E+00
          Translation in z direction by   3.000E+00

          Before the rotation/translation/scaling/mirroring there were: 
                               265 metallic segments
                                 6 polygonal surfaces

          After rotation/translation/scaling/mirroring there are: 
                               266 metallic segments
                                 6 polygonal surfaces


                         TRANSFORMATION OF THE GEOMETRY

          The following structures are rotated/translated/scaled/mirrored:
              metallic wires

          All structures with labels in the range
          from dipole.Wire1 to dipole.Wire1 are rotated/translated/scaled/mirrored

          Making 1 copies

          Label is incremented by 37

          Translation in x direction by   4.031E+00
          Translation in y direction by   1.969E+00
          Translation in z direction by   3.000E+00

          Before the rotation/translation/scaling/mirroring there were: 
                               266 metallic segments
                                 6 polygonal surfaces

          After rotation/translation/scaling/mirroring there are: 
                               272 metallic segments
                                 6 polygonal surfaces


                         TRANSFORMATION OF THE GEOMETRY

          The following structures are rotated/translated/scaled/mirrored:
              metallic wires

          All structures with labels in the range
          from dipole.Wire1.Port1 to dipole.Wire1.Port1 are rotated/translated/scaled/mirrored

          Making 1 copies

          Label is incremented by 37

          Translation in x direction by   4.031E+00
          Translation in y direction by   1.969E+00
          Translation in z direction by   3.000E+00

          Before the rotation/translation/scaling/mirroring there were: 
                               272 metallic segments
                                 6 polygonal surfaces

          After rotation/translation/scaling/mirroring there are: 
                               273 metallic segments
                                 6 polygonal surfaces


                         TRANSFORMATION OF THE GEOMETRY

          The following structures are rotated/translated/scaled/mirrored:
              metallic wires

          All structures with labels in the range
          from dipole.Wire1 to dipole.Wire1 are rotated/translated/scaled/mirrored

          Making 1 copies

          Label is incremented by 38

          Translation in x direction by   4.094E+00
          Translation in y direction by   1.969E+00
          Translation in z direction by   3.000E+00

          Before the rotation/translation/scaling/mirroring there were: 
                               273 metallic segments
                                 6 polygonal surfaces

          After rotation/translation/scaling/mirroring there are: 
                               279 metallic segments
                                 6 polygonal surfaces


                         TRANSFORMATION OF THE GEOMETRY

          The following structures are rotated/translated/scaled/mirrored:
              metallic wires

          All structures with labels in the range
          from dipole.Wire1.Port1 to dipole.Wire1.Port1 are rotated/translated/scaled/mirrored

          Making 1 copies

          Label is incremented by 38

          Translation in x direction by   4.094E+00
          Translation in y direction by   1.969E+00
          Translation in z direction by   3.000E+00

          Before the rotation/translation/scaling/mirroring there were: 
                               279 metallic segments
                                 6 polygonal surfaces

          After rotation/translation/scaling/mirroring there are: 
                               280 metallic segments
                                 6 polygonal surfaces


                         TRANSFORMATION OF THE GEOMETRY

          The following structures are rotated/translated/scaled/mirrored:
              metallic wires

          All structures with labels in the range
          from dipole.Wire1 to dipole.Wire1 are rotated/translated/scaled/mirrored

          Making 1 copies

          Label is incremented by 39

          Translation in x direction by   4.156E+00
          Translation in y direction by   1.969E+00
          Translation in z direction by   3.000E+00

          Before the rotation/translation/scaling/mirroring there were: 
                               280 metallic segments
                                 6 polygonal surfaces

          After rotation/translation/scaling/mirroring there are: 
                               286 metallic segments
                                 6 polygonal surfaces


                         TRANSFORMATION OF THE GEOMETRY

          The following structures are rotated/translated/scaled/mirrored:
              metallic wires

          All structures with labels in the range
          from dipole.Wire1.Port1 to dipole.Wire1.Port1 are rotated/translated/scaled/mirrored

          Making 1 copies

          Label is incremented by 39

          Translation in x direction by   4.156E+00
          Translation in y direction by   1.969E+00
          Translation in z direction by   3.000E+00

          Before the rotation/translation/scaling/mirroring there were: 
                               286 metallic segments
                                 6 polygonal surfaces

          After rotation/translation/scaling/mirroring there are: 
                               287 metallic segments
                                 6 polygonal surfaces


                         TRANSFORMATION OF THE GEOMETRY

          The following structures are rotated/translated/scaled/mirrored:
              metallic wires

          All structures with labels in the range
          from dipole.Wire1 to dipole.Wire1 are rotated/translated/scaled/mirrored

          Making 1 copies

          Label is incremented by 40

          Translation in x direction by   4.219E+00
          Translation in y direction by   1.969E+00
          Translation in z direction by   3.000E+00

          Before the rotation/translation/scaling/mirroring there were: 
                               287 metallic segments
                                 6 polygonal surfaces

          After rotation/translation/scaling/mirroring there are: 
                               293 metallic segments
                                 6 polygonal surfaces


                         TRANSFORMATION OF THE GEOMETRY

          The following structures are rotated/translated/scaled/mirrored:
              metallic wires

          All structures with labels in the range
          from dipole.Wire1.Port1 to dipole.Wire1.Port1 are rotated/translated/scaled/mirrored

          Making 1 copies

          Label is incremented by 40

          Translation in x direction by   4.219E+00
          Translation in y direction by   1.969E+00
          Translation in z direction by   3.000E+00

          Before the rotation/translation/scaling/mirroring there were: 
                               293 metallic segments
                                 6 polygonal surfaces

          After rotation/translation/scaling/mirroring there are: 
                               294 metallic segments
                                 6 polygonal surfaces


                         TRANSFORMATION OF THE GEOMETRY

          The following structures are rotated/translated/scaled/mirrored:
              metallic wires

          All structures with labels in the range
          from dipole.Wire1 to dipole.Wire1 are rotated/translated/scaled/mirrored

          Making 1 copies

          Label is incremented by 41

          Translation in x direction by   3.781E+00
          Translation in y direction by   1.906E+00
          Translation in z direction by   3.000E+00

          Before the rotation/translation/scaling/mirroring there were: 
                               294 metallic segments
                                 6 polygonal surfaces

          After rotation/translation/scaling/mirroring there are: 
                               300 metallic segments
                                 6 polygonal surfaces


                         TRANSFORMATION OF THE GEOMETRY

          The following structures are rotated/translated/scaled/mirrored:
              metallic wires

          All structures with labels in the range
          from dipole.Wire1.Port1 to dipole.Wire1.Port1 are rotated/translated/scaled/mirrored

          Making 1 copies

          Label is incremented by 41

          Translation in x direction by   3.781E+00
          Translation in y direction by   1.906E+00
          Translation in z direction by   3.000E+00

          Before the rotation/translation/scaling/mirroring there were: 
                               300 metallic segments
                                 6 polygonal surfaces

          After rotation/translation/scaling/mirroring there are: 
                               301 metallic segments
                                 6 polygonal surfaces


                         TRANSFORMATION OF THE GEOMETRY

          The following structures are rotated/translated/scaled/mirrored:
              metallic wires

          All structures with labels in the range
          from dipole.Wire1 to dipole.Wire1 are rotated/translated/scaled/mirrored

          Making 1 copies

          Label is incremented by 42

          Translation in x direction by   3.844E+00
          Translation in y direction by   1.906E+00
          Translation in z direction by   3.000E+00

          Before the rotation/translation/scaling/mirroring there were: 
                               301 metallic segments
                                 6 polygonal surfaces

          After rotation/translation/scaling/mirroring there are: 
                               307 metallic segments
                                 6 polygonal surfaces


                         TRANSFORMATION OF THE GEOMETRY

          The following structures are rotated/translated/scaled/mirrored:
              metallic wires

          All structures with labels in the range
          from dipole.Wire1.Port1 to dipole.Wire1.Port1 are rotated/translated/scaled/mirrored

          Making 1 copies

          Label is incremented by 42

          Translation in x direction by   3.844E+00
          Translation in y direction by   1.906E+00
          Translation in z direction by   3.000E+00

          Before the rotation/translation/scaling/mirroring there were: 
                               307 metallic segments
                                 6 polygonal surfaces

          After rotation/translation/scaling/mirroring there are: 
                               308 metallic segments
                                 6 polygonal surfaces


                         TRANSFORMATION OF THE GEOMETRY

          The following structures are rotated/translated/scaled/mirrored:
              metallic wires

          All structures with labels in the range
          from dipole.Wire1 to dipole.Wire1 are rotated/translated/scaled/mirrored

          Making 1 copies

          Label is incremented by 43

          Translation in x direction by   3.906E+00
          Translation in y direction by   1.906E+00
          Translation in z direction by   3.000E+00

          Before the rotation/translation/scaling/mirroring there were: 
                               308 metallic segments
                                 6 polygonal surfaces

          After rotation/translation/scaling/mirroring there are: 
                               314 metallic segments
                                 6 polygonal surfaces


                         TRANSFORMATION OF THE GEOMETRY

          The following structures are rotated/translated/scaled/mirrored:
              metallic wires

          All structures with labels in the range
          from dipole.Wire1.Port1 to dipole.Wire1.Port1 are rotated/translated/scaled/mirrored

          Making 1 copies

          Label is incremented by 43

          Translation in x direction by   3.906E+00
          Translation in y direction by   1.906E+00
          Translation in z direction by   3.000E+00

          Before the rotation/translation/scaling/mirroring there were: 
                               314 metallic segments
                                 6 polygonal surfaces

          After rotation/translation/scaling/mirroring there are: 
                               315 metallic segments
                                 6 polygonal surfaces


                         TRANSFORMATION OF THE GEOMETRY

          The following structures are rotated/translated/scaled/mirrored:
              metallic wires

          All structures with labels in the range
          from dipole.Wire1 to dipole.Wire1 are rotated/translated/scaled/mirrored

          Making 1 copies

          Label is incremented by 44

          Translation in x direction by   3.969E+00
          Translation in y direction by   1.906E+00
          Translation in z direction by   3.000E+00

          Before the rotation/translation/scaling/mirroring there were: 
                               315 metallic segments
                                 6 polygonal surfaces

          After rotation/translation/scaling/mirroring there are: 
                               321 metallic segments
                                 6 polygonal surfaces


                         TRANSFORMATION OF THE GEOMETRY

          The following structures are rotated/translated/scaled/mirrored:
              metallic wires

          All structures with labels in the range
          from dipole.Wire1.Port1 to dipole.Wire1.Port1 are rotated/translated/scaled/mirrored

          Making 1 copies

          Label is incremented by 44

          Translation in x direction by   3.969E+00
          Translation in y direction by   1.906E+00
          Translation in z direction by   3.000E+00

          Before the rotation/translation/scaling/mirroring there were: 
                               321 metallic segments
                                 6 polygonal surfaces

          After rotation/translation/scaling/mirroring there are: 
                               322 metallic segments
                                 6 polygonal surfaces


                         TRANSFORMATION OF THE GEOMETRY

          The following structures are rotated/translated/scaled/mirrored:
              metallic wires

          All structures with labels in the range
          from dipole.Wire1 to dipole.Wire1 are rotated/translated/scaled/mirrored

          Making 1 copies

          Label is incremented by 45

          Translation in x direction by   4.031E+00
          Translation in y direction by   1.906E+00
          Translation in z direction by   3.000E+00

          Before the rotation/translation/scaling/mirroring there were: 
                               322 metallic segments
                                 6 polygonal surfaces

          After rotation/translation/scaling/mirroring there are: 
                               328 metallic segments
                                 6 polygonal surfaces


                         TRANSFORMATION OF THE GEOMETRY

          The following structures are rotated/translated/scaled/mirrored:
              metallic wires

          All structures with labels in the range
          from dipole.Wire1.Port1 to dipole.Wire1.Port1 are rotated/translated/scaled/mirrored

          Making 1 copies

          Label is incremented by 45

          Translation in x direction by   4.031E+00
          Translation in y direction by   1.906E+00
          Translation in z direction by   3.000E+00

          Before the rotation/translation/scaling/mirroring there were: 
                               328 metallic segments
                                 6 polygonal surfaces

          After rotation/translation/scaling/mirroring there are: 
                               329 metallic segments
                                 6 polygonal surfaces


                         TRANSFORMATION OF THE GEOMETRY

          The following structures are rotated/translated/scaled/mirrored:
              metallic wires

          All structures with labels in the range
          from dipole.Wire1 to dipole.Wire1 are rotated/translated/scaled/mirrored

          Making 1 copies

          Label is incremented by 46

          Translation in x direction by   4.094E+00
          Translation in y direction by   1.906E+00
          Translation in z direction by   3.000E+00

          Before the rotation/translation/scaling/mirroring there were: 
                               329 metallic segments
                                 6 polygonal surfaces

          After rotation/translation/scaling/mirroring there are: 
                               335 metallic segments
                                 6 polygonal surfaces


                         TRANSFORMATION OF THE GEOMETRY

          The following structures are rotated/translated/scaled/mirrored:
              metallic wires

          All structures with labels in the range
          from dipole.Wire1.Port1 to dipole.Wire1.Port1 are rotated/translated/scaled/mirrored

          Making 1 copies

          Label is incremented by 46

          Translation in x direction by   4.094E+00
          Translation in y direction by   1.906E+00
          Translation in z direction by   3.000E+00

          Before the rotation/translation/scaling/mirroring there were: 
                               335 metallic segments
                                 6 polygonal surfaces

          After rotation/translation/scaling/mirroring there are: 
                               336 metallic segments
                                 6 polygonal surfaces


                         TRANSFORMATION OF THE GEOMETRY

          The following structures are rotated/translated/scaled/mirrored:
              metallic wires

          All structures with labels in the range
          from dipole.Wire1 to dipole.Wire1 are rotated/translated/scaled/mirrored

          Making 1 copies

          Label is incremented by 47

          Translation in x direction by   4.156E+00
          Translation in y direction by   1.906E+00
          Translation in z direction by   3.000E+00

          Before the rotation/translation/scaling/mirroring there were: 
                               336 metallic segments
                                 6 polygonal surfaces

          After rotation/translation/scaling/mirroring there are: 
                               342 metallic segments
                                 6 polygonal surfaces


                         TRANSFORMATION OF THE GEOMETRY

          The following structures are rotated/translated/scaled/mirrored:
              metallic wires

          All structures with labels in the range
          from dipole.Wire1.Port1 to dipole.Wire1.Port1 are rotated/translated/scaled/mirrored

          Making 1 copies

          Label is incremented by 47

          Translation in x direction by   4.156E+00
          Translation in y direction by   1.906E+00
          Translation in z direction by   3.000E+00

          Before the rotation/translation/scaling/mirroring there were: 
                               342 metallic segments
                                 6 polygonal surfaces

          After rotation/translation/scaling/mirroring there are: 
                               343 metallic segments
                                 6 polygonal surfaces


                         TRANSFORMATION OF THE GEOMETRY

          The following structures are rotated/translated/scaled/mirrored:
              metallic wires

          All structures with labels in the range
          from dipole.Wire1 to dipole.Wire1 are rotated/translated/scaled/mirrored

          Making 1 copies

          Label is incremented by 48

          Translation in x direction by   4.219E+00
          Translation in y direction by   1.906E+00
          Translation in z direction by   3.000E+00

          Before the rotation/translation/scaling/mirroring there were: 
                               343 metallic segments
                                 6 polygonal surfaces

          After rotation/translation/scaling/mirroring there are: 
                               349 metallic segments
                                 6 polygonal surfaces


                         TRANSFORMATION OF THE GEOMETRY

          The following structures are rotated/translated/scaled/mirrored:
              metallic wires

          All structures with labels in the range
          from dipole.Wire1.Port1 to dipole.Wire1.Port1 are rotated/translated/scaled/mirrored

          Making 1 copies

          Label is incremented by 48

          Translation in x direction by   4.219E+00
          Translation in y direction by   1.906E+00
          Translation in z direction by   3.000E+00

          Before the rotation/translation/scaling/mirroring there were: 
                               349 metallic segments
                                 6 polygonal surfaces

          After rotation/translation/scaling/mirroring there are: 
                               350 metallic segments
                                 6 polygonal surfaces


                         TRANSFORMATION OF THE GEOMETRY

          The following structures are rotated/translated/scaled/mirrored:
              metallic wires

          All structures with labels in the range
          from dipole.Wire1 to dipole.Wire1 are rotated/translated/scaled/mirrored

          Making 1 copies

          Label is incremented by 49

          Translation in x direction by   3.781E+00
          Translation in y direction by   1.844E+00
          Translation in z direction by   3.000E+00

          Before the rotation/translation/scaling/mirroring there were: 
                               350 metallic segments
                                 6 polygonal surfaces

          After rotation/translation/scaling/mirroring there are: 
                               356 metallic segments
                                 6 polygonal surfaces


                         TRANSFORMATION OF THE GEOMETRY

          The following structures are rotated/translated/scaled/mirrored:
              metallic wires

          All structures with labels in the range
          from dipole.Wire1.Port1 to dipole.Wire1.Port1 are rotated/translated/scaled/mirrored

          Making 1 copies

          Label is incremented by 49

          Translation in x direction by   3.781E+00
          Translation in y direction by   1.844E+00
          Translation in z direction by   3.000E+00

          Before the rotation/translation/scaling/mirroring there were: 
                               356 metallic segments
                                 6 polygonal surfaces

          After rotation/translation/scaling/mirroring there are: 
                               357 metallic segments
                                 6 polygonal surfaces


                         TRANSFORMATION OF THE GEOMETRY

          The following structures are rotated/translated/scaled/mirrored:
              metallic wires

          All structures with labels in the range
          from dipole.Wire1 to dipole.Wire1 are rotated/translated/scaled/mirrored

          Making 1 copies

          Label is incremented by 50

          Translation in x direction by   3.844E+00
          Translation in y direction by   1.844E+00
          Translation in z direction by   3.000E+00

          Before the rotation/translation/scaling/mirroring there were: 
                               357 metallic segments
                                 6 polygonal surfaces

          After rotation/translation/scaling/mirroring there are: 
                               363 metallic segments
                                 6 polygonal surfaces


                         TRANSFORMATION OF THE GEOMETRY

          The following structures are rotated/translated/scaled/mirrored:
              metallic wires

          All structures with labels in the range
          from dipole.Wire1.Port1 to dipole.Wire1.Port1 are rotated/translated/scaled/mirrored

          Making 1 copies

          Label is incremented by 50

          Translation in x direction by   3.844E+00
          Translation in y direction by   1.844E+00
          Translation in z direction by   3.000E+00

          Before the rotation/translation/scaling/mirroring there were: 
                               363 metallic segments
                                 6 polygonal surfaces

          After rotation/translation/scaling/mirroring there are: 
                               364 metallic segments
                                 6 polygonal surfaces


                         TRANSFORMATION OF THE GEOMETRY

          The following structures are rotated/translated/scaled/mirrored:
              metallic wires

          All structures with labels in the range
          from dipole.Wire1 to dipole.Wire1 are rotated/translated/scaled/mirrored

          Making 1 copies

          Label is incremented by 51

          Translation in x direction by   3.906E+00
          Translation in y direction by   1.844E+00
          Translation in z direction by   3.000E+00

          Before the rotation/translation/scaling/mirroring there were: 
                               364 metallic segments
                                 6 polygonal surfaces

          After rotation/translation/scaling/mirroring there are: 
                               370 metallic segments
                                 6 polygonal surfaces


                         TRANSFORMATION OF THE GEOMETRY

          The following structures are rotated/translated/scaled/mirrored:
              metallic wires

          All structures with labels in the range
          from dipole.Wire1.Port1 to dipole.Wire1.Port1 are rotated/translated/scaled/mirrored

          Making 1 copies

          Label is incremented by 51

          Translation in x direction by   3.906E+00
          Translation in y direction by   1.844E+00
          Translation in z direction by   3.000E+00

          Before the rotation/translation/scaling/mirroring there were: 
                               370 metallic segments
                                 6 polygonal surfaces

          After rotation/translation/scaling/mirroring there are: 
                               371 metallic segments
                                 6 polygonal surfaces


                         TRANSFORMATION OF THE GEOMETRY

          The following structures are rotated/translated/scaled/mirrored:
              metallic wires

          All structures with labels in the range
          from dipole.Wire1 to dipole.Wire1 are rotated/translated/scaled/mirrored

          Making 1 copies

          Label is incremented by 52

          Translation in x direction by   3.969E+00
          Translation in y direction by   1.844E+00
          Translation in z direction by   3.000E+00

          Before the rotation/translation/scaling/mirroring there were: 
                               371 metallic segments
                                 6 polygonal surfaces

          After rotation/translation/scaling/mirroring there are: 
                               377 metallic segments
                                 6 polygonal surfaces


                         TRANSFORMATION OF THE GEOMETRY

          The following structures are rotated/translated/scaled/mirrored:
              metallic wires

          All structures with labels in the range
          from dipole.Wire1.Port1 to dipole.Wire1.Port1 are rotated/translated/scaled/mirrored

          Making 1 copies

          Label is incremented by 52

          Translation in x direction by   3.969E+00
          Translation in y direction by   1.844E+00
          Translation in z direction by   3.000E+00

          Before the rotation/translation/scaling/mirroring there were: 
                               377 metallic segments
                                 6 polygonal surfaces

          After rotation/translation/scaling/mirroring there are: 
                               378 metallic segments
                                 6 polygonal surfaces


                         TRANSFORMATION OF THE GEOMETRY

          The following structures are rotated/translated/scaled/mirrored:
              metallic wires

          All structures with labels in the range
          from dipole.Wire1 to dipole.Wire1 are rotated/translated/scaled/mirrored

          Making 1 copies

          Label is incremented by 53

          Translation in x direction by   4.031E+00
          Translation in y direction by   1.844E+00
          Translation in z direction by   3.000E+00

          Before the rotation/translation/scaling/mirroring there were: 
                               378 metallic segments
                                 6 polygonal surfaces

          After rotation/translation/scaling/mirroring there are: 
                               384 metallic segments
                                 6 polygonal surfaces


                         TRANSFORMATION OF THE GEOMETRY

          The following structures are rotated/translated/scaled/mirrored:
              metallic wires

          All structures with labels in the range
          from dipole.Wire1.Port1 to dipole.Wire1.Port1 are rotated/translated/scaled/mirrored

          Making 1 copies

          Label is incremented by 53

          Translation in x direction by   4.031E+00
          Translation in y direction by   1.844E+00
          Translation in z direction by   3.000E+00

          Before the rotation/translation/scaling/mirroring there were: 
                               384 metallic segments
                                 6 polygonal surfaces

          After rotation/translation/scaling/mirroring there are: 
                               385 metallic segments
                                 6 polygonal surfaces


                         TRANSFORMATION OF THE GEOMETRY

          The following structures are rotated/translated/scaled/mirrored:
              metallic wires

          All structures with labels in the range
          from dipole.Wire1 to dipole.Wire1 are rotated/translated/scaled/mirrored

          Making 1 copies

          Label is incremented by 54

          Translation in x direction by   4.094E+00
          Translation in y direction by   1.844E+00
          Translation in z direction by   3.000E+00

          Before the rotation/translation/scaling/mirroring there were: 
                               385 metallic segments
                                 6 polygonal surfaces

          After rotation/translation/scaling/mirroring there are: 
                               391 metallic segments
                                 6 polygonal surfaces


                         TRANSFORMATION OF THE GEOMETRY

          The following structures are rotated/translated/scaled/mirrored:
              metallic wires

          All structures with labels in the range
          from dipole.Wire1.Port1 to dipole.Wire1.Port1 are rotated/translated/scaled/mirrored

          Making 1 copies

          Label is incremented by 54

          Translation in x direction by   4.094E+00
          Translation in y direction by   1.844E+00
          Translation in z direction by   3.000E+00

          Before the rotation/translation/scaling/mirroring there were: 
                               391 metallic segments
                                 6 polygonal surfaces

          After rotation/translation/scaling/mirroring there are: 
                               392 metallic segments
                                 6 polygonal surfaces


                         TRANSFORMATION OF THE GEOMETRY

          The following structures are rotated/translated/scaled/mirrored:
              metallic wires

          All structures with labels in the range
          from dipole.Wire1 to dipole.Wire1 are rotated/translated/scaled/mirrored

          Making 1 copies

          Label is incremented by 55

          Translation in x direction by   4.156E+00
          Translation in y direction by   1.844E+00
          Translation in z direction by   3.000E+00

          Before the rotation/translation/scaling/mirroring there were: 
                               392 metallic segments
                                 6 polygonal surfaces

          After rotation/translation/scaling/mirroring there are: 
                               398 metallic segments
                                 6 polygonal surfaces


                         TRANSFORMATION OF THE GEOMETRY

          The following structures are rotated/translated/scaled/mirrored:
              metallic wires

          All structures with labels in the range
          from dipole.Wire1.Port1 to dipole.Wire1.Port1 are rotated/translated/scaled/mirrored

          Making 1 copies

          Label is incremented by 55

          Translation in x direction by   4.156E+00
          Translation in y direction by   1.844E+00
          Translation in z direction by   3.000E+00

          Before the rotation/translation/scaling/mirroring there were: 
                               398 metallic segments
                                 6 polygonal surfaces

          After rotation/translation/scaling/mirroring there are: 
                               399 metallic segments
                                 6 polygonal surfaces


                         TRANSFORMATION OF THE GEOMETRY

          The following structures are rotated/translated/scaled/mirrored:
              metallic wires

          All structures with labels in the range
          from dipole.Wire1 to dipole.Wire1 are rotated/translated/scaled/mirrored

          Making 1 copies

          Label is incremented by 56

          Translation in x direction by   4.219E+00
          Translation in y direction by   1.844E+00
          Translation in z direction by   3.000E+00

          Before the rotation/translation/scaling/mirroring there were: 
                               399 metallic segments
                                 6 polygonal surfaces

          After rotation/translation/scaling/mirroring there are: 
                               405 metallic segments
                                 6 polygonal surfaces


                         TRANSFORMATION OF THE GEOMETRY

          The following structures are rotated/translated/scaled/mirrored:
              metallic wires

          All structures with labels in the range
          from dipole.Wire1.Port1 to dipole.Wire1.Port1 are rotated/translated/scaled/mirrored

          Making 1 copies

          Label is incremented by 56

          Translation in x direction by   4.219E+00
          Translation in y direction by   1.844E+00
          Translation in z direction by   3.000E+00

          Before the rotation/translation/scaling/mirroring there were: 
                               405 metallic segments
                                 6 polygonal surfaces

          After rotation/translation/scaling/mirroring there are: 
                               406 metallic segments
                                 6 polygonal surfaces


                         TRANSFORMATION OF THE GEOMETRY

          The following structures are rotated/translated/scaled/mirrored:
              metallic wires

          All structures with labels in the range
          from dipole.Wire1 to dipole.Wire1 are rotated/translated/scaled/mirrored

          Making 1 copies

          Label is incremented by 57

          Translation in x direction by   3.781E+00
          Translation in y direction by   1.781E+00
          Translation in z direction by   3.000E+00

          Before the rotation/translation/scaling/mirroring there were: 
                               406 metallic segments
                                 6 polygonal surfaces

          After rotation/translation/scaling/mirroring there are: 
                               412 metallic segments
                                 6 polygonal surfaces


                         TRANSFORMATION OF THE GEOMETRY

          The following structures are rotated/translated/scaled/mirrored:
              metallic wires

          All structures with labels in the range
          from dipole.Wire1.Port1 to dipole.Wire1.Port1 are rotated/translated/scaled/mirrored

          Making 1 copies

          Label is incremented by 57

          Translation in x direction by   3.781E+00
          Translation in y direction by   1.781E+00
          Translation in z direction by   3.000E+00

          Before the rotation/translation/scaling/mirroring there were: 
                               412 metallic segments
                                 6 polygonal surfaces

          After rotation/translation/scaling/mirroring there are: 
                               413 metallic segments
                                 6 polygonal surfaces


                         TRANSFORMATION OF THE GEOMETRY

          The following structures are rotated/translated/scaled/mirrored:
              metallic wires

          All structures with labels in the range
          from dipole.Wire1 to dipole.Wire1 are rotated/translated/scaled/mirrored

          Making 1 copies

          Label is incremented by 58

          Translation in x direction by   3.844E+00
          Translation in y direction by   1.781E+00
          Translation in z direction by   3.000E+00

          Before the rotation/translation/scaling/mirroring there were: 
                               413 metallic segments
                                 6 polygonal surfaces

          After rotation/translation/scaling/mirroring there are: 
                               419 metallic segments
                                 6 polygonal surfaces


                         TRANSFORMATION OF THE GEOMETRY

          The following structures are rotated/translated/scaled/mirrored:
              metallic wires

          All structures with labels in the range
          from dipole.Wire1.Port1 to dipole.Wire1.Port1 are rotated/translated/scaled/mirrored

          Making 1 copies

          Label is incremented by 58

          Translation in x direction by   3.844E+00
          Translation in y direction by   1.781E+00
          Translation in z direction by   3.000E+00

          Before the rotation/translation/scaling/mirroring there were: 
                               419 metallic segments
                                 6 polygonal surfaces

          After rotation/translation/scaling/mirroring there are: 
                               420 metallic segments
                                 6 polygonal surfaces


                         TRANSFORMATION OF THE GEOMETRY

          The following structures are rotated/translated/scaled/mirrored:
              metallic wires

          All structures with labels in the range
          from dipole.Wire1 to dipole.Wire1 are rotated/translated/scaled/mirrored

          Making 1 copies

          Label is incremented by 59

          Translation in x direction by   3.906E+00
          Translation in y direction by   1.781E+00
          Translation in z direction by   3.000E+00

          Before the rotation/translation/scaling/mirroring there were: 
                               420 metallic segments
                                 6 polygonal surfaces

          After rotation/translation/scaling/mirroring there are: 
                               426 metallic segments
                                 6 polygonal surfaces


                         TRANSFORMATION OF THE GEOMETRY

          The following structures are rotated/translated/scaled/mirrored:
              metallic wires

          All structures with labels in the range
          from dipole.Wire1.Port1 to dipole.Wire1.Port1 are rotated/translated/scaled/mirrored

          Making 1 copies

          Label is incremented by 59

          Translation in x direction by   3.906E+00
          Translation in y direction by   1.781E+00
          Translation in z direction by   3.000E+00

          Before the rotation/translation/scaling/mirroring there were: 
                               426 metallic segments
                                 6 polygonal surfaces

          After rotation/translation/scaling/mirroring there are: 
                               427 metallic segments
                                 6 polygonal surfaces


                         TRANSFORMATION OF THE GEOMETRY

          The following structures are rotated/translated/scaled/mirrored:
              metallic wires

          All structures with labels in the range
          from dipole.Wire1 to dipole.Wire1 are rotated/translated/scaled/mirrored

          Making 1 copies

          Label is incremented by 60

          Translation in x direction by   3.969E+00
          Translation in y direction by   1.781E+00
          Translation in z direction by   3.000E+00

          Before the rotation/translation/scaling/mirroring there were: 
                               427 metallic segments
                                 6 polygonal surfaces

          After rotation/translation/scaling/mirroring there are: 
                               433 metallic segments
                                 6 polygonal surfaces


                         TRANSFORMATION OF THE GEOMETRY

          The following structures are rotated/translated/scaled/mirrored:
              metallic wires

          All structures with labels in the range
          from dipole.Wire1.Port1 to dipole.Wire1.Port1 are rotated/translated/scaled/mirrored

          Making 1 copies

          Label is incremented by 60

          Translation in x direction by   3.969E+00
          Translation in y direction by   1.781E+00
          Translation in z direction by   3.000E+00

          Before the rotation/translation/scaling/mirroring there were: 
                               433 metallic segments
                                 6 polygonal surfaces

          After rotation/translation/scaling/mirroring there are: 
                               434 metallic segments
                                 6 polygonal surfaces


                         TRANSFORMATION OF THE GEOMETRY

          The following structures are rotated/translated/scaled/mirrored:
              metallic wires

          All structures with labels in the range
          from dipole.Wire1 to dipole.Wire1 are rotated/translated/scaled/mirrored

          Making 1 copies

          Label is incremented by 61

          Translation in x direction by   4.031E+00
          Translation in y direction by   1.781E+00
          Translation in z direction by   3.000E+00

          Before the rotation/translation/scaling/mirroring there were: 
                               434 metallic segments
                                 6 polygonal surfaces

          After rotation/translation/scaling/mirroring there are: 
                               440 metallic segments
                                 6 polygonal surfaces


                         TRANSFORMATION OF THE GEOMETRY

          The following structures are rotated/translated/scaled/mirrored:
              metallic wires

          All structures with labels in the range
          from dipole.Wire1.Port1 to dipole.Wire1.Port1 are rotated/translated/scaled/mirrored

          Making 1 copies

          Label is incremented by 61

          Translation in x direction by   4.031E+00
          Translation in y direction by   1.781E+00
          Translation in z direction by   3.000E+00

          Before the rotation/translation/scaling/mirroring there were: 
                               440 metallic segments
                                 6 polygonal surfaces

          After rotation/translation/scaling/mirroring there are: 
                               441 metallic segments
                                 6 polygonal surfaces


                         TRANSFORMATION OF THE GEOMETRY

          The following structures are rotated/translated/scaled/mirrored:
              metallic wires

          All structures with labels in the range
          from dipole.Wire1 to dipole.Wire1 are rotated/translated/scaled/mirrored

          Making 1 copies

          Label is incremented by 62

          Translation in x direction by   4.094E+00
          Translation in y direction by   1.781E+00
          Translation in z direction by   3.000E+00

          Before the rotation/translation/scaling/mirroring there were: 
                               441 metallic segments
                                 6 polygonal surfaces

          After rotation/translation/scaling/mirroring there are: 
                               447 metallic segments
                                 6 polygonal surfaces


                         TRANSFORMATION OF THE GEOMETRY

          The following structures are rotated/translated/scaled/mirrored:
              metallic wires

          All structures with labels in the range
          from dipole.Wire1.Port1 to dipole.Wire1.Port1 are rotated/translated/scaled/mirrored

          Making 1 copies

          Label is incremented by 62

          Translation in x direction by   4.094E+00
          Translation in y direction by   1.781E+00
          Translation in z direction by   3.000E+00

          Before the rotation/translation/scaling/mirroring there were: 
                               447 metallic segments
                                 6 polygonal surfaces

          After rotation/translation/scaling/mirroring there are: 
                               448 metallic segments
                                 6 polygonal surfaces


                         TRANSFORMATION OF THE GEOMETRY

          The following structures are rotated/translated/scaled/mirrored:
              metallic wires

          All structures with labels in the range
          from dipole.Wire1 to dipole.Wire1 are rotated/translated/scaled/mirrored

          Making 1 copies

          Label is incremented by 63

          Translation in x direction by   4.156E+00
          Translation in y direction by   1.781E+00
          Translation in z direction by   3.000E+00

          Before the rotation/translation/scaling/mirroring there were: 
                               448 metallic segments
                                 6 polygonal surfaces

          After rotation/translation/scaling/mirroring there are: 
                               454 metallic segments
                                 6 polygonal surfaces


                         TRANSFORMATION OF THE GEOMETRY

          The following structures are rotated/translated/scaled/mirrored:
              metallic wires

          All structures with labels in the range
          from dipole.Wire1.Port1 to dipole.Wire1.Port1 are rotated/translated/scaled/mirrored

          Making 1 copies

          Label is incremented by 63

          Translation in x direction by   4.156E+00
          Translation in y direction by   1.781E+00
          Translation in z direction by   3.000E+00

          Before the rotation/translation/scaling/mirroring there were: 
                               454 metallic segments
                                 6 polygonal surfaces

          After rotation/translation/scaling/mirroring there are: 
                               455 metallic segments
                                 6 polygonal surfaces


                         TRANSFORMATION OF THE GEOMETRY

          The following structures are rotated/translated/scaled/mirrored:
              metallic wires

          All structures with labels in the range
          from dipole.Wire1 to dipole.Wire1 are rotated/translated/scaled/mirrored

          Making 1 copies

          Label is incremented by 64

          Translation in x direction by   4.219E+00
          Translation in y direction by   1.781E+00
          Translation in z direction by   3.000E+00

          Before the rotation/translation/scaling/mirroring there were: 
                               455 metallic segments
                                 6 polygonal surfaces

          After rotation/translation/scaling/mirroring there are: 
                               461 metallic segments
                                 6 polygonal surfaces


                         TRANSFORMATION OF THE GEOMETRY

          The following structures are rotated/translated/scaled/mirrored:
              metallic wires

          All structures with labels in the range
          from dipole.Wire1.Port1 to dipole.Wire1.Port1 are rotated/translated/scaled/mirrored

          Making 1 copies

          Label is incremented by 64

          Translation in x direction by   4.219E+00
          Translation in y direction by   1.781E+00
          Translation in z direction by   3.000E+00

          Before the rotation/translation/scaling/mirroring there were: 
                               461 metallic segments
                                 6 polygonal surfaces

          After rotation/translation/scaling/mirroring there are: 
                               462 metallic segments
                                 6 polygonal surfaces


                         TRANSFORMATION OF THE GEOMETRY

          The following structures are rotated/translated/scaled/mirrored:
              metallic wires

          All structures with labels in the range
          from dipole.Wire1 to dipole.Wire1 are rotated/translated/scaled/mirrored

          Making 1 copies

          Label is incremented by 65

          Translation in x direction by   7.781E+00
          Translation in y direction by   6.219E+00
          Translation in z direction by   3.000E+00

          Before the rotation/translation/scaling/mirroring there were: 
                               462 metallic segments
                                 6 polygonal surfaces

          After rotation/translation/scaling/mirroring there are: 
                               468 metallic segments
                                 6 polygonal surfaces


                         TRANSFORMATION OF THE GEOMETRY

          The following structures are rotated/translated/scaled/mirrored:
              metallic wires

          All structures with labels in the range
          from dipole.Wire1.Port1 to dipole.Wire1.Port1 are rotated/translated/scaled/mirrored

          Making 1 copies

          Label is incremented by 65

          Translation in x direction by   7.781E+00
          Translation in y direction by   6.219E+00
          Translation in z direction by   3.000E+00

          Before the rotation/translation/scaling/mirroring there were: 
                               468 metallic segments
                                 6 polygonal surfaces

          After rotation/translation/scaling/mirroring there are: 
                               469 metallic segments
                                 6 polygonal surfaces


                         TRANSFORMATION OF THE GEOMETRY

          The following structures are rotated/translated/scaled/mirrored:
              metallic wires

          All structures with labels in the range
          from dipole.Wire1 to dipole.Wire1 are rotated/translated/scaled/mirrored

          Making 1 copies

          Label is incremented by 66

          Translation in x direction by   7.844E+00
          Translation in y direction by   6.219E+00
          Translation in z direction by   3.000E+00

          Before the rotation/translation/scaling/mirroring there were: 
                               469 metallic segments
                                 6 polygonal surfaces

          After rotation/translation/scaling/mirroring there are: 
                               475 metallic segments
                                 6 polygonal surfaces


                         TRANSFORMATION OF THE GEOMETRY

          The following structures are rotated/translated/scaled/mirrored:
              metallic wires

          All structures with labels in the range
          from dipole.Wire1.Port1 to dipole.Wire1.Port1 are rotated/translated/scaled/mirrored

          Making 1 copies

          Label is incremented by 66

          Translation in x direction by   7.844E+00
          Translation in y direction by   6.219E+00
          Translation in z direction by   3.000E+00

          Before the rotation/translation/scaling/mirroring there were: 
                               475 metallic segments
                                 6 polygonal surfaces

          After rotation/translation/scaling/mirroring there are: 
                               476 metallic segments
                                 6 polygonal surfaces


                         TRANSFORMATION OF THE GEOMETRY

          The following structures are rotated/translated/scaled/mirrored:
              metallic wires

          All structures with labels in the range
          from dipole.Wire1 to dipole.Wire1 are rotated/translated/scaled/mirrored

          Making 1 copies

          Label is incremented by 67

          Translation in x direction by   7.906E+00
          Translation in y direction by   6.219E+00
          Translation in z direction by   3.000E+00

          Before the rotation/translation/scaling/mirroring there were: 
                               476 metallic segments
                                 6 polygonal surfaces

          After rotation/translation/scaling/mirroring there are: 
                               482 metallic segments
                                 6 polygonal surfaces


                         TRANSFORMATION OF THE GEOMETRY

          The following structures are rotated/translated/scaled/mirrored:
              metallic wires

          All structures with labels in the range
          from dipole.Wire1.Port1 to dipole.Wire1.Port1 are rotated/translated/scaled/mirrored

          Making 1 copies

          Label is incremented by 67

          Translation in x direction by   7.906E+00
          Translation in y direction by   6.219E+00
          Translation in z direction by   3.000E+00

          Before the rotation/translation/scaling/mirroring there were: 
                               482 metallic segments
                                 6 polygonal surfaces

          After rotation/translation/scaling/mirroring there are: 
                               483 metallic segments
                                 6 polygonal surfaces


                         TRANSFORMATION OF THE GEOMETRY

          The following structures are rotated/translated/scaled/mirrored:
              metallic wires

          All structures with labels in the range
          from dipole.Wire1 to dipole.Wire1 are rotated/translated/scaled/mirrored

          Making 1 copies

          Label is incremented by 68

          Translation in x direction by   7.969E+00
          Translation in y direction by   6.219E+00
          Translation in z direction by   3.000E+00

          Before the rotation/translation/scaling/mirroring there were: 
                               483 metallic segments
                                 6 polygonal surfaces

          After rotation/translation/scaling/mirroring there are: 
                               489 metallic segments
                                 6 polygonal surfaces


                         TRANSFORMATION OF THE GEOMETRY

          The following structures are rotated/translated/scaled/mirrored:
              metallic wires

          All structures with labels in the range
          from dipole.Wire1.Port1 to dipole.Wire1.Port1 are rotated/translated/scaled/mirrored

          Making 1 copies

          Label is incremented by 68

          Translation in x direction by   7.969E+00
          Translation in y direction by   6.219E+00
          Translation in z direction by   3.000E+00

          Before the rotation/translation/scaling/mirroring there were: 
                               489 metallic segments
                                 6 polygonal surfaces

          After rotation/translation/scaling/mirroring there are: 
                               490 metallic segments
                                 6 polygonal surfaces


                         TRANSFORMATION OF THE GEOMETRY

          The following structures are rotated/translated/scaled/mirrored:
              metallic wires

          All structures with labels in the range
          from dipole.Wire1 to dipole.Wire1 are rotated/translated/scaled/mirrored

          Making 1 copies

          Label is incremented by 69

          Translation in x direction by   8.031E+00
          Translation in y direction by   6.219E+00
          Translation in z direction by   3.000E+00

          Before the rotation/translation/scaling/mirroring there were: 
                               490 metallic segments
                                 6 polygonal surfaces

          After rotation/translation/scaling/mirroring there are: 
                               496 metallic segments
                                 6 polygonal surfaces


                         TRANSFORMATION OF THE GEOMETRY

          The following structures are rotated/translated/scaled/mirrored:
              metallic wires

          All structures with labels in the range
          from dipole.Wire1.Port1 to dipole.Wire1.Port1 are rotated/translated/scaled/mirrored

          Making 1 copies

          Label is incremented by 69

          Translation in x direction by   8.031E+00
          Translation in y direction by   6.219E+00
          Translation in z direction by   3.000E+00

          Before the rotation/translation/scaling/mirroring there were: 
                               496 metallic segments
                                 6 polygonal surfaces

          After rotation/translation/scaling/mirroring there are: 
                               497 metallic segments
                                 6 polygonal surfaces


                         TRANSFORMATION OF THE GEOMETRY

          The following structures are rotated/translated/scaled/mirrored:
              metallic wires

          All structures with labels in the range
          from dipole.Wire1 to dipole.Wire1 are rotated/translated/scaled/mirrored

          Making 1 copies

          Label is incremented by 70

          Translation in x direction by   8.094E+00
          Translation in y direction by   6.219E+00
          Translation in z direction by   3.000E+00

          Before the rotation/translation/scaling/mirroring there were: 
                               497 metallic segments
                                 6 polygonal surfaces

          After rotation/translation/scaling/mirroring there are: 
                               503 metallic segments
                                 6 polygonal surfaces


                         TRANSFORMATION OF THE GEOMETRY

          The following structures are rotated/translated/scaled/mirrored:
              metallic wires

          All structures with labels in the range
          from dipole.Wire1.Port1 to dipole.Wire1.Port1 are rotated/translated/scaled/mirrored

          Making 1 copies

          Label is incremented by 70

          Translation in x direction by   8.094E+00
          Translation in y direction by   6.219E+00
          Translation in z direction by   3.000E+00

          Before the rotation/translation/scaling/mirroring there were: 
                               503 metallic segments
                                 6 polygonal surfaces

          After rotation/translation/scaling/mirroring there are: 
                               504 metallic segments
                                 6 polygonal surfaces


                         TRANSFORMATION OF THE GEOMETRY

          The following structures are rotated/translated/scaled/mirrored:
              metallic wires

          All structures with labels in the range
          from dipole.Wire1 to dipole.Wire1 are rotated/translated/scaled/mirrored

          Making 1 copies

          Label is incremented by 71

          Translation in x direction by   8.156E+00
          Translation in y direction by   6.219E+00
          Translation in z direction by   3.000E+00

          Before the rotation/translation/scaling/mirroring there were: 
                               504 metallic segments
                                 6 polygonal surfaces

          After rotation/translation/scaling/mirroring there are: 
                               510 metallic segments
                                 6 polygonal surfaces


                         TRANSFORMATION OF THE GEOMETRY

          The following structures are rotated/translated/scaled/mirrored:
              metallic wires

          All structures with labels in the range
          from dipole.Wire1.Port1 to dipole.Wire1.Port1 are rotated/translated/scaled/mirrored

          Making 1 copies

          Label is incremented by 71

          Translation in x direction by   8.156E+00
          Translation in y direction by   6.219E+00
          Translation in z direction by   3.000E+00

          Before the rotation/translation/scaling/mirroring there were: 
                               510 metallic segments
                                 6 polygonal surfaces

          After rotation/translation/scaling/mirroring there are: 
                               511 metallic segments
                                 6 polygonal surfaces


                         TRANSFORMATION OF THE GEOMETRY

          The following structures are rotated/translated/scaled/mirrored:
              metallic wires

          All structures with labels in the range
          from dipole.Wire1 to dipole.Wire1 are rotated/translated/scaled/mirrored

          Making 1 copies

          Label is incremented by 72

          Translation in x direction by   8.219E+00
          Translation in y direction by   6.219E+00
          Translation in z direction by   3.000E+00

          Before the rotation/translation/scaling/mirroring there were: 
                               511 metallic segments
                                 6 polygonal surfaces

          After rotation/translation/scaling/mirroring there are: 
                               517 metallic segments
                                 6 polygonal surfaces


                         TRANSFORMATION OF THE GEOMETRY

          The following structures are rotated/translated/scaled/mirrored:
              metallic wires

          All structures with labels in the range
          from dipole.Wire1.Port1 to dipole.Wire1.Port1 are rotated/translated/scaled/mirrored

          Making 1 copies

          Label is incremented by 72

          Translation in x direction by   8.219E+00
          Translation in y direction by   6.219E+00
          Translation in z direction by   3.000E+00

          Before the rotation/translation/scaling/mirroring there were: 
                               517 metallic segments
                                 6 polygonal surfaces

          After rotation/translation/scaling/mirroring there are: 
                               518 metallic segments
                                 6 polygonal surfaces


                         TRANSFORMATION OF THE GEOMETRY

          The following structures are rotated/translated/scaled/mirrored:
              metallic wires

          All structures with labels in the range
          from dipole.Wire1 to dipole.Wire1 are rotated/translated/scaled/mirrored

          Making 1 copies

          Label is incremented by 73

          Translation in x direction by   7.781E+00
          Translation in y direction by   6.156E+00
          Translation in z direction by   3.000E+00

          Before the rotation/translation/scaling/mirroring there were: 
                               518 metallic segments
                                 6 polygonal surfaces

          After rotation/translation/scaling/mirroring there are: 
                               524 metallic segments
                                 6 polygonal surfaces


                         TRANSFORMATION OF THE GEOMETRY

          The following structures are rotated/translated/scaled/mirrored:
              metallic wires

          All structures with labels in the range
          from dipole.Wire1.Port1 to dipole.Wire1.Port1 are rotated/translated/scaled/mirrored

          Making 1 copies

          Label is incremented by 73

          Translation in x direction by   7.781E+00
          Translation in y direction by   6.156E+00
          Translation in z direction by   3.000E+00

          Before the rotation/translation/scaling/mirroring there were: 
                               524 metallic segments
                                 6 polygonal surfaces

          After rotation/translation/scaling/mirroring there are: 
                               525 metallic segments
                                 6 polygonal surfaces


                         TRANSFORMATION OF THE GEOMETRY

          The following structures are rotated/translated/scaled/mirrored:
              metallic wires

          All structures with labels in the range
          from dipole.Wire1 to dipole.Wire1 are rotated/translated/scaled/mirrored

          Making 1 copies

          Label is incremented by 74

          Translation in x direction by   7.844E+00
          Translation in y direction by   6.156E+00
          Translation in z direction by   3.000E+00

          Before the rotation/translation/scaling/mirroring there were: 
                               525 metallic segments
                                 6 polygonal surfaces

          After rotation/translation/scaling/mirroring there are: 
                               531 metallic segments
                                 6 polygonal surfaces


                         TRANSFORMATION OF THE GEOMETRY

          The following structures are rotated/translated/scaled/mirrored:
              metallic wires

          All structures with labels in the range
          from dipole.Wire1.Port1 to dipole.Wire1.Port1 are rotated/translated/scaled/mirrored

          Making 1 copies

          Label is incremented by 74

          Translation in x direction by   7.844E+00
          Translation in y direction by   6.156E+00
          Translation in z direction by   3.000E+00

          Before the rotation/translation/scaling/mirroring there were: 
                               531 metallic segments
                                 6 polygonal surfaces

          After rotation/translation/scaling/mirroring there are: 
                               532 metallic segments
                                 6 polygonal surfaces


                         TRANSFORMATION OF THE GEOMETRY

          The following structures are rotated/translated/scaled/mirrored:
              metallic wires

          All structures with labels in the range
          from dipole.Wire1 to dipole.Wire1 are rotated/translated/scaled/mirrored

          Making 1 copies

          Label is incremented by 75

          Translation in x direction by   7.906E+00
          Translation in y direction by   6.156E+00
          Translation in z direction by   3.000E+00

          Before the rotation/translation/scaling/mirroring there were: 
                               532 metallic segments
                                 6 polygonal surfaces

          After rotation/translation/scaling/mirroring there are: 
                               538 metallic segments
                                 6 polygonal surfaces


                         TRANSFORMATION OF THE GEOMETRY

          The following structures are rotated/translated/scaled/mirrored:
              metallic wires

          All structures with labels in the range
          from dipole.Wire1.Port1 to dipole.Wire1.Port1 are rotated/translated/scaled/mirrored

          Making 1 copies

          Label is incremented by 75

          Translation in x direction by   7.906E+00
          Translation in y direction by   6.156E+00
          Translation in z direction by   3.000E+00

          Before the rotation/translation/scaling/mirroring there were: 
                               538 metallic segments
                                 6 polygonal surfaces

          After rotation/translation/scaling/mirroring there are: 
                               539 metallic segments
                                 6 polygonal surfaces


                         TRANSFORMATION OF THE GEOMETRY

          The following structures are rotated/translated/scaled/mirrored:
              metallic wires

          All structures with labels in the range
          from dipole.Wire1 to dipole.Wire1 are rotated/translated/scaled/mirrored

          Making 1 copies

          Label is incremented by 76

          Translation in x direction by   7.969E+00
          Translation in y direction by   6.156E+00
          Translation in z direction by   3.000E+00

          Before the rotation/translation/scaling/mirroring there were: 
                               539 metallic segments
                                 6 polygonal surfaces

          After rotation/translation/scaling/mirroring there are: 
                               545 metallic segments
                                 6 polygonal surfaces


                         TRANSFORMATION OF THE GEOMETRY

          The following structures are rotated/translated/scaled/mirrored:
              metallic wires

          All structures with labels in the range
          from dipole.Wire1.Port1 to dipole.Wire1.Port1 are rotated/translated/scaled/mirrored

          Making 1 copies

          Label is incremented by 76

          Translation in x direction by   7.969E+00
          Translation in y direction by   6.156E+00
          Translation in z direction by   3.000E+00

          Before the rotation/translation/scaling/mirroring there were: 
                               545 metallic segments
                                 6 polygonal surfaces

          After rotation/translation/scaling/mirroring there are: 
                               546 metallic segments
                                 6 polygonal surfaces


                         TRANSFORMATION OF THE GEOMETRY

          The following structures are rotated/translated/scaled/mirrored:
              metallic wires

          All structures with labels in the range
          from dipole.Wire1 to dipole.Wire1 are rotated/translated/scaled/mirrored

          Making 1 copies

          Label is incremented by 77

          Translation in x direction by   8.031E+00
          Translation in y direction by   6.156E+00
          Translation in z direction by   3.000E+00

          Before the rotation/translation/scaling/mirroring there were: 
                               546 metallic segments
                                 6 polygonal surfaces

          After rotation/translation/scaling/mirroring there are: 
                               552 metallic segments
                                 6 polygonal surfaces


                         TRANSFORMATION OF THE GEOMETRY

          The following structures are rotated/translated/scaled/mirrored:
              metallic wires

          All structures with labels in the range
          from dipole.Wire1.Port1 to dipole.Wire1.Port1 are rotated/translated/scaled/mirrored

          Making 1 copies

          Label is incremented by 77

          Translation in x direction by   8.031E+00
          Translation in y direction by   6.156E+00
          Translation in z direction by   3.000E+00

          Before the rotation/translation/scaling/mirroring there were: 
                               552 metallic segments
                                 6 polygonal surfaces

          After rotation/translation/scaling/mirroring there are: 
                               553 metallic segments
                                 6 polygonal surfaces


                         TRANSFORMATION OF THE GEOMETRY

          The following structures are rotated/translated/scaled/mirrored:
              metallic wires

          All structures with labels in the range
          from dipole.Wire1 to dipole.Wire1 are rotated/translated/scaled/mirrored

          Making 1 copies

          Label is incremented by 78

          Translation in x direction by   8.094E+00
          Translation in y direction by   6.156E+00
          Translation in z direction by   3.000E+00

          Before the rotation/translation/scaling/mirroring there were: 
                               553 metallic segments
                                 6 polygonal surfaces

          After rotation/translation/scaling/mirroring there are: 
                               559 metallic segments
                                 6 polygonal surfaces


                         TRANSFORMATION OF THE GEOMETRY

          The following structures are rotated/translated/scaled/mirrored:
              metallic wires

          All structures with labels in the range
          from dipole.Wire1.Port1 to dipole.Wire1.Port1 are rotated/translated/scaled/mirrored

          Making 1 copies

          Label is incremented by 78

          Translation in x direction by   8.094E+00
          Translation in y direction by   6.156E+00
          Translation in z direction by   3.000E+00

          Before the rotation/translation/scaling/mirroring there were: 
                               559 metallic segments
                                 6 polygonal surfaces

          After rotation/translation/scaling/mirroring there are: 
                               560 metallic segments
                                 6 polygonal surfaces


                         TRANSFORMATION OF THE GEOMETRY

          The following structures are rotated/translated/scaled/mirrored:
              metallic wires

          All structures with labels in the range
          from dipole.Wire1 to dipole.Wire1 are rotated/translated/scaled/mirrored

          Making 1 copies

          Label is incremented by 79

          Translation in x direction by   8.156E+00
          Translation in y direction by   6.156E+00
          Translation in z direction by   3.000E+00

          Before the rotation/translation/scaling/mirroring there were: 
                               560 metallic segments
                                 6 polygonal surfaces

          After rotation/translation/scaling/mirroring there are: 
                               566 metallic segments
                                 6 polygonal surfaces


                         TRANSFORMATION OF THE GEOMETRY

          The following structures are rotated/translated/scaled/mirrored:
              metallic wires

          All structures with labels in the range
          from dipole.Wire1.Port1 to dipole.Wire1.Port1 are rotated/translated/scaled/mirrored

          Making 1 copies

          Label is incremented by 79

          Translation in x direction by   8.156E+00
          Translation in y direction by   6.156E+00
          Translation in z direction by   3.000E+00

          Before the rotation/translation/scaling/mirroring there were: 
                               566 metallic segments
                                 6 polygonal surfaces

          After rotation/translation/scaling/mirroring there are: 
                               567 metallic segments
                                 6 polygonal surfaces


                         TRANSFORMATION OF THE GEOMETRY

          The following structures are rotated/translated/scaled/mirrored:
              metallic wires

          All structures with labels in the range
          from dipole.Wire1 to dipole.Wire1 are rotated/translated/scaled/mirrored

          Making 1 copies

          Label is incremented by 80

          Translation in x direction by   8.219E+00
          Translation in y direction by   6.156E+00
          Translation in z direction by   3.000E+00

          Before the rotation/translation/scaling/mirroring there were: 
                               567 metallic segments
                                 6 polygonal surfaces

          After rotation/translation/scaling/mirroring there are: 
                               573 metallic segments
                                 6 polygonal surfaces


                         TRANSFORMATION OF THE GEOMETRY

          The following structures are rotated/translated/scaled/mirrored:
              metallic wires

          All structures with labels in the range
          from dipole.Wire1.Port1 to dipole.Wire1.Port1 are rotated/translated/scaled/mirrored

          Making 1 copies

          Label is incremented by 80

          Translation in x direction by   8.219E+00
          Translation in y direction by   6.156E+00
          Translation in z direction by   3.000E+00

          Before the rotation/translation/scaling/mirroring there were: 
                               573 metallic segments
                                 6 polygonal surfaces

          After rotation/translation/scaling/mirroring there are: 
                               574 metallic segments
                                 6 polygonal surfaces


                         TRANSFORMATION OF THE GEOMETRY

          The following structures are rotated/translated/scaled/mirrored:
              metallic wires

          All structures with labels in the range
          from dipole.Wire1 to dipole.Wire1 are rotated/translated/scaled/mirrored

          Making 1 copies

          Label is incremented by 81

          Translation in x direction by   7.781E+00
          Translation in y direction by   6.094E+00
          Translation in z direction by   3.000E+00

          Before the rotation/translation/scaling/mirroring there were: 
                               574 metallic segments
                                 6 polygonal surfaces

          After rotation/translation/scaling/mirroring there are: 
                               580 metallic segments
                                 6 polygonal surfaces


                         TRANSFORMATION OF THE GEOMETRY

          The following structures are rotated/translated/scaled/mirrored:
              metallic wires

          All structures with labels in the range
          from dipole.Wire1.Port1 to dipole.Wire1.Port1 are rotated/translated/scaled/mirrored

          Making 1 copies

          Label is incremented by 81

          Translation in x direction by   7.781E+00
          Translation in y direction by   6.094E+00
          Translation in z direction by   3.000E+00

          Before the rotation/translation/scaling/mirroring there were: 
                               580 metallic segments
                                 6 polygonal surfaces

          After rotation/translation/scaling/mirroring there are: 
                               581 metallic segments
                                 6 polygonal surfaces


                         TRANSFORMATION OF THE GEOMETRY

          The following structures are rotated/translated/scaled/mirrored:
              metallic wires

          All structures with labels in the range
          from dipole.Wire1 to dipole.Wire1 are rotated/translated/scaled/mirrored

          Making 1 copies

          Label is incremented by 82

          Translation in x direction by   7.844E+00
          Translation in y direction by   6.094E+00
          Translation in z direction by   3.000E+00

          Before the rotation/translation/scaling/mirroring there were: 
                               581 metallic segments
                                 6 polygonal surfaces

          After rotation/translation/scaling/mirroring there are: 
                               587 metallic segments
                                 6 polygonal surfaces


                         TRANSFORMATION OF THE GEOMETRY

          The following structures are rotated/translated/scaled/mirrored:
              metallic wires

          All structures with labels in the range
          from dipole.Wire1.Port1 to dipole.Wire1.Port1 are rotated/translated/scaled/mirrored

          Making 1 copies

          Label is incremented by 82

          Translation in x direction by   7.844E+00
          Translation in y direction by   6.094E+00
          Translation in z direction by   3.000E+00

          Before the rotation/translation/scaling/mirroring there were: 
                               587 metallic segments
                                 6 polygonal surfaces

          After rotation/translation/scaling/mirroring there are: 
                               588 metallic segments
                                 6 polygonal surfaces


                         TRANSFORMATION OF THE GEOMETRY

          The following structures are rotated/translated/scaled/mirrored:
              metallic wires

          All structures with labels in the range
          from dipole.Wire1 to dipole.Wire1 are rotated/translated/scaled/mirrored

          Making 1 copies

          Label is incremented by 83

          Translation in x direction by   7.906E+00
          Translation in y direction by   6.094E+00
          Translation in z direction by   3.000E+00

          Before the rotation/translation/scaling/mirroring there were: 
                               588 metallic segments
                                 6 polygonal surfaces

          After rotation/translation/scaling/mirroring there are: 
                               594 metallic segments
                                 6 polygonal surfaces


                         TRANSFORMATION OF THE GEOMETRY

          The following structures are rotated/translated/scaled/mirrored:
              metallic wires

          All structures with labels in the range
          from dipole.Wire1.Port1 to dipole.Wire1.Port1 are rotated/translated/scaled/mirrored

          Making 1 copies

          Label is incremented by 83

          Translation in x direction by   7.906E+00
          Translation in y direction by   6.094E+00
          Translation in z direction by   3.000E+00

          Before the rotation/translation/scaling/mirroring there were: 
                               594 metallic segments
                                 6 polygonal surfaces

          After rotation/translation/scaling/mirroring there are: 
                               595 metallic segments
                                 6 polygonal surfaces


                         TRANSFORMATION OF THE GEOMETRY

          The following structures are rotated/translated/scaled/mirrored:
              metallic wires

          All structures with labels in the range
          from dipole.Wire1 to dipole.Wire1 are rotated/translated/scaled/mirrored

          Making 1 copies

          Label is incremented by 84

          Translation in x direction by   7.969E+00
          Translation in y direction by   6.094E+00
          Translation in z direction by   3.000E+00

          Before the rotation/translation/scaling/mirroring there were: 
                               595 metallic segments
                                 6 polygonal surfaces

          After rotation/translation/scaling/mirroring there are: 
                               601 metallic segments
                                 6 polygonal surfaces


                         TRANSFORMATION OF THE GEOMETRY

          The following structures are rotated/translated/scaled/mirrored:
              metallic wires

          All structures with labels in the range
          from dipole.Wire1.Port1 to dipole.Wire1.Port1 are rotated/translated/scaled/mirrored

          Making 1 copies

          Label is incremented by 84

          Translation in x direction by   7.969E+00
          Translation in y direction by   6.094E+00
          Translation in z direction by   3.000E+00

          Before the rotation/translation/scaling/mirroring there were: 
                               601 metallic segments
                                 6 polygonal surfaces

          After rotation/translation/scaling/mirroring there are: 
                               602 metallic segments
                                 6 polygonal surfaces


                         TRANSFORMATION OF THE GEOMETRY

          The following structures are rotated/translated/scaled/mirrored:
              metallic wires

          All structures with labels in the range
          from dipole.Wire1 to dipole.Wire1 are rotated/translated/scaled/mirrored

          Making 1 copies

          Label is incremented by 85

          Translation in x direction by   8.031E+00
          Translation in y direction by   6.094E+00
          Translation in z direction by   3.000E+00

          Before the rotation/translation/scaling/mirroring there were: 
                               602 metallic segments
                                 6 polygonal surfaces

          After rotation/translation/scaling/mirroring there are: 
                               608 metallic segments
                                 6 polygonal surfaces


                         TRANSFORMATION OF THE GEOMETRY

          The following structures are rotated/translated/scaled/mirrored:
              metallic wires

          All structures with labels in the range
          from dipole.Wire1.Port1 to dipole.Wire1.Port1 are rotated/translated/scaled/mirrored

          Making 1 copies

          Label is incremented by 85

          Translation in x direction by   8.031E+00
          Translation in y direction by   6.094E+00
          Translation in z direction by   3.000E+00

          Before the rotation/translation/scaling/mirroring there were: 
                               608 metallic segments
                                 6 polygonal surfaces

          After rotation/translation/scaling/mirroring there are: 
                               609 metallic segments
                                 6 polygonal surfaces


                         TRANSFORMATION OF THE GEOMETRY

          The following structures are rotated/translated/scaled/mirrored:
              metallic wires

          All structures with labels in the range
          from dipole.Wire1 to dipole.Wire1 are rotated/translated/scaled/mirrored

          Making 1 copies

          Label is incremented by 86

          Translation in x direction by   8.094E+00
          Translation in y direction by   6.094E+00
          Translation in z direction by   3.000E+00

          Before the rotation/translation/scaling/mirroring there were: 
                               609 metallic segments
                                 6 polygonal surfaces

          After rotation/translation/scaling/mirroring there are: 
                               615 metallic segments
                                 6 polygonal surfaces


                         TRANSFORMATION OF THE GEOMETRY

          The following structures are rotated/translated/scaled/mirrored:
              metallic wires

          All structures with labels in the range
          from dipole.Wire1.Port1 to dipole.Wire1.Port1 are rotated/translated/scaled/mirrored

          Making 1 copies

          Label is incremented by 86

          Translation in x direction by   8.094E+00
          Translation in y direction by   6.094E+00
          Translation in z direction by   3.000E+00

          Before the rotation/translation/scaling/mirroring there were: 
                               615 metallic segments
                                 6 polygonal surfaces

          After rotation/translation/scaling/mirroring there are: 
                               616 metallic segments
                                 6 polygonal surfaces


                         TRANSFORMATION OF THE GEOMETRY

          The following structures are rotated/translated/scaled/mirrored:
              metallic wires

          All structures with labels in the range
          from dipole.Wire1 to dipole.Wire1 are rotated/translated/scaled/mirrored

          Making 1 copies

          Label is incremented by 87

          Translation in x direction by   8.156E+00
          Translation in y direction by   6.094E+00
          Translation in z direction by   3.000E+00

          Before the rotation/translation/scaling/mirroring there were: 
                               616 metallic segments
                                 6 polygonal surfaces

          After rotation/translation/scaling/mirroring there are: 
                               622 metallic segments
                                 6 polygonal surfaces


                         TRANSFORMATION OF THE GEOMETRY

          The following structures are rotated/translated/scaled/mirrored:
              metallic wires

          All structures with labels in the range
          from dipole.Wire1.Port1 to dipole.Wire1.Port1 are rotated/translated/scaled/mirrored

          Making 1 copies

          Label is incremented by 87

          Translation in x direction by   8.156E+00
          Translation in y direction by   6.094E+00
          Translation in z direction by   3.000E+00

          Before the rotation/translation/scaling/mirroring there were: 
                               622 metallic segments
                                 6 polygonal surfaces

          After rotation/translation/scaling/mirroring there are: 
                               623 metallic segments
                                 6 polygonal surfaces


                         TRANSFORMATION OF THE GEOMETRY

          The following structures are rotated/translated/scaled/mirrored:
              metallic wires

          All structures with labels in the range
          from dipole.Wire1 to dipole.Wire1 are rotated/translated/scaled/mirrored

          Making 1 copies

          Label is incremented by 88

          Translation in x direction by   8.219E+00
          Translation in y direction by   6.094E+00
          Translation in z direction by   3.000E+00

          Before the rotation/translation/scaling/mirroring there were: 
                               623 metallic segments
                                 6 polygonal surfaces

          After rotation/translation/scaling/mirroring there are: 
                               629 metallic segments
                                 6 polygonal surfaces


                         TRANSFORMATION OF THE GEOMETRY

          The following structures are rotated/translated/scaled/mirrored:
              metallic wires

          All structures with labels in the range
          from dipole.Wire1.Port1 to dipole.Wire1.Port1 are rotated/translated/scaled/mirrored

          Making 1 copies

          Label is incremented by 88

          Translation in x direction by   8.219E+00
          Translation in y direction by   6.094E+00
          Translation in z direction by   3.000E+00

          Before the rotation/translation/scaling/mirroring there were: 
                               629 metallic segments
                                 6 polygonal surfaces

          After rotation/translation/scaling/mirroring there are: 
                               630 metallic segments
                                 6 polygonal surfaces


                         TRANSFORMATION OF THE GEOMETRY

          The following structures are rotated/translated/scaled/mirrored:
              metallic wires

          All structures with labels in the range
          from dipole.Wire1 to dipole.Wire1 are rotated/translated/scaled/mirrored

          Making 1 copies

          Label is incremented by 89

          Translation in x direction by   7.781E+00
          Translation in y direction by   6.031E+00
          Translation in z direction by   3.000E+00

          Before the rotation/translation/scaling/mirroring there were: 
                               630 metallic segments
                                 6 polygonal surfaces

          After rotation/translation/scaling/mirroring there are: 
                               636 metallic segments
                                 6 polygonal surfaces


                         TRANSFORMATION OF THE GEOMETRY

          The following structures are rotated/translated/scaled/mirrored:
              metallic wires

          All structures with labels in the range
          from dipole.Wire1.Port1 to dipole.Wire1.Port1 are rotated/translated/scaled/mirrored

          Making 1 copies

          Label is incremented by 89

          Translation in x direction by   7.781E+00
          Translation in y direction by   6.031E+00
          Translation in z direction by   3.000E+00

          Before the rotation/translation/scaling/mirroring there were: 
                               636 metallic segments
                                 6 polygonal surfaces

          After rotation/translation/scaling/mirroring there are: 
                               637 metallic segments
                                 6 polygonal surfaces


                         TRANSFORMATION OF THE GEOMETRY

          The following structures are rotated/translated/scaled/mirrored:
              metallic wires

          All structures with labels in the range
          from dipole.Wire1 to dipole.Wire1 are rotated/translated/scaled/mirrored

          Making 1 copies

          Label is incremented by 90

          Translation in x direction by   7.844E+00
          Translation in y direction by   6.031E+00
          Translation in z direction by   3.000E+00

          Before the rotation/translation/scaling/mirroring there were: 
                               637 metallic segments
                                 6 polygonal surfaces

          After rotation/translation/scaling/mirroring there are: 
                               643 metallic segments
                                 6 polygonal surfaces


                         TRANSFORMATION OF THE GEOMETRY

          The following structures are rotated/translated/scaled/mirrored:
              metallic wires

          All structures with labels in the range
          from dipole.Wire1.Port1 to dipole.Wire1.Port1 are rotated/translated/scaled/mirrored

          Making 1 copies

          Label is incremented by 90

          Translation in x direction by   7.844E+00
          Translation in y direction by   6.031E+00
          Translation in z direction by   3.000E+00

          Before the rotation/translation/scaling/mirroring there were: 
                               643 metallic segments
                                 6 polygonal surfaces

          After rotation/translation/scaling/mirroring there are: 
                               644 metallic segments
                                 6 polygonal surfaces


                         TRANSFORMATION OF THE GEOMETRY

          The following structures are rotated/translated/scaled/mirrored:
              metallic wires

          All structures with labels in the range
          from dipole.Wire1 to dipole.Wire1 are rotated/translated/scaled/mirrored

          Making 1 copies

          Label is incremented by 91

          Translation in x direction by   7.906E+00
          Translation in y direction by   6.031E+00
          Translation in z direction by   3.000E+00

          Before the rotation/translation/scaling/mirroring there were: 
                               644 metallic segments
                                 6 polygonal surfaces

          After rotation/translation/scaling/mirroring there are: 
                               650 metallic segments
                                 6 polygonal surfaces


                         TRANSFORMATION OF THE GEOMETRY

          The following structures are rotated/translated/scaled/mirrored:
              metallic wires

          All structures with labels in the range
          from dipole.Wire1.Port1 to dipole.Wire1.Port1 are rotated/translated/scaled/mirrored

          Making 1 copies

          Label is incremented by 91

          Translation in x direction by   7.906E+00
          Translation in y direction by   6.031E+00
          Translation in z direction by   3.000E+00

          Before the rotation/translation/scaling/mirroring there were: 
                               650 metallic segments
                                 6 polygonal surfaces

          After rotation/translation/scaling/mirroring there are: 
                               651 metallic segments
                                 6 polygonal surfaces


                         TRANSFORMATION OF THE GEOMETRY

          The following structures are rotated/translated/scaled/mirrored:
              metallic wires

          All structures with labels in the range
          from dipole.Wire1 to dipole.Wire1 are rotated/translated/scaled/mirrored

          Making 1 copies

          Label is incremented by 92

          Translation in x direction by   7.969E+00
          Translation in y direction by   6.031E+00
          Translation in z direction by   3.000E+00

          Before the rotation/translation/scaling/mirroring there were: 
                               651 metallic segments
                                 6 polygonal surfaces

          After rotation/translation/scaling/mirroring there are: 
                               657 metallic segments
                                 6 polygonal surfaces


                         TRANSFORMATION OF THE GEOMETRY

          The following structures are rotated/translated/scaled/mirrored:
              metallic wires

          All structures with labels in the range
          from dipole.Wire1.Port1 to dipole.Wire1.Port1 are rotated/translated/scaled/mirrored

          Making 1 copies

          Label is incremented by 92

          Translation in x direction by   7.969E+00
          Translation in y direction by   6.031E+00
          Translation in z direction by   3.000E+00

          Before the rotation/translation/scaling/mirroring there were: 
                               657 metallic segments
                                 6 polygonal surfaces

          After rotation/translation/scaling/mirroring there are: 
                               658 metallic segments
                                 6 polygonal surfaces


                         TRANSFORMATION OF THE GEOMETRY

          The following structures are rotated/translated/scaled/mirrored:
              metallic wires

          All structures with labels in the range
          from dipole.Wire1 to dipole.Wire1 are rotated/translated/scaled/mirrored

          Making 1 copies

          Label is incremented by 93

          Translation in x direction by   8.031E+00
          Translation in y direction by   6.031E+00
          Translation in z direction by   3.000E+00

          Before the rotation/translation/scaling/mirroring there were: 
                               658 metallic segments
                                 6 polygonal surfaces

          After rotation/translation/scaling/mirroring there are: 
                               664 metallic segments
                                 6 polygonal surfaces


                         TRANSFORMATION OF THE GEOMETRY

          The following structures are rotated/translated/scaled/mirrored:
              metallic wires

          All structures with labels in the range
          from dipole.Wire1.Port1 to dipole.Wire1.Port1 are rotated/translated/scaled/mirrored

          Making 1 copies

          Label is incremented by 93

          Translation in x direction by   8.031E+00
          Translation in y direction by   6.031E+00
          Translation in z direction by   3.000E+00

          Before the rotation/translation/scaling/mirroring there were: 
                               664 metallic segments
                                 6 polygonal surfaces

          After rotation/translation/scaling/mirroring there are: 
                               665 metallic segments
                                 6 polygonal surfaces


                         TRANSFORMATION OF THE GEOMETRY

          The following structures are rotated/translated/scaled/mirrored:
              metallic wires

          All structures with labels in the range
          from dipole.Wire1 to dipole.Wire1 are rotated/translated/scaled/mirrored

          Making 1 copies

          Label is incremented by 94

          Translation in x direction by   8.094E+00
          Translation in y direction by   6.031E+00
          Translation in z direction by   3.000E+00

          Before the rotation/translation/scaling/mirroring there were: 
                               665 metallic segments
                                 6 polygonal surfaces

          After rotation/translation/scaling/mirroring there are: 
                               671 metallic segments
                                 6 polygonal surfaces


                         TRANSFORMATION OF THE GEOMETRY

          The following structures are rotated/translated/scaled/mirrored:
              metallic wires

          All structures with labels in the range
          from dipole.Wire1.Port1 to dipole.Wire1.Port1 are rotated/translated/scaled/mirrored

          Making 1 copies

          Label is incremented by 94

          Translation in x direction by   8.094E+00
          Translation in y direction by   6.031E+00
          Translation in z direction by   3.000E+00

          Before the rotation/translation/scaling/mirroring there were: 
                               671 metallic segments
                                 6 polygonal surfaces

          After rotation/translation/scaling/mirroring there are: 
                               672 metallic segments
                                 6 polygonal surfaces


                         TRANSFORMATION OF THE GEOMETRY

          The following structures are rotated/translated/scaled/mirrored:
              metallic wires

          All structures with labels in the range
          from dipole.Wire1 to dipole.Wire1 are rotated/translated/scaled/mirrored

          Making 1 copies

          Label is incremented by 95

          Translation in x direction by   8.156E+00
          Translation in y direction by   6.031E+00
          Translation in z direction by   3.000E+00

          Before the rotation/translation/scaling/mirroring there were: 
                               672 metallic segments
                                 6 polygonal surfaces

          After rotation/translation/scaling/mirroring there are: 
                               678 metallic segments
                                 6 polygonal surfaces


                         TRANSFORMATION OF THE GEOMETRY

          The following structures are rotated/translated/scaled/mirrored:
              metallic wires

          All structures with labels in the range
          from dipole.Wire1.Port1 to dipole.Wire1.Port1 are rotated/translated/scaled/mirrored

          Making 1 copies

          Label is incremented by 95

          Translation in x direction by   8.156E+00
          Translation in y direction by   6.031E+00
          Translation in z direction by   3.000E+00

          Before the rotation/translation/scaling/mirroring there were: 
                               678 metallic segments
                                 6 polygonal surfaces

          After rotation/translation/scaling/mirroring there are: 
                               679 metallic segments
                                 6 polygonal surfaces


                         TRANSFORMATION OF THE GEOMETRY

          The following structures are rotated/translated/scaled/mirrored:
              metallic wires

          All structures with labels in the range
          from dipole.Wire1 to dipole.Wire1 are rotated/translated/scaled/mirrored

          Making 1 copies

          Label is incremented by 96

          Translation in x direction by   8.219E+00
          Translation in y direction by   6.031E+00
          Translation in z direction by   3.000E+00

          Before the rotation/translation/scaling/mirroring there were: 
                               679 metallic segments
                                 6 polygonal surfaces

          After rotation/translation/scaling/mirroring there are: 
                               685 metallic segments
                                 6 polygonal surfaces


                         TRANSFORMATION OF THE GEOMETRY

          The following structures are rotated/translated/scaled/mirrored:
              metallic wires

          All structures with labels in the range
          from dipole.Wire1.Port1 to dipole.Wire1.Port1 are rotated/translated/scaled/mirrored

          Making 1 copies

          Label is incremented by 96

          Translation in x direction by   8.219E+00
          Translation in y direction by   6.031E+00
          Translation in z direction by   3.000E+00

          Before the rotation/translation/scaling/mirroring there were: 
                               685 metallic segments
                                 6 polygonal surfaces

          After rotation/translation/scaling/mirroring there are: 
                               686 metallic segments
                                 6 polygonal surfaces


                         TRANSFORMATION OF THE GEOMETRY

          The following structures are rotated/translated/scaled/mirrored:
              metallic wires

          All structures with labels in the range
          from dipole.Wire1 to dipole.Wire1 are rotated/translated/scaled/mirrored

          Making 1 copies

          Label is incremented by 97

          Translation in x direction by   7.781E+00
          Translation in y direction by   5.969E+00
          Translation in z direction by   3.000E+00

          Before the rotation/translation/scaling/mirroring there were: 
                               686 metallic segments
                                 6 polygonal surfaces

          After rotation/translation/scaling/mirroring there are: 
                               692 metallic segments
                                 6 polygonal surfaces


                         TRANSFORMATION OF THE GEOMETRY

          The following structures are rotated/translated/scaled/mirrored:
              metallic wires

          All structures with labels in the range
          from dipole.Wire1.Port1 to dipole.Wire1.Port1 are rotated/translated/scaled/mirrored

          Making 1 copies

          Label is incremented by 97

          Translation in x direction by   7.781E+00
          Translation in y direction by   5.969E+00
          Translation in z direction by   3.000E+00

          Before the rotation/translation/scaling/mirroring there were: 
                               692 metallic segments
                                 6 polygonal surfaces

          After rotation/translation/scaling/mirroring there are: 
                               693 metallic segments
                                 6 polygonal surfaces


                         TRANSFORMATION OF THE GEOMETRY

          The following structures are rotated/translated/scaled/mirrored:
              metallic wires

          All structures with labels in the range
          from dipole.Wire1 to dipole.Wire1 are rotated/translated/scaled/mirrored

          Making 1 copies

          Label is incremented by 98

          Translation in x direction by   7.844E+00
          Translation in y direction by   5.969E+00
          Translation in z direction by   3.000E+00

          Before the rotation/translation/scaling/mirroring there were: 
                               693 metallic segments
                                 6 polygonal surfaces

          After rotation/translation/scaling/mirroring there are: 
                               699 metallic segments
                                 6 polygonal surfaces


                         TRANSFORMATION OF THE GEOMETRY

          The following structures are rotated/translated/scaled/mirrored:
              metallic wires

          All structures with labels in the range
          from dipole.Wire1.Port1 to dipole.Wire1.Port1 are rotated/translated/scaled/mirrored

          Making 1 copies

          Label is incremented by 98

          Translation in x direction by   7.844E+00
          Translation in y direction by   5.969E+00
          Translation in z direction by   3.000E+00

          Before the rotation/translation/scaling/mirroring there were: 
                               699 metallic segments
                                 6 polygonal surfaces

          After rotation/translation/scaling/mirroring there are: 
                               700 metallic segments
                                 6 polygonal surfaces


                         TRANSFORMATION OF THE GEOMETRY

          The following structures are rotated/translated/scaled/mirrored:
              metallic wires

          All structures with labels in the range
          from dipole.Wire1 to dipole.Wire1 are rotated/translated/scaled/mirrored

          Making 1 copies

          Label is incremented by 99

          Translation in x direction by   7.906E+00
          Translation in y direction by   5.969E+00
          Translation in z direction by   3.000E+00

          Before the rotation/translation/scaling/mirroring there were: 
                               700 metallic segments
                                 6 polygonal surfaces

          After rotation/translation/scaling/mirroring there are: 
                               706 metallic segments
                                 6 polygonal surfaces


                         TRANSFORMATION OF THE GEOMETRY

          The following structures are rotated/translated/scaled/mirrored:
              metallic wires

          All structures with labels in the range
          from dipole.Wire1.Port1 to dipole.Wire1.Port1 are rotated/translated/scaled/mirrored

          Making 1 copies

          Label is incremented by 99

          Translation in x direction by   7.906E+00
          Translation in y direction by   5.969E+00
          Translation in z direction by   3.000E+00

          Before the rotation/translation/scaling/mirroring there were: 
                               706 metallic segments
                                 6 polygonal surfaces

          After rotation/translation/scaling/mirroring there are: 
                               707 metallic segments
                                 6 polygonal surfaces


                         TRANSFORMATION OF THE GEOMETRY

          The following structures are rotated/translated/scaled/mirrored:
              metallic wires

          All structures with labels in the range
          from dipole.Wire1 to dipole.Wire1 are rotated/translated/scaled/mirrored

          Making 1 copies

          Label is incremented by 100

          Translation in x direction by   7.969E+00
          Translation in y direction by   5.969E+00
          Translation in z direction by   3.000E+00

          Before the rotation/translation/scaling/mirroring there were: 
                               707 metallic segments
                                 6 polygonal surfaces

          After rotation/translation/scaling/mirroring there are: 
                               713 metallic segments
                                 6 polygonal surfaces


                         TRANSFORMATION OF THE GEOMETRY

          The following structures are rotated/translated/scaled/mirrored:
              metallic wires

          All structures with labels in the range
          from dipole.Wire1.Port1 to dipole.Wire1.Port1 are rotated/translated/scaled/mirrored

          Making 1 copies

          Label is incremented by 100

          Translation in x direction by   7.969E+00
          Translation in y direction by   5.969E+00
          Translation in z direction by   3.000E+00

          Before the rotation/translation/scaling/mirroring there were: 
                               713 metallic segments
                                 6 polygonal surfaces

          After rotation/translation/scaling/mirroring there are: 
                               714 metallic segments
                                 6 polygonal surfaces


                         TRANSFORMATION OF THE GEOMETRY

          The following structures are rotated/translated/scaled/mirrored:
              metallic wires

          All structures with labels in the range
          from dipole.Wire1 to dipole.Wire1 are rotated/translated/scaled/mirrored

          Making 1 copies

          Label is incremented by 101

          Translation in x direction by   8.031E+00
          Translation in y direction by   5.969E+00
          Translation in z direction by   3.000E+00

          Before the rotation/translation/scaling/mirroring there were: 
                               714 metallic segments
                                 6 polygonal surfaces

          After rotation/translation/scaling/mirroring there are: 
                               720 metallic segments
                                 6 polygonal surfaces


                         TRANSFORMATION OF THE GEOMETRY

          The following structures are rotated/translated/scaled/mirrored:
              metallic wires

          All structures with labels in the range
          from dipole.Wire1.Port1 to dipole.Wire1.Port1 are rotated/translated/scaled/mirrored

          Making 1 copies

          Label is incremented by 101

          Translation in x direction by   8.031E+00
          Translation in y direction by   5.969E+00
          Translation in z direction by   3.000E+00

          Before the rotation/translation/scaling/mirroring there were: 
                               720 metallic segments
                                 6 polygonal surfaces

          After rotation/translation/scaling/mirroring there are: 
                               721 metallic segments
                                 6 polygonal surfaces


                         TRANSFORMATION OF THE GEOMETRY

          The following structures are rotated/translated/scaled/mirrored:
              metallic wires

          All structures with labels in the range
          from dipole.Wire1 to dipole.Wire1 are rotated/translated/scaled/mirrored

          Making 1 copies

          Label is incremented by 102

          Translation in x direction by   8.094E+00
          Translation in y direction by   5.969E+00
          Translation in z direction by   3.000E+00

          Before the rotation/translation/scaling/mirroring there were: 
                               721 metallic segments
                                 6 polygonal surfaces

          After rotation/translation/scaling/mirroring there are: 
                               727 metallic segments
                                 6 polygonal surfaces


                         TRANSFORMATION OF THE GEOMETRY

          The following structures are rotated/translated/scaled/mirrored:
              metallic wires

          All structures with labels in the range
          from dipole.Wire1.Port1 to dipole.Wire1.Port1 are rotated/translated/scaled/mirrored

          Making 1 copies

          Label is incremented by 102

          Translation in x direction by   8.094E+00
          Translation in y direction by   5.969E+00
          Translation in z direction by   3.000E+00

          Before the rotation/translation/scaling/mirroring there were: 
                               727 metallic segments
                                 6 polygonal surfaces

          After rotation/translation/scaling/mirroring there are: 
                               728 metallic segments
                                 6 polygonal surfaces


                         TRANSFORMATION OF THE GEOMETRY

          The following structures are rotated/translated/scaled/mirrored:
              metallic wires

          All structures with labels in the range
          from dipole.Wire1 to dipole.Wire1 are rotated/translated/scaled/mirrored

          Making 1 copies

          Label is incremented by 103

          Translation in x direction by   8.156E+00
          Translation in y direction by   5.969E+00
          Translation in z direction by   3.000E+00

          Before the rotation/translation/scaling/mirroring there were: 
                               728 metallic segments
                                 6 polygonal surfaces

          After rotation/translation/scaling/mirroring there are: 
                               734 metallic segments
                                 6 polygonal surfaces


                         TRANSFORMATION OF THE GEOMETRY

          The following structures are rotated/translated/scaled/mirrored:
              metallic wires

          All structures with labels in the range
          from dipole.Wire1.Port1 to dipole.Wire1.Port1 are rotated/translated/scaled/mirrored

          Making 1 copies

          Label is incremented by 103

          Translation in x direction by   8.156E+00
          Translation in y direction by   5.969E+00
          Translation in z direction by   3.000E+00

          Before the rotation/translation/scaling/mirroring there were: 
                               734 metallic segments
                                 6 polygonal surfaces

          After rotation/translation/scaling/mirroring there are: 
                               735 metallic segments
                                 6 polygonal surfaces


                         TRANSFORMATION OF THE GEOMETRY

          The following structures are rotated/translated/scaled/mirrored:
              metallic wires

          All structures with labels in the range
          from dipole.Wire1 to dipole.Wire1 are rotated/translated/scaled/mirrored

          Making 1 copies

          Label is incremented by 104

          Translation in x direction by   8.219E+00
          Translation in y direction by   5.969E+00
          Translation in z direction by   3.000E+00

          Before the rotation/translation/scaling/mirroring there were: 
                               735 metallic segments
                                 6 polygonal surfaces

          After rotation/translation/scaling/mirroring there are: 
                               741 metallic segments
                                 6 polygonal surfaces


                         TRANSFORMATION OF THE GEOMETRY

          The following structures are rotated/translated/scaled/mirrored:
              metallic wires

          All structures with labels in the range
          from dipole.Wire1.Port1 to dipole.Wire1.Port1 are rotated/translated/scaled/mirrored

          Making 1 copies

          Label is incremented by 104

          Translation in x direction by   8.219E+00
          Translation in y direction by   5.969E+00
          Translation in z direction by   3.000E+00

          Before the rotation/translation/scaling/mirroring there were: 
                               741 metallic segments
                                 6 polygonal surfaces

          After rotation/translation/scaling/mirroring there are: 
                               742 metallic segments
                                 6 polygonal surfaces


                         TRANSFORMATION OF THE GEOMETRY

          The following structures are rotated/translated/scaled/mirrored:
              metallic wires

          All structures with labels in the range
          from dipole.Wire1 to dipole.Wire1 are rotated/translated/scaled/mirrored

          Making 1 copies

          Label is incremented by 105

          Translation in x direction by   7.781E+00
          Translation in y direction by   5.906E+00
          Translation in z direction by   3.000E+00

          Before the rotation/translation/scaling/mirroring there were: 
                               742 metallic segments
                                 6 polygonal surfaces

          After rotation/translation/scaling/mirroring there are: 
                               748 metallic segments
                                 6 polygonal surfaces


                         TRANSFORMATION OF THE GEOMETRY

          The following structures are rotated/translated/scaled/mirrored:
              metallic wires

          All structures with labels in the range
          from dipole.Wire1.Port1 to dipole.Wire1.Port1 are rotated/translated/scaled/mirrored

          Making 1 copies

          Label is incremented by 105

          Translation in x direction by   7.781E+00
          Translation in y direction by   5.906E+00
          Translation in z direction by   3.000E+00

          Before the rotation/translation/scaling/mirroring there were: 
                               748 metallic segments
                                 6 polygonal surfaces

          After rotation/translation/scaling/mirroring there are: 
                               749 metallic segments
                                 6 polygonal surfaces


                         TRANSFORMATION OF THE GEOMETRY

          The following structures are rotated/translated/scaled/mirrored:
              metallic wires

          All structures with labels in the range
          from dipole.Wire1 to dipole.Wire1 are rotated/translated/scaled/mirrored

          Making 1 copies

          Label is incremented by 106

          Translation in x direction by   7.844E+00
          Translation in y direction by   5.906E+00
          Translation in z direction by   3.000E+00

          Before the rotation/translation/scaling/mirroring there were: 
                               749 metallic segments
                                 6 polygonal surfaces

          After rotation/translation/scaling/mirroring there are: 
                               755 metallic segments
                                 6 polygonal surfaces


                         TRANSFORMATION OF THE GEOMETRY

          The following structures are rotated/translated/scaled/mirrored:
              metallic wires

          All structures with labels in the range
          from dipole.Wire1.Port1 to dipole.Wire1.Port1 are rotated/translated/scaled/mirrored

          Making 1 copies

          Label is incremented by 106

          Translation in x direction by   7.844E+00
          Translation in y direction by   5.906E+00
          Translation in z direction by   3.000E+00

          Before the rotation/translation/scaling/mirroring there were: 
                               755 metallic segments
                                 6 polygonal surfaces

          After rotation/translation/scaling/mirroring there are: 
                               756 metallic segments
                                 6 polygonal surfaces


                         TRANSFORMATION OF THE GEOMETRY

          The following structures are rotated/translated/scaled/mirrored:
              metallic wires

          All structures with labels in the range
          from dipole.Wire1 to dipole.Wire1 are rotated/translated/scaled/mirrored

          Making 1 copies

          Label is incremented by 107

          Translation in x direction by   7.906E+00
          Translation in y direction by   5.906E+00
          Translation in z direction by   3.000E+00

          Before the rotation/translation/scaling/mirroring there were: 
                               756 metallic segments
                                 6 polygonal surfaces

          After rotation/translation/scaling/mirroring there are: 
                               762 metallic segments
                                 6 polygonal surfaces


                         TRANSFORMATION OF THE GEOMETRY

          The following structures are rotated/translated/scaled/mirrored:
              metallic wires

          All structures with labels in the range
          from dipole.Wire1.Port1 to dipole.Wire1.Port1 are rotated/translated/scaled/mirrored

          Making 1 copies

          Label is incremented by 107

          Translation in x direction by   7.906E+00
          Translation in y direction by   5.906E+00
          Translation in z direction by   3.000E+00

          Before the rotation/translation/scaling/mirroring there were: 
                               762 metallic segments
                                 6 polygonal surfaces

          After rotation/translation/scaling/mirroring there are: 
                               763 metallic segments
                                 6 polygonal surfaces


                         TRANSFORMATION OF THE GEOMETRY

          The following structures are rotated/translated/scaled/mirrored:
              metallic wires

          All structures with labels in the range
          from dipole.Wire1 to dipole.Wire1 are rotated/translated/scaled/mirrored

          Making 1 copies

          Label is incremented by 108

          Translation in x direction by   7.969E+00
          Translation in y direction by   5.906E+00
          Translation in z direction by   3.000E+00

          Before the rotation/translation/scaling/mirroring there were: 
                               763 metallic segments
                                 6 polygonal surfaces

          After rotation/translation/scaling/mirroring there are: 
                               769 metallic segments
                                 6 polygonal surfaces


                         TRANSFORMATION OF THE GEOMETRY

          The following structures are rotated/translated/scaled/mirrored:
              metallic wires

          All structures with labels in the range
          from dipole.Wire1.Port1 to dipole.Wire1.Port1 are rotated/translated/scaled/mirrored

          Making 1 copies

          Label is incremented by 108

          Translation in x direction by   7.969E+00
          Translation in y direction by   5.906E+00
          Translation in z direction by   3.000E+00

          Before the rotation/translation/scaling/mirroring there were: 
                               769 metallic segments
                                 6 polygonal surfaces

          After rotation/translation/scaling/mirroring there are: 
                               770 metallic segments
                                 6 polygonal surfaces


                         TRANSFORMATION OF THE GEOMETRY

          The following structures are rotated/translated/scaled/mirrored:
              metallic wires

          All structures with labels in the range
          from dipole.Wire1 to dipole.Wire1 are rotated/translated/scaled/mirrored

          Making 1 copies

          Label is incremented by 109

          Translation in x direction by   8.031E+00
          Translation in y direction by   5.906E+00
          Translation in z direction by   3.000E+00

          Before the rotation/translation/scaling/mirroring there were: 
                               770 metallic segments
                                 6 polygonal surfaces

          After rotation/translation/scaling/mirroring there are: 
                               776 metallic segments
                                 6 polygonal surfaces


                         TRANSFORMATION OF THE GEOMETRY

          The following structures are rotated/translated/scaled/mirrored:
              metallic wires

          All structures with labels in the range
          from dipole.Wire1.Port1 to dipole.Wire1.Port1 are rotated/translated/scaled/mirrored

          Making 1 copies

          Label is incremented by 109

          Translation in x direction by   8.031E+00
          Translation in y direction by   5.906E+00
          Translation in z direction by   3.000E+00

          Before the rotation/translation/scaling/mirroring there were: 
                               776 metallic segments
                                 6 polygonal surfaces

          After rotation/translation/scaling/mirroring there are: 
                               777 metallic segments
                                 6 polygonal surfaces


                         TRANSFORMATION OF THE GEOMETRY

          The following structures are rotated/translated/scaled/mirrored:
              metallic wires

          All structures with labels in the range
          from dipole.Wire1 to dipole.Wire1 are rotated/translated/scaled/mirrored

          Making 1 copies

          Label is incremented by 110

          Translation in x direction by   8.094E+00
          Translation in y direction by   5.906E+00
          Translation in z direction by   3.000E+00

          Before the rotation/translation/scaling/mirroring there were: 
                               777 metallic segments
                                 6 polygonal surfaces

          After rotation/translation/scaling/mirroring there are: 
                               783 metallic segments
                                 6 polygonal surfaces


                         TRANSFORMATION OF THE GEOMETRY

          The following structures are rotated/translated/scaled/mirrored:
              metallic wires

          All structures with labels in the range
          from dipole.Wire1.Port1 to dipole.Wire1.Port1 are rotated/translated/scaled/mirrored

          Making 1 copies

          Label is incremented by 110

          Translation in x direction by   8.094E+00
          Translation in y direction by   5.906E+00
          Translation in z direction by   3.000E+00

          Before the rotation/translation/scaling/mirroring there were: 
                               783 metallic segments
                                 6 polygonal surfaces

          After rotation/translation/scaling/mirroring there are: 
                               784 metallic segments
                                 6 polygonal surfaces


                         TRANSFORMATION OF THE GEOMETRY

          The following structures are rotated/translated/scaled/mirrored:
              metallic wires

          All structures with labels in the range
          from dipole.Wire1 to dipole.Wire1 are rotated/translated/scaled/mirrored

          Making 1 copies

          Label is incremented by 111

          Translation in x direction by   8.156E+00
          Translation in y direction by   5.906E+00
          Translation in z direction by   3.000E+00

          Before the rotation/translation/scaling/mirroring there were: 
                               784 metallic segments
                                 6 polygonal surfaces

          After rotation/translation/scaling/mirroring there are: 
                               790 metallic segments
                                 6 polygonal surfaces


                         TRANSFORMATION OF THE GEOMETRY

          The following structures are rotated/translated/scaled/mirrored:
              metallic wires

          All structures with labels in the range
          from dipole.Wire1.Port1 to dipole.Wire1.Port1 are rotated/translated/scaled/mirrored

          Making 1 copies

          Label is incremented by 111

          Translation in x direction by   8.156E+00
          Translation in y direction by   5.906E+00
          Translation in z direction by   3.000E+00

          Before the rotation/translation/scaling/mirroring there were: 
                               790 metallic segments
                                 6 polygonal surfaces

          After rotation/translation/scaling/mirroring there are: 
                               791 metallic segments
                                 6 polygonal surfaces


                         TRANSFORMATION OF THE GEOMETRY

          The following structures are rotated/translated/scaled/mirrored:
              metallic wires

          All structures with labels in the range
          from dipole.Wire1 to dipole.Wire1 are rotated/translated/scaled/mirrored

          Making 1 copies

          Label is incremented by 112

          Translation in x direction by   8.219E+00
          Translation in y direction by   5.906E+00
          Translation in z direction by   3.000E+00

          Before the rotation/translation/scaling/mirroring there were: 
                               791 metallic segments
                                 6 polygonal surfaces

          After rotation/translation/scaling/mirroring there are: 
                               797 metallic segments
                                 6 polygonal surfaces


                         TRANSFORMATION OF THE GEOMETRY

          The following structures are rotated/translated/scaled/mirrored:
              metallic wires

          All structures with labels in the range
          from dipole.Wire1.Port1 to dipole.Wire1.Port1 are rotated/translated/scaled/mirrored

          Making 1 copies

          Label is incremented by 112

          Translation in x direction by   8.219E+00
          Translation in y direction by   5.906E+00
          Translation in z direction by   3.000E+00

          Before the rotation/translation/scaling/mirroring there were: 
                               797 metallic segments
                                 6 polygonal surfaces

          After rotation/translation/scaling/mirroring there are: 
                               798 metallic segments
                                 6 polygonal surfaces


                         TRANSFORMATION OF THE GEOMETRY

          The following structures are rotated/translated/scaled/mirrored:
              metallic wires

          All structures with labels in the range
          from dipole.Wire1 to dipole.Wire1 are rotated/translated/scaled/mirrored

          Making 1 copies

          Label is incremented by 113

          Translation in x direction by   7.781E+00
          Translation in y direction by   5.844E+00
          Translation in z direction by   3.000E+00

          Before the rotation/translation/scaling/mirroring there were: 
                               798 metallic segments
                                 6 polygonal surfaces

          After rotation/translation/scaling/mirroring there are: 
                               804 metallic segments
                                 6 polygonal surfaces


                         TRANSFORMATION OF THE GEOMETRY

          The following structures are rotated/translated/scaled/mirrored:
              metallic wires

          All structures with labels in the range
          from dipole.Wire1.Port1 to dipole.Wire1.Port1 are rotated/translated/scaled/mirrored

          Making 1 copies

          Label is incremented by 113

          Translation in x direction by   7.781E+00
          Translation in y direction by   5.844E+00
          Translation in z direction by   3.000E+00

          Before the rotation/translation/scaling/mirroring there were: 
                               804 metallic segments
                                 6 polygonal surfaces

          After rotation/translation/scaling/mirroring there are: 
                               805 metallic segments
                                 6 polygonal surfaces


                         TRANSFORMATION OF THE GEOMETRY

          The following structures are rotated/translated/scaled/mirrored:
              metallic wires

          All structures with labels in the range
          from dipole.Wire1 to dipole.Wire1 are rotated/translated/scaled/mirrored

          Making 1 copies

          Label is incremented by 114

          Translation in x direction by   7.844E+00
          Translation in y direction by   5.844E+00
          Translation in z direction by   3.000E+00

          Before the rotation/translation/scaling/mirroring there were: 
                               805 metallic segments
                                 6 polygonal surfaces

          After rotation/translation/scaling/mirroring there are: 
                               811 metallic segments
                                 6 polygonal surfaces


                         TRANSFORMATION OF THE GEOMETRY

          The following structures are rotated/translated/scaled/mirrored:
              metallic wires

          All structures with labels in the range
          from dipole.Wire1.Port1 to dipole.Wire1.Port1 are rotated/translated/scaled/mirrored

          Making 1 copies

          Label is incremented by 114

          Translation in x direction by   7.844E+00
          Translation in y direction by   5.844E+00
          Translation in z direction by   3.000E+00

          Before the rotation/translation/scaling/mirroring there were: 
                               811 metallic segments
                                 6 polygonal surfaces

          After rotation/translation/scaling/mirroring there are: 
                               812 metallic segments
                                 6 polygonal surfaces


                         TRANSFORMATION OF THE GEOMETRY

          The following structures are rotated/translated/scaled/mirrored:
              metallic wires

          All structures with labels in the range
          from dipole.Wire1 to dipole.Wire1 are rotated/translated/scaled/mirrored

          Making 1 copies

          Label is incremented by 115

          Translation in x direction by   7.906E+00
          Translation in y direction by   5.844E+00
          Translation in z direction by   3.000E+00

          Before the rotation/translation/scaling/mirroring there were: 
                               812 metallic segments
                                 6 polygonal surfaces

          After rotation/translation/scaling/mirroring there are: 
                               818 metallic segments
                                 6 polygonal surfaces


                         TRANSFORMATION OF THE GEOMETRY

          The following structures are rotated/translated/scaled/mirrored:
              metallic wires

          All structures with labels in the range
          from dipole.Wire1.Port1 to dipole.Wire1.Port1 are rotated/translated/scaled/mirrored

          Making 1 copies

          Label is incremented by 115

          Translation in x direction by   7.906E+00
          Translation in y direction by   5.844E+00
          Translation in z direction by   3.000E+00

          Before the rotation/translation/scaling/mirroring there were: 
                               818 metallic segments
                                 6 polygonal surfaces

          After rotation/translation/scaling/mirroring there are: 
                               819 metallic segments
                                 6 polygonal surfaces


                         TRANSFORMATION OF THE GEOMETRY

          The following structures are rotated/translated/scaled/mirrored:
              metallic wires

          All structures with labels in the range
          from dipole.Wire1 to dipole.Wire1 are rotated/translated/scaled/mirrored

          Making 1 copies

          Label is incremented by 116

          Translation in x direction by   7.969E+00
          Translation in y direction by   5.844E+00
          Translation in z direction by   3.000E+00

          Before the rotation/translation/scaling/mirroring there were: 
                               819 metallic segments
                                 6 polygonal surfaces

          After rotation/translation/scaling/mirroring there are: 
                               825 metallic segments
                                 6 polygonal surfaces


                         TRANSFORMATION OF THE GEOMETRY

          The following structures are rotated/translated/scaled/mirrored:
              metallic wires

          All structures with labels in the range
          from dipole.Wire1.Port1 to dipole.Wire1.Port1 are rotated/translated/scaled/mirrored

          Making 1 copies

          Label is incremented by 116

          Translation in x direction by   7.969E+00
          Translation in y direction by   5.844E+00
          Translation in z direction by   3.000E+00

          Before the rotation/translation/scaling/mirroring there were: 
                               825 metallic segments
                                 6 polygonal surfaces

          After rotation/translation/scaling/mirroring there are: 
                               826 metallic segments
                                 6 polygonal surfaces


                         TRANSFORMATION OF THE GEOMETRY

          The following structures are rotated/translated/scaled/mirrored:
              metallic wires

          All structures with labels in the range
          from dipole.Wire1 to dipole.Wire1 are rotated/translated/scaled/mirrored

          Making 1 copies

          Label is incremented by 117

          Translation in x direction by   8.031E+00
          Translation in y direction by   5.844E+00
          Translation in z direction by   3.000E+00

          Before the rotation/translation/scaling/mirroring there were: 
                               826 metallic segments
                                 6 polygonal surfaces

          After rotation/translation/scaling/mirroring there are: 
                               832 metallic segments
                                 6 polygonal surfaces


                         TRANSFORMATION OF THE GEOMETRY

          The following structures are rotated/translated/scaled/mirrored:
              metallic wires

          All structures with labels in the range
          from dipole.Wire1.Port1 to dipole.Wire1.Port1 are rotated/translated/scaled/mirrored

          Making 1 copies

          Label is incremented by 117

          Translation in x direction by   8.031E+00
          Translation in y direction by   5.844E+00
          Translation in z direction by   3.000E+00

          Before the rotation/translation/scaling/mirroring there were: 
                               832 metallic segments
                                 6 polygonal surfaces

          After rotation/translation/scaling/mirroring there are: 
                               833 metallic segments
                                 6 polygonal surfaces


                         TRANSFORMATION OF THE GEOMETRY

          The following structures are rotated/translated/scaled/mirrored:
              metallic wires

          All structures with labels in the range
          from dipole.Wire1 to dipole.Wire1 are rotated/translated/scaled/mirrored

          Making 1 copies

          Label is incremented by 118

          Translation in x direction by   8.094E+00
          Translation in y direction by   5.844E+00
          Translation in z direction by   3.000E+00

          Before the rotation/translation/scaling/mirroring there were: 
                               833 metallic segments
                                 6 polygonal surfaces

          After rotation/translation/scaling/mirroring there are: 
                               839 metallic segments
                                 6 polygonal surfaces


                         TRANSFORMATION OF THE GEOMETRY

          The following structures are rotated/translated/scaled/mirrored:
              metallic wires

          All structures with labels in the range
          from dipole.Wire1.Port1 to dipole.Wire1.Port1 are rotated/translated/scaled/mirrored

          Making 1 copies

          Label is incremented by 118

          Translation in x direction by   8.094E+00
          Translation in y direction by   5.844E+00
          Translation in z direction by   3.000E+00

          Before the rotation/translation/scaling/mirroring there were: 
                               839 metallic segments
                                 6 polygonal surfaces

          After rotation/translation/scaling/mirroring there are: 
                               840 metallic segments
                                 6 polygonal surfaces


                         TRANSFORMATION OF THE GEOMETRY

          The following structures are rotated/translated/scaled/mirrored:
              metallic wires

          All structures with labels in the range
          from dipole.Wire1 to dipole.Wire1 are rotated/translated/scaled/mirrored

          Making 1 copies

          Label is incremented by 119

          Translation in x direction by   8.156E+00
          Translation in y direction by   5.844E+00
          Translation in z direction by   3.000E+00

          Before the rotation/translation/scaling/mirroring there were: 
                               840 metallic segments
                                 6 polygonal surfaces

          After rotation/translation/scaling/mirroring there are: 
                               846 metallic segments
                                 6 polygonal surfaces


                         TRANSFORMATION OF THE GEOMETRY

          The following structures are rotated/translated/scaled/mirrored:
              metallic wires

          All structures with labels in the range
          from dipole.Wire1.Port1 to dipole.Wire1.Port1 are rotated/translated/scaled/mirrored

          Making 1 copies

          Label is incremented by 119

          Translation in x direction by   8.156E+00
          Translation in y direction by   5.844E+00
          Translation in z direction by   3.000E+00

          Before the rotation/translation/scaling/mirroring there were: 
                               846 metallic segments
                                 6 polygonal surfaces

          After rotation/translation/scaling/mirroring there are: 
                               847 metallic segments
                                 6 polygonal surfaces


                         TRANSFORMATION OF THE GEOMETRY

          The following structures are rotated/translated/scaled/mirrored:
              metallic wires

          All structures with labels in the range
          from dipole.Wire1 to dipole.Wire1 are rotated/translated/scaled/mirrored

          Making 1 copies

          Label is incremented by 120

          Translation in x direction by   8.219E+00
          Translation in y direction by   5.844E+00
          Translation in z direction by   3.000E+00

          Before the rotation/translation/scaling/mirroring there were: 
                               847 metallic segments
                                 6 polygonal surfaces

          After rotation/translation/scaling/mirroring there are: 
                               853 metallic segments
                                 6 polygonal surfaces


                         TRANSFORMATION OF THE GEOMETRY

          The following structures are rotated/translated/scaled/mirrored:
              metallic wires

          All structures with labels in the range
          from dipole.Wire1.Port1 to dipole.Wire1.Port1 are rotated/translated/scaled/mirrored

          Making 1 copies

          Label is incremented by 120

          Translation in x direction by   8.219E+00
          Translation in y direction by   5.844E+00
          Translation in z direction by   3.000E+00

          Before the rotation/translation/scaling/mirroring there were: 
                               853 metallic segments
                                 6 polygonal surfaces

          After rotation/translation/scaling/mirroring there are: 
                               854 metallic segments
                                 6 polygonal surfaces


                         TRANSFORMATION OF THE GEOMETRY

          The following structures are rotated/translated/scaled/mirrored:
              metallic wires

          All structures with labels in the range
          from dipole.Wire1 to dipole.Wire1 are rotated/translated/scaled/mirrored

          Making 1 copies

          Label is incremented by 121

          Translation in x direction by   7.781E+00
          Translation in y direction by   5.781E+00
          Translation in z direction by   3.000E+00

          Before the rotation/translation/scaling/mirroring there were: 
                               854 metallic segments
                                 6 polygonal surfaces

          After rotation/translation/scaling/mirroring there are: 
                               860 metallic segments
                                 6 polygonal surfaces


                         TRANSFORMATION OF THE GEOMETRY

          The following structures are rotated/translated/scaled/mirrored:
              metallic wires

          All structures with labels in the range
          from dipole.Wire1.Port1 to dipole.Wire1.Port1 are rotated/translated/scaled/mirrored

          Making 1 copies

          Label is incremented by 121

          Translation in x direction by   7.781E+00
          Translation in y direction by   5.781E+00
          Translation in z direction by   3.000E+00

          Before the rotation/translation/scaling/mirroring there were: 
                               860 metallic segments
                                 6 polygonal surfaces

          After rotation/translation/scaling/mirroring there are: 
                               861 metallic segments
                                 6 polygonal surfaces


                         TRANSFORMATION OF THE GEOMETRY

          The following structures are rotated/translated/scaled/mirrored:
              metallic wires

          All structures with labels in the range
          from dipole.Wire1 to dipole.Wire1 are rotated/translated/scaled/mirrored

          Making 1 copies

          Label is incremented by 122

          Translation in x direction by   7.844E+00
          Translation in y direction by   5.781E+00
          Translation in z direction by   3.000E+00

          Before the rotation/translation/scaling/mirroring there were: 
                               861 metallic segments
                                 6 polygonal surfaces

          After rotation/translation/scaling/mirroring there are: 
                               867 metallic segments
                                 6 polygonal surfaces


                         TRANSFORMATION OF THE GEOMETRY

          The following structures are rotated/translated/scaled/mirrored:
              metallic wires

          All structures with labels in the range
          from dipole.Wire1.Port1 to dipole.Wire1.Port1 are rotated/translated/scaled/mirrored

          Making 1 copies

          Label is incremented by 122

          Translation in x direction by   7.844E+00
          Translation in y direction by   5.781E+00
          Translation in z direction by   3.000E+00

          Before the rotation/translation/scaling/mirroring there were: 
                               867 metallic segments
                                 6 polygonal surfaces

          After rotation/translation/scaling/mirroring there are: 
                               868 metallic segments
                                 6 polygonal surfaces


                         TRANSFORMATION OF THE GEOMETRY

          The following structures are rotated/translated/scaled/mirrored:
              metallic wires

          All structures with labels in the range
          from dipole.Wire1 to dipole.Wire1 are rotated/translated/scaled/mirrored

          Making 1 copies

          Label is incremented by 123

          Translation in x direction by   7.906E+00
          Translation in y direction by   5.781E+00
          Translation in z direction by   3.000E+00

          Before the rotation/translation/scaling/mirroring there were: 
                               868 metallic segments
                                 6 polygonal surfaces

          After rotation/translation/scaling/mirroring there are: 
                               874 metallic segments
                                 6 polygonal surfaces


                         TRANSFORMATION OF THE GEOMETRY

          The following structures are rotated/translated/scaled/mirrored:
              metallic wires

          All structures with labels in the range
          from dipole.Wire1.Port1 to dipole.Wire1.Port1 are rotated/translated/scaled/mirrored

          Making 1 copies

          Label is incremented by 123

          Translation in x direction by   7.906E+00
          Translation in y direction by   5.781E+00
          Translation in z direction by   3.000E+00

          Before the rotation/translation/scaling/mirroring there were: 
                               874 metallic segments
                                 6 polygonal surfaces

          After rotation/translation/scaling/mirroring there are: 
                               875 metallic segments
                                 6 polygonal surfaces


                         TRANSFORMATION OF THE GEOMETRY

          The following structures are rotated/translated/scaled/mirrored:
              metallic wires

          All structures with labels in the range
          from dipole.Wire1 to dipole.Wire1 are rotated/translated/scaled/mirrored

          Making 1 copies

          Label is incremented by 124

          Translation in x direction by   7.969E+00
          Translation in y direction by   5.781E+00
          Translation in z direction by   3.000E+00

          Before the rotation/translation/scaling/mirroring there were: 
                               875 metallic segments
                                 6 polygonal surfaces

          After rotation/translation/scaling/mirroring there are: 
                               881 metallic segments
                                 6 polygonal surfaces


                         TRANSFORMATION OF THE GEOMETRY

          The following structures are rotated/translated/scaled/mirrored:
              metallic wires

          All structures with labels in the range
          from dipole.Wire1.Port1 to dipole.Wire1.Port1 are rotated/translated/scaled/mirrored

          Making 1 copies

          Label is incremented by 124

          Translation in x direction by   7.969E+00
          Translation in y direction by   5.781E+00
          Translation in z direction by   3.000E+00

          Before the rotation/translation/scaling/mirroring there were: 
                               881 metallic segments
                                 6 polygonal surfaces

          After rotation/translation/scaling/mirroring there are: 
                               882 metallic segments
                                 6 polygonal surfaces


                         TRANSFORMATION OF THE GEOMETRY

          The following structures are rotated/translated/scaled/mirrored:
              metallic wires

          All structures with labels in the range
          from dipole.Wire1 to dipole.Wire1 are rotated/translated/scaled/mirrored

          Making 1 copies

          Label is incremented by 125

          Translation in x direction by   8.031E+00
          Translation in y direction by   5.781E+00
          Translation in z direction by   3.000E+00

          Before the rotation/translation/scaling/mirroring there were: 
                               882 metallic segments
                                 6 polygonal surfaces

          After rotation/translation/scaling/mirroring there are: 
                               888 metallic segments
                                 6 polygonal surfaces


                         TRANSFORMATION OF THE GEOMETRY

          The following structures are rotated/translated/scaled/mirrored:
              metallic wires

          All structures with labels in the range
          from dipole.Wire1.Port1 to dipole.Wire1.Port1 are rotated/translated/scaled/mirrored

          Making 1 copies

          Label is incremented by 125

          Translation in x direction by   8.031E+00
          Translation in y direction by   5.781E+00
          Translation in z direction by   3.000E+00

          Before the rotation/translation/scaling/mirroring there were: 
                               888 metallic segments
                                 6 polygonal surfaces

          After rotation/translation/scaling/mirroring there are: 
                               889 metallic segments
                                 6 polygonal surfaces


                         TRANSFORMATION OF THE GEOMETRY

          The following structures are rotated/translated/scaled/mirrored:
              metallic wires

          All structures with labels in the range
          from dipole.Wire1 to dipole.Wire1 are rotated/translated/scaled/mirrored

          Making 1 copies

          Label is incremented by 126

          Translation in x direction by   8.094E+00
          Translation in y direction by   5.781E+00
          Translation in z direction by   3.000E+00

          Before the rotation/translation/scaling/mirroring there were: 
                               889 metallic segments
                                 6 polygonal surfaces

          After rotation/translation/scaling/mirroring there are: 
                               895 metallic segments
                                 6 polygonal surfaces


                         TRANSFORMATION OF THE GEOMETRY

          The following structures are rotated/translated/scaled/mirrored:
              metallic wires

          All structures with labels in the range
          from dipole.Wire1.Port1 to dipole.Wire1.Port1 are rotated/translated/scaled/mirrored

          Making 1 copies

          Label is incremented by 126

          Translation in x direction by   8.094E+00
          Translation in y direction by   5.781E+00
          Translation in z direction by   3.000E+00

          Before the rotation/translation/scaling/mirroring there were: 
                               895 metallic segments
                                 6 polygonal surfaces

          After rotation/translation/scaling/mirroring there are: 
                               896 metallic segments
                                 6 polygonal surfaces


                         TRANSFORMATION OF THE GEOMETRY

          The following structures are rotated/translated/scaled/mirrored:
              metallic wires

          All structures with labels in the range
          from dipole.Wire1 to dipole.Wire1 are rotated/translated/scaled/mirrored

          Making 1 copies

          Label is incremented by 127

          Translation in x direction by   8.156E+00
          Translation in y direction by   5.781E+00
          Translation in z direction by   3.000E+00

          Before the rotation/translation/scaling/mirroring there were: 
                               896 metallic segments
                                 6 polygonal surfaces

          After rotation/translation/scaling/mirroring there are: 
                               902 metallic segments
                                 6 polygonal surfaces


                         TRANSFORMATION OF THE GEOMETRY

          The following structures are rotated/translated/scaled/mirrored:
              metallic wires

          All structures with labels in the range
          from dipole.Wire1.Port1 to dipole.Wire1.Port1 are rotated/translated/scaled/mirrored

          Making 1 copies

          Label is incremented by 127

          Translation in x direction by   8.156E+00
          Translation in y direction by   5.781E+00
          Translation in z direction by   3.000E+00

          Before the rotation/translation/scaling/mirroring there were: 
                               902 metallic segments
                                 6 polygonal surfaces

          After rotation/translation/scaling/mirroring there are: 
                               903 metallic segments
                                 6 polygonal surfaces


                         TRANSFORMATION OF THE GEOMETRY

          The following structures are rotated/translated/scaled/mirrored:
              metallic wires

          All structures with labels in the range
          from dipole.Wire1 to dipole.Wire1 are rotated/translated/scaled/mirrored

          Making 1 copies

          Label is incremented by 128

          Translation in x direction by   8.219E+00
          Translation in y direction by   5.781E+00
          Translation in z direction by   3.000E+00

          Before the rotation/translation/scaling/mirroring there were: 
                               903 metallic segments
                                 6 polygonal surfaces

          After rotation/translation/scaling/mirroring there are: 
                               909 metallic segments
                                 6 polygonal surfaces


                         TRANSFORMATION OF THE GEOMETRY

          The following structures are rotated/translated/scaled/mirrored:
              metallic wires

          All structures with labels in the range
          from dipole.Wire1.Port1 to dipole.Wire1.Port1 are rotated/translated/scaled/mirrored

          Making 1 copies

          Label is incremented by 128

          Translation in x direction by   8.219E+00
          Translation in y direction by   5.781E+00
          Translation in z direction by   3.000E+00

          Before the rotation/translation/scaling/mirroring there were: 
                               909 metallic segments
                                 6 polygonal surfaces

          After rotation/translation/scaling/mirroring there are: 
                               910 metallic segments
                                 6 polygonal surfaces


                         TRANSFORMATION OF THE GEOMETRY

          The following structures are rotated/translated/scaled/mirrored:
              metallic wires

          All structures with labels in the range
          from source_dipole.SWire1 to source_dipole.SWire1 are rotated/translated/scaled/mirrored

          Making 1 copies

          Label is incremented by 99

          Translation in x direction by  -4.500E+00
          Translation in y direction by   2.475E+00
          Translation in z direction by   8.485E-01

          Before the rotation/translation/scaling/mirroring there were: 
                               910 metallic segments
                                 6 polygonal surfaces

          After rotation/translation/scaling/mirroring there are: 
                               916 metallic segments
                                 6 polygonal surfaces


                         TRANSFORMATION OF THE GEOMETRY

          The following structures are rotated/translated/scaled/mirrored:
              metallic wires

          All structures with labels in the range
          from source_dipole.SWire1.SPort1 to source_dipole.SWire1.SPort1 are rotated/translated/scaled/mirrored

          Making 1 copies

          Label is incremented by 99

          Translation in x direction by  -4.500E+00
          Translation in y direction by   2.475E+00
          Translation in z direction by   8.485E-01

          Before the rotation/translation/scaling/mirroring there were: 
                               916 metallic segments
                                 6 polygonal surfaces

          After rotation/translation/scaling/mirroring there are: 
                               917 metallic segments
                                 6 polygonal surfaces

                    Linear segments are used

          Length of the segments in m:         7.36365E+00


                         DATA FOR UTD

      Consideration of:
         direct and reflected rays:           yes 
         edge and wedge diffraction (single): yes 
         corner diffraction:                  yes 
         double diffraction:                  no  
         creeping waves:                      no  
         tip diffraction:                     no  
      Maximum number of ray interactions:     1
      Using UTD according to Kouyoumjian
      Coupling MoM-UTD is taken into account


                                DATA FOR MEMORY USAGE

 Number of metallic triangles:               0                                max. triangles:    MAXNDR    =        0
 Number of dielectric triangles:             0
 Number of aperture triangles:               0
 Number of RL-GO triangles:                  0
 Number of windscreen triangles:             0
 Number of FEM surface triangles:            0
 Number of modal port triangles:             0
 Number of metallic segments:              917                                max. segments:     MAXNSEG   =      917
 Number of combined MoM/MTL segments:        0
 Number of dielectr./magnet. cuboids:        0                                max. cuboids:      MAXNQUA   =        0
 Number of tetrahedra:                       0                                max. tetrahedra:   MAXNTETRA =        0
 Number of edges in PO region:               0                                max. edges:        MAXPOKA   =        0
 Number of wedges in PO region:              0                                max. wedges:       MAXPOKL   =        0
 Number of Fock regions:                     0                                max. Fock regions: MAXFOGE   =        0
 Number of UTD triangles:                    0
 Number of polygonal surfaces:               6                                max. surfaces:     MAXPOLYF  =        6
                                                                              max. corner pts.:  MAXPOLYP  =        4
 Number of UTD cylinders:                    0

 Number of metallic edges (MoM):             0  unknown:        0 (electr.)   max. edges:        MAXNKA    =        0
                                             0  unknown:        0 (magnet.)
 Number of metallic edges (PO):              0  unknown:        0 (electr.)
                                                unknown:        0 (magnet.)
 Number of dielectric edges (MoM):           0  unknown:        0 (electr.)
                                             0                  0 (magnet.)
 Number of dielectric edges (PO):            0  unknown:        0 (electr.)
                                                unknown:        0 (magnet.)
 Number of aperture edges (MoM):             0  unknown:        0 (magnet.) 
 Number of edges FEM/MoM surface:            0  unknown:        0 (electr.)
                                             0                  0 (magnet.)
 Number of nodes between segments:         786  unknown:      786             max. nodes:        MAXNKNO   =     1386
 Number of connection points:                0  unknown:        0             max. conn.:        MAXNV     =        0
 Number of dielectric cuboids:               0  unknown:        0             max. cuboids:      MAXNQUA   =        0
 Number of magnetic cuboids:                 0  unknown:        0
 Number of dielectric faces (VEP):           0  unknown:        0
 Number of magnetic faces (VEP):             0  unknown:        0

 Number of basis funct. for MoM:           786  unknown:      786             max. basisf.       MAXNZEILE =      786
 Number of basis funct. for PO:              0  unknown:        0             max. basisf.       MAXNKAPO  =        0

 read from input file:
PS       0    0    3    1    0 1.000E+00 0.000E+00 0.000E+00 0.000E+00 0.000E+00 0.000E+00 0.000E+00 0.000E+00
 read from input file:
CG      -1    0   -1    0    0 0.000E+00 0.000E+00 0.000E+00 0.000E+00-1.000E+00-1.000E+00 0.000E+00 0.000E+00
 read from input file:
DI       1    0   -1    0    0 5.500E+00 0.000E+00 0.000E+00 0.000E+00 2.000E-01 1.000E+03 0.000E+00 0.000E+00
 read from input file:
DI       0    0   -1    0    0 1.000E+00 0.000E+00 0.000E+00 0.000E+00 0.000E+00 1.000E+03 0.000E+00 0.000E+00
 read from input file:
DL       0    0    1    1    0 3.000E-01 0.000E+00 0.000E+00 0.000E+00 0.000E+00 0.000E+00 0.000E+00 0.000E+00
 read from input file:
SK       5    4   -1    0    0 0.000E+00 0.000E+00 0.000E+00 0.000E+00 0.000E+00 0.000E+00 0.000E+00 0.000E+00
 read from input file:
SK       6    4   -1    0    0 0.000E+00 0.000E+00 0.000E+00 0.000E+00 0.000E+00 0.000E+00 0.000E+00 0.000E+00
 read from input file:
SK       7    4   -1    0    0 0.000E+00 0.000E+00 0.000E+00 0.000E+00 0.000E+00 0.000E+00 0.000E+00 0.000E+00
 read from input file:
SK       8    4   -1    0    0 0.000E+00 0.000E+00 0.000E+00 0.000E+00 0.000E+00 0.000E+00 0.000E+00 0.000E+00
 read from input file:
SK       9    4   -1    0    0 0.000E+00 0.000E+00 0.000E+00 0.000E+00 0.000E+00 0.000E+00 0.000E+00 0.000E+00
 read from input file:
SK      10    4   -1    0    0 0.000E+00 0.000E+00 0.000E+00 0.000E+00 0.000E+00 0.000E+00 0.000E+00 0.000E+00
 read from input file:
PW       0    0    0    0    0 0.000E+00 0.000E+00 0.000E+00 0.000E+00 0.000E+00 0.000E+00 0.000E+00 0.000E+00
 read from input file:
FR       0    0    0    0    0 2.400E+09 2.400E+09 2.400E+09 0.000E+00 0.000E+00 0.000E+00 0.000E+00 0.000E+00
 read from buffer:
A1       0  268    0    0    0 1.000E+00 0.000E+00 0.000E+00 0.000E+00 0.000E+00 5.000E+01 0.000E+00 0.000E+00
 read from buffer:
NC       0    0    0    0    0 0.000E+00 0.000E+00 0.000E+00 0.000E+00 0.000E+00 0.000E+00 0.000E+00 0.000E+00
 read from buffer:
DA       0    0    0    0    0 0.000E+00 0.000E+00 0.000E+00 0.000E+00 0.000E+00 0.000E+00 0.000E+00 0.000E+00
 read from buffer:
OS       0    0    0    0    0 0.000E+00 0.000E+00 0.000E+00 0.000E+00 0.000E+00 0.000E+00 0.000E+00 0.000E+00
 
 
      ==============
      CONFIGURATION: StandardConfiguration1
      ==============


                                   DATA FOR DIELECTRIC MEDIA

internal  relative     relative  conductivity   tan(delta)    tan(delta)    wavelength   mass density    volume     medium
index  permittivity permeability   in S/m       (electric)    (magnetic)       in m       in kg/m^3      in m^3
    0      1.00000      1.00000  0.00000E+00   0.00000E+00   0.00000E+00   1.24914E-01   1.00000E+03    infinite    Free space



                    EXCITATION BY VOLTAGE SOURCE AT A SEGMENT

 Name:                          Source at (0.5,6.5,2.3)
 Source index:                  1
 Frequency in Hz:               FREQ =    2.40000E+09
 Wavelength in m:               LAMBDA =  1.24914E-01
 Open circuit voltage in V:     |U0| =    1.00000E+00 
 Phase in degrees:              ARG(U0) =        0.00
 Attached to port:              Segment port
 Port at segment with label:    source_dipole.SWire1.SPort100
 Absolute number of segment:    917
 Radius of segment in m:        1.56142E-03
 Location of the port in m:     x =  5.00000E-01, y =  6.47487E+00, z =  2.34853E+00
 Positive direction:            x =  0.00000E+00, y =  1.00000E+00, z =  0.00000E+00


                         DATA FOR THE GREEN'S FUNCTION

                                   free space



                      DATA FOR LABELS

 Label Rectangle1.Face1: 
          Thin isotropic dielectric sheet
          Surface thickness:  3.00000E-01 m
          Layer =  1   Eps_r =   5.500E+00   Sigma =   1.469E-01 S/m   tan(delta) =   2.000E-01

 Label Rectangle2.Face2: 
          Thin isotropic dielectric sheet
          Surface thickness:  3.00000E-01 m
          Layer =  1   Eps_r =   5.500E+00   Sigma =   1.469E-01 S/m   tan(delta) =   2.000E-01

 Label Rectangle3.Face3: 
          Thin isotropic dielectric sheet
          Surface thickness:  3.00000E-01 m
          Layer =  1   Eps_r =   5.500E+00   Sigma =   1.469E-01 S/m   tan(delta) =   2.000E-01

 Label Rectangle4.Face4: 
          Thin isotropic dielectric sheet
          Surface thickness:  3.00000E-01 m
          Layer =  1   Eps_r =   5.500E+00   Sigma =   1.469E-01 S/m   tan(delta) =   2.000E-01

 Label Rectangle5.Face5: 
          Thin isotropic dielectric sheet
          Surface thickness:  3.00000E-01 m
          Layer =  1   Eps_r =   5.500E+00   Sigma =   1.469E-01 S/m   tan(delta) =   2.000E-01

 Label Rectangle6.Face6: 
          Thin isotropic dielectric sheet
          Surface thickness:  3.00000E-01 m
          Layer =  1   Eps_r =   5.500E+00   Sigma =   1.469E-01 S/m   tan(delta) =   2.000E-01

 All segments and metallic triangles without a listed label are perfectly conducting.


               DATA FOR STORAGE OF THE MATRIX

 Storage using single precision

 Memory requirement for MoM matrix: 800 rows * 786 columns = 628800 complex numbers
 For the MoM matrix, a memory of 628800 complex numbers is used (i.e. 4.797 MByte)
 Storing the matrix and solving the linear set of equations in main memory (storage scheme 1)

     A total of 5.446 MByte of memory has been allocated dynamically
     (peak memory usage of 5.446 MByte so far)

 WARNING 32960: Transmitted rays are not considered when modelling thin dielectric sheets with UTD

     CPU time for calculation of the MoM matrix elements:      49.261 seconds


               PRE-CONDITIONING OF THE LINEAR SET OF EQUATIONS

               Selected preconditioner algorithm: 1

     CPU time for preconditioning:       0.001 seconds


               SOLUTION OF THE LINEAR SET OF EQUATIONS WITH LAPAGAU

               Condition number of the matrix:  5.11279E+01

               Floating point performance for LU decomposition:
                    Not determined since computation time too short

     CPU time for solving the linear set of equations:       0.013 seconds


                         DATA OF THE VOLTAGE SOURCE NO. 1

                    real part  imag. part   magnitude       phase
 Current   in A    1.4555E-02  1.4655E-03  1.4628E-02        5.75
 Admitt.   in A/V  1.4555E-02  1.4655E-03  1.4628E-02        5.75
 Impedance in Ohm  6.8016E+01 -6.8486E+00  6.8360E+01       -5.75
 Capacitance in F  9.6830E-12

                         Power in Watt: 7.27745E-03


                              SCATTERING PARAMETERS

       ports                                        magnitude          phase 
    sink source     real part   imag. part      linear      in dB     in deg.
 S     1      1   1.55500E-01 -4.90071E-02   1.63040E-01  -15.7541    -17.49
         Sum |S|^2 of these S-parameters:    2.65819E-02  -15.7541
         Reference impedance in Ohm:  5.00000E+01



                              SUMMARY OF LOSSES

          Metallic elements:                          0.0000E+00 W
          Dielectric:                                 0.0000E+00 W
          Mismatch at feed:                           0.0000E+00 W
          Non-radiating networks:                     0.0000E+00 W
          Cables:                                     0.0000E+00 W
          Passive waveguide and modal ports:          0.0000E+00 W
          Equivalent sources:                         0.0000E+00 W
                                                     -------------
                Sum of all losses:                    0.0000E+00 W

          Efficiency of the antenna:                    100.0000 %
          (based on a total active power:             7.2774E-03 W)

 read from buffer:
NC       1    0    0    0    0 0.000E+00 0.000E+00 0.000E+00 0.000E+00 0.000E+00 0.000E+00 0.000E+00 0.000E+00
 read from buffer:
DA       0    0    0    0    0 0.000E+00 0.000E+00 0.000E+00 0.000E+00 0.000E+00 0.000E+00 0.000E+00 0.000E+00
 read from buffer:
DA       0    0    0    0    0 1.000E+00 0.000E+00 0.000E+00 0.000E+00 0.000E+00 0.000E+00 0.000E+00 0.000E+00
 read from buffer:
A1       0  268    0    0    0 1.000E+00 0.000E+00 0.000E+00 0.000E+00 0.000E+00 5.000E+01 0.000E+00 0.000E+00
 read from buffer:
A1       1   12    0    0    0 0.000E+00 0.000E+00 0.000E+00 0.000E+00 0.000E+00 5.000E+01 0.000E+00 0.000E+00
 read from buffer:
A1       1   14    0    0    0 0.000E+00 0.000E+00 0.000E+00 0.000E+00 0.000E+00 5.000E+01 0.000E+00 0.000E+00
 read from buffer:
A1       1   16    0    0    0 0.000E+00 0.000E+00 0.000E+00 0.000E+00 0.000E+00 5.000E+01 0.000E+00 0.000E+00
 read from buffer:
A1       1   18    0    0    0 0.000E+00 0.000E+00 0.000E+00 0.000E+00 0.000E+00 5.000E+01 0.000E+00 0.000E+00
 read from buffer:
A1       1   20    0    0    0 0.000E+00 0.000E+00 0.000E+00 0.000E+00 0.000E+00 5.000E+01 0.000E+00 0.000E+00
 read from buffer:
A1       1   22    0    0    0 0.000E+00 0.000E+00 0.000E+00 0.000E+00 0.000E+00 5.000E+01 0.000E+00 0.000E+00
 read from buffer:
A1       1   24    0    0    0 0.000E+00 0.000E+00 0.000E+00 0.000E+00 0.000E+00 5.000E+01 0.000E+00 0.000E+00
 read from buffer:
A1       1   26    0    0    0 0.000E+00 0.000E+00 0.000E+00 0.000E+00 0.000E+00 5.000E+01 0.000E+00 0.000E+00
 read from buffer:
A1       1   28    0    0    0 0.000E+00 0.000E+00 0.000E+00 0.000E+00 0.000E+00 5.000E+01 0.000E+00 0.000E+00
 read from buffer:
A1       1   30    0    0    0 0.000E+00 0.000E+00 0.000E+00 0.000E+00 0.000E+00 5.000E+01 0.000E+00 0.000E+00
 read from buffer:
A1       1   32    0    0    0 0.000E+00 0.000E+00 0.000E+00 0.000E+00 0.000E+00 5.000E+01 0.000E+00 0.000E+00
 read from buffer:
A1       1   34    0    0    0 0.000E+00 0.000E+00 0.000E+00 0.000E+00 0.000E+00 5.000E+01 0.000E+00 0.000E+00
 read from buffer:
A1       1   36    0    0    0 0.000E+00 0.000E+00 0.000E+00 0.000E+00 0.000E+00 5.000E+01 0.000E+00 0.000E+00
 read from buffer:
A1       1   38    0    0    0 0.000E+00 0.000E+00 0.000E+00 0.000E+00 0.000E+00 5.000E+01 0.000E+00 0.000E+00
 read from buffer:
A1       1   40    0    0    0 0.000E+00 0.000E+00 0.000E+00 0.000E+00 0.000E+00 5.000E+01 0.000E+00 0.000E+00
 read from buffer:
A1       1   42    0    0    0 0.000E+00 0.000E+00 0.000E+00 0.000E+00 0.000E+00 5.000E+01 0.000E+00 0.000E+00
 read from buffer:
A1       1   44    0    0    0 0.000E+00 0.000E+00 0.000E+00 0.000E+00 0.000E+00 5.000E+01 0.000E+00 0.000E+00
 read from buffer:
A1       1   46    0    0    0 0.000E+00 0.000E+00 0.000E+00 0.000E+00 0.000E+00 5.000E+01 0.000E+00 0.000E+00
 read from buffer:
A1       1   48    0    0    0 0.000E+00 0.000E+00 0.000E+00 0.000E+00 0.000E+00 5.000E+01 0.000E+00 0.000E+00
 read from buffer:
A1       1   50    0    0    0 0.000E+00 0.000E+00 0.000E+00 0.000E+00 0.000E+00 5.000E+01 0.000E+00 0.000E+00
 read from buffer:
A1       1   52    0    0    0 0.000E+00 0.000E+00 0.000E+00 0.000E+00 0.000E+00 5.000E+01 0.000E+00 0.000E+00
 read from buffer:
A1       1   54    0    0    0 0.000E+00 0.000E+00 0.000E+00 0.000E+00 0.000E+00 5.000E+01 0.000E+00 0.000E+00
 read from buffer:
A1       1   56    0    0    0 0.000E+00 0.000E+00 0.000E+00 0.000E+00 0.000E+00 5.000E+01 0.000E+00 0.000E+00
 read from buffer:
A1       1   58    0    0    0 0.000E+00 0.000E+00 0.000E+00 0.000E+00 0.000E+00 5.000E+01 0.000E+00 0.000E+00
 read from buffer:
A1       1   60    0    0    0 0.000E+00 0.000E+00 0.000E+00 0.000E+00 0.000E+00 5.000E+01 0.000E+00 0.000E+00
 read from buffer:
A1       1   62    0    0    0 0.000E+00 0.000E+00 0.000E+00 0.000E+00 0.000E+00 5.000E+01 0.000E+00 0.000E+00
 read from buffer:
A1       1   64    0    0    0 0.000E+00 0.000E+00 0.000E+00 0.000E+00 0.000E+00 5.000E+01 0.000E+00 0.000E+00
 read from buffer:
A1       1   66    0    0    0 0.000E+00 0.000E+00 0.000E+00 0.000E+00 0.000E+00 5.000E+01 0.000E+00 0.000E+00
 read from buffer:
A1       1   68    0    0    0 0.000E+00 0.000E+00 0.000E+00 0.000E+00 0.000E+00 5.000E+01 0.000E+00 0.000E+00
 read from buffer:
A1       1   70    0    0    0 0.000E+00 0.000E+00 0.000E+00 0.000E+00 0.000E+00 5.000E+01 0.000E+00 0.000E+00
 read from buffer:
A1       1   72    0    0    0 0.000E+00 0.000E+00 0.000E+00 0.000E+00 0.000E+00 5.000E+01 0.000E+00 0.000E+00
 read from buffer:
A1       1   74    0    0    0 0.000E+00 0.000E+00 0.000E+00 0.000E+00 0.000E+00 5.000E+01 0.000E+00 0.000E+00
 read from buffer:
A1       1   76    0    0    0 0.000E+00 0.000E+00 0.000E+00 0.000E+00 0.000E+00 5.000E+01 0.000E+00 0.000E+00
 read from buffer:
A1       1   78    0    0    0 0.000E+00 0.000E+00 0.000E+00 0.000E+00 0.000E+00 5.000E+01 0.000E+00 0.000E+00
 read from buffer:
A1       1   80    0    0    0 0.000E+00 0.000E+00 0.000E+00 0.000E+00 0.000E+00 5.000E+01 0.000E+00 0.000E+00
 read from buffer:
A1       1   82    0    0    0 0.000E+00 0.000E+00 0.000E+00 0.000E+00 0.000E+00 5.000E+01 0.000E+00 0.000E+00
 read from buffer:
A1       1   84    0    0    0 0.000E+00 0.000E+00 0.000E+00 0.000E+00 0.000E+00 5.000E+01 0.000E+00 0.000E+00
 read from buffer:
A1       1   86    0    0    0 0.000E+00 0.000E+00 0.000E+00 0.000E+00 0.000E+00 5.000E+01 0.000E+00 0.000E+00
 read from buffer:
A1       1   88    0    0    0 0.000E+00 0.000E+00 0.000E+00 0.000E+00 0.000E+00 5.000E+01 0.000E+00 0.000E+00
 read from buffer:
A1       1   90    0    0    0 0.000E+00 0.000E+00 0.000E+00 0.000E+00 0.000E+00 5.000E+01 0.000E+00 0.000E+00
 read from buffer:
A1       1   92    0    0    0 0.000E+00 0.000E+00 0.000E+00 0.000E+00 0.000E+00 5.000E+01 0.000E+00 0.000E+00
 read from buffer:
A1       1   94    0    0    0 0.000E+00 0.000E+00 0.000E+00 0.000E+00 0.000E+00 5.000E+01 0.000E+00 0.000E+00
 read from buffer:
A1       1   96    0    0    0 0.000E+00 0.000E+00 0.000E+00 0.000E+00 0.000E+00 5.000E+01 0.000E+00 0.000E+00
 read from buffer:
A1       1   98    0    0    0 0.000E+00 0.000E+00 0.000E+00 0.000E+00 0.000E+00 5.000E+01 0.000E+00 0.000E+00
 read from buffer:
A1       1  100    0    0    0 0.000E+00 0.000E+00 0.000E+00 0.000E+00 0.000E+00 5.000E+01 0.000E+00 0.000E+00
 read from buffer:
A1       1  102    0    0    0 0.000E+00 0.000E+00 0.000E+00 0.000E+00 0.000E+00 5.000E+01 0.000E+00 0.000E+00
 read from buffer:
A1       1  104    0    0    0 0.000E+00 0.000E+00 0.000E+00 0.000E+00 0.000E+00 5.000E+01 0.000E+00 0.000E+00
 read from buffer:
A1       1  106    0    0    0 0.000E+00 0.000E+00 0.000E+00 0.000E+00 0.000E+00 5.000E+01 0.000E+00 0.000E+00
 read from buffer:
A1       1  108    0    0    0 0.000E+00 0.000E+00 0.000E+00 0.000E+00 0.000E+00 5.000E+01 0.000E+00 0.000E+00
 read from buffer:
A1       1  110    0    0    0 0.000E+00 0.000E+00 0.000E+00 0.000E+00 0.000E+00 5.000E+01 0.000E+00 0.000E+00
 read from buffer:
A1       1  112    0    0    0 0.000E+00 0.000E+00 0.000E+00 0.000E+00 0.000E+00 5.000E+01 0.000E+00 0.000E+00
 read from buffer:
A1       1  114    0    0    0 0.000E+00 0.000E+00 0.000E+00 0.000E+00 0.000E+00 5.000E+01 0.000E+00 0.000E+00
 read from buffer:
A1       1  116    0    0    0 0.000E+00 0.000E+00 0.000E+00 0.000E+00 0.000E+00 5.000E+01 0.000E+00 0.000E+00
 read from buffer:
A1       1  118    0    0    0 0.000E+00 0.000E+00 0.000E+00 0.000E+00 0.000E+00 5.000E+01 0.000E+00 0.000E+00
 read from buffer:
A1       1  120    0    0    0 0.000E+00 0.000E+00 0.000E+00 0.000E+00 0.000E+00 5.000E+01 0.000E+00 0.000E+00
 read from buffer:
A1       1  122    0    0    0 0.000E+00 0.000E+00 0.000E+00 0.000E+00 0.000E+00 5.000E+01 0.000E+00 0.000E+00
 read from buffer:
A1       1  124    0    0    0 0.000E+00 0.000E+00 0.000E+00 0.000E+00 0.000E+00 5.000E+01 0.000E+00 0.000E+00
 read from buffer:
A1       1  126    0    0    0 0.000E+00 0.000E+00 0.000E+00 0.000E+00 0.000E+00 5.000E+01 0.000E+00 0.000E+00
 read from buffer:
A1       1  128    0    0    0 0.000E+00 0.000E+00 0.000E+00 0.000E+00 0.000E+00 5.000E+01 0.000E+00 0.000E+00
 read from buffer:
A1       1  130    0    0    0 0.000E+00 0.000E+00 0.000E+00 0.000E+00 0.000E+00 5.000E+01 0.000E+00 0.000E+00
 read from buffer:
A1       1  132    0    0    0 0.000E+00 0.000E+00 0.000E+00 0.000E+00 0.000E+00 5.000E+01 0.000E+00 0.000E+00
 read from buffer:
A1       1  134    0    0    0 0.000E+00 0.000E+00 0.000E+00 0.000E+00 0.000E+00 5.000E+01 0.000E+00 0.000E+00
 read from buffer:
A1       1  136    0    0    0 0.000E+00 0.000E+00 0.000E+00 0.000E+00 0.000E+00 5.000E+01 0.000E+00 0.000E+00
 read from buffer:
A1       1  138    0    0    0 0.000E+00 0.000E+00 0.000E+00 0.000E+00 0.000E+00 5.000E+01 0.000E+00 0.000E+00
 read from buffer:
A1       1  140    0    0    0 0.000E+00 0.000E+00 0.000E+00 0.000E+00 0.000E+00 5.000E+01 0.000E+00 0.000E+00
 read from buffer:
A1       1  142    0    0    0 0.000E+00 0.000E+00 0.000E+00 0.000E+00 0.000E+00 5.000E+01 0.000E+00 0.000E+00
 read from buffer:
A1       1  144    0    0    0 0.000E+00 0.000E+00 0.000E+00 0.000E+00 0.000E+00 5.000E+01 0.000E+00 0.000E+00
 read from buffer:
A1       1  146    0    0    0 0.000E+00 0.000E+00 0.000E+00 0.000E+00 0.000E+00 5.000E+01 0.000E+00 0.000E+00
 read from buffer:
A1       1  148    0    0    0 0.000E+00 0.000E+00 0.000E+00 0.000E+00 0.000E+00 5.000E+01 0.000E+00 0.000E+00
 read from buffer:
A1       1  150    0    0    0 0.000E+00 0.000E+00 0.000E+00 0.000E+00 0.000E+00 5.000E+01 0.000E+00 0.000E+00
 read from buffer:
A1       1  152    0    0    0 0.000E+00 0.000E+00 0.000E+00 0.000E+00 0.000E+00 5.000E+01 0.000E+00 0.000E+00
 read from buffer:
A1       1  154    0    0    0 0.000E+00 0.000E+00 0.000E+00 0.000E+00 0.000E+00 5.000E+01 0.000E+00 0.000E+00
 read from buffer:
A1       1  156    0    0    0 0.000E+00 0.000E+00 0.000E+00 0.000E+00 0.000E+00 5.000E+01 0.000E+00 0.000E+00
 read from buffer:
A1       1  158    0    0    0 0.000E+00 0.000E+00 0.000E+00 0.000E+00 0.000E+00 5.000E+01 0.000E+00 0.000E+00
 read from buffer:
A1       1  160    0    0    0 0.000E+00 0.000E+00 0.000E+00 0.000E+00 0.000E+00 5.000E+01 0.000E+00 0.000E+00
 read from buffer:
A1       1  162    0    0    0 0.000E+00 0.000E+00 0.000E+00 0.000E+00 0.000E+00 5.000E+01 0.000E+00 0.000E+00
 read from buffer:
A1       1  164    0    0    0 0.000E+00 0.000E+00 0.000E+00 0.000E+00 0.000E+00 5.000E+01 0.000E+00 0.000E+00
 read from buffer:
A1       1  166    0    0    0 0.000E+00 0.000E+00 0.000E+00 0.000E+00 0.000E+00 5.000E+01 0.000E+00 0.000E+00
 read from buffer:
A1       1  168    0    0    0 0.000E+00 0.000E+00 0.000E+00 0.000E+00 0.000E+00 5.000E+01 0.000E+00 0.000E+00
 read from buffer:
A1       1  170    0    0    0 0.000E+00 0.000E+00 0.000E+00 0.000E+00 0.000E+00 5.000E+01 0.000E+00 0.000E+00
 read from buffer:
A1       1  172    0    0    0 0.000E+00 0.000E+00 0.000E+00 0.000E+00 0.000E+00 5.000E+01 0.000E+00 0.000E+00
 read from buffer:
A1       1  174    0    0    0 0.000E+00 0.000E+00 0.000E+00 0.000E+00 0.000E+00 5.000E+01 0.000E+00 0.000E+00
 read from buffer:
A1       1  176    0    0    0 0.000E+00 0.000E+00 0.000E+00 0.000E+00 0.000E+00 5.000E+01 0.000E+00 0.000E+00
 read from buffer:
A1       1  178    0    0    0 0.000E+00 0.000E+00 0.000E+00 0.000E+00 0.000E+00 5.000E+01 0.000E+00 0.000E+00
 read from buffer:
A1       1  180    0    0    0 0.000E+00 0.000E+00 0.000E+00 0.000E+00 0.000E+00 5.000E+01 0.000E+00 0.000E+00
 read from buffer:
A1       1  182    0    0    0 0.000E+00 0.000E+00 0.000E+00 0.000E+00 0.000E+00 5.000E+01 0.000E+00 0.000E+00
 read from buffer:
A1       1  184    0    0    0 0.000E+00 0.000E+00 0.000E+00 0.000E+00 0.000E+00 5.000E+01 0.000E+00 0.000E+00
 read from buffer:
A1       1  186    0    0    0 0.000E+00 0.000E+00 0.000E+00 0.000E+00 0.000E+00 5.000E+01 0.000E+00 0.000E+00
 read from buffer:
A1       1  188    0    0    0 0.000E+00 0.000E+00 0.000E+00 0.000E+00 0.000E+00 5.000E+01 0.000E+00 0.000E+00
 read from buffer:
A1       1  190    0    0    0 0.000E+00 0.000E+00 0.000E+00 0.000E+00 0.000E+00 5.000E+01 0.000E+00 0.000E+00
 read from buffer:
A1       1  192    0    0    0 0.000E+00 0.000E+00 0.000E+00 0.000E+00 0.000E+00 5.000E+01 0.000E+00 0.000E+00
 read from buffer:
A1       1  194    0    0    0 0.000E+00 0.000E+00 0.000E+00 0.000E+00 0.000E+00 5.000E+01 0.000E+00 0.000E+00
 read from buffer:
A1       1  196    0    0    0 0.000E+00 0.000E+00 0.000E+00 0.000E+00 0.000E+00 5.000E+01 0.000E+00 0.000E+00
 read from buffer:
A1       1  198    0    0    0 0.000E+00 0.000E+00 0.000E+00 0.000E+00 0.000E+00 5.000E+01 0.000E+00 0.000E+00
 read from buffer:
A1       1  200    0    0    0 0.000E+00 0.000E+00 0.000E+00 0.000E+00 0.000E+00 5.000E+01 0.000E+00 0.000E+00
 read from buffer:
A1       1  202    0    0    0 0.000E+00 0.000E+00 0.000E+00 0.000E+00 0.000E+00 5.000E+01 0.000E+00 0.000E+00
 read from buffer:
A1       1  204    0    0    0 0.000E+00 0.000E+00 0.000E+00 0.000E+00 0.000E+00 5.000E+01 0.000E+00 0.000E+00
 read from buffer:
A1       1  206    0    0    0 0.000E+00 0.000E+00 0.000E+00 0.000E+00 0.000E+00 5.000E+01 0.000E+00 0.000E+00
 read from buffer:
A1       1  208    0    0    0 0.000E+00 0.000E+00 0.000E+00 0.000E+00 0.000E+00 5.000E+01 0.000E+00 0.000E+00
 read from buffer:
A1       1  210    0    0    0 0.000E+00 0.000E+00 0.000E+00 0.000E+00 0.000E+00 5.000E+01 0.000E+00 0.000E+00
 read from buffer:
A1       1  212    0    0    0 0.000E+00 0.000E+00 0.000E+00 0.000E+00 0.000E+00 5.000E+01 0.000E+00 0.000E+00
 read from buffer:
A1       1  214    0    0    0 0.000E+00 0.000E+00 0.000E+00 0.000E+00 0.000E+00 5.000E+01 0.000E+00 0.000E+00
 read from buffer:
A1       1  216    0    0    0 0.000E+00 0.000E+00 0.000E+00 0.000E+00 0.000E+00 5.000E+01 0.000E+00 0.000E+00
 read from buffer:
A1       1  218    0    0    0 0.000E+00 0.000E+00 0.000E+00 0.000E+00 0.000E+00 5.000E+01 0.000E+00 0.000E+00
 read from buffer:
A1       1  220    0    0    0 0.000E+00 0.000E+00 0.000E+00 0.000E+00 0.000E+00 5.000E+01 0.000E+00 0.000E+00
 read from buffer:
A1       1  222    0    0    0 0.000E+00 0.000E+00 0.000E+00 0.000E+00 0.000E+00 5.000E+01 0.000E+00 0.000E+00
 read from buffer:
A1       1  224    0    0    0 0.000E+00 0.000E+00 0.000E+00 0.000E+00 0.000E+00 5.000E+01 0.000E+00 0.000E+00
 read from buffer:
A1       1  226    0    0    0 0.000E+00 0.000E+00 0.000E+00 0.000E+00 0.000E+00 5.000E+01 0.000E+00 0.000E+00
 read from buffer:
A1       1  228    0    0    0 0.000E+00 0.000E+00 0.000E+00 0.000E+00 0.000E+00 5.000E+01 0.000E+00 0.000E+00
 read from buffer:
A1       1  230    0    0    0 0.000E+00 0.000E+00 0.000E+00 0.000E+00 0.000E+00 5.000E+01 0.000E+00 0.000E+00
 read from buffer:
A1       1  232    0    0    0 0.000E+00 0.000E+00 0.000E+00 0.000E+00 0.000E+00 5.000E+01 0.000E+00 0.000E+00
 read from buffer:
A1       1  234    0    0    0 0.000E+00 0.000E+00 0.000E+00 0.000E+00 0.000E+00 5.000E+01 0.000E+00 0.000E+00
 read from buffer:
A1       1  236    0    0    0 0.000E+00 0.000E+00 0.000E+00 0.000E+00 0.000E+00 5.000E+01 0.000E+00 0.000E+00
 read from buffer:
A1       1  238    0    0    0 0.000E+00 0.000E+00 0.000E+00 0.000E+00 0.000E+00 5.000E+01 0.000E+00 0.000E+00
 read from buffer:
A1       1  240    0    0    0 0.000E+00 0.000E+00 0.000E+00 0.000E+00 0.000E+00 5.000E+01 0.000E+00 0.000E+00
 read from buffer:
A1       1  242    0    0    0 0.000E+00 0.000E+00 0.000E+00 0.000E+00 0.000E+00 5.000E+01 0.000E+00 0.000E+00
 read from buffer:
A1       1  244    0    0    0 0.000E+00 0.000E+00 0.000E+00 0.000E+00 0.000E+00 5.000E+01 0.000E+00 0.000E+00
 read from buffer:
A1       1  246    0    0    0 0.000E+00 0.000E+00 0.000E+00 0.000E+00 0.000E+00 5.000E+01 0.000E+00 0.000E+00
 read from buffer:
A1       1  248    0    0    0 0.000E+00 0.000E+00 0.000E+00 0.000E+00 0.000E+00 5.000E+01 0.000E+00 0.000E+00
 read from buffer:
A1       1  250    0    0    0 0.000E+00 0.000E+00 0.000E+00 0.000E+00 0.000E+00 5.000E+01 0.000E+00 0.000E+00
 read from buffer:
A1       1  252    0    0    0 0.000E+00 0.000E+00 0.000E+00 0.000E+00 0.000E+00 5.000E+01 0.000E+00 0.000E+00
 read from buffer:
A1       1  254    0    0    0 0.000E+00 0.000E+00 0.000E+00 0.000E+00 0.000E+00 5.000E+01 0.000E+00 0.000E+00
 read from buffer:
A1       1  256    0    0    0 0.000E+00 0.000E+00 0.000E+00 0.000E+00 0.000E+00 5.000E+01 0.000E+00 0.000E+00
 read from buffer:
A1       1  258    0    0    0 0.000E+00 0.000E+00 0.000E+00 0.000E+00 0.000E+00 5.000E+01 0.000E+00 0.000E+00
 read from buffer:
A1       1  260    0    0    0 0.000E+00 0.000E+00 0.000E+00 0.000E+00 0.000E+00 5.000E+01 0.000E+00 0.000E+00
 read from buffer:
A1       1  262    0    0    0 0.000E+00 0.000E+00 0.000E+00 0.000E+00 0.000E+00 5.000E+01 0.000E+00 0.000E+00
 read from buffer:
A1       1  264    0    0    0 0.000E+00 0.000E+00 0.000E+00 0.000E+00 0.000E+00 5.000E+01 0.000E+00 0.000E+00
 read from buffer:
A1       1  266    0    0    0 0.000E+00 0.000E+00 0.000E+00 0.000E+00 0.000E+00 5.000E+01 0.000E+00 0.000E+00
 read from buffer:
SP       1    1    0    0    0 0.000E+00 0.000E+00 0.000E+00 0.000E+00 0.000E+00 0.000E+00 0.000E+00 0.000E+00
 
 
      ==============
      CONFIGURATION: SParameterConfiguration1
      ==============


                    S-PARAMETER REFERENCE IMPEDANCES AT PORTS

                           port     impedance in Ohm
                              1        5.00000E+01
                              2        5.00000E+01
                              3        5.00000E+01
                              4        5.00000E+01
                              5        5.00000E+01
                              6        5.00000E+01
                              7        5.00000E+01
                              8        5.00000E+01
                              9        5.00000E+01
                             10        5.00000E+01
                             11        5.00000E+01
                             12        5.00000E+01
                             13        5.00000E+01
                             14        5.00000E+01
                             15        5.00000E+01
                             16        5.00000E+01
                             17        5.00000E+01
                             18        5.00000E+01
                             19        5.00000E+01
                             20        5.00000E+01
                             21        5.00000E+01
                             22        5.00000E+01
                             23        5.00000E+01
                             24        5.00000E+01
                             25        5.00000E+01
                             26        5.00000E+01
                             27        5.00000E+01
                             28        5.00000E+01
                             29        5.00000E+01
                             30        5.00000E+01
                             31        5.00000E+01
                             32        5.00000E+01
                             33        5.00000E+01
                             34        5.00000E+01
                             35        5.00000E+01
                             36        5.00000E+01
                             37        5.00000E+01
                             38        5.00000E+01
                             39        5.00000E+01
                             40        5.00000E+01
                             41        5.00000E+01
                             42        5.00000E+01
                             43        5.00000E+01
                             44        5.00000E+01
                             45        5.00000E+01
                             46        5.00000E+01
                             47        5.00000E+01
                             48        5.00000E+01
                             49        5.00000E+01
                             50        5.00000E+01
                             51        5.00000E+01
                             52        5.00000E+01
                             53        5.00000E+01
                             54        5.00000E+01
                             55        5.00000E+01
                             56        5.00000E+01
                             57        5.00000E+01
                             58        5.00000E+01
                             59        5.00000E+01
                             60        5.00000E+01
                             61        5.00000E+01
                             62        5.00000E+01
                             63        5.00000E+01
                             64        5.00000E+01
                             65        5.00000E+01
                             66        5.00000E+01
                             67        5.00000E+01
                             68        5.00000E+01
                             69        5.00000E+01
                             70        5.00000E+01
                             71        5.00000E+01
                             72        5.00000E+01
                             73        5.00000E+01
                             74        5.00000E+01
                             75        5.00000E+01
                             76        5.00000E+01
                             77        5.00000E+01
                             78        5.00000E+01
                             79        5.00000E+01
                             80        5.00000E+01
                             81        5.00000E+01
                             82        5.00000E+01
                             83        5.00000E+01
                             84        5.00000E+01
                             85        5.00000E+01
                             86        5.00000E+01
                             87        5.00000E+01
                             88        5.00000E+01
                             89        5.00000E+01
                             90        5.00000E+01
                             91        5.00000E+01
                             92        5.00000E+01
                             93        5.00000E+01
                             94        5.00000E+01
                             95        5.00000E+01
                             96        5.00000E+01
                             97        5.00000E+01
                             98        5.00000E+01
                             99        5.00000E+01
                            100        5.00000E+01
                            101        5.00000E+01
                            102        5.00000E+01
                            103        5.00000E+01
                            104        5.00000E+01
                            105        5.00000E+01
                            106        5.00000E+01
                            107        5.00000E+01
                            108        5.00000E+01
                            109        5.00000E+01
                            110        5.00000E+01
                            111        5.00000E+01
                            112        5.00000E+01
                            113        5.00000E+01
                            114        5.00000E+01
                            115        5.00000E+01
                            116        5.00000E+01
                            117        5.00000E+01
                            118        5.00000E+01
                            119        5.00000E+01
                            120        5.00000E+01
                            121        5.00000E+01
                            122        5.00000E+01
                            123        5.00000E+01
                            124        5.00000E+01
                            125        5.00000E+01
                            126        5.00000E+01
                            127        5.00000E+01
                            128        5.00000E+01
                            129        5.00000E+01


                    EXCITATION BY VOLTAGE SOURCE AT A SEGMENT

 Name:                          TxPort
 Source index:                  1
 Frequency in Hz:               FREQ =    2.40000E+09
 Wavelength in m:               LAMBDA =  1.24914E-01
 Open circuit voltage in V:     |U0| =    1.00000E+00 
 Phase in degrees:              ARG(U0) =        0.00
 Attached to port:              Segment port
 Port at segment with label:    source_dipole.SWire1.SPort100
 Absolute number of segment:    917
 Radius of segment in m:        1.56142E-03
 Location of the port in m:     x =  5.00000E-01, y =  6.47487E+00, z =  2.34853E+00
 Positive direction:            x =  0.00000E+00, y =  1.00000E+00, z =  0.00000E+00


                      DATA FOR LABELS

 Label Rectangle1.Face1: 
          Thin isotropic dielectric sheet
          Surface thickness:  3.00000E-01 m
          Layer =  1   Eps_r =   5.500E+00   Sigma =   1.469E-01 S/m   tan(delta) =   2.000E-01

 Label Rectangle2.Face2: 
          Thin isotropic dielectric sheet
          Surface thickness:  3.00000E-01 m
          Layer =  1   Eps_r =   5.500E+00   Sigma =   1.469E-01 S/m   tan(delta) =   2.000E-01

 Label Rectangle3.Face3: 
          Thin isotropic dielectric sheet
          Surface thickness:  3.00000E-01 m
          Layer =  1   Eps_r =   5.500E+00   Sigma =   1.469E-01 S/m   tan(delta) =   2.000E-01

 Label Rectangle4.Face4: 
          Thin isotropic dielectric sheet
          Surface thickness:  3.00000E-01 m
          Layer =  1   Eps_r =   5.500E+00   Sigma =   1.469E-01 S/m   tan(delta) =   2.000E-01

 Label Rectangle5.Face5: 
          Thin isotropic dielectric sheet
          Surface thickness:  3.00000E-01 m
          Layer =  1   Eps_r =   5.500E+00   Sigma =   1.469E-01 S/m   tan(delta) =   2.000E-01

 Label Rectangle6.Face6: 
          Thin isotropic dielectric sheet
          Surface thickness:  3.00000E-01 m
          Layer =  1   Eps_r =   5.500E+00   Sigma =   1.469E-01 S/m   tan(delta) =   2.000E-01

 All segments and metallic triangles without a listed label are perfectly conducting.


                      DATA FOR SEGMENT LOADS

 Label dipole.Wire1.Port2: 
          Loaded wire
          RSS=   0.000E+00 Ohm/m  LSS=   0.000E+00 H/m    CSS=   0.000E+00 F
          RS =   0.000E+00 Ohm    LS =   0.000E+00 H      CS =   0.000E+00 F
          RP =   0.000E+00 Ohm    LP =   0.000E+00 H      CP =   0.000E+00 F
          ZS =   (  5.000E+01 +j  0.000E+00) Ohm          (indep. of freq.)
          Zload'=(  0.000E+00 +j  0.000E+00) Ohm/m        (freq. dep.)
          Zload =(  5.000E+01 +j  0.000E+00) Ohm          (freq. dep.)

 Label dipole.Wire1.Port3: 
          Loaded wire
          RSS=   0.000E+00 Ohm/m  LSS=   0.000E+00 H/m    CSS=   0.000E+00 F
          RS =   0.000E+00 Ohm    LS =   0.000E+00 H      CS =   0.000E+00 F
          RP =   0.000E+00 Ohm    LP =   0.000E+00 H      CP =   0.000E+00 F
          ZS =   (  5.000E+01 +j  0.000E+00) Ohm          (indep. of freq.)
          Zload'=(  0.000E+00 +j  0.000E+00) Ohm/m        (freq. dep.)
          Zload =(  5.000E+01 +j  0.000E+00) Ohm          (freq. dep.)

 Label dipole.Wire1.Port4: 
          Loaded wire
          RSS=   0.000E+00 Ohm/m  LSS=   0.000E+00 H/m    CSS=   0.000E+00 F
          RS =   0.000E+00 Ohm    LS =   0.000E+00 H      CS =   0.000E+00 F
          RP =   0.000E+00 Ohm    LP =   0.000E+00 H      CP =   0.000E+00 F
          ZS =   (  5.000E+01 +j  0.000E+00) Ohm          (indep. of freq.)
          Zload'=(  0.000E+00 +j  0.000E+00) Ohm/m        (freq. dep.)
          Zload =(  5.000E+01 +j  0.000E+00) Ohm          (freq. dep.)

 Label dipole.Wire1.Port5: 
          Loaded wire
          RSS=   0.000E+00 Ohm/m  LSS=   0.000E+00 H/m    CSS=   0.000E+00 F
          RS =   0.000E+00 Ohm    LS =   0.000E+00 H      CS =   0.000E+00 F
          RP =   0.000E+00 Ohm    LP =   0.000E+00 H      CP =   0.000E+00 F
          ZS =   (  5.000E+01 +j  0.000E+00) Ohm          (indep. of freq.)
          Zload'=(  0.000E+00 +j  0.000E+00) Ohm/m        (freq. dep.)
          Zload =(  5.000E+01 +j  0.000E+00) Ohm          (freq. dep.)

 Label dipole.Wire1.Port6: 
          Loaded wire
          RSS=   0.000E+00 Ohm/m  LSS=   0.000E+00 H/m    CSS=   0.000E+00 F
          RS =   0.000E+00 Ohm    LS =   0.000E+00 H      CS =   0.000E+00 F
          RP =   0.000E+00 Ohm    LP =   0.000E+00 H      CP =   0.000E+00 F
          ZS =   (  5.000E+01 +j  0.000E+00) Ohm          (indep. of freq.)
          Zload'=(  0.000E+00 +j  0.000E+00) Ohm/m        (freq. dep.)
          Zload =(  5.000E+01 +j  0.000E+00) Ohm          (freq. dep.)

 Label dipole.Wire1.Port7: 
          Loaded wire
          RSS=   0.000E+00 Ohm/m  LSS=   0.000E+00 H/m    CSS=   0.000E+00 F
          RS =   0.000E+00 Ohm    LS =   0.000E+00 H      CS =   0.000E+00 F
          RP =   0.000E+00 Ohm    LP =   0.000E+00 H      CP =   0.000E+00 F
          ZS =   (  5.000E+01 +j  0.000E+00) Ohm          (indep. of freq.)
          Zload'=(  0.000E+00 +j  0.000E+00) Ohm/m        (freq. dep.)
          Zload =(  5.000E+01 +j  0.000E+00) Ohm          (freq. dep.)

 Label dipole.Wire1.Port8: 
          Loaded wire
          RSS=   0.000E+00 Ohm/m  LSS=   0.000E+00 H/m    CSS=   0.000E+00 F
          RS =   0.000E+00 Ohm    LS =   0.000E+00 H      CS =   0.000E+00 F
          RP =   0.000E+00 Ohm    LP =   0.000E+00 H      CP =   0.000E+00 F
          ZS =   (  5.000E+01 +j  0.000E+00) Ohm          (indep. of freq.)
          Zload'=(  0.000E+00 +j  0.000E+00) Ohm/m        (freq. dep.)
          Zload =(  5.000E+01 +j  0.000E+00) Ohm          (freq. dep.)

 Label dipole.Wire1.Port9: 
          Loaded wire
          RSS=   0.000E+00 Ohm/m  LSS=   0.000E+00 H/m    CSS=   0.000E+00 F
          RS =   0.000E+00 Ohm    LS =   0.000E+00 H      CS =   0.000E+00 F
          RP =   0.000E+00 Ohm    LP =   0.000E+00 H      CP =   0.000E+00 F
          ZS =   (  5.000E+01 +j  0.000E+00) Ohm          (indep. of freq.)
          Zload'=(  0.000E+00 +j  0.000E+00) Ohm/m        (freq. dep.)
          Zload =(  5.000E+01 +j  0.000E+00) Ohm          (freq. dep.)

 Label dipole.Wire1.Port10: 
          Loaded wire
          RSS=   0.000E+00 Ohm/m  LSS=   0.000E+00 H/m    CSS=   0.000E+00 F
          RS =   0.000E+00 Ohm    LS =   0.000E+00 H      CS =   0.000E+00 F
          RP =   0.000E+00 Ohm    LP =   0.000E+00 H      CP =   0.000E+00 F
          ZS =   (  5.000E+01 +j  0.000E+00) Ohm          (indep. of freq.)
          Zload'=(  0.000E+00 +j  0.000E+00) Ohm/m        (freq. dep.)
          Zload =(  5.000E+01 +j  0.000E+00) Ohm          (freq. dep.)

 Label dipole.Wire1.Port11: 
          Loaded wire
          RSS=   0.000E+00 Ohm/m  LSS=   0.000E+00 H/m    CSS=   0.000E+00 F
          RS =   0.000E+00 Ohm    LS =   0.000E+00 H      CS =   0.000E+00 F
          RP =   0.000E+00 Ohm    LP =   0.000E+00 H      CP =   0.000E+00 F
          ZS =   (  5.000E+01 +j  0.000E+00) Ohm          (indep. of freq.)
          Zload'=(  0.000E+00 +j  0.000E+00) Ohm/m        (freq. dep.)
          Zload =(  5.000E+01 +j  0.000E+00) Ohm          (freq. dep.)

 Label dipole.Wire1.Port12: 
          Loaded wire
          RSS=   0.000E+00 Ohm/m  LSS=   0.000E+00 H/m    CSS=   0.000E+00 F
          RS =   0.000E+00 Ohm    LS =   0.000E+00 H      CS =   0.000E+00 F
          RP =   0.000E+00 Ohm    LP =   0.000E+00 H      CP =   0.000E+00 F
          ZS =   (  5.000E+01 +j  0.000E+00) Ohm          (indep. of freq.)
          Zload'=(  0.000E+00 +j  0.000E+00) Ohm/m        (freq. dep.)
          Zload =(  5.000E+01 +j  0.000E+00) Ohm          (freq. dep.)

 Label dipole.Wire1.Port13: 
          Loaded wire
          RSS=   0.000E+00 Ohm/m  LSS=   0.000E+00 H/m    CSS=   0.000E+00 F
          RS =   0.000E+00 Ohm    LS =   0.000E+00 H      CS =   0.000E+00 F
          RP =   0.000E+00 Ohm    LP =   0.000E+00 H      CP =   0.000E+00 F
          ZS =   (  5.000E+01 +j  0.000E+00) Ohm          (indep. of freq.)
          Zload'=(  0.000E+00 +j  0.000E+00) Ohm/m        (freq. dep.)
          Zload =(  5.000E+01 +j  0.000E+00) Ohm          (freq. dep.)

 Label dipole.Wire1.Port14: 
          Loaded wire
          RSS=   0.000E+00 Ohm/m  LSS=   0.000E+00 H/m    CSS=   0.000E+00 F
          RS =   0.000E+00 Ohm    LS =   0.000E+00 H      CS =   0.000E+00 F
          RP =   0.000E+00 Ohm    LP =   0.000E+00 H      CP =   0.000E+00 F
          ZS =   (  5.000E+01 +j  0.000E+00) Ohm          (indep. of freq.)
          Zload'=(  0.000E+00 +j  0.000E+00) Ohm/m        (freq. dep.)
          Zload =(  5.000E+01 +j  0.000E+00) Ohm          (freq. dep.)

 Label dipole.Wire1.Port15: 
          Loaded wire
          RSS=   0.000E+00 Ohm/m  LSS=   0.000E+00 H/m    CSS=   0.000E+00 F
          RS =   0.000E+00 Ohm    LS =   0.000E+00 H      CS =   0.000E+00 F
          RP =   0.000E+00 Ohm    LP =   0.000E+00 H      CP =   0.000E+00 F
          ZS =   (  5.000E+01 +j  0.000E+00) Ohm          (indep. of freq.)
          Zload'=(  0.000E+00 +j  0.000E+00) Ohm/m        (freq. dep.)
          Zload =(  5.000E+01 +j  0.000E+00) Ohm          (freq. dep.)

 Label dipole.Wire1.Port16: 
          Loaded wire
          RSS=   0.000E+00 Ohm/m  LSS=   0.000E+00 H/m    CSS=   0.000E+00 F
          RS =   0.000E+00 Ohm    LS =   0.000E+00 H      CS =   0.000E+00 F
          RP =   0.000E+00 Ohm    LP =   0.000E+00 H      CP =   0.000E+00 F
          ZS =   (  5.000E+01 +j  0.000E+00) Ohm          (indep. of freq.)
          Zload'=(  0.000E+00 +j  0.000E+00) Ohm/m        (freq. dep.)
          Zload =(  5.000E+01 +j  0.000E+00) Ohm          (freq. dep.)

 Label dipole.Wire1.Port17: 
          Loaded wire
          RSS=   0.000E+00 Ohm/m  LSS=   0.000E+00 H/m    CSS=   0.000E+00 F
          RS =   0.000E+00 Ohm    LS =   0.000E+00 H      CS =   0.000E+00 F
          RP =   0.000E+00 Ohm    LP =   0.000E+00 H      CP =   0.000E+00 F
          ZS =   (  5.000E+01 +j  0.000E+00) Ohm          (indep. of freq.)
          Zload'=(  0.000E+00 +j  0.000E+00) Ohm/m        (freq. dep.)
          Zload =(  5.000E+01 +j  0.000E+00) Ohm          (freq. dep.)

 Label dipole.Wire1.Port18: 
          Loaded wire
          RSS=   0.000E+00 Ohm/m  LSS=   0.000E+00 H/m    CSS=   0.000E+00 F
          RS =   0.000E+00 Ohm    LS =   0.000E+00 H      CS =   0.000E+00 F
          RP =   0.000E+00 Ohm    LP =   0.000E+00 H      CP =   0.000E+00 F
          ZS =   (  5.000E+01 +j  0.000E+00) Ohm          (indep. of freq.)
          Zload'=(  0.000E+00 +j  0.000E+00) Ohm/m        (freq. dep.)
          Zload =(  5.000E+01 +j  0.000E+00) Ohm          (freq. dep.)

 Label dipole.Wire1.Port19: 
          Loaded wire
          RSS=   0.000E+00 Ohm/m  LSS=   0.000E+00 H/m    CSS=   0.000E+00 F
          RS =   0.000E+00 Ohm    LS =   0.000E+00 H      CS =   0.000E+00 F
          RP =   0.000E+00 Ohm    LP =   0.000E+00 H      CP =   0.000E+00 F
          ZS =   (  5.000E+01 +j  0.000E+00) Ohm          (indep. of freq.)
          Zload'=(  0.000E+00 +j  0.000E+00) Ohm/m        (freq. dep.)
          Zload =(  5.000E+01 +j  0.000E+00) Ohm          (freq. dep.)

 Label dipole.Wire1.Port20: 
          Loaded wire
          RSS=   0.000E+00 Ohm/m  LSS=   0.000E+00 H/m    CSS=   0.000E+00 F
          RS =   0.000E+00 Ohm    LS =   0.000E+00 H      CS =   0.000E+00 F
          RP =   0.000E+00 Ohm    LP =   0.000E+00 H      CP =   0.000E+00 F
          ZS =   (  5.000E+01 +j  0.000E+00) Ohm          (indep. of freq.)
          Zload'=(  0.000E+00 +j  0.000E+00) Ohm/m        (freq. dep.)
          Zload =(  5.000E+01 +j  0.000E+00) Ohm          (freq. dep.)

 Label dipole.Wire1.Port21: 
          Loaded wire
          RSS=   0.000E+00 Ohm/m  LSS=   0.000E+00 H/m    CSS=   0.000E+00 F
          RS =   0.000E+00 Ohm    LS =   0.000E+00 H      CS =   0.000E+00 F
          RP =   0.000E+00 Ohm    LP =   0.000E+00 H      CP =   0.000E+00 F
          ZS =   (  5.000E+01 +j  0.000E+00) Ohm          (indep. of freq.)
          Zload'=(  0.000E+00 +j  0.000E+00) Ohm/m        (freq. dep.)
          Zload =(  5.000E+01 +j  0.000E+00) Ohm          (freq. dep.)

 Label dipole.Wire1.Port22: 
          Loaded wire
          RSS=   0.000E+00 Ohm/m  LSS=   0.000E+00 H/m    CSS=   0.000E+00 F
          RS =   0.000E+00 Ohm    LS =   0.000E+00 H      CS =   0.000E+00 F
          RP =   0.000E+00 Ohm    LP =   0.000E+00 H      CP =   0.000E+00 F
          ZS =   (  5.000E+01 +j  0.000E+00) Ohm          (indep. of freq.)
          Zload'=(  0.000E+00 +j  0.000E+00) Ohm/m        (freq. dep.)
          Zload =(  5.000E+01 +j  0.000E+00) Ohm          (freq. dep.)

 Label dipole.Wire1.Port23: 
          Loaded wire
          RSS=   0.000E+00 Ohm/m  LSS=   0.000E+00 H/m    CSS=   0.000E+00 F
          RS =   0.000E+00 Ohm    LS =   0.000E+00 H      CS =   0.000E+00 F
          RP =   0.000E+00 Ohm    LP =   0.000E+00 H      CP =   0.000E+00 F
          ZS =   (  5.000E+01 +j  0.000E+00) Ohm          (indep. of freq.)
          Zload'=(  0.000E+00 +j  0.000E+00) Ohm/m        (freq. dep.)
          Zload =(  5.000E+01 +j  0.000E+00) Ohm          (freq. dep.)

 Label dipole.Wire1.Port24: 
          Loaded wire
          RSS=   0.000E+00 Ohm/m  LSS=   0.000E+00 H/m    CSS=   0.000E+00 F
          RS =   0.000E+00 Ohm    LS =   0.000E+00 H      CS =   0.000E+00 F
          RP =   0.000E+00 Ohm    LP =   0.000E+00 H      CP =   0.000E+00 F
          ZS =   (  5.000E+01 +j  0.000E+00) Ohm          (indep. of freq.)
          Zload'=(  0.000E+00 +j  0.000E+00) Ohm/m        (freq. dep.)
          Zload =(  5.000E+01 +j  0.000E+00) Ohm          (freq. dep.)

 Label dipole.Wire1.Port25: 
          Loaded wire
          RSS=   0.000E+00 Ohm/m  LSS=   0.000E+00 H/m    CSS=   0.000E+00 F
          RS =   0.000E+00 Ohm    LS =   0.000E+00 H      CS =   0.000E+00 F
          RP =   0.000E+00 Ohm    LP =   0.000E+00 H      CP =   0.000E+00 F
          ZS =   (  5.000E+01 +j  0.000E+00) Ohm          (indep. of freq.)
          Zload'=(  0.000E+00 +j  0.000E+00) Ohm/m        (freq. dep.)
          Zload =(  5.000E+01 +j  0.000E+00) Ohm          (freq. dep.)

 Label dipole.Wire1.Port26: 
          Loaded wire
          RSS=   0.000E+00 Ohm/m  LSS=   0.000E+00 H/m    CSS=   0.000E+00 F
          RS =   0.000E+00 Ohm    LS =   0.000E+00 H      CS =   0.000E+00 F
          RP =   0.000E+00 Ohm    LP =   0.000E+00 H      CP =   0.000E+00 F
          ZS =   (  5.000E+01 +j  0.000E+00) Ohm          (indep. of freq.)
          Zload'=(  0.000E+00 +j  0.000E+00) Ohm/m        (freq. dep.)
          Zload =(  5.000E+01 +j  0.000E+00) Ohm          (freq. dep.)

 Label dipole.Wire1.Port27: 
          Loaded wire
          RSS=   0.000E+00 Ohm/m  LSS=   0.000E+00 H/m    CSS=   0.000E+00 F
          RS =   0.000E+00 Ohm    LS =   0.000E+00 H      CS =   0.000E+00 F
          RP =   0.000E+00 Ohm    LP =   0.000E+00 H      CP =   0.000E+00 F
          ZS =   (  5.000E+01 +j  0.000E+00) Ohm          (indep. of freq.)
          Zload'=(  0.000E+00 +j  0.000E+00) Ohm/m        (freq. dep.)
          Zload =(  5.000E+01 +j  0.000E+00) Ohm          (freq. dep.)

 Label dipole.Wire1.Port28: 
          Loaded wire
          RSS=   0.000E+00 Ohm/m  LSS=   0.000E+00 H/m    CSS=   0.000E+00 F
          RS =   0.000E+00 Ohm    LS =   0.000E+00 H      CS =   0.000E+00 F
          RP =   0.000E+00 Ohm    LP =   0.000E+00 H      CP =   0.000E+00 F
          ZS =   (  5.000E+01 +j  0.000E+00) Ohm          (indep. of freq.)
          Zload'=(  0.000E+00 +j  0.000E+00) Ohm/m        (freq. dep.)
          Zload =(  5.000E+01 +j  0.000E+00) Ohm          (freq. dep.)

 Label dipole.Wire1.Port29: 
          Loaded wire
          RSS=   0.000E+00 Ohm/m  LSS=   0.000E+00 H/m    CSS=   0.000E+00 F
          RS =   0.000E+00 Ohm    LS =   0.000E+00 H      CS =   0.000E+00 F
          RP =   0.000E+00 Ohm    LP =   0.000E+00 H      CP =   0.000E+00 F
          ZS =   (  5.000E+01 +j  0.000E+00) Ohm          (indep. of freq.)
          Zload'=(  0.000E+00 +j  0.000E+00) Ohm/m        (freq. dep.)
          Zload =(  5.000E+01 +j  0.000E+00) Ohm          (freq. dep.)

 Label dipole.Wire1.Port30: 
          Loaded wire
          RSS=   0.000E+00 Ohm/m  LSS=   0.000E+00 H/m    CSS=   0.000E+00 F
          RS =   0.000E+00 Ohm    LS =   0.000E+00 H      CS =   0.000E+00 F
          RP =   0.000E+00 Ohm    LP =   0.000E+00 H      CP =   0.000E+00 F
          ZS =   (  5.000E+01 +j  0.000E+00) Ohm          (indep. of freq.)
          Zload'=(  0.000E+00 +j  0.000E+00) Ohm/m        (freq. dep.)
          Zload =(  5.000E+01 +j  0.000E+00) Ohm          (freq. dep.)

 Label dipole.Wire1.Port31: 
          Loaded wire
          RSS=   0.000E+00 Ohm/m  LSS=   0.000E+00 H/m    CSS=   0.000E+00 F
          RS =   0.000E+00 Ohm    LS =   0.000E+00 H      CS =   0.000E+00 F
          RP =   0.000E+00 Ohm    LP =   0.000E+00 H      CP =   0.000E+00 F
          ZS =   (  5.000E+01 +j  0.000E+00) Ohm          (indep. of freq.)
          Zload'=(  0.000E+00 +j  0.000E+00) Ohm/m        (freq. dep.)
          Zload =(  5.000E+01 +j  0.000E+00) Ohm          (freq. dep.)

 Label dipole.Wire1.Port32: 
          Loaded wire
          RSS=   0.000E+00 Ohm/m  LSS=   0.000E+00 H/m    CSS=   0.000E+00 F
          RS =   0.000E+00 Ohm    LS =   0.000E+00 H      CS =   0.000E+00 F
          RP =   0.000E+00 Ohm    LP =   0.000E+00 H      CP =   0.000E+00 F
          ZS =   (  5.000E+01 +j  0.000E+00) Ohm          (indep. of freq.)
          Zload'=(  0.000E+00 +j  0.000E+00) Ohm/m        (freq. dep.)
          Zload =(  5.000E+01 +j  0.000E+00) Ohm          (freq. dep.)

 Label dipole.Wire1.Port33: 
          Loaded wire
          RSS=   0.000E+00 Ohm/m  LSS=   0.000E+00 H/m    CSS=   0.000E+00 F
          RS =   0.000E+00 Ohm    LS =   0.000E+00 H      CS =   0.000E+00 F
          RP =   0.000E+00 Ohm    LP =   0.000E+00 H      CP =   0.000E+00 F
          ZS =   (  5.000E+01 +j  0.000E+00) Ohm          (indep. of freq.)
          Zload'=(  0.000E+00 +j  0.000E+00) Ohm/m        (freq. dep.)
          Zload =(  5.000E+01 +j  0.000E+00) Ohm          (freq. dep.)

 Label dipole.Wire1.Port34: 
          Loaded wire
          RSS=   0.000E+00 Ohm/m  LSS=   0.000E+00 H/m    CSS=   0.000E+00 F
          RS =   0.000E+00 Ohm    LS =   0.000E+00 H      CS =   0.000E+00 F
          RP =   0.000E+00 Ohm    LP =   0.000E+00 H      CP =   0.000E+00 F
          ZS =   (  5.000E+01 +j  0.000E+00) Ohm          (indep. of freq.)
          Zload'=(  0.000E+00 +j  0.000E+00) Ohm/m        (freq. dep.)
          Zload =(  5.000E+01 +j  0.000E+00) Ohm          (freq. dep.)

 Label dipole.Wire1.Port35: 
          Loaded wire
          RSS=   0.000E+00 Ohm/m  LSS=   0.000E+00 H/m    CSS=   0.000E+00 F
          RS =   0.000E+00 Ohm    LS =   0.000E+00 H      CS =   0.000E+00 F
          RP =   0.000E+00 Ohm    LP =   0.000E+00 H      CP =   0.000E+00 F
          ZS =   (  5.000E+01 +j  0.000E+00) Ohm          (indep. of freq.)
          Zload'=(  0.000E+00 +j  0.000E+00) Ohm/m        (freq. dep.)
          Zload =(  5.000E+01 +j  0.000E+00) Ohm          (freq. dep.)

 Label dipole.Wire1.Port36: 
          Loaded wire
          RSS=   0.000E+00 Ohm/m  LSS=   0.000E+00 H/m    CSS=   0.000E+00 F
          RS =   0.000E+00 Ohm    LS =   0.000E+00 H      CS =   0.000E+00 F
          RP =   0.000E+00 Ohm    LP =   0.000E+00 H      CP =   0.000E+00 F
          ZS =   (  5.000E+01 +j  0.000E+00) Ohm          (indep. of freq.)
          Zload'=(  0.000E+00 +j  0.000E+00) Ohm/m        (freq. dep.)
          Zload =(  5.000E+01 +j  0.000E+00) Ohm          (freq. dep.)

 Label dipole.Wire1.Port37: 
          Loaded wire
          RSS=   0.000E+00 Ohm/m  LSS=   0.000E+00 H/m    CSS=   0.000E+00 F
          RS =   0.000E+00 Ohm    LS =   0.000E+00 H      CS =   0.000E+00 F
          RP =   0.000E+00 Ohm    LP =   0.000E+00 H      CP =   0.000E+00 F
          ZS =   (  5.000E+01 +j  0.000E+00) Ohm          (indep. of freq.)
          Zload'=(  0.000E+00 +j  0.000E+00) Ohm/m        (freq. dep.)
          Zload =(  5.000E+01 +j  0.000E+00) Ohm          (freq. dep.)

 Label dipole.Wire1.Port38: 
          Loaded wire
          RSS=   0.000E+00 Ohm/m  LSS=   0.000E+00 H/m    CSS=   0.000E+00 F
          RS =   0.000E+00 Ohm    LS =   0.000E+00 H      CS =   0.000E+00 F
          RP =   0.000E+00 Ohm    LP =   0.000E+00 H      CP =   0.000E+00 F
          ZS =   (  5.000E+01 +j  0.000E+00) Ohm          (indep. of freq.)
          Zload'=(  0.000E+00 +j  0.000E+00) Ohm/m        (freq. dep.)
          Zload =(  5.000E+01 +j  0.000E+00) Ohm          (freq. dep.)

 Label dipole.Wire1.Port39: 
          Loaded wire
          RSS=   0.000E+00 Ohm/m  LSS=   0.000E+00 H/m    CSS=   0.000E+00 F
          RS =   0.000E+00 Ohm    LS =   0.000E+00 H      CS =   0.000E+00 F
          RP =   0.000E+00 Ohm    LP =   0.000E+00 H      CP =   0.000E+00 F
          ZS =   (  5.000E+01 +j  0.000E+00) Ohm          (indep. of freq.)
          Zload'=(  0.000E+00 +j  0.000E+00) Ohm/m        (freq. dep.)
          Zload =(  5.000E+01 +j  0.000E+00) Ohm          (freq. dep.)

 Label dipole.Wire1.Port40: 
          Loaded wire
          RSS=   0.000E+00 Ohm/m  LSS=   0.000E+00 H/m    CSS=   0.000E+00 F
          RS =   0.000E+00 Ohm    LS =   0.000E+00 H      CS =   0.000E+00 F
          RP =   0.000E+00 Ohm    LP =   0.000E+00 H      CP =   0.000E+00 F
          ZS =   (  5.000E+01 +j  0.000E+00) Ohm          (indep. of freq.)
          Zload'=(  0.000E+00 +j  0.000E+00) Ohm/m        (freq. dep.)
          Zload =(  5.000E+01 +j  0.000E+00) Ohm          (freq. dep.)

 Label dipole.Wire1.Port41: 
          Loaded wire
          RSS=   0.000E+00 Ohm/m  LSS=   0.000E+00 H/m    CSS=   0.000E+00 F
          RS =   0.000E+00 Ohm    LS =   0.000E+00 H      CS =   0.000E+00 F
          RP =   0.000E+00 Ohm    LP =   0.000E+00 H      CP =   0.000E+00 F
          ZS =   (  5.000E+01 +j  0.000E+00) Ohm          (indep. of freq.)
          Zload'=(  0.000E+00 +j  0.000E+00) Ohm/m        (freq. dep.)
          Zload =(  5.000E+01 +j  0.000E+00) Ohm          (freq. dep.)

 Label dipole.Wire1.Port42: 
          Loaded wire
          RSS=   0.000E+00 Ohm/m  LSS=   0.000E+00 H/m    CSS=   0.000E+00 F
          RS =   0.000E+00 Ohm    LS =   0.000E+00 H      CS =   0.000E+00 F
          RP =   0.000E+00 Ohm    LP =   0.000E+00 H      CP =   0.000E+00 F
          ZS =   (  5.000E+01 +j  0.000E+00) Ohm          (indep. of freq.)
          Zload'=(  0.000E+00 +j  0.000E+00) Ohm/m        (freq. dep.)
          Zload =(  5.000E+01 +j  0.000E+00) Ohm          (freq. dep.)

 Label dipole.Wire1.Port43: 
          Loaded wire
          RSS=   0.000E+00 Ohm/m  LSS=   0.000E+00 H/m    CSS=   0.000E+00 F
          RS =   0.000E+00 Ohm    LS =   0.000E+00 H      CS =   0.000E+00 F
          RP =   0.000E+00 Ohm    LP =   0.000E+00 H      CP =   0.000E+00 F
          ZS =   (  5.000E+01 +j  0.000E+00) Ohm          (indep. of freq.)
          Zload'=(  0.000E+00 +j  0.000E+00) Ohm/m        (freq. dep.)
          Zload =(  5.000E+01 +j  0.000E+00) Ohm          (freq. dep.)

 Label dipole.Wire1.Port44: 
          Loaded wire
          RSS=   0.000E+00 Ohm/m  LSS=   0.000E+00 H/m    CSS=   0.000E+00 F
          RS =   0.000E+00 Ohm    LS =   0.000E+00 H      CS =   0.000E+00 F
          RP =   0.000E+00 Ohm    LP =   0.000E+00 H      CP =   0.000E+00 F
          ZS =   (  5.000E+01 +j  0.000E+00) Ohm          (indep. of freq.)
          Zload'=(  0.000E+00 +j  0.000E+00) Ohm/m        (freq. dep.)
          Zload =(  5.000E+01 +j  0.000E+00) Ohm          (freq. dep.)

 Label dipole.Wire1.Port45: 
          Loaded wire
          RSS=   0.000E+00 Ohm/m  LSS=   0.000E+00 H/m    CSS=   0.000E+00 F
          RS =   0.000E+00 Ohm    LS =   0.000E+00 H      CS =   0.000E+00 F
          RP =   0.000E+00 Ohm    LP =   0.000E+00 H      CP =   0.000E+00 F
          ZS =   (  5.000E+01 +j  0.000E+00) Ohm          (indep. of freq.)
          Zload'=(  0.000E+00 +j  0.000E+00) Ohm/m        (freq. dep.)
          Zload =(  5.000E+01 +j  0.000E+00) Ohm          (freq. dep.)

 Label dipole.Wire1.Port46: 
          Loaded wire
          RSS=   0.000E+00 Ohm/m  LSS=   0.000E+00 H/m    CSS=   0.000E+00 F
          RS =   0.000E+00 Ohm    LS =   0.000E+00 H      CS =   0.000E+00 F
          RP =   0.000E+00 Ohm    LP =   0.000E+00 H      CP =   0.000E+00 F
          ZS =   (  5.000E+01 +j  0.000E+00) Ohm          (indep. of freq.)
          Zload'=(  0.000E+00 +j  0.000E+00) Ohm/m        (freq. dep.)
          Zload =(  5.000E+01 +j  0.000E+00) Ohm          (freq. dep.)

 Label dipole.Wire1.Port47: 
          Loaded wire
          RSS=   0.000E+00 Ohm/m  LSS=   0.000E+00 H/m    CSS=   0.000E+00 F
          RS =   0.000E+00 Ohm    LS =   0.000E+00 H      CS =   0.000E+00 F
          RP =   0.000E+00 Ohm    LP =   0.000E+00 H      CP =   0.000E+00 F
          ZS =   (  5.000E+01 +j  0.000E+00) Ohm          (indep. of freq.)
          Zload'=(  0.000E+00 +j  0.000E+00) Ohm/m        (freq. dep.)
          Zload =(  5.000E+01 +j  0.000E+00) Ohm          (freq. dep.)

 Label dipole.Wire1.Port48: 
          Loaded wire
          RSS=   0.000E+00 Ohm/m  LSS=   0.000E+00 H/m    CSS=   0.000E+00 F
          RS =   0.000E+00 Ohm    LS =   0.000E+00 H      CS =   0.000E+00 F
          RP =   0.000E+00 Ohm    LP =   0.000E+00 H      CP =   0.000E+00 F
          ZS =   (  5.000E+01 +j  0.000E+00) Ohm          (indep. of freq.)
          Zload'=(  0.000E+00 +j  0.000E+00) Ohm/m        (freq. dep.)
          Zload =(  5.000E+01 +j  0.000E+00) Ohm          (freq. dep.)

 Label dipole.Wire1.Port49: 
          Loaded wire
          RSS=   0.000E+00 Ohm/m  LSS=   0.000E+00 H/m    CSS=   0.000E+00 F
          RS =   0.000E+00 Ohm    LS =   0.000E+00 H      CS =   0.000E+00 F
          RP =   0.000E+00 Ohm    LP =   0.000E+00 H      CP =   0.000E+00 F
          ZS =   (  5.000E+01 +j  0.000E+00) Ohm          (indep. of freq.)
          Zload'=(  0.000E+00 +j  0.000E+00) Ohm/m        (freq. dep.)
          Zload =(  5.000E+01 +j  0.000E+00) Ohm          (freq. dep.)

 Label dipole.Wire1.Port50: 
          Loaded wire
          RSS=   0.000E+00 Ohm/m  LSS=   0.000E+00 H/m    CSS=   0.000E+00 F
          RS =   0.000E+00 Ohm    LS =   0.000E+00 H      CS =   0.000E+00 F
          RP =   0.000E+00 Ohm    LP =   0.000E+00 H      CP =   0.000E+00 F
          ZS =   (  5.000E+01 +j  0.000E+00) Ohm          (indep. of freq.)
          Zload'=(  0.000E+00 +j  0.000E+00) Ohm/m        (freq. dep.)
          Zload =(  5.000E+01 +j  0.000E+00) Ohm          (freq. dep.)

 Label dipole.Wire1.Port51: 
          Loaded wire
          RSS=   0.000E+00 Ohm/m  LSS=   0.000E+00 H/m    CSS=   0.000E+00 F
          RS =   0.000E+00 Ohm    LS =   0.000E+00 H      CS =   0.000E+00 F
          RP =   0.000E+00 Ohm    LP =   0.000E+00 H      CP =   0.000E+00 F
          ZS =   (  5.000E+01 +j  0.000E+00) Ohm          (indep. of freq.)
          Zload'=(  0.000E+00 +j  0.000E+00) Ohm/m        (freq. dep.)
          Zload =(  5.000E+01 +j  0.000E+00) Ohm          (freq. dep.)

 Label dipole.Wire1.Port52: 
          Loaded wire
          RSS=   0.000E+00 Ohm/m  LSS=   0.000E+00 H/m    CSS=   0.000E+00 F
          RS =   0.000E+00 Ohm    LS =   0.000E+00 H      CS =   0.000E+00 F
          RP =   0.000E+00 Ohm    LP =   0.000E+00 H      CP =   0.000E+00 F
          ZS =   (  5.000E+01 +j  0.000E+00) Ohm          (indep. of freq.)
          Zload'=(  0.000E+00 +j  0.000E+00) Ohm/m        (freq. dep.)
          Zload =(  5.000E+01 +j  0.000E+00) Ohm          (freq. dep.)

 Label dipole.Wire1.Port53: 
          Loaded wire
          RSS=   0.000E+00 Ohm/m  LSS=   0.000E+00 H/m    CSS=   0.000E+00 F
          RS =   0.000E+00 Ohm    LS =   0.000E+00 H      CS =   0.000E+00 F
          RP =   0.000E+00 Ohm    LP =   0.000E+00 H      CP =   0.000E+00 F
          ZS =   (  5.000E+01 +j  0.000E+00) Ohm          (indep. of freq.)
          Zload'=(  0.000E+00 +j  0.000E+00) Ohm/m        (freq. dep.)
          Zload =(  5.000E+01 +j  0.000E+00) Ohm          (freq. dep.)

 Label dipole.Wire1.Port54: 
          Loaded wire
          RSS=   0.000E+00 Ohm/m  LSS=   0.000E+00 H/m    CSS=   0.000E+00 F
          RS =   0.000E+00 Ohm    LS =   0.000E+00 H      CS =   0.000E+00 F
          RP =   0.000E+00 Ohm    LP =   0.000E+00 H      CP =   0.000E+00 F
          ZS =   (  5.000E+01 +j  0.000E+00) Ohm          (indep. of freq.)
          Zload'=(  0.000E+00 +j  0.000E+00) Ohm/m        (freq. dep.)
          Zload =(  5.000E+01 +j  0.000E+00) Ohm          (freq. dep.)

 Label dipole.Wire1.Port55: 
          Loaded wire
          RSS=   0.000E+00 Ohm/m  LSS=   0.000E+00 H/m    CSS=   0.000E+00 F
          RS =   0.000E+00 Ohm    LS =   0.000E+00 H      CS =   0.000E+00 F
          RP =   0.000E+00 Ohm    LP =   0.000E+00 H      CP =   0.000E+00 F
          ZS =   (  5.000E+01 +j  0.000E+00) Ohm          (indep. of freq.)
          Zload'=(  0.000E+00 +j  0.000E+00) Ohm/m        (freq. dep.)
          Zload =(  5.000E+01 +j  0.000E+00) Ohm          (freq. dep.)

 Label dipole.Wire1.Port56: 
          Loaded wire
          RSS=   0.000E+00 Ohm/m  LSS=   0.000E+00 H/m    CSS=   0.000E+00 F
          RS =   0.000E+00 Ohm    LS =   0.000E+00 H      CS =   0.000E+00 F
          RP =   0.000E+00 Ohm    LP =   0.000E+00 H      CP =   0.000E+00 F
          ZS =   (  5.000E+01 +j  0.000E+00) Ohm          (indep. of freq.)
          Zload'=(  0.000E+00 +j  0.000E+00) Ohm/m        (freq. dep.)
          Zload =(  5.000E+01 +j  0.000E+00) Ohm          (freq. dep.)

 Label dipole.Wire1.Port57: 
          Loaded wire
          RSS=   0.000E+00 Ohm/m  LSS=   0.000E+00 H/m    CSS=   0.000E+00 F
          RS =   0.000E+00 Ohm    LS =   0.000E+00 H      CS =   0.000E+00 F
          RP =   0.000E+00 Ohm    LP =   0.000E+00 H      CP =   0.000E+00 F
          ZS =   (  5.000E+01 +j  0.000E+00) Ohm          (indep. of freq.)
          Zload'=(  0.000E+00 +j  0.000E+00) Ohm/m        (freq. dep.)
          Zload =(  5.000E+01 +j  0.000E+00) Ohm          (freq. dep.)

 Label dipole.Wire1.Port58: 
          Loaded wire
          RSS=   0.000E+00 Ohm/m  LSS=   0.000E+00 H/m    CSS=   0.000E+00 F
          RS =   0.000E+00 Ohm    LS =   0.000E+00 H      CS =   0.000E+00 F
          RP =   0.000E+00 Ohm    LP =   0.000E+00 H      CP =   0.000E+00 F
          ZS =   (  5.000E+01 +j  0.000E+00) Ohm          (indep. of freq.)
          Zload'=(  0.000E+00 +j  0.000E+00) Ohm/m        (freq. dep.)
          Zload =(  5.000E+01 +j  0.000E+00) Ohm          (freq. dep.)

 Label dipole.Wire1.Port59: 
          Loaded wire
          RSS=   0.000E+00 Ohm/m  LSS=   0.000E+00 H/m    CSS=   0.000E+00 F
          RS =   0.000E+00 Ohm    LS =   0.000E+00 H      CS =   0.000E+00 F
          RP =   0.000E+00 Ohm    LP =   0.000E+00 H      CP =   0.000E+00 F
          ZS =   (  5.000E+01 +j  0.000E+00) Ohm          (indep. of freq.)
          Zload'=(  0.000E+00 +j  0.000E+00) Ohm/m        (freq. dep.)
          Zload =(  5.000E+01 +j  0.000E+00) Ohm          (freq. dep.)

 Label dipole.Wire1.Port60: 
          Loaded wire
          RSS=   0.000E+00 Ohm/m  LSS=   0.000E+00 H/m    CSS=   0.000E+00 F
          RS =   0.000E+00 Ohm    LS =   0.000E+00 H      CS =   0.000E+00 F
          RP =   0.000E+00 Ohm    LP =   0.000E+00 H      CP =   0.000E+00 F
          ZS =   (  5.000E+01 +j  0.000E+00) Ohm          (indep. of freq.)
          Zload'=(  0.000E+00 +j  0.000E+00) Ohm/m        (freq. dep.)
          Zload =(  5.000E+01 +j  0.000E+00) Ohm          (freq. dep.)

 Label dipole.Wire1.Port61: 
          Loaded wire
          RSS=   0.000E+00 Ohm/m  LSS=   0.000E+00 H/m    CSS=   0.000E+00 F
          RS =   0.000E+00 Ohm    LS =   0.000E+00 H      CS =   0.000E+00 F
          RP =   0.000E+00 Ohm    LP =   0.000E+00 H      CP =   0.000E+00 F
          ZS =   (  5.000E+01 +j  0.000E+00) Ohm          (indep. of freq.)
          Zload'=(  0.000E+00 +j  0.000E+00) Ohm/m        (freq. dep.)
          Zload =(  5.000E+01 +j  0.000E+00) Ohm          (freq. dep.)

 Label dipole.Wire1.Port62: 
          Loaded wire
          RSS=   0.000E+00 Ohm/m  LSS=   0.000E+00 H/m    CSS=   0.000E+00 F
          RS =   0.000E+00 Ohm    LS =   0.000E+00 H      CS =   0.000E+00 F
          RP =   0.000E+00 Ohm    LP =   0.000E+00 H      CP =   0.000E+00 F
          ZS =   (  5.000E+01 +j  0.000E+00) Ohm          (indep. of freq.)
          Zload'=(  0.000E+00 +j  0.000E+00) Ohm/m        (freq. dep.)
          Zload =(  5.000E+01 +j  0.000E+00) Ohm          (freq. dep.)

 Label dipole.Wire1.Port63: 
          Loaded wire
          RSS=   0.000E+00 Ohm/m  LSS=   0.000E+00 H/m    CSS=   0.000E+00 F
          RS =   0.000E+00 Ohm    LS =   0.000E+00 H      CS =   0.000E+00 F
          RP =   0.000E+00 Ohm    LP =   0.000E+00 H      CP =   0.000E+00 F
          ZS =   (  5.000E+01 +j  0.000E+00) Ohm          (indep. of freq.)
          Zload'=(  0.000E+00 +j  0.000E+00) Ohm/m        (freq. dep.)
          Zload =(  5.000E+01 +j  0.000E+00) Ohm          (freq. dep.)

 Label dipole.Wire1.Port64: 
          Loaded wire
          RSS=   0.000E+00 Ohm/m  LSS=   0.000E+00 H/m    CSS=   0.000E+00 F
          RS =   0.000E+00 Ohm    LS =   0.000E+00 H      CS =   0.000E+00 F
          RP =   0.000E+00 Ohm    LP =   0.000E+00 H      CP =   0.000E+00 F
          ZS =   (  5.000E+01 +j  0.000E+00) Ohm          (indep. of freq.)
          Zload'=(  0.000E+00 +j  0.000E+00) Ohm/m        (freq. dep.)
          Zload =(  5.000E+01 +j  0.000E+00) Ohm          (freq. dep.)

 Label dipole.Wire1.Port65: 
          Loaded wire
          RSS=   0.000E+00 Ohm/m  LSS=   0.000E+00 H/m    CSS=   0.000E+00 F
          RS =   0.000E+00 Ohm    LS =   0.000E+00 H      CS =   0.000E+00 F
          RP =   0.000E+00 Ohm    LP =   0.000E+00 H      CP =   0.000E+00 F
          ZS =   (  5.000E+01 +j  0.000E+00) Ohm          (indep. of freq.)
          Zload'=(  0.000E+00 +j  0.000E+00) Ohm/m        (freq. dep.)
          Zload =(  5.000E+01 +j  0.000E+00) Ohm          (freq. dep.)

 Label dipole.Wire1.Port66: 
          Loaded wire
          RSS=   0.000E+00 Ohm/m  LSS=   0.000E+00 H/m    CSS=   0.000E+00 F
          RS =   0.000E+00 Ohm    LS =   0.000E+00 H      CS =   0.000E+00 F
          RP =   0.000E+00 Ohm    LP =   0.000E+00 H      CP =   0.000E+00 F
          ZS =   (  5.000E+01 +j  0.000E+00) Ohm          (indep. of freq.)
          Zload'=(  0.000E+00 +j  0.000E+00) Ohm/m        (freq. dep.)
          Zload =(  5.000E+01 +j  0.000E+00) Ohm          (freq. dep.)

 Label dipole.Wire1.Port67: 
          Loaded wire
          RSS=   0.000E+00 Ohm/m  LSS=   0.000E+00 H/m    CSS=   0.000E+00 F
          RS =   0.000E+00 Ohm    LS =   0.000E+00 H      CS =   0.000E+00 F
          RP =   0.000E+00 Ohm    LP =   0.000E+00 H      CP =   0.000E+00 F
          ZS =   (  5.000E+01 +j  0.000E+00) Ohm          (indep. of freq.)
          Zload'=(  0.000E+00 +j  0.000E+00) Ohm/m        (freq. dep.)
          Zload =(  5.000E+01 +j  0.000E+00) Ohm          (freq. dep.)

 Label dipole.Wire1.Port68: 
          Loaded wire
          RSS=   0.000E+00 Ohm/m  LSS=   0.000E+00 H/m    CSS=   0.000E+00 F
          RS =   0.000E+00 Ohm    LS =   0.000E+00 H      CS =   0.000E+00 F
          RP =   0.000E+00 Ohm    LP =   0.000E+00 H      CP =   0.000E+00 F
          ZS =   (  5.000E+01 +j  0.000E+00) Ohm          (indep. of freq.)
          Zload'=(  0.000E+00 +j  0.000E+00) Ohm/m        (freq. dep.)
          Zload =(  5.000E+01 +j  0.000E+00) Ohm          (freq. dep.)

 Label dipole.Wire1.Port69: 
          Loaded wire
          RSS=   0.000E+00 Ohm/m  LSS=   0.000E+00 H/m    CSS=   0.000E+00 F
          RS =   0.000E+00 Ohm    LS =   0.000E+00 H      CS =   0.000E+00 F
          RP =   0.000E+00 Ohm    LP =   0.000E+00 H      CP =   0.000E+00 F
          ZS =   (  5.000E+01 +j  0.000E+00) Ohm          (indep. of freq.)
          Zload'=(  0.000E+00 +j  0.000E+00) Ohm/m        (freq. dep.)
          Zload =(  5.000E+01 +j  0.000E+00) Ohm          (freq. dep.)

 Label dipole.Wire1.Port70: 
          Loaded wire
          RSS=   0.000E+00 Ohm/m  LSS=   0.000E+00 H/m    CSS=   0.000E+00 F
          RS =   0.000E+00 Ohm    LS =   0.000E+00 H      CS =   0.000E+00 F
          RP =   0.000E+00 Ohm    LP =   0.000E+00 H      CP =   0.000E+00 F
          ZS =   (  5.000E+01 +j  0.000E+00) Ohm          (indep. of freq.)
          Zload'=(  0.000E+00 +j  0.000E+00) Ohm/m        (freq. dep.)
          Zload =(  5.000E+01 +j  0.000E+00) Ohm          (freq. dep.)

 Label dipole.Wire1.Port71: 
          Loaded wire
          RSS=   0.000E+00 Ohm/m  LSS=   0.000E+00 H/m    CSS=   0.000E+00 F
          RS =   0.000E+00 Ohm    LS =   0.000E+00 H      CS =   0.000E+00 F
          RP =   0.000E+00 Ohm    LP =   0.000E+00 H      CP =   0.000E+00 F
          ZS =   (  5.000E+01 +j  0.000E+00) Ohm          (indep. of freq.)
          Zload'=(  0.000E+00 +j  0.000E+00) Ohm/m        (freq. dep.)
          Zload =(  5.000E+01 +j  0.000E+00) Ohm          (freq. dep.)

 Label dipole.Wire1.Port72: 
          Loaded wire
          RSS=   0.000E+00 Ohm/m  LSS=   0.000E+00 H/m    CSS=   0.000E+00 F
          RS =   0.000E+00 Ohm    LS =   0.000E+00 H      CS =   0.000E+00 F
          RP =   0.000E+00 Ohm    LP =   0.000E+00 H      CP =   0.000E+00 F
          ZS =   (  5.000E+01 +j  0.000E+00) Ohm          (indep. of freq.)
          Zload'=(  0.000E+00 +j  0.000E+00) Ohm/m        (freq. dep.)
          Zload =(  5.000E+01 +j  0.000E+00) Ohm          (freq. dep.)

 Label dipole.Wire1.Port73: 
          Loaded wire
          RSS=   0.000E+00 Ohm/m  LSS=   0.000E+00 H/m    CSS=   0.000E+00 F
          RS =   0.000E+00 Ohm    LS =   0.000E+00 H      CS =   0.000E+00 F
          RP =   0.000E+00 Ohm    LP =   0.000E+00 H      CP =   0.000E+00 F
          ZS =   (  5.000E+01 +j  0.000E+00) Ohm          (indep. of freq.)
          Zload'=(  0.000E+00 +j  0.000E+00) Ohm/m        (freq. dep.)
          Zload =(  5.000E+01 +j  0.000E+00) Ohm          (freq. dep.)

 Label dipole.Wire1.Port74: 
          Loaded wire
          RSS=   0.000E+00 Ohm/m  LSS=   0.000E+00 H/m    CSS=   0.000E+00 F
          RS =   0.000E+00 Ohm    LS =   0.000E+00 H      CS =   0.000E+00 F
          RP =   0.000E+00 Ohm    LP =   0.000E+00 H      CP =   0.000E+00 F
          ZS =   (  5.000E+01 +j  0.000E+00) Ohm          (indep. of freq.)
          Zload'=(  0.000E+00 +j  0.000E+00) Ohm/m        (freq. dep.)
          Zload =(  5.000E+01 +j  0.000E+00) Ohm          (freq. dep.)

 Label dipole.Wire1.Port75: 
          Loaded wire
          RSS=   0.000E+00 Ohm/m  LSS=   0.000E+00 H/m    CSS=   0.000E+00 F
          RS =   0.000E+00 Ohm    LS =   0.000E+00 H      CS =   0.000E+00 F
          RP =   0.000E+00 Ohm    LP =   0.000E+00 H      CP =   0.000E+00 F
          ZS =   (  5.000E+01 +j  0.000E+00) Ohm          (indep. of freq.)
          Zload'=(  0.000E+00 +j  0.000E+00) Ohm/m        (freq. dep.)
          Zload =(  5.000E+01 +j  0.000E+00) Ohm          (freq. dep.)

 Label dipole.Wire1.Port76: 
          Loaded wire
          RSS=   0.000E+00 Ohm/m  LSS=   0.000E+00 H/m    CSS=   0.000E+00 F
          RS =   0.000E+00 Ohm    LS =   0.000E+00 H      CS =   0.000E+00 F
          RP =   0.000E+00 Ohm    LP =   0.000E+00 H      CP =   0.000E+00 F
          ZS =   (  5.000E+01 +j  0.000E+00) Ohm          (indep. of freq.)
          Zload'=(  0.000E+00 +j  0.000E+00) Ohm/m        (freq. dep.)
          Zload =(  5.000E+01 +j  0.000E+00) Ohm          (freq. dep.)

 Label dipole.Wire1.Port77: 
          Loaded wire
          RSS=   0.000E+00 Ohm/m  LSS=   0.000E+00 H/m    CSS=   0.000E+00 F
          RS =   0.000E+00 Ohm    LS =   0.000E+00 H      CS =   0.000E+00 F
          RP =   0.000E+00 Ohm    LP =   0.000E+00 H      CP =   0.000E+00 F
          ZS =   (  5.000E+01 +j  0.000E+00) Ohm          (indep. of freq.)
          Zload'=(  0.000E+00 +j  0.000E+00) Ohm/m        (freq. dep.)
          Zload =(  5.000E+01 +j  0.000E+00) Ohm          (freq. dep.)

 Label dipole.Wire1.Port78: 
          Loaded wire
          RSS=   0.000E+00 Ohm/m  LSS=   0.000E+00 H/m    CSS=   0.000E+00 F
          RS =   0.000E+00 Ohm    LS =   0.000E+00 H      CS =   0.000E+00 F
          RP =   0.000E+00 Ohm    LP =   0.000E+00 H      CP =   0.000E+00 F
          ZS =   (  5.000E+01 +j  0.000E+00) Ohm          (indep. of freq.)
          Zload'=(  0.000E+00 +j  0.000E+00) Ohm/m        (freq. dep.)
          Zload =(  5.000E+01 +j  0.000E+00) Ohm          (freq. dep.)

 Label dipole.Wire1.Port79: 
          Loaded wire
          RSS=   0.000E+00 Ohm/m  LSS=   0.000E+00 H/m    CSS=   0.000E+00 F
          RS =   0.000E+00 Ohm    LS =   0.000E+00 H      CS =   0.000E+00 F
          RP =   0.000E+00 Ohm    LP =   0.000E+00 H      CP =   0.000E+00 F
          ZS =   (  5.000E+01 +j  0.000E+00) Ohm          (indep. of freq.)
          Zload'=(  0.000E+00 +j  0.000E+00) Ohm/m        (freq. dep.)
          Zload =(  5.000E+01 +j  0.000E+00) Ohm          (freq. dep.)

 Label dipole.Wire1.Port80: 
          Loaded wire
          RSS=   0.000E+00 Ohm/m  LSS=   0.000E+00 H/m    CSS=   0.000E+00 F
          RS =   0.000E+00 Ohm    LS =   0.000E+00 H      CS =   0.000E+00 F
          RP =   0.000E+00 Ohm    LP =   0.000E+00 H      CP =   0.000E+00 F
          ZS =   (  5.000E+01 +j  0.000E+00) Ohm          (indep. of freq.)
          Zload'=(  0.000E+00 +j  0.000E+00) Ohm/m        (freq. dep.)
          Zload =(  5.000E+01 +j  0.000E+00) Ohm          (freq. dep.)

 Label dipole.Wire1.Port81: 
          Loaded wire
          RSS=   0.000E+00 Ohm/m  LSS=   0.000E+00 H/m    CSS=   0.000E+00 F
          RS =   0.000E+00 Ohm    LS =   0.000E+00 H      CS =   0.000E+00 F
          RP =   0.000E+00 Ohm    LP =   0.000E+00 H      CP =   0.000E+00 F
          ZS =   (  5.000E+01 +j  0.000E+00) Ohm          (indep. of freq.)
          Zload'=(  0.000E+00 +j  0.000E+00) Ohm/m        (freq. dep.)
          Zload =(  5.000E+01 +j  0.000E+00) Ohm          (freq. dep.)

 Label dipole.Wire1.Port82: 
          Loaded wire
          RSS=   0.000E+00 Ohm/m  LSS=   0.000E+00 H/m    CSS=   0.000E+00 F
          RS =   0.000E+00 Ohm    LS =   0.000E+00 H      CS =   0.000E+00 F
          RP =   0.000E+00 Ohm    LP =   0.000E+00 H      CP =   0.000E+00 F
          ZS =   (  5.000E+01 +j  0.000E+00) Ohm          (indep. of freq.)
          Zload'=(  0.000E+00 +j  0.000E+00) Ohm/m        (freq. dep.)
          Zload =(  5.000E+01 +j  0.000E+00) Ohm          (freq. dep.)

 Label dipole.Wire1.Port83: 
          Loaded wire
          RSS=   0.000E+00 Ohm/m  LSS=   0.000E+00 H/m    CSS=   0.000E+00 F
          RS =   0.000E+00 Ohm    LS =   0.000E+00 H      CS =   0.000E+00 F
          RP =   0.000E+00 Ohm    LP =   0.000E+00 H      CP =   0.000E+00 F
          ZS =   (  5.000E+01 +j  0.000E+00) Ohm          (indep. of freq.)
          Zload'=(  0.000E+00 +j  0.000E+00) Ohm/m        (freq. dep.)
          Zload =(  5.000E+01 +j  0.000E+00) Ohm          (freq. dep.)

 Label dipole.Wire1.Port84: 
          Loaded wire
          RSS=   0.000E+00 Ohm/m  LSS=   0.000E+00 H/m    CSS=   0.000E+00 F
          RS =   0.000E+00 Ohm    LS =   0.000E+00 H      CS =   0.000E+00 F
          RP =   0.000E+00 Ohm    LP =   0.000E+00 H      CP =   0.000E+00 F
          ZS =   (  5.000E+01 +j  0.000E+00) Ohm          (indep. of freq.)
          Zload'=(  0.000E+00 +j  0.000E+00) Ohm/m        (freq. dep.)
          Zload =(  5.000E+01 +j  0.000E+00) Ohm          (freq. dep.)

 Label dipole.Wire1.Port85: 
          Loaded wire
          RSS=   0.000E+00 Ohm/m  LSS=   0.000E+00 H/m    CSS=   0.000E+00 F
          RS =   0.000E+00 Ohm    LS =   0.000E+00 H      CS =   0.000E+00 F
          RP =   0.000E+00 Ohm    LP =   0.000E+00 H      CP =   0.000E+00 F
          ZS =   (  5.000E+01 +j  0.000E+00) Ohm          (indep. of freq.)
          Zload'=(  0.000E+00 +j  0.000E+00) Ohm/m        (freq. dep.)
          Zload =(  5.000E+01 +j  0.000E+00) Ohm          (freq. dep.)

 Label dipole.Wire1.Port86: 
          Loaded wire
          RSS=   0.000E+00 Ohm/m  LSS=   0.000E+00 H/m    CSS=   0.000E+00 F
          RS =   0.000E+00 Ohm    LS =   0.000E+00 H      CS =   0.000E+00 F
          RP =   0.000E+00 Ohm    LP =   0.000E+00 H      CP =   0.000E+00 F
          ZS =   (  5.000E+01 +j  0.000E+00) Ohm          (indep. of freq.)
          Zload'=(  0.000E+00 +j  0.000E+00) Ohm/m        (freq. dep.)
          Zload =(  5.000E+01 +j  0.000E+00) Ohm          (freq. dep.)

 Label dipole.Wire1.Port87: 
          Loaded wire
          RSS=   0.000E+00 Ohm/m  LSS=   0.000E+00 H/m    CSS=   0.000E+00 F
          RS =   0.000E+00 Ohm    LS =   0.000E+00 H      CS =   0.000E+00 F
          RP =   0.000E+00 Ohm    LP =   0.000E+00 H      CP =   0.000E+00 F
          ZS =   (  5.000E+01 +j  0.000E+00) Ohm          (indep. of freq.)
          Zload'=(  0.000E+00 +j  0.000E+00) Ohm/m        (freq. dep.)
          Zload =(  5.000E+01 +j  0.000E+00) Ohm          (freq. dep.)

 Label dipole.Wire1.Port88: 
          Loaded wire
          RSS=   0.000E+00 Ohm/m  LSS=   0.000E+00 H/m    CSS=   0.000E+00 F
          RS =   0.000E+00 Ohm    LS =   0.000E+00 H      CS =   0.000E+00 F
          RP =   0.000E+00 Ohm    LP =   0.000E+00 H      CP =   0.000E+00 F
          ZS =   (  5.000E+01 +j  0.000E+00) Ohm          (indep. of freq.)
          Zload'=(  0.000E+00 +j  0.000E+00) Ohm/m        (freq. dep.)
          Zload =(  5.000E+01 +j  0.000E+00) Ohm          (freq. dep.)

 Label dipole.Wire1.Port89: 
          Loaded wire
          RSS=   0.000E+00 Ohm/m  LSS=   0.000E+00 H/m    CSS=   0.000E+00 F
          RS =   0.000E+00 Ohm    LS =   0.000E+00 H      CS =   0.000E+00 F
          RP =   0.000E+00 Ohm    LP =   0.000E+00 H      CP =   0.000E+00 F
          ZS =   (  5.000E+01 +j  0.000E+00) Ohm          (indep. of freq.)
          Zload'=(  0.000E+00 +j  0.000E+00) Ohm/m        (freq. dep.)
          Zload =(  5.000E+01 +j  0.000E+00) Ohm          (freq. dep.)

 Label dipole.Wire1.Port90: 
          Loaded wire
          RSS=   0.000E+00 Ohm/m  LSS=   0.000E+00 H/m    CSS=   0.000E+00 F
          RS =   0.000E+00 Ohm    LS =   0.000E+00 H      CS =   0.000E+00 F
          RP =   0.000E+00 Ohm    LP =   0.000E+00 H      CP =   0.000E+00 F
          ZS =   (  5.000E+01 +j  0.000E+00) Ohm          (indep. of freq.)
          Zload'=(  0.000E+00 +j  0.000E+00) Ohm/m        (freq. dep.)
          Zload =(  5.000E+01 +j  0.000E+00) Ohm          (freq. dep.)

 Label dipole.Wire1.Port91: 
          Loaded wire
          RSS=   0.000E+00 Ohm/m  LSS=   0.000E+00 H/m    CSS=   0.000E+00 F
          RS =   0.000E+00 Ohm    LS =   0.000E+00 H      CS =   0.000E+00 F
          RP =   0.000E+00 Ohm    LP =   0.000E+00 H      CP =   0.000E+00 F
          ZS =   (  5.000E+01 +j  0.000E+00) Ohm          (indep. of freq.)
          Zload'=(  0.000E+00 +j  0.000E+00) Ohm/m        (freq. dep.)
          Zload =(  5.000E+01 +j  0.000E+00) Ohm          (freq. dep.)

 Label dipole.Wire1.Port92: 
          Loaded wire
          RSS=   0.000E+00 Ohm/m  LSS=   0.000E+00 H/m    CSS=   0.000E+00 F
          RS =   0.000E+00 Ohm    LS =   0.000E+00 H      CS =   0.000E+00 F
          RP =   0.000E+00 Ohm    LP =   0.000E+00 H      CP =   0.000E+00 F
          ZS =   (  5.000E+01 +j  0.000E+00) Ohm          (indep. of freq.)
          Zload'=(  0.000E+00 +j  0.000E+00) Ohm/m        (freq. dep.)
          Zload =(  5.000E+01 +j  0.000E+00) Ohm          (freq. dep.)

 Label dipole.Wire1.Port93: 
          Loaded wire
          RSS=   0.000E+00 Ohm/m  LSS=   0.000E+00 H/m    CSS=   0.000E+00 F
          RS =   0.000E+00 Ohm    LS =   0.000E+00 H      CS =   0.000E+00 F
          RP =   0.000E+00 Ohm    LP =   0.000E+00 H      CP =   0.000E+00 F
          ZS =   (  5.000E+01 +j  0.000E+00) Ohm          (indep. of freq.)
          Zload'=(  0.000E+00 +j  0.000E+00) Ohm/m        (freq. dep.)
          Zload =(  5.000E+01 +j  0.000E+00) Ohm          (freq. dep.)

 Label dipole.Wire1.Port94: 
          Loaded wire
          RSS=   0.000E+00 Ohm/m  LSS=   0.000E+00 H/m    CSS=   0.000E+00 F
          RS =   0.000E+00 Ohm    LS =   0.000E+00 H      CS =   0.000E+00 F
          RP =   0.000E+00 Ohm    LP =   0.000E+00 H      CP =   0.000E+00 F
          ZS =   (  5.000E+01 +j  0.000E+00) Ohm          (indep. of freq.)
          Zload'=(  0.000E+00 +j  0.000E+00) Ohm/m        (freq. dep.)
          Zload =(  5.000E+01 +j  0.000E+00) Ohm          (freq. dep.)

 Label dipole.Wire1.Port95: 
          Loaded wire
          RSS=   0.000E+00 Ohm/m  LSS=   0.000E+00 H/m    CSS=   0.000E+00 F
          RS =   0.000E+00 Ohm    LS =   0.000E+00 H      CS =   0.000E+00 F
          RP =   0.000E+00 Ohm    LP =   0.000E+00 H      CP =   0.000E+00 F
          ZS =   (  5.000E+01 +j  0.000E+00) Ohm          (indep. of freq.)
          Zload'=(  0.000E+00 +j  0.000E+00) Ohm/m        (freq. dep.)
          Zload =(  5.000E+01 +j  0.000E+00) Ohm          (freq. dep.)

 Label dipole.Wire1.Port96: 
          Loaded wire
          RSS=   0.000E+00 Ohm/m  LSS=   0.000E+00 H/m    CSS=   0.000E+00 F
          RS =   0.000E+00 Ohm    LS =   0.000E+00 H      CS =   0.000E+00 F
          RP =   0.000E+00 Ohm    LP =   0.000E+00 H      CP =   0.000E+00 F
          ZS =   (  5.000E+01 +j  0.000E+00) Ohm          (indep. of freq.)
          Zload'=(  0.000E+00 +j  0.000E+00) Ohm/m        (freq. dep.)
          Zload =(  5.000E+01 +j  0.000E+00) Ohm          (freq. dep.)

 Label dipole.Wire1.Port97: 
          Loaded wire
          RSS=   0.000E+00 Ohm/m  LSS=   0.000E+00 H/m    CSS=   0.000E+00 F
          RS =   0.000E+00 Ohm    LS =   0.000E+00 H      CS =   0.000E+00 F
          RP =   0.000E+00 Ohm    LP =   0.000E+00 H      CP =   0.000E+00 F
          ZS =   (  5.000E+01 +j  0.000E+00) Ohm          (indep. of freq.)
          Zload'=(  0.000E+00 +j  0.000E+00) Ohm/m        (freq. dep.)
          Zload =(  5.000E+01 +j  0.000E+00) Ohm          (freq. dep.)

 Label dipole.Wire1.Port98: 
          Loaded wire
          RSS=   0.000E+00 Ohm/m  LSS=   0.000E+00 H/m    CSS=   0.000E+00 F
          RS =   0.000E+00 Ohm    LS =   0.000E+00 H      CS =   0.000E+00 F
          RP =   0.000E+00 Ohm    LP =   0.000E+00 H      CP =   0.000E+00 F
          ZS =   (  5.000E+01 +j  0.000E+00) Ohm          (indep. of freq.)
          Zload'=(  0.000E+00 +j  0.000E+00) Ohm/m        (freq. dep.)
          Zload =(  5.000E+01 +j  0.000E+00) Ohm          (freq. dep.)

 Label dipole.Wire1.Port99: 
          Loaded wire
          RSS=   0.000E+00 Ohm/m  LSS=   0.000E+00 H/m    CSS=   0.000E+00 F
          RS =   0.000E+00 Ohm    LS =   0.000E+00 H      CS =   0.000E+00 F
          RP =   0.000E+00 Ohm    LP =   0.000E+00 H      CP =   0.000E+00 F
          ZS =   (  5.000E+01 +j  0.000E+00) Ohm          (indep. of freq.)
          Zload'=(  0.000E+00 +j  0.000E+00) Ohm/m        (freq. dep.)
          Zload =(  5.000E+01 +j  0.000E+00) Ohm          (freq. dep.)

 Label dipole.Wire1.Port100: 
          Loaded wire
          RSS=   0.000E+00 Ohm/m  LSS=   0.000E+00 H/m    CSS=   0.000E+00 F
          RS =   0.000E+00 Ohm    LS =   0.000E+00 H      CS =   0.000E+00 F
          RP =   0.000E+00 Ohm    LP =   0.000E+00 H      CP =   0.000E+00 F
          ZS =   (  5.000E+01 +j  0.000E+00) Ohm          (indep. of freq.)
          Zload'=(  0.000E+00 +j  0.000E+00) Ohm/m        (freq. dep.)
          Zload =(  5.000E+01 +j  0.000E+00) Ohm          (freq. dep.)

 Label dipole.Wire1.Port101: 
          Loaded wire
          RSS=   0.000E+00 Ohm/m  LSS=   0.000E+00 H/m    CSS=   0.000E+00 F
          RS =   0.000E+00 Ohm    LS =   0.000E+00 H      CS =   0.000E+00 F
          RP =   0.000E+00 Ohm    LP =   0.000E+00 H      CP =   0.000E+00 F
          ZS =   (  5.000E+01 +j  0.000E+00) Ohm          (indep. of freq.)
          Zload'=(  0.000E+00 +j  0.000E+00) Ohm/m        (freq. dep.)
          Zload =(  5.000E+01 +j  0.000E+00) Ohm          (freq. dep.)

 Label dipole.Wire1.Port102: 
          Loaded wire
          RSS=   0.000E+00 Ohm/m  LSS=   0.000E+00 H/m    CSS=   0.000E+00 F
          RS =   0.000E+00 Ohm    LS =   0.000E+00 H      CS =   0.000E+00 F
          RP =   0.000E+00 Ohm    LP =   0.000E+00 H      CP =   0.000E+00 F
          ZS =   (  5.000E+01 +j  0.000E+00) Ohm          (indep. of freq.)
          Zload'=(  0.000E+00 +j  0.000E+00) Ohm/m        (freq. dep.)
          Zload =(  5.000E+01 +j  0.000E+00) Ohm          (freq. dep.)

 Label dipole.Wire1.Port103: 
          Loaded wire
          RSS=   0.000E+00 Ohm/m  LSS=   0.000E+00 H/m    CSS=   0.000E+00 F
          RS =   0.000E+00 Ohm    LS =   0.000E+00 H      CS =   0.000E+00 F
          RP =   0.000E+00 Ohm    LP =   0.000E+00 H      CP =   0.000E+00 F
          ZS =   (  5.000E+01 +j  0.000E+00) Ohm          (indep. of freq.)
          Zload'=(  0.000E+00 +j  0.000E+00) Ohm/m        (freq. dep.)
          Zload =(  5.000E+01 +j  0.000E+00) Ohm          (freq. dep.)

 Label dipole.Wire1.Port104: 
          Loaded wire
          RSS=   0.000E+00 Ohm/m  LSS=   0.000E+00 H/m    CSS=   0.000E+00 F
          RS =   0.000E+00 Ohm    LS =   0.000E+00 H      CS =   0.000E+00 F
          RP =   0.000E+00 Ohm    LP =   0.000E+00 H      CP =   0.000E+00 F
          ZS =   (  5.000E+01 +j  0.000E+00) Ohm          (indep. of freq.)
          Zload'=(  0.000E+00 +j  0.000E+00) Ohm/m        (freq. dep.)
          Zload =(  5.000E+01 +j  0.000E+00) Ohm          (freq. dep.)

 Label dipole.Wire1.Port105: 
          Loaded wire
          RSS=   0.000E+00 Ohm/m  LSS=   0.000E+00 H/m    CSS=   0.000E+00 F
          RS =   0.000E+00 Ohm    LS =   0.000E+00 H      CS =   0.000E+00 F
          RP =   0.000E+00 Ohm    LP =   0.000E+00 H      CP =   0.000E+00 F
          ZS =   (  5.000E+01 +j  0.000E+00) Ohm          (indep. of freq.)
          Zload'=(  0.000E+00 +j  0.000E+00) Ohm/m        (freq. dep.)
          Zload =(  5.000E+01 +j  0.000E+00) Ohm          (freq. dep.)

 Label dipole.Wire1.Port106: 
          Loaded wire
          RSS=   0.000E+00 Ohm/m  LSS=   0.000E+00 H/m    CSS=   0.000E+00 F
          RS =   0.000E+00 Ohm    LS =   0.000E+00 H      CS =   0.000E+00 F
          RP =   0.000E+00 Ohm    LP =   0.000E+00 H      CP =   0.000E+00 F
          ZS =   (  5.000E+01 +j  0.000E+00) Ohm          (indep. of freq.)
          Zload'=(  0.000E+00 +j  0.000E+00) Ohm/m        (freq. dep.)
          Zload =(  5.000E+01 +j  0.000E+00) Ohm          (freq. dep.)

 Label dipole.Wire1.Port107: 
          Loaded wire
          RSS=   0.000E+00 Ohm/m  LSS=   0.000E+00 H/m    CSS=   0.000E+00 F
          RS =   0.000E+00 Ohm    LS =   0.000E+00 H      CS =   0.000E+00 F
          RP =   0.000E+00 Ohm    LP =   0.000E+00 H      CP =   0.000E+00 F
          ZS =   (  5.000E+01 +j  0.000E+00) Ohm          (indep. of freq.)
          Zload'=(  0.000E+00 +j  0.000E+00) Ohm/m        (freq. dep.)
          Zload =(  5.000E+01 +j  0.000E+00) Ohm          (freq. dep.)

 Label dipole.Wire1.Port108: 
          Loaded wire
          RSS=   0.000E+00 Ohm/m  LSS=   0.000E+00 H/m    CSS=   0.000E+00 F
          RS =   0.000E+00 Ohm    LS =   0.000E+00 H      CS =   0.000E+00 F
          RP =   0.000E+00 Ohm    LP =   0.000E+00 H      CP =   0.000E+00 F
          ZS =   (  5.000E+01 +j  0.000E+00) Ohm          (indep. of freq.)
          Zload'=(  0.000E+00 +j  0.000E+00) Ohm/m        (freq. dep.)
          Zload =(  5.000E+01 +j  0.000E+00) Ohm          (freq. dep.)

 Label dipole.Wire1.Port109: 
          Loaded wire
          RSS=   0.000E+00 Ohm/m  LSS=   0.000E+00 H/m    CSS=   0.000E+00 F
          RS =   0.000E+00 Ohm    LS =   0.000E+00 H      CS =   0.000E+00 F
          RP =   0.000E+00 Ohm    LP =   0.000E+00 H      CP =   0.000E+00 F
          ZS =   (  5.000E+01 +j  0.000E+00) Ohm          (indep. of freq.)
          Zload'=(  0.000E+00 +j  0.000E+00) Ohm/m        (freq. dep.)
          Zload =(  5.000E+01 +j  0.000E+00) Ohm          (freq. dep.)

 Label dipole.Wire1.Port110: 
          Loaded wire
          RSS=   0.000E+00 Ohm/m  LSS=   0.000E+00 H/m    CSS=   0.000E+00 F
          RS =   0.000E+00 Ohm    LS =   0.000E+00 H      CS =   0.000E+00 F
          RP =   0.000E+00 Ohm    LP =   0.000E+00 H      CP =   0.000E+00 F
          ZS =   (  5.000E+01 +j  0.000E+00) Ohm          (indep. of freq.)
          Zload'=(  0.000E+00 +j  0.000E+00) Ohm/m        (freq. dep.)
          Zload =(  5.000E+01 +j  0.000E+00) Ohm          (freq. dep.)

 Label dipole.Wire1.Port111: 
          Loaded wire
          RSS=   0.000E+00 Ohm/m  LSS=   0.000E+00 H/m    CSS=   0.000E+00 F
          RS =   0.000E+00 Ohm    LS =   0.000E+00 H      CS =   0.000E+00 F
          RP =   0.000E+00 Ohm    LP =   0.000E+00 H      CP =   0.000E+00 F
          ZS =   (  5.000E+01 +j  0.000E+00) Ohm          (indep. of freq.)
          Zload'=(  0.000E+00 +j  0.000E+00) Ohm/m        (freq. dep.)
          Zload =(  5.000E+01 +j  0.000E+00) Ohm          (freq. dep.)

 Label dipole.Wire1.Port112: 
          Loaded wire
          RSS=   0.000E+00 Ohm/m  LSS=   0.000E+00 H/m    CSS=   0.000E+00 F
          RS =   0.000E+00 Ohm    LS =   0.000E+00 H      CS =   0.000E+00 F
          RP =   0.000E+00 Ohm    LP =   0.000E+00 H      CP =   0.000E+00 F
          ZS =   (  5.000E+01 +j  0.000E+00) Ohm          (indep. of freq.)
          Zload'=(  0.000E+00 +j  0.000E+00) Ohm/m        (freq. dep.)
          Zload =(  5.000E+01 +j  0.000E+00) Ohm          (freq. dep.)

 Label dipole.Wire1.Port113: 
          Loaded wire
          RSS=   0.000E+00 Ohm/m  LSS=   0.000E+00 H/m    CSS=   0.000E+00 F
          RS =   0.000E+00 Ohm    LS =   0.000E+00 H      CS =   0.000E+00 F
          RP =   0.000E+00 Ohm    LP =   0.000E+00 H      CP =   0.000E+00 F
          ZS =   (  5.000E+01 +j  0.000E+00) Ohm          (indep. of freq.)
          Zload'=(  0.000E+00 +j  0.000E+00) Ohm/m        (freq. dep.)
          Zload =(  5.000E+01 +j  0.000E+00) Ohm          (freq. dep.)

 Label dipole.Wire1.Port114: 
          Loaded wire
          RSS=   0.000E+00 Ohm/m  LSS=   0.000E+00 H/m    CSS=   0.000E+00 F
          RS =   0.000E+00 Ohm    LS =   0.000E+00 H      CS =   0.000E+00 F
          RP =   0.000E+00 Ohm    LP =   0.000E+00 H      CP =   0.000E+00 F
          ZS =   (  5.000E+01 +j  0.000E+00) Ohm          (indep. of freq.)
          Zload'=(  0.000E+00 +j  0.000E+00) Ohm/m        (freq. dep.)
          Zload =(  5.000E+01 +j  0.000E+00) Ohm          (freq. dep.)

 Label dipole.Wire1.Port115: 
          Loaded wire
          RSS=   0.000E+00 Ohm/m  LSS=   0.000E+00 H/m    CSS=   0.000E+00 F
          RS =   0.000E+00 Ohm    LS =   0.000E+00 H      CS =   0.000E+00 F
          RP =   0.000E+00 Ohm    LP =   0.000E+00 H      CP =   0.000E+00 F
          ZS =   (  5.000E+01 +j  0.000E+00) Ohm          (indep. of freq.)
          Zload'=(  0.000E+00 +j  0.000E+00) Ohm/m        (freq. dep.)
          Zload =(  5.000E+01 +j  0.000E+00) Ohm          (freq. dep.)

 Label dipole.Wire1.Port116: 
          Loaded wire
          RSS=   0.000E+00 Ohm/m  LSS=   0.000E+00 H/m    CSS=   0.000E+00 F
          RS =   0.000E+00 Ohm    LS =   0.000E+00 H      CS =   0.000E+00 F
          RP =   0.000E+00 Ohm    LP =   0.000E+00 H      CP =   0.000E+00 F
          ZS =   (  5.000E+01 +j  0.000E+00) Ohm          (indep. of freq.)
          Zload'=(  0.000E+00 +j  0.000E+00) Ohm/m        (freq. dep.)
          Zload =(  5.000E+01 +j  0.000E+00) Ohm          (freq. dep.)

 Label dipole.Wire1.Port117: 
          Loaded wire
          RSS=   0.000E+00 Ohm/m  LSS=   0.000E+00 H/m    CSS=   0.000E+00 F
          RS =   0.000E+00 Ohm    LS =   0.000E+00 H      CS =   0.000E+00 F
          RP =   0.000E+00 Ohm    LP =   0.000E+00 H      CP =   0.000E+00 F
          ZS =   (  5.000E+01 +j  0.000E+00) Ohm          (indep. of freq.)
          Zload'=(  0.000E+00 +j  0.000E+00) Ohm/m        (freq. dep.)
          Zload =(  5.000E+01 +j  0.000E+00) Ohm          (freq. dep.)

 Label dipole.Wire1.Port118: 
          Loaded wire
          RSS=   0.000E+00 Ohm/m  LSS=   0.000E+00 H/m    CSS=   0.000E+00 F
          RS =   0.000E+00 Ohm    LS =   0.000E+00 H      CS =   0.000E+00 F
          RP =   0.000E+00 Ohm    LP =   0.000E+00 H      CP =   0.000E+00 F
          ZS =   (  5.000E+01 +j  0.000E+00) Ohm          (indep. of freq.)
          Zload'=(  0.000E+00 +j  0.000E+00) Ohm/m        (freq. dep.)
          Zload =(  5.000E+01 +j  0.000E+00) Ohm          (freq. dep.)

 Label dipole.Wire1.Port119: 
          Loaded wire
          RSS=   0.000E+00 Ohm/m  LSS=   0.000E+00 H/m    CSS=   0.000E+00 F
          RS =   0.000E+00 Ohm    LS =   0.000E+00 H      CS =   0.000E+00 F
          RP =   0.000E+00 Ohm    LP =   0.000E+00 H      CP =   0.000E+00 F
          ZS =   (  5.000E+01 +j  0.000E+00) Ohm          (indep. of freq.)
          Zload'=(  0.000E+00 +j  0.000E+00) Ohm/m        (freq. dep.)
          Zload =(  5.000E+01 +j  0.000E+00) Ohm          (freq. dep.)

 Label dipole.Wire1.Port120: 
          Loaded wire
          RSS=   0.000E+00 Ohm/m  LSS=   0.000E+00 H/m    CSS=   0.000E+00 F
          RS =   0.000E+00 Ohm    LS =   0.000E+00 H      CS =   0.000E+00 F
          RP =   0.000E+00 Ohm    LP =   0.000E+00 H      CP =   0.000E+00 F
          ZS =   (  5.000E+01 +j  0.000E+00) Ohm          (indep. of freq.)
          Zload'=(  0.000E+00 +j  0.000E+00) Ohm/m        (freq. dep.)
          Zload =(  5.000E+01 +j  0.000E+00) Ohm          (freq. dep.)

 Label dipole.Wire1.Port121: 
          Loaded wire
          RSS=   0.000E+00 Ohm/m  LSS=   0.000E+00 H/m    CSS=   0.000E+00 F
          RS =   0.000E+00 Ohm    LS =   0.000E+00 H      CS =   0.000E+00 F
          RP =   0.000E+00 Ohm    LP =   0.000E+00 H      CP =   0.000E+00 F
          ZS =   (  5.000E+01 +j  0.000E+00) Ohm          (indep. of freq.)
          Zload'=(  0.000E+00 +j  0.000E+00) Ohm/m        (freq. dep.)
          Zload =(  5.000E+01 +j  0.000E+00) Ohm          (freq. dep.)

 Label dipole.Wire1.Port122: 
          Loaded wire
          RSS=   0.000E+00 Ohm/m  LSS=   0.000E+00 H/m    CSS=   0.000E+00 F
          RS =   0.000E+00 Ohm    LS =   0.000E+00 H      CS =   0.000E+00 F
          RP =   0.000E+00 Ohm    LP =   0.000E+00 H      CP =   0.000E+00 F
          ZS =   (  5.000E+01 +j  0.000E+00) Ohm          (indep. of freq.)
          Zload'=(  0.000E+00 +j  0.000E+00) Ohm/m        (freq. dep.)
          Zload =(  5.000E+01 +j  0.000E+00) Ohm          (freq. dep.)

 Label dipole.Wire1.Port123: 
          Loaded wire
          RSS=   0.000E+00 Ohm/m  LSS=   0.000E+00 H/m    CSS=   0.000E+00 F
          RS =   0.000E+00 Ohm    LS =   0.000E+00 H      CS =   0.000E+00 F
          RP =   0.000E+00 Ohm    LP =   0.000E+00 H      CP =   0.000E+00 F
          ZS =   (  5.000E+01 +j  0.000E+00) Ohm          (indep. of freq.)
          Zload'=(  0.000E+00 +j  0.000E+00) Ohm/m        (freq. dep.)
          Zload =(  5.000E+01 +j  0.000E+00) Ohm          (freq. dep.)

 Label dipole.Wire1.Port124: 
          Loaded wire
          RSS=   0.000E+00 Ohm/m  LSS=   0.000E+00 H/m    CSS=   0.000E+00 F
          RS =   0.000E+00 Ohm    LS =   0.000E+00 H      CS =   0.000E+00 F
          RP =   0.000E+00 Ohm    LP =   0.000E+00 H      CP =   0.000E+00 F
          ZS =   (  5.000E+01 +j  0.000E+00) Ohm          (indep. of freq.)
          Zload'=(  0.000E+00 +j  0.000E+00) Ohm/m        (freq. dep.)
          Zload =(  5.000E+01 +j  0.000E+00) Ohm          (freq. dep.)

 Label dipole.Wire1.Port125: 
          Loaded wire
          RSS=   0.000E+00 Ohm/m  LSS=   0.000E+00 H/m    CSS=   0.000E+00 F
          RS =   0.000E+00 Ohm    LS =   0.000E+00 H      CS =   0.000E+00 F
          RP =   0.000E+00 Ohm    LP =   0.000E+00 H      CP =   0.000E+00 F
          ZS =   (  5.000E+01 +j  0.000E+00) Ohm          (indep. of freq.)
          Zload'=(  0.000E+00 +j  0.000E+00) Ohm/m        (freq. dep.)
          Zload =(  5.000E+01 +j  0.000E+00) Ohm          (freq. dep.)

 Label dipole.Wire1.Port126: 
          Loaded wire
          RSS=   0.000E+00 Ohm/m  LSS=   0.000E+00 H/m    CSS=   0.000E+00 F
          RS =   0.000E+00 Ohm    LS =   0.000E+00 H      CS =   0.000E+00 F
          RP =   0.000E+00 Ohm    LP =   0.000E+00 H      CP =   0.000E+00 F
          ZS =   (  5.000E+01 +j  0.000E+00) Ohm          (indep. of freq.)
          Zload'=(  0.000E+00 +j  0.000E+00) Ohm/m        (freq. dep.)
          Zload =(  5.000E+01 +j  0.000E+00) Ohm          (freq. dep.)

 Label dipole.Wire1.Port127: 
          Loaded wire
          RSS=   0.000E+00 Ohm/m  LSS=   0.000E+00 H/m    CSS=   0.000E+00 F
          RS =   0.000E+00 Ohm    LS =   0.000E+00 H      CS =   0.000E+00 F
          RP =   0.000E+00 Ohm    LP =   0.000E+00 H      CP =   0.000E+00 F
          ZS =   (  5.000E+01 +j  0.000E+00) Ohm          (indep. of freq.)
          Zload'=(  0.000E+00 +j  0.000E+00) Ohm/m        (freq. dep.)
          Zload =(  5.000E+01 +j  0.000E+00) Ohm          (freq. dep.)

 Label dipole.Wire1.Port128: 
          Loaded wire
          RSS=   0.000E+00 Ohm/m  LSS=   0.000E+00 H/m    CSS=   0.000E+00 F
          RS =   0.000E+00 Ohm    LS =   0.000E+00 H      CS =   0.000E+00 F
          RP =   0.000E+00 Ohm    LP =   0.000E+00 H      CP =   0.000E+00 F
          ZS =   (  5.000E+01 +j  0.000E+00) Ohm          (indep. of freq.)
          Zload'=(  0.000E+00 +j  0.000E+00) Ohm/m        (freq. dep.)
          Zload =(  5.000E+01 +j  0.000E+00) Ohm          (freq. dep.)

 Label dipole.Wire1.Port129: 
          Loaded wire
          RSS=   0.000E+00 Ohm/m  LSS=   0.000E+00 H/m    CSS=   0.000E+00 F
          RS =   0.000E+00 Ohm    LS =   0.000E+00 H      CS =   0.000E+00 F
          RP =   0.000E+00 Ohm    LP =   0.000E+00 H      CP =   0.000E+00 F
          ZS =   (  5.000E+01 +j  0.000E+00) Ohm          (indep. of freq.)
          Zload'=(  0.000E+00 +j  0.000E+00) Ohm/m        (freq. dep.)
          Zload =(  5.000E+01 +j  0.000E+00) Ohm          (freq. dep.)

 Label source_dipole.SWire1.SPort100: 
          Loaded wire
          RSS=   0.000E+00 Ohm/m  LSS=   0.000E+00 H/m    CSS=   0.000E+00 F
          RS =   0.000E+00 Ohm    LS =   0.000E+00 H      CS =   0.000E+00 F
          RP =   0.000E+00 Ohm    LP =   0.000E+00 H      CP =   0.000E+00 F
          ZS =   (  5.000E+01 +j  0.000E+00) Ohm          (indep. of freq.)
          Zload'=(  0.000E+00 +j  0.000E+00) Ohm/m        (freq. dep.)
          Zload =(  5.000E+01 +j  0.000E+00) Ohm          (freq. dep.)

     CPU time for calculation of the MoM matrix elements:      48.233 seconds


               PRE-CONDITIONING OF THE LINEAR SET OF EQUATIONS

               Selected preconditioner algorithm: 1

     CPU time for preconditioning:       0.001 seconds


               SOLUTION OF THE LINEAR SET OF EQUATIONS WITH LAPAGAU

               Condition number of the matrix:  5.11092E+01

               Floating point performance for LU decomposition:
                    Not determined since computation time too short

     CPU time for solving the linear set of equations:       0.012 seconds

 S-parameter request with name: SParameter1


                              SCATTERING PARAMETERS

       ports                                        magnitude          phase 
    sink source     real part   imag. part      linear      in dB     in deg.
 S     1      1   1.55499E-01 -4.90073E-02   1.63038E-01  -15.7542    -17.49
 S     2      1  -6.74264E-04 -2.13871E-04   7.07370E-04  -63.0071   -162.40
 S     3      1  -1.21757E-04  5.59132E-04   5.72235E-04  -64.8485    102.28
 S     4      1   1.12092E-04  2.25063E-04   2.51432E-04  -71.9916     63.52
 S     5      1   4.82278E-04  3.13562E-06   4.82288E-04  -66.3339      0.37
 S     6      1  -1.13103E-04 -2.78928E-04   3.00986E-04  -70.4291   -112.07
 S     7      1   9.23631E-05 -1.25500E-04   1.55824E-04  -76.1473    -53.65
 S     8      1  -3.58894E-04 -1.96264E-05   3.59430E-04  -68.8877   -176.87
 S     9      1   1.09943E-04  8.13089E-05   1.36743E-04  -77.2819     36.49
 S    10      1   3.13554E-04  3.16816E-04   4.45745E-04  -67.0183     45.30
 S    11      1   3.98882E-04 -3.42899E-04   5.26010E-04  -65.5801    -40.68
 S    12      1  -1.55493E-04 -1.14349E-04   1.93012E-04  -74.2883   -143.67
 S    13      1  -9.80439E-05 -1.76411E-04   2.01825E-04  -73.9005   -119.06
 S    14      1  -8.31088E-05  2.29669E-04   2.44244E-04  -72.2435    109.89
 S    15      1  -4.02414E-05 -1.97991E-04   2.02039E-04  -73.8913   -101.49
 S    16      1  -6.11860E-05  3.60231E-04   3.65391E-04  -68.7449     99.64
 S    17      1   1.60046E-04 -1.32155E-04   2.07556E-04  -73.6573    -39.55
 S    18      1  -2.48767E-04 -1.90958E-04   3.13608E-04  -70.0723   -142.49
 S    19      1  -1.83922E-04  3.51142E-05   1.87244E-04  -74.5519    169.19
 S    20      1   1.12884E-04  1.46225E-04   1.84728E-04  -74.6693     52.33
 S    21      1  -8.91284E-05 -1.57194E-04   1.80704E-04  -74.8606   -119.55
 S    22      1  -2.60082E-05  1.32032E-04   1.34569E-04  -77.4211    101.14
 S    23      1  -7.32795E-05  1.67650E-04   1.82966E-04  -74.7526    113.61
 S    24      1   4.60606E-04  3.50953E-05   4.61941E-04  -66.7083      4.36
 S    25      1  -1.56908E-04 -4.29637E-04   4.57393E-04  -66.7942   -110.06
 S    26      1   1.07972E-04  2.46751E-04   2.69340E-04  -71.3940     66.37
 S    27      1  -1.40879E-05 -1.69941E-04   1.70524E-04  -75.3643    -94.74
 S    28      1  -1.20270E-04  6.30153E-05   1.35779E-04  -77.3434    152.35
 S    29      1  -1.64889E-05  2.78412E-04   2.78899E-04  -71.0910     93.39
 S    30      1   4.13537E-04 -3.02536E-05   4.14642E-04  -67.6465     -4.18
 S    31      1   1.81989E-05 -3.53231E-04   3.53699E-04  -69.0273    -87.05
 S    32      1  -2.88644E-04 -2.74964E-04   3.98649E-04  -67.9882   -136.39
 S    33      1  -4.67259E-04  4.21865E-04   6.29524E-04  -64.0197    137.92
 S    34      1   5.41022E-05  1.06636E-05   5.51431E-05  -85.1702     11.15
 S    35      1  -8.41077E-05  2.10342E-04   2.26535E-04  -72.8973    111.79
 S    36      1   4.28778E-04 -3.36467E-05   4.30097E-04  -67.3287     -4.49
 S    37      1  -1.82554E-05 -3.63808E-04   3.64265E-04  -68.7716    -92.87
 S    38      1  -3.46238E-04 -2.61039E-04   4.33615E-04  -67.2579   -142.99
 S    39      1  -4.06274E-04  4.91526E-04   6.37696E-04  -63.9077    129.58
 S    40      1   3.61906E-04  3.19400E-04   4.82692E-04  -66.3266     41.43
 S    41      1   4.21509E-04 -5.81517E-06   4.21549E-04  -67.5030     -0.79
 S    42      1   2.08250E-04 -1.65091E-04   2.65750E-04  -71.5105    -38.41
 S    43      1   2.25641E-05 -1.88738E-04   1.90082E-04  -74.4212    -83.18
 S    44      1  -4.04987E-04 -2.48786E-04   4.75299E-04  -66.4607   -148.44
 S    45      1  -2.28293E-04  4.93215E-04   5.43488E-04  -65.2962    114.84
 S    46      1   2.65673E-04  3.00299E-04   4.00951E-04  -67.9382     48.50
 S    47      1   5.79031E-04 -1.16031E-04   5.90542E-04  -64.5750    -11.33
 S    48      1  -1.95161E-04 -6.74271E-04   7.01947E-04  -63.0739   -106.14
 S    49      1  -3.52219E-04  1.31027E-04   3.75801E-04  -68.5008    159.59
 S    50      1  -3.02386E-04 -8.75476E-05   3.14804E-04  -70.0392   -163.85
 S    51      1  -1.03293E-04  3.81045E-04   3.94797E-04  -68.0725    105.17
 S    52      1   2.13901E-04  2.41231E-04   3.22407E-04  -69.8319     48.44
 S    53      1   5.22096E-04 -1.59086E-04   5.45795E-04  -65.2594    -16.95
 S    54      1  -2.30122E-04 -5.42220E-04   5.89032E-04  -64.5972   -113.00
 S    55      1  -3.42151E-04 -4.05757E-06   3.42175E-04  -69.3150   -179.32
 S    56      1  -3.57877E-04  4.88505E-04   6.05569E-04  -64.3567    126.23
 S    57      1   5.96541E-04  1.70968E-04   6.20557E-04  -64.1444     15.99
 S    58      1   2.10993E-04  1.36700E-04   2.51406E-04  -71.9925     32.94
 S    59      1   3.71205E-04 -2.77708E-04   4.63589E-04  -66.6773    -36.80
 S    60      1  -1.86813E-04 -3.15810E-04   3.66927E-04  -68.7084   -120.61
 S    61      1  -3.92062E-04 -1.45336E-04   4.18133E-04  -67.5737   -159.66
 S    62      1  -1.82230E-04  5.89932E-04   6.17437E-04  -64.1882    107.17
 S    63      1   3.60078E-04  2.94104E-05   3.61277E-04  -68.8432      4.67
 S    64      1   2.96871E-04 -2.95262E-05   2.98336E-04  -70.5059     -5.68
 S    65      1  -1.50226E-04 -5.21352E-04   5.42564E-04  -65.3110   -106.07
 S    66      1   1.34449E-03 -4.88266E-04   1.43041E-03  -56.8908    -19.96
 S    67      1  -6.84388E-04  2.45108E-04   7.26956E-04  -62.7698    160.30
 S    68      1   9.59824E-05 -2.66752E-04   2.83495E-04  -70.9491    -70.21
 S    69      1   1.73368E-04  4.41176E-04   4.74018E-04  -66.4841     68.55
 S    70      1  -3.52531E-04 -6.13187E-04   7.07302E-04  -63.0079   -119.90
 S    71      1   4.94811E-04  9.19098E-04   1.04383E-03  -59.6274     61.70
 S    72      1  -3.85162E-04 -1.44284E-03   1.49336E-03  -56.5167   -104.95
 S    73      1  -2.40130E-04  1.82659E-03   1.84230E-03  -54.6928     97.49
 S    74      1   3.72375E-04 -8.14403E-04   8.95497E-04  -60.9587    -65.43
 S    75      1  -1.33537E-04  3.81178E-04   4.03892E-04  -67.8747    109.31
 S    76      1  -8.91295E-05  7.10876E-05   1.14007E-04  -78.8614    141.42
 S    77      1   5.14514E-04 -3.53903E-04   6.24477E-04  -64.0897    -34.52
 S    78      1  -1.02073E-03  2.11385E-04   1.04239E-03  -59.6394    168.30
 S    79      1   1.21659E-03  1.67951E-04   1.22813E-03  -58.2151      7.86
 S    80      1  -1.14765E-03 -5.49746E-04   1.27253E-03  -57.9067   -154.40
 S    81      1   9.63237E-04  1.12234E-03   1.47901E-03  -56.6006     49.36
 S    82      1   4.88992E-04 -1.16089E-03   1.25968E-03  -57.9948    -67.16
 S    83      1  -5.22197E-04  2.86367E-04   5.95563E-04  -64.5014    151.26
 S    84      1   2.31465E-04  2.54698E-04   3.44162E-04  -69.2647     47.74
 S    85      1   1.54647E-05 -4.24437E-04   4.24719E-04  -67.4380    -87.91
 S    86      1  -2.53124E-04  5.09235E-04   5.68676E-04  -64.9027    116.43
 S    87      1   6.60144E-04 -4.51590E-04   7.99827E-04  -61.9401    -34.38
 S    88      1  -1.14788E-03 -3.32502E-06   1.14789E-03  -58.8020   -179.83
 S    89      1   1.32231E-03  7.62302E-04   1.52630E-03  -56.3272     29.96
 S    90      1  -8.06366E-04 -1.20306E-03   1.44830E-03  -56.7828   -123.83
 S    91      1   3.06821E-04  9.70954E-04   1.01828E-03  -59.8427     72.46
 S    92      1   1.80148E-04 -5.20548E-04   5.50838E-04  -65.1795    -70.91
 S    93      1  -2.67884E-04 -1.10697E-04   2.89854E-04  -70.7564   -157.55
 S    94      1  -1.50086E-04  5.58130E-04   5.77957E-04  -64.7621    105.05
 S    95      1   6.14908E-04 -6.54870E-04   8.98313E-04  -60.9314    -46.80
 S    96      1  -9.79706E-04  5.99497E-04   1.14857E-03  -58.7968    148.54
 S    97      1   1.47622E-03 -2.92442E-04   1.50490E-03  -56.4498    -11.21
 S    98      1  -1.13609E-03 -4.27163E-04   1.21375E-03  -58.3174   -159.39
 S    99      1   4.86237E-04  1.93912E-04   5.23477E-04  -65.6220     21.74
 S   100      1  -2.60657E-04  7.83993E-05   2.72192E-04  -71.3025    163.26
 S   101      1   9.70742E-05 -1.54775E-04   1.82699E-04  -74.7653    -57.90
 S   102      1   7.20807E-05  4.10768E-04   4.17044E-04  -67.5964     80.05
 S   103      1   2.35603E-05 -8.28644E-04   8.28979E-04  -61.6291    -88.37
 S   104      1  -5.48987E-04  1.02947E-03   1.16671E-03  -58.6608    118.07
 S   105      1   1.20027E-03 -8.25963E-04   1.45700E-03  -56.7308    -34.53
 S   106      1  -9.42959E-04  5.38754E-04   1.08601E-03  -59.2833    150.26
 S   107      1   5.78392E-04 -1.12470E-04   5.89225E-04  -64.5944    -11.00
 S   108      1  -2.22156E-05 -2.17534E-05   3.10925E-05  -90.1469   -135.60
 S   109      1  -4.48955E-04 -1.72079E-04   4.80804E-04  -66.3606   -159.03
 S   110      1   5.13051E-04  5.75977E-04   7.71343E-04  -62.2550     48.31
 S   111      1  -3.95764E-04 -8.09320E-04   9.00904E-04  -60.9064   -116.06
 S   112      1   2.46439E-04  1.04202E-03   1.07076E-03  -59.4061     76.69
 S   113      1   2.35103E-04 -1.45693E-03   1.47578E-03  -56.6196    -80.83
 S   114      1  -5.75322E-04  2.55496E-04   6.29503E-04  -64.0201    156.05
 S   115      1   1.82224E-04  1.21169E-04   2.18832E-04  -73.1978     33.62
 S   116      1   8.61362E-05 -1.33475E-04   1.58855E-04  -75.9800    -57.16
 S   117      1  -2.90058E-04  2.31645E-04   3.71205E-04  -68.6077    141.39
 S   118      1   6.09571E-04 -4.64764E-05   6.11340E-04  -64.2743     -4.36
 S   119      1  -8.24089E-04 -4.53569E-04   9.40663E-04  -60.5313   -151.17
 S   120      1   6.13308E-04  1.02914E-03   1.19803E-03  -58.4306     59.21
 S   121      1  -1.19176E-04 -1.42517E-03   1.43015E-03  -56.8924    -94.78
 S   122      1  -3.41742E-04  1.19008E-03   1.23817E-03  -58.1444    106.02
 S   123      1   5.73070E-04 -4.02175E-04   7.00110E-04  -63.0967    -35.06
 S   124      1  -3.64549E-04 -2.26900E-04   4.29394E-04  -67.3429   -148.10
 S   125      1  -1.02602E-04  6.60463E-04   6.68385E-04  -63.4995     98.83
 S   126      1   6.06561E-04 -6.25889E-04   8.71581E-04  -61.1938    -45.90
 S   127      1  -1.01122E-03  4.98362E-04   1.12735E-03  -58.9588    153.76
 S   128      1   1.38616E-03 -1.80344E-04   1.39784E-03  -57.0908     -7.41
 S   129      1  -1.65424E-03 -7.07653E-04   1.79924E-03  -54.8982   -156.84
         Sum |S|^2 of these S-parameters:    2.66528E-02  -15.7426

 read from buffer:
DA       0    0    0    0    0 0.000E+00 0.000E+00 0.000E+00 0.000E+00 0.000E+00 0.000E+00 0.000E+00 0.000E+00
 read from buffer:
EN       0    0    0    0    0 0.000E+00 0.000E+00 0.000E+00 0.000E+00 0.000E+00 0.000E+00 0.000E+00 0.000E+00


                    SUMMARY OF REQUIRED TIMES IN SECONDS

                                             CPU-time       runtime
 Reading and constructing the geometry          0.013         0.013
 Checking the geometry                          0.007         0.008
 Initialisation of the Green's function         0.000         0.000
 Calcul. of coupling for PO/Fock                0.000         0.000
 Transformation to equivalent sources           0.000         0.000
 Ray launching/tracing phase of RL-GO           0.000         0.000
 Ray tracing phase of faceted UTD               0.000         0.000
 Calcul. of matrix elements                    97.494        97.493
 Calcul. of right-hand side vector              0.000         0.000
 Preconditioning system of linear eqns.         0.002         0.002
 Solution of the system of linear eqns.         0.025         0.025
 Calcul. of characteristic modes                0.000         0.000
 Determination of surface currents              0.000         0.000
 Calcul. of impedances/powers/losses            0.003         0.003
 Calcul. of averaged SAR values                 0.000         0.000
 Calcul. of power receiving antenna             0.000         0.000
 Calcul. of cable coupling                      0.000         0.000
 Calcul. of error estimates                     0.000         0.000
 Calcul. of electric near field                 0.000         0.000
 Calcul. of magnetic near field                 0.000         0.000
 Calcul. of far field                           0.000         0.000
                            other               0.069         0.069
                                         ------------  ------------
                         total times:          97.613        97.613
               (total times in hours:           0.027         0.027)

 Peak memory usage during the whole solution: 5.969 MByte

Finished: 2026-07-29 20:21:31                     
